source_name,MJD,mag,mag_err,RA,DEC
152942.19+350851.3,53480.29969,18.28,0.12,232.42567,35.14754
152942.19+350851.3,53480.30815,18.04,0.11,232.42563,35.14756
152942.19+350851.3,53480.31663,18.05,0.11,232.42567,35.14763
152942.19+350851.3,53480.32506,18.11,0.11,232.42578,35.14776
152942.19+350851.3,53562.19301,18.04,0.11,232.4257,35.14769
152942.19+350851.3,53562.19954,18.04,0.11,232.42575,35.14768
152942.19+350851.3,53562.20605,18.04,0.11,232.42564,35.14765
152942.19+350851.3,53562.21261,18.1,0.12,232.42578,35.14772
152942.19+350851.3,53526.27012,17.97,0.11,232.4258,35.1475
152942.19+350851.3,53526.27843,18.16,0.12,232.42571,35.14759
152942.19+350851.3,53526.28667,17.86,0.11,232.42581,35.14763
152942.19+350851.3,53526.29487,18.06,0.11,232.42571,35.14767
152942.19+350851.3,53534.27863,18.11,0.12,232.42569,35.14762
152942.19+350851.3,53534.28848,18.1,0.12,232.42579,35.14769
152942.19+350851.3,53534.29827,18.12,0.12,232.42576,35.14768
152942.19+350851.3,53534.30797,18.05,0.11,232.42568,35.14767
152942.19+350851.3,53549.22367,17.99,0.12,232.42575,35.14762
152942.19+350851.3,53549.23151,18.03,0.12,232.4258,35.14758
152942.19+350851.3,53549.23933,17.93,0.11,232.42566,35.1476
152942.19+350851.3,53549.24719,18.04,0.12,232.42578,35.14768
152942.19+350851.3,53509.27229,18.13,0.12,232.42563,35.14759
152942.19+350851.3,53509.28008,18.23,0.12,232.42565,35.14774
152942.19+350851.3,53509.28785,18.05,0.11,232.42564,35.1476
152942.19+350851.3,53509.29571,18.17,0.12,232.4258,35.14769
152942.19+350851.3,53852.41722,18.0,0.11,232.42564,35.14758
152942.19+350851.3,53852.42484,17.97,0.11,232.42589,35.14779
152942.19+350851.3,53852.43277,18.0,0.11,232.42561,35.14771
152942.19+350851.3,53852.44043,18.09,0.12,232.4257,35.14765
152942.19+350851.3,53900.25779,18.21,0.36,232.42584,35.1476
152942.19+350851.3,53900.25975,17.98,0.33,232.42547,35.14757
152942.19+350851.3,53796.43538,17.94,0.11,232.42578,35.14767
152942.19+350851.3,53796.44284,17.81,0.1,232.42563,35.14769
152942.19+350851.3,53796.45031,17.95,0.11,232.42585,35.14765
152942.19+350851.3,53796.45781,17.98,0.11,232.42571,35.14752
152942.19+350851.3,53861.40189,17.92,0.11,232.42594,35.14771
152942.19+350851.3,53861.40855,17.94,0.11,232.42576,35.14777
152942.19+350851.3,53861.41504,18.04,0.12,232.42568,35.14766
152942.19+350851.3,53861.4216,18.12,0.12,232.42562,35.14764
152942.19+350851.3,53886.3363,18.05,0.12,232.42564,35.14777
152942.19+350851.3,53886.34438,18.03,0.12,232.42569,35.14755
152942.19+350851.3,53886.35244,18.09,0.12,232.42568,35.14755
152942.19+350851.3,53886.36059,18.1,0.12,232.42566,35.14774
152942.19+350851.3,53994.12845,18.19,0.12,232.42571,35.14769
152942.19+350851.3,53994.13325,18.07,0.11,232.4256,35.14767
152942.19+350851.3,53994.13805,18.08,0.11,232.42574,35.14751
152942.19+350851.3,53994.14287,18.13,0.11,232.42578,35.14764
152942.19+350851.3,54003.09933,18.2,0.16,232.42559,35.14762
152942.19+350851.3,54003.10358,18.04,0.15,232.4257,35.14755
152942.19+350851.3,54003.10786,18.12,0.16,232.42552,35.14761
152942.19+350851.3,54003.11213,18.1,0.15,232.42559,35.14767
152942.19+350851.3,54209.40733,18.22,0.12,232.42566,35.14768
152942.19+350851.3,54209.41489,18.11,0.12,232.42583,35.14763
152942.19+350851.3,54209.42247,18.32,0.12,232.42572,35.14759
152942.19+350851.3,54209.43,18.34,0.13,232.42565,35.14761
152942.19+350851.3,54157.34903,18.12,0.12,232.42559,35.14763
152942.19+350851.3,54157.35886,18.15,0.12,232.4259,35.14775
152942.19+350851.3,54157.36865,18.2,0.12,232.42583,35.1477
152942.19+350851.3,54157.37842,18.1,0.11,232.42589,35.14759
152942.19+350851.3,54258.28085,18.28,0.12,232.42575,35.14767
152942.19+350851.3,54258.28685,18.19,0.12,232.42575,35.14763
152942.19+350851.3,54258.29283,18.43,0.13,232.42561,35.14761
152942.19+350851.3,54258.29879,18.19,0.12,232.42586,35.14762
152942.19+350851.3,54272.27805,18.26,0.13,232.42574,35.14756
152942.19+350851.3,54272.2835,18.34,0.13,232.42577,35.1475
152942.19+350851.3,54272.28894,18.36,0.13,232.42567,35.14766
152942.19+350851.3,54272.29437,18.29,0.13,232.42564,35.14763
152942.19+350851.3,54176.37363,17.86,0.11,232.42584,35.14767
152942.19+350851.3,54176.38122,18.1,0.13,232.42567,35.14778
152942.19+350851.3,54176.38879,18.32,0.12,232.42586,35.14766
152942.19+350851.3,54176.39642,18.29,0.12,232.4256,35.14764
152942.19+350851.3,54232.39215,18.25,0.12,232.42562,35.14763
152942.19+350851.3,54232.39916,18.13,0.12,232.42572,35.14755
152942.19+350851.3,54232.40616,18.36,0.13,232.42584,35.14765
152942.19+350851.3,54232.41319,18.31,0.13,232.42585,35.14747
152942.19+350851.3,54240.23348,18.25,0.13,232.42562,35.14756
152942.19+350851.3,54240.24172,18.27,0.13,232.42588,35.14774
152942.19+350851.3,54240.24998,18.3,0.13,232.42564,35.14751
152942.19+350851.3,54240.25839,18.22,0.13,232.42567,35.14759
152942.19+350851.3,54392.0889,18.39,0.14,232.42564,35.14773
152942.19+350851.3,54392.09228,18.26,0.14,232.42584,35.1477
152942.19+350851.3,54392.09566,18.34,0.14,232.42548,35.14776
152942.19+350851.3,54392.09903,18.3,0.14,232.42573,35.14755
152942.19+350851.3,54348.14868,18.25,0.11,232.42591,35.14768
152942.19+350851.3,54348.15658,18.37,0.12,232.42574,35.1477
152942.19+350851.3,54348.16463,18.25,0.11,232.4257,35.14765
152942.19+350851.3,54348.17287,18.14,0.11,232.42571,35.14773
152942.19+350851.3,54559.44686,18.42,0.13,232.42573,35.1477
152942.19+350851.3,54559.45195,18.38,0.13,232.42554,35.14768
152942.19+350851.3,54559.45706,18.37,0.13,232.42581,35.14761
152942.19+350851.3,54559.46219,18.39,0.13,232.42582,35.14768
152942.19+350851.3,54567.42086,18.34,0.12,232.42557,35.14761
152942.19+350851.3,54567.4279,18.42,0.13,232.42578,35.14768
152942.19+350851.3,54567.43499,18.36,0.13,232.42566,35.14762
152942.19+350851.3,54567.44204,18.54,0.13,232.42553,35.14772
152942.19+350851.3,54573.27058,18.34,0.13,232.42575,35.14731
152942.19+350851.3,54573.27817,18.51,0.13,232.42546,35.14775
152942.19+350851.3,54573.28576,18.45,0.13,232.42543,35.14786
152942.19+350851.3,54573.29334,18.52,0.13,232.42573,35.14766
152942.19+350851.3,54584.31331,18.24,0.12,232.42563,35.14769
152942.19+350851.3,54584.31763,18.39,0.13,232.42564,35.14765
152942.19+350851.3,54584.32195,18.38,0.12,232.42591,35.14762
152942.19+350851.3,54584.32627,18.35,0.12,232.42563,35.14779
152942.19+350851.3,54508.46245,18.33,0.12,232.4256,35.14758
152942.19+350851.3,54508.46844,18.5,0.13,232.4257,35.14776
152942.19+350851.3,54508.47437,18.34,0.12,232.42577,35.14758
152942.19+350851.3,54508.48034,18.38,0.12,232.42575,35.14764
152942.19+350851.3,54525.37166,18.32,0.14,232.42582,35.14764
152942.19+350851.3,54525.37909,18.26,0.16,232.42581,35.14781
152942.19+350851.3,54525.38656,18.5,0.16,232.42555,35.1477
152942.19+350851.3,54525.39401,18.37,0.16,232.42565,35.14758
152942.19+350851.3,54640.32554,18.3,0.13,232.42551,35.14764
152942.19+350851.3,54640.33204,18.39,0.13,232.42559,35.14747
152942.19+350851.3,54640.33861,18.46,0.13,232.42571,35.14756
152942.19+350851.3,54640.34518,18.23,0.12,232.42573,35.14765
152942.19+350851.3,54531.39774,18.3,0.12,232.42579,35.1477
152942.19+350851.3,54531.40758,18.3,0.12,232.42567,35.14767
152942.19+350851.3,54531.41744,18.49,0.13,232.4257,35.14751
152942.19+350851.3,54531.42726,18.39,0.13,232.4257,35.14761
152942.19+350851.3,54548.38578,18.35,0.12,232.42585,35.14761
152942.19+350851.3,54548.392,18.59,0.14,232.42551,35.1476
152942.19+350851.3,54548.39815,18.47,0.13,232.42599,35.14783
152942.19+350851.3,54548.40432,18.53,0.13,232.42573,35.14756
152942.19+350851.3,54593.38623,18.4,0.13,232.42549,35.14782
152942.19+350851.3,54593.39278,18.36,0.13,232.42565,35.14786
152942.19+350851.3,54593.39933,18.35,0.13,232.42567,35.14777
152942.19+350851.3,54593.4059,18.41,0.13,232.42573,35.14764
152942.19+350851.3,54600.2764,18.41,0.13,232.42588,35.14764
152942.19+350851.3,54600.28357,18.36,0.13,232.4259,35.14775
152942.19+350851.3,54600.29074,18.21,0.12,232.42584,35.14793
152942.19+350851.3,54600.29791,18.37,0.13,232.42563,35.14777
152942.19+350851.3,54732.10215,18.32,0.15,232.42563,35.14786
152942.19+350851.3,54732.10739,18.22,0.14,232.42563,35.1477
152942.19+350851.3,54732.11305,18.29,0.15,232.42584,35.14761
152942.19+350851.3,54732.11833,18.32,0.15,232.42575,35.14777
152942.19+350851.3,54923.34,18.24,0.12,232.42572,35.14774
152942.19+350851.3,54923.34649,18.18,0.12,232.4257,35.14769
152942.19+350851.3,54923.35306,18.08,0.11,232.42575,35.14782
152942.19+350851.3,54941.44572,18.17,0.12,232.42573,35.14755
152942.19+350851.3,54941.45114,18.01,0.11,232.42576,35.14773
152942.19+350851.3,54941.45653,18.21,0.12,232.42576,35.14766
152942.19+350851.3,54941.4618,18.21,0.12,232.4258,35.14755
152942.19+350851.3,55044.19187,18.19,0.14,232.42578,35.14764
152942.19+350851.3,55044.19783,18.3,0.15,232.42582,35.14743
152942.19+350851.3,55044.2038,18.42,0.16,232.42555,35.14764
152942.19+350851.3,55044.20977,18.1,0.14,232.42602,35.14775
152942.19+350851.3,54863.50011,18.28,0.13,232.42578,35.14756
152942.19+350851.3,54863.50488,18.23,0.13,232.42575,35.14767
152942.19+350851.3,54863.50958,18.37,0.14,232.42561,35.14767
152942.19+350851.3,55017.25658,18.07,0.13,232.42571,35.14747
152942.19+350851.3,55017.26348,18.13,0.14,232.42566,35.14768
152942.19+350851.3,55017.27036,18.28,0.15,232.42566,35.14776
152942.19+350851.3,55017.27716,18.25,0.15,232.4255,35.14759
152942.19+350851.3,54891.43311,18.35,0.12,232.42576,35.14779
152942.19+350851.3,54891.44048,18.08,0.11,232.42581,35.14757
152942.19+350851.3,54891.44787,18.25,0.12,232.42564,35.14772
152942.19+350851.3,54914.35688,18.25,0.12,232.42588,35.14767
152942.19+350851.3,54914.3617,18.19,0.12,232.42585,35.14765
152942.19+350851.3,54914.36659,18.2,0.12,232.42568,35.14769
152942.19+350851.3,54914.37148,18.33,0.12,232.42554,35.14765
152942.19+350851.3,54954.39695,18.31,0.13,232.42558,35.14768
152942.19+350851.3,54954.41684,18.16,0.12,232.42573,35.14764
152942.19+350851.3,54955.3053,18.08,0.14,232.42576,35.1474
152942.19+350851.3,54955.31024,18.29,0.15,232.42572,35.14777
152942.19+350851.3,54955.31509,18.42,0.15,232.42557,35.14759
152942.19+350851.3,54955.32004,18.28,0.15,232.4257,35.14759
152942.19+350851.3,54979.29633,18.23,0.12,232.42577,35.14761
152942.19+350851.3,54979.30368,18.29,0.12,232.42555,35.14768
152942.19+350851.3,54979.31099,18.18,0.12,232.42567,35.14758
152942.19+350851.3,54979.31825,18.27,0.12,232.42565,35.14766
152942.19+350851.3,55095.12523,18.33,0.13,232.42563,35.14775
152942.19+350851.3,55095.13064,18.24,0.13,232.42573,35.14771
152942.19+350851.3,55095.13591,18.27,0.13,232.42552,35.14778
152942.19+350851.3,55095.14142,18.3,0.13,232.42566,35.14763
152942.19+350851.3,55298.47412,18.25,0.12,232.42568,35.14753
152942.19+350851.3,55298.48092,18.16,0.12,232.42563,35.14769
152942.19+350851.3,55298.48784,18.26,0.12,232.4257,35.14766
152942.19+350851.3,55298.49468,18.04,0.11,232.42571,35.14743
152942.19+350851.3,55349.20177,18.27,0.12,232.4257,35.14769
152942.19+350851.3,55349.20343,18.21,0.12,232.4256,35.14755
152942.19+350851.3,55349.20513,18.4,0.13,232.42562,35.14754
152942.19+350851.3,55349.20682,18.31,0.12,232.42555,35.14764
152942.19+350851.3,55357.18988,18.13,0.12,232.42565,35.14763
152942.19+350851.3,55357.19438,18.24,0.12,232.42572,35.14771
152942.19+350851.3,55357.19894,18.54,0.15,232.42577,35.14756
152942.19+350851.3,55357.20354,18.24,0.12,232.42582,35.14764
152942.19+350851.3,55366.18883,18.45,0.13,232.42563,35.14769
152942.19+350851.3,55366.19411,18.33,0.12,232.42571,35.1476
152942.19+350851.3,55366.19941,18.23,0.12,232.42582,35.14758
152942.19+350851.3,55366.20481,18.44,0.13,232.42567,35.14757
152942.19+350851.3,55273.40785,18.26,0.12,232.42572,35.14755
152942.19+350851.3,55273.41366,18.2,0.12,232.42588,35.14763
152942.19+350851.3,55273.41946,18.12,0.11,232.42584,35.14756
152942.19+350851.3,55273.42529,18.16,0.12,232.42579,35.14765
152942.19+350851.3,55280.37588,18.29,0.12,232.42565,35.14766
152942.19+350851.3,55280.38278,18.15,0.12,232.42571,35.14751
152942.19+350851.3,55280.3897,18.27,0.12,232.42572,35.14745
152942.19+350851.3,55280.39667,18.41,0.13,232.42559,35.14754
152942.19+350851.3,55321.25944,18.4,0.13,232.42567,35.1478
152942.19+350851.3,55321.26581,18.34,0.12,232.42569,35.14768
152942.19+350851.3,55321.27209,18.11,0.11,232.42582,35.14775
152942.19+350851.3,55321.27843,18.39,0.13,232.42562,35.14761
152942.19+350851.3,55330.28615,18.2,0.14,232.42574,35.14761
152942.19+350851.3,55330.29685,18.32,0.15,232.42565,35.14761
152942.19+350851.3,55330.30214,18.23,0.14,232.42571,35.14774
152942.19+350851.3,55659.39483,18.34,0.13,232.42561,35.14748
152942.19+350851.3,55659.40151,18.29,0.13,232.42566,35.14771
152942.19+350851.3,55659.40922,18.32,0.13,232.42564,35.14775
152942.19+350851.3,55659.41691,18.09,0.12,232.42579,35.14783
152942.19+350851.3,55676.26101,18.32,0.15,232.42572,35.14762
152942.19+350851.3,55676.26697,18.57,0.16,232.42574,35.14764
152942.19+350851.3,55676.27299,18.51,0.16,232.42565,35.14765
152942.19+350851.3,55676.27911,18.35,0.16,232.42561,35.14755
152942.19+350851.3,55719.3157,18.41,0.13,232.42568,35.14753
152942.19+350851.3,55719.3249,18.47,0.14,232.4256,35.14749
152942.19+350851.3,55719.33416,18.42,0.13,232.4257,35.14761
152942.19+350851.3,55719.34345,18.26,0.13,232.42583,35.14773
152942.19+350851.3,55725.29762,18.58,0.14,232.42577,35.14762
152942.19+350851.3,55725.30567,18.48,0.14,232.42567,35.14773
152942.19+350851.3,55725.31374,18.35,0.13,232.4255,35.14762
152942.19+350851.3,55725.32185,18.4,0.13,232.42574,35.14777
152942.19+350851.3,55648.3566,18.4,0.13,232.42573,35.14768
152942.19+350851.3,55648.36403,18.23,0.12,232.4255,35.14743
152942.19+350851.3,55648.37146,18.32,0.13,232.4257,35.14754
152942.19+350851.3,55648.37898,18.39,0.13,232.42569,35.14751
152942.19+350851.3,55688.39366,18.35,0.13,232.42591,35.14771
152942.19+350851.3,55688.39949,18.35,0.13,232.42562,35.14769
152942.19+350851.3,55688.40534,18.32,0.13,232.42561,35.14756
152942.19+350851.3,55688.41105,18.25,0.13,232.42575,35.14758
152942.19+350851.3,56018.44567,18.15,0.12,232.42575,35.14778
152942.19+350851.3,56018.45257,18.44,0.13,232.42576,35.14771
152942.19+350851.3,56018.45957,18.39,0.13,232.42577,35.14761
152942.19+350851.3,56018.46652,18.45,0.13,232.42571,35.14766
152942.19+350851.3,56046.40598,18.32,0.15,232.42562,35.14767
152942.19+350851.3,56046.40775,18.41,0.16,232.42554,35.14756
152942.19+350851.3,56046.40958,18.15,0.14,232.42564,35.14769
152942.19+350851.3,56046.41139,18.34,0.16,232.42568,35.14754
152942.19+350851.3,56064.36664,18.3,0.12,232.42595,35.14756
152942.19+350851.3,56064.37337,18.42,0.13,232.42574,35.14764
152942.19+350851.3,56064.3802,18.34,0.12,232.4257,35.14755
152942.19+350851.3,56064.387,18.2,0.12,232.4258,35.1476
152942.19+350851.3,56071.31807,18.24,0.11,232.42587,35.14754
152942.19+350851.3,56071.32449,18.35,0.11,232.42576,35.14747
152942.19+350851.3,56071.33088,18.24,0.11,232.42585,35.14745
152942.19+350851.3,56071.33724,18.19,0.1,232.42575,35.14767
152942.19+350851.3,56077.37463,18.33,0.14,232.42572,35.14782
152942.19+350851.3,56077.38265,18.2,0.13,232.42574,35.14759
152942.19+350851.3,56077.39065,18.27,0.13,232.4257,35.14746
152942.19+350851.3,56077.39872,18.15,0.13,232.42563,35.14763
152942.19+350851.3,56094.28162,18.42,0.13,232.42578,35.1477
152942.19+350851.3,56094.29012,18.19,0.12,232.42582,35.14766
152942.19+350851.3,56094.29852,18.25,0.12,232.42573,35.14768
152942.19+350851.3,56094.30714,18.05,0.11,232.42572,35.14776
152942.19+350851.3,56189.12866,18.37,0.13,232.4257,35.14752
152942.19+350851.3,56189.13266,18.01,0.12,232.42574,35.14763
152942.19+350851.3,56189.13654,18.14,0.12,232.42584,35.14757
152942.19+350851.3,56189.14059,18.1,0.12,232.42558,35.14756
152942.19+350851.3,56374.34263,17.89,0.11,232.42576,35.1476
152942.19+350851.3,56374.3494,18.23,0.13,232.42575,35.14759
152942.19+350851.3,56374.35623,17.99,0.12,232.4259,35.14762
152942.19+350851.3,56374.36306,18.23,0.13,232.42564,35.14774
152942.19+350851.3,56390.44752,18.13,0.11,232.42577,35.1477
152942.19+350851.3,56390.45857,18.19,0.11,232.42577,35.14762
152942.19+350851.3,56390.46959,18.25,0.11,232.42566,35.1477
152942.19+350851.3,56390.48074,18.06,0.1,232.42567,35.14751
152942.19+350851.3,56419.40007,18.2,0.12,232.42586,35.14765
152942.19+350851.3,56419.40578,18.19,0.12,232.4259,35.1477
152942.19+350851.3,56419.41155,18.12,0.12,232.42585,35.14758
152942.19+350851.3,56419.41734,18.23,0.12,232.42574,35.14762
152942.19+350851.3,56433.31353,18.07,0.12,232.4258,35.14751
152942.19+350851.3,56433.31852,18.01,0.11,232.42565,35.14766
152942.19+350851.3,56433.32364,18.54,0.14,232.42571,35.14759
152942.19+350851.3,56433.32873,18.18,0.12,232.42575,35.14774
152942.19+350851.3,56446.29943,18.23,0.12,232.42571,35.14766
152942.19+350851.3,56446.30791,18.25,0.13,232.42581,35.14752
152942.19+350851.3,56446.31642,18.02,0.12,232.42582,35.14763
152942.19+350851.3,56446.32497,18.17,0.12,232.42586,35.14764
152942.19+350851.3,56453.3129,18.28,0.13,232.42574,35.14754
152942.19+350851.3,56453.31875,18.13,0.12,232.42594,35.14771
152942.19+350851.3,56453.32455,18.16,0.12,232.42579,35.14765
152942.19+350851.3,56453.33035,18.1,0.12,232.42578,35.14769
152942.19+350851.3,56461.29906,18.21,0.12,232.42563,35.14759
152942.19+350851.3,56461.30416,18.26,0.13,232.42569,35.14754
152942.19+350851.3,56461.30927,18.19,0.12,232.42575,35.14764
152942.19+350851.3,56461.31441,18.24,0.13,232.42564,35.14763
152942.19+350851.3,56563.10179,18.06,0.11,232.42581,35.14756
152942.19+350851.3,56563.10852,18.0,0.11,232.42565,35.14773
152942.19+350851.3,56563.11518,18.36,0.13,232.4257,35.14754
152942.19+350851.3,56563.12188,18.16,0.12,232.42577,35.14763
075005.28+292944.3,53470.14115,19.35,0.21,117.51972,29.49297
075005.28+292944.3,53470.14843,19.37,0.21,117.51972,29.49276
075005.28+292944.3,53470.15576,19.37,0.21,117.51978,29.49325
075005.28+292944.3,53470.16309,19.84,0.27,117.51966,29.49316
075005.28+292944.3,53490.13218,19.38,0.2,117.51964,29.49303
075005.28+292944.3,53490.13871,19.9,0.26,117.52008,29.49303
075005.28+292944.3,53490.14522,19.64,0.23,117.5196,29.49296
075005.28+292944.3,53725.25122,19.79,0.25,117.51953,29.49312
075005.28+292944.3,53725.25924,19.93,0.27,117.51967,29.49305
075005.28+292944.3,53730.37288,19.1,0.18,117.51961,29.49279
075005.28+292944.3,53730.37856,19.68,0.25,117.51975,29.49286
075005.28+292944.3,53730.39256,19.49,0.22,117.51964,29.49285
075005.28+292944.3,53730.39823,19.6,0.23,117.51992,29.49315
075005.28+292944.3,53731.36237,19.57,0.22,117.51991,29.49281
075005.28+292944.3,53731.37996,19.29,0.19,117.51954,29.49321
075005.28+292944.3,53733.30649,19.27,0.19,117.51973,29.49307
075005.28+292944.3,53733.31437,19.69,0.23,117.51979,29.49287
075005.28+292944.3,53733.32213,19.41,0.2,117.51962,29.49328
075005.28+292944.3,53733.32995,19.62,0.22,117.51982,29.49307
075005.28+292944.3,53702.42834,19.37,0.2,117.51991,29.49294
075005.28+292944.3,53702.43379,19.93,0.26,117.51998,29.49295
075005.28+292944.3,53702.4392,19.54,0.22,117.51963,29.49289
075005.28+292944.3,53702.44458,19.5,0.21,117.51975,29.49282
075005.28+292944.3,53645.47018,20.07,0.31,117.51974,29.49323
075005.28+292944.3,53645.4767,20.07,0.31,117.51955,29.49288
075005.28+292944.3,53657.42945,19.34,0.21,117.51967,29.49287
075005.28+292944.3,53657.43375,19.01,0.18,117.51961,29.49298
075005.28+292944.3,53669.4672,19.81,0.25,117.51997,29.49321
075005.28+292944.3,53669.47418,19.34,0.2,117.52017,29.49302
075005.28+292944.3,53669.48116,19.51,0.21,117.51968,29.49327
075005.28+292944.3,53669.48815,19.82,0.25,117.51975,29.49316
075005.28+292944.3,53849.13171,18.99,0.17,117.5196,29.49309
075005.28+292944.3,53849.13822,19.51,0.22,117.52001,29.49314
075005.28+292944.3,53849.14469,19.37,0.21,117.51941,29.49282
075005.28+292944.3,54080.50551,19.37,0.57,117.52006,29.4937
075005.28+292944.3,54082.35481,19.16,0.18,117.51976,29.49308
075005.28+292944.3,54082.36147,19.11,0.17,117.51971,29.49309
075005.28+292944.3,54082.36809,19.36,0.19,117.51968,29.49304
075005.28+292944.3,54092.41165,19.52,0.2,117.51971,29.49293
075005.28+292944.3,54092.41648,19.52,0.2,117.51962,29.49312
075005.28+292944.3,54092.42133,19.58,0.21,117.51951,29.49298
075005.28+292944.3,54092.42618,19.82,0.24,117.51968,29.49305
075005.28+292944.3,53794.18478,20.03,0.29,117.51995,29.493
075005.28+292944.3,53794.19076,19.69,0.25,117.51993,29.49319
075005.28+292944.3,53794.19671,19.53,0.22,117.51994,29.49287
075005.28+292944.3,53794.20264,19.8,0.25,117.51952,29.4927
075005.28+292944.3,53740.2929,19.33,0.19,117.51975,29.49309
075005.28+292944.3,53740.30294,19.62,0.22,117.51951,29.49284
075005.28+292944.3,53740.313,19.76,0.24,117.51979,29.49286
075005.28+292944.3,53740.32302,19.43,0.2,117.51977,29.49296
075005.28+292944.3,53753.24069,19.7,0.23,117.51983,29.49287
075005.28+292944.3,53753.25359,19.56,0.22,117.51959,29.4928
075005.28+292944.3,53759.27011,19.44,0.21,117.51966,29.49316
075005.28+292944.3,53759.27438,19.31,0.19,117.51965,29.49299
075005.28+292944.3,53759.283,19.67,0.23,117.51972,29.49295
075005.28+292944.3,54060.39031,19.23,0.18,117.51971,29.49289
075005.28+292944.3,54060.39686,19.26,0.18,117.51955,29.49297
075005.28+292944.3,54060.40339,19.83,0.24,117.51971,29.493
075005.28+292944.3,54060.40996,19.27,0.18,117.51967,29.493
075005.28+292944.3,54027.40354,19.3,0.18,117.51965,29.49278
075005.28+292944.3,54027.41284,19.43,0.19,117.51987,29.49319
075005.28+292944.3,54027.42213,19.73,0.22,117.51964,29.493
075005.28+292944.3,54036.40307,19.64,0.24,117.5199,29.49327
075005.28+292944.3,54036.417,19.47,0.24,117.52002,29.49286
075005.28+292944.3,54036.42397,19.73,0.25,117.51962,29.49325
075005.28+292944.3,54464.32349,19.37,0.19,117.51992,29.49287
075005.28+292944.3,54464.32996,20.29,0.31,117.51976,29.4931
075005.28+292944.3,54464.33644,19.77,0.24,117.51942,29.49305
075005.28+292944.3,54464.34296,19.39,0.19,117.51981,29.49321
075005.28+292944.3,54139.12633,19.55,0.23,117.52016,29.49274
075005.28+292944.3,54139.13172,19.5,0.22,117.5198,29.49307
075005.28+292944.3,54139.13714,19.77,0.23,117.51959,29.49287
075005.28+292944.3,54139.14256,19.36,0.19,117.51968,29.49335
075005.28+292944.3,54108.33986,19.18,0.18,117.51959,29.49388
075005.28+292944.3,54108.34689,19.46,0.2,117.51948,29.49279
075005.28+292944.3,54174.14005,19.67,0.22,117.51966,29.49278
075005.28+292944.3,54174.14543,19.75,0.23,117.51973,29.49287
075005.28+292944.3,54174.15082,19.77,0.23,117.51957,29.49306
075005.28+292944.3,54174.1562,19.7,0.23,117.51978,29.49332
075005.28+292944.3,54410.40056,19.87,0.31,117.51982,29.4933
075005.28+292944.3,54410.40544,19.85,0.31,117.51975,29.49296
075005.28+292944.3,54410.41031,20.39,0.4,117.51996,29.49319
075005.28+292944.3,54380.42525,19.65,0.22,117.52002,29.49329
075005.28+292944.3,54380.43256,19.12,0.17,117.51969,29.49316
075005.28+292944.3,54380.43982,19.42,0.2,117.52021,29.49326
075005.28+292944.3,54386.42168,19.47,0.2,117.5197,29.49297
075005.28+292944.3,54386.42874,19.56,0.21,117.51962,29.4928
075005.28+292944.3,54386.43575,19.83,0.24,117.51978,29.49305
075005.28+292944.3,54572.14705,18.75,0.15,117.51973,29.49291
075005.28+292944.3,54572.16454,18.94,0.16,117.51983,29.49306
075005.28+292944.3,54582.12998,19.35,0.25,117.51985,29.49304
075005.28+292944.3,54582.13505,19.56,0.28,117.51976,29.49311
075005.28+292944.3,54502.22398,19.7,0.22,117.51983,29.49316
075005.28+292944.3,54502.22923,19.44,0.2,117.51973,29.49291
075005.28+292944.3,54502.23445,19.68,0.22,117.52,29.49312
075005.28+292944.3,54502.2397,19.67,0.22,117.51993,29.49314
075005.28+292944.3,54508.26833,19.74,0.22,117.5199,29.49296
075005.28+292944.3,54523.23088,19.71,0.23,117.51954,29.49306
075005.28+292944.3,54523.23811,19.34,0.19,117.51993,29.4931
075005.28+292944.3,54495.20773,19.3,0.19,117.52002,29.49316
075005.28+292944.3,54535.23949,19.69,0.23,117.51949,29.49311
075005.28+292944.3,54535.24618,19.32,0.19,117.51975,29.49295
075005.28+292944.3,54535.2529,19.99,0.26,117.51986,29.49293
075005.28+292944.3,54554.19133,19.5,0.21,117.51974,29.49336
075005.28+292944.3,54554.19861,19.75,0.24,117.51948,29.49301
075005.28+292944.3,54554.20589,19.93,0.26,117.51983,29.49309
075005.28+292944.3,54554.21319,19.69,0.23,117.5198,29.49293
075005.28+292944.3,54741.4802,19.36,0.19,117.51972,29.49297
075005.28+292944.3,54741.48757,19.51,0.2,117.51978,29.49313
075005.28+292944.3,54741.49483,19.37,0.19,117.52002,29.49326
075005.28+292944.3,54833.24278,19.23,0.18,117.51979,29.49305
075005.28+292944.3,54833.24768,19.22,0.18,117.51966,29.49291
075005.28+292944.3,54833.25253,19.32,0.19,117.51983,29.49292
075005.28+292944.3,54833.25741,19.7,0.22,117.51967,29.49279
075005.28+292944.3,54833.26223,19.97,0.26,117.51986,29.49308
075005.28+292944.3,54909.10757,18.95,0.16,117.5198,29.4931
075005.28+292944.3,54909.11309,19.59,0.21,117.5193,29.49275
075005.28+292944.3,54909.11848,19.89,0.25,117.52008,29.49294
075005.28+292944.3,54909.12391,19.37,0.19,117.51965,29.49312
075005.28+292944.3,55146.43645,19.48,0.22,117.51996,29.49297
075005.28+292944.3,55146.44367,19.18,0.19,117.51933,29.49304
075005.28+292944.3,55146.45313,19.88,0.26,117.5201,29.49303
075005.28+292944.3,55146.46045,19.26,0.2,117.51966,29.4932
075005.28+292944.3,55295.11873,19.59,0.27,117.5196,29.4929
075005.28+292944.3,55295.12865,19.93,0.33,117.52006,29.49307
075005.28+292944.3,55295.13359,19.94,0.33,117.51961,29.49288
075005.28+292944.3,55534.36896,19.19,0.16,117.5199,29.49303
075005.28+292944.3,55534.38577,20.0,0.24,117.51974,29.49312
075005.28+292944.3,55534.39414,19.47,0.2,117.51993,29.49287
075005.28+292944.3,55539.34608,19.06,0.17,117.51994,29.49316
075005.28+292944.3,55539.36129,19.27,0.19,117.51983,29.49312
075005.28+292944.3,55539.3688,19.24,0.19,117.51972,29.49297
075005.28+292944.3,55545.32626,19.63,0.29,117.51948,29.49312
075005.28+292944.3,55236.21213,19.61,0.22,117.51974,29.49306
075005.28+292944.3,55242.14169,20.07,0.28,117.51981,29.49247
075005.28+292944.3,55242.15028,19.73,0.24,117.51979,29.49282
075005.28+292944.3,55242.15887,19.31,0.19,117.5197,29.49289
075005.28+292944.3,55242.16745,19.96,0.26,117.5195,29.49293
075005.28+292944.3,55202.23371,19.57,0.21,117.5196,29.4931
075005.28+292944.3,55208.30059,19.5,0.21,117.51952,29.49292
075005.28+292944.3,55208.31448,19.69,0.23,117.51974,29.49305
075005.28+292944.3,55208.32144,19.4,0.2,117.51967,29.49299
075005.28+292944.3,55260.19353,19.75,0.24,117.51974,29.49293
075005.28+292944.3,55260.19807,19.52,0.21,117.51949,29.49306
075005.28+292944.3,55260.20264,19.98,0.27,117.5198,29.49323
075005.28+292944.3,55260.20719,20.02,0.27,117.51966,29.49312
075005.28+292944.3,55276.13194,20.45,0.37,117.51963,29.49276
075005.28+292944.3,55276.13898,19.6,0.22,117.51987,29.49282
075005.28+292944.3,55276.14592,20.44,0.34,117.5199,29.49256
075005.28+292944.3,55276.15287,19.32,0.21,117.51925,29.49282
075005.28+292944.3,55572.32809,19.53,0.21,117.51968,29.49307
075005.28+292944.3,55572.33966,20.0,0.27,117.51976,29.493
075005.28+292944.3,55572.34546,20.04,0.28,117.52006,29.49324
075005.28+292944.3,55587.32563,19.22,0.18,117.51993,29.49322
075005.28+292944.3,55587.33252,19.01,0.17,117.52011,29.49315
075005.28+292944.3,55587.33938,19.44,0.21,117.52003,29.49293
075005.28+292944.3,55587.34631,19.48,0.21,117.51982,29.49314
075005.28+292944.3,55202.24655,19.41,0.2,117.51959,29.49284
075005.28+292944.3,55202.25229,19.67,0.22,117.51993,29.4929
075005.28+292944.3,55202.25804,19.38,0.21,117.51935,29.49291
075005.28+292944.3,55202.26376,19.47,0.2,117.51988,29.49297
075005.28+292944.3,55861.44593,19.8,0.24,117.51958,29.49307
075005.28+292944.3,55861.4528,19.63,0.22,117.52005,29.49287
075005.28+292944.3,55861.45965,19.55,0.21,117.51977,29.49285
075005.28+292944.3,55861.46663,19.13,0.17,117.51989,29.4932
075005.28+292944.3,55832.4827,19.81,0.25,117.52004,29.49271
075005.28+292944.3,55832.48777,19.54,0.22,117.52009,29.49292
075005.28+292944.3,55919.22083,19.79,0.25,117.51997,29.49301
075005.28+292944.3,55919.22881,19.21,0.19,117.52018,29.49301
075005.28+292944.3,55919.23686,19.64,0.23,117.51979,29.4932
075005.28+292944.3,55919.24487,20.17,0.3,117.51947,29.49289
075005.28+292944.3,56246.39447,19.78,0.28,117.51995,29.49296
075005.28+292944.3,56246.40295,19.53,0.23,117.52005,29.49277
075005.28+292944.3,56246.41144,19.92,0.3,117.51948,29.49295
075005.28+292944.3,56246.41991,20.0,0.3,117.51986,29.49293
075005.28+292944.3,56281.30381,19.74,0.24,117.52004,29.49295
075005.28+292944.3,56281.31223,19.28,0.19,117.51983,29.49297
075005.28+292944.3,56281.3208,19.75,0.24,117.51992,29.49302
075005.28+292944.3,56281.32935,19.54,0.21,117.51976,29.49315
075005.28+292944.3,56307.26267,19.49,0.18,117.5196,29.49297
075005.28+292944.3,56307.26879,19.68,0.2,117.51976,29.49296
075005.28+292944.3,56307.27497,19.69,0.2,117.51957,29.49306
075005.28+292944.3,56307.28119,19.45,0.18,117.52005,29.49312
075005.28+292944.3,56340.18357,19.44,0.21,117.52007,29.49314
075005.28+292944.3,56340.18971,19.22,0.18,117.51981,29.49294
075005.28+292944.3,56340.19586,19.05,0.17,117.52,29.4929
075005.28+292944.3,56340.20201,19.45,0.21,117.51985,29.49308
075005.28+292944.3,56368.11239,19.74,0.24,117.51978,29.49289
075005.28+292944.3,56368.11916,19.38,0.2,117.51945,29.49296
075005.28+292944.3,56368.12594,20.03,0.28,117.52004,29.49283
075005.28+292944.3,56368.13273,19.31,0.2,117.51973,29.49311
075005.28+292944.3,56560.44481,19.07,0.18,117.51948,29.4928
075005.28+292944.3,56560.45826,19.82,0.25,117.51971,29.49297
075005.28+292944.3,53733.31437,20.38,0.33,117.51952,29.49845
075005.28+292944.3,54082.36147,21.12,0.49,117.51988,29.49859
075005.28+292944.3,53794.19671,21.16,0.54,117.51962,29.49874
075005.28+292944.3,53740.32302,21.28,0.55,117.51916,29.49873
075005.28+292944.3,53753.24069,19.75,0.24,117.51989,29.49969
075005.28+292944.3,53753.25999,20.32,0.32,117.51959,29.49864
075005.28+292944.3,53759.27438,21.12,0.51,117.52051,29.49832
075005.28+292944.3,54139.14256,20.69,0.39,117.51964,29.49862
075005.28+292944.3,54502.22398,20.58,0.36,117.52032,29.49874
075005.28+292944.3,54535.2529,20.56,0.36,117.51994,29.49881
075005.28+292944.3,54535.25958,20.52,0.35,117.52007,29.49922
075005.28+292944.3,54554.19133,20.28,0.31,117.51895,29.49858
075005.28+292944.3,54833.24278,20.65,0.37,117.52046,29.49853
075005.28+292944.3,54833.24768,20.93,0.43,117.52022,29.49873
075005.28+292944.3,54833.25253,20.39,0.32,117.51997,29.49861
075005.28+292944.3,54833.25741,20.23,0.29,117.51994,29.4986
075005.28+292944.3,54909.12391,19.66,0.22,117.51972,29.49897
075005.28+292944.3,55146.44367,19.97,0.28,117.51948,29.49852
075005.28+292944.3,55146.45313,20.52,0.37,117.52011,29.49855
075005.28+292944.3,55534.39414,20.39,0.32,117.51995,29.49884
075005.28+292944.3,55208.32144,20.2,0.3,117.51982,29.49844
075005.28+292944.3,55260.19807,21.05,0.48,117.51995,29.49911
075005.28+292944.3,55202.25804,20.29,0.33,117.51964,29.49894
075005.28+292944.3,55832.47756,20.5,0.36,117.52045,29.49816
075005.28+292944.3,55832.4827,20.66,0.39,117.52021,29.49881
075005.28+292944.3,56307.26879,20.54,0.31,117.51933,29.49902
075005.28+292944.3,56340.20201,20.27,0.31,117.51984,29.49869
075005.28+292944.3,56368.11239,19.9,0.26,117.52009,29.49844
075005.28+292944.3,56368.12594,20.14,0.3,117.52002,29.4987
075005.28+292944.3,53470.14115,18.25,0.13,117.52186,29.49563
075005.28+292944.3,53470.14843,18.18,0.13,117.52199,29.49555
075005.28+292944.3,53470.15576,18.13,0.12,117.52206,29.49555
075005.28+292944.3,53470.16309,18.24,0.13,117.522,29.4956
075005.28+292944.3,53479.17808,18.27,0.13,117.52194,29.49553
075005.28+292944.3,53479.18345,18.18,0.12,117.522,29.49584
075005.28+292944.3,53479.18884,18.52,0.14,117.52201,29.49573
075005.28+292944.3,53479.19424,18.25,0.13,117.52194,29.49553
075005.28+292944.3,53490.13218,18.01,0.11,117.52177,29.49568
075005.28+292944.3,53490.13871,18.26,0.12,117.52215,29.49566
075005.28+292944.3,53490.14522,18.31,0.12,117.52192,29.49567
075005.28+292944.3,53490.15173,18.02,0.11,117.52213,29.49557
075005.28+292944.3,53725.23517,17.98,0.11,117.52204,29.49565
075005.28+292944.3,53725.24319,18.06,0.11,117.52185,29.49563
075005.28+292944.3,53725.25122,17.9,0.11,117.52198,29.49555
075005.28+292944.3,53725.25924,18.2,0.12,117.52215,29.49574
075005.28+292944.3,53730.37288,18.16,0.12,117.52198,29.49577
075005.28+292944.3,53730.37856,18.2,0.13,117.52198,29.49565
075005.28+292944.3,53730.39256,18.1,0.12,117.52203,29.49574
075005.28+292944.3,53730.39823,17.98,0.11,117.522,29.49567
075005.28+292944.3,53731.36237,18.3,0.12,117.52195,29.49568
075005.28+292944.3,53731.37136,17.92,0.11,117.52159,29.49514
075005.28+292944.3,53731.37996,18.12,0.12,117.52191,29.49578
075005.28+292944.3,53731.38875,17.99,0.11,117.52169,29.49534
075005.28+292944.3,53733.30649,18.32,0.12,117.52193,29.49566
075005.28+292944.3,53733.31437,18.23,0.12,117.52188,29.49556
075005.28+292944.3,53733.32213,18.25,0.12,117.52194,29.49559
075005.28+292944.3,53733.32995,18.05,0.11,117.52207,29.49568
075005.28+292944.3,53702.42834,18.12,0.12,117.52208,29.49558
075005.28+292944.3,53702.43379,18.04,0.11,117.52198,29.49561
075005.28+292944.3,53702.4392,18.32,0.13,117.52198,29.49577
075005.28+292944.3,53702.44458,18.26,0.12,117.52189,29.49561
075005.28+292944.3,53645.47018,18.22,0.13,117.52206,29.49558
075005.28+292944.3,53645.4767,18.29,0.13,117.522,29.49562
075005.28+292944.3,53645.48321,18.02,0.12,117.52184,29.49556
075005.28+292944.3,53645.48973,17.97,0.12,117.52201,29.49562
075005.28+292944.3,53657.42068,17.82,0.11,117.522,29.49562
075005.28+292944.3,53657.42513,18.05,0.12,117.52162,29.49538
075005.28+292944.3,53657.42945,18.16,0.13,117.52203,29.49557
075005.28+292944.3,53657.43375,18.18,0.13,117.52216,29.49574
075005.28+292944.3,53669.4672,18.17,0.12,117.522,29.49572
075005.28+292944.3,53669.47418,18.07,0.11,117.52212,29.49575
075005.28+292944.3,53669.48116,18.22,0.12,117.52202,29.49558
075005.28+292944.3,53669.48815,18.09,0.11,117.52198,29.49557
075005.28+292944.3,53849.1251,18.22,0.12,117.52214,29.49555
075005.28+292944.3,53849.13171,17.98,0.11,117.52189,29.49569
075005.28+292944.3,53849.13822,18.25,0.13,117.52184,29.49567
075005.28+292944.3,53849.14469,18.29,0.13,117.52198,29.49554
075005.28+292944.3,54080.50247,18.46,0.34,117.52187,29.49543
075005.28+292944.3,54080.50347,18.31,0.31,117.52203,29.4955
075005.28+292944.3,54080.50448,18.04,0.27,117.52192,29.49577
075005.28+292944.3,54082.34809,17.83,0.1,117.52149,29.49523
075005.28+292944.3,54082.35481,18.2,0.12,117.52196,29.49571
075005.28+292944.3,54082.36147,18.26,0.12,117.52203,29.49568
075005.28+292944.3,54082.36809,18.16,0.12,117.52193,29.49554
075005.28+292944.3,54092.41165,18.1,0.11,117.52197,29.49556
075005.28+292944.3,54092.41648,18.18,0.11,117.52201,29.49563
075005.28+292944.3,54092.42133,18.21,0.12,117.52189,29.49569
075005.28+292944.3,54092.42618,18.32,0.12,117.52195,29.49565
075005.28+292944.3,53794.18478,18.01,0.11,117.52195,29.49571
075005.28+292944.3,53794.19076,18.11,0.12,117.52204,29.49565
075005.28+292944.3,53794.19671,18.3,0.13,117.52201,29.49567
075005.28+292944.3,53794.20264,18.18,0.12,117.52184,29.49558
075005.28+292944.3,53740.2929,18.08,0.11,117.52212,29.49576
075005.28+292944.3,53740.30294,18.14,0.12,117.52203,29.49568
075005.28+292944.3,53740.313,18.03,0.11,117.5222,29.49573
075005.28+292944.3,53740.32302,18.21,0.12,117.52202,29.49563
075005.28+292944.3,53753.24069,18.25,0.12,117.52206,29.4958
075005.28+292944.3,53753.24717,18.0,0.11,117.52173,29.49549
075005.28+292944.3,53753.25359,18.12,0.12,117.52199,29.49561
075005.28+292944.3,53753.25999,17.79,0.1,117.52142,29.49518
075005.28+292944.3,53759.27011,17.78,0.1,117.52207,29.49576
075005.28+292944.3,53759.27438,18.28,0.12,117.52196,29.49559
075005.28+292944.3,53759.27867,17.69,0.11,117.52142,29.49518
075005.28+292944.3,53759.283,18.27,0.12,117.52201,29.49568
075005.28+292944.3,53862.1667,17.91,0.11,117.52137,29.49527
075005.28+292944.3,53862.17377,17.82,0.11,117.52188,29.49569
075005.28+292944.3,53862.18084,18.16,0.13,117.52209,29.49577
075005.28+292944.3,53862.18817,18.26,0.13,117.52202,29.49573
075005.28+292944.3,53866.1472,18.1,0.31,117.5222,29.4958
075005.28+292944.3,53866.14882,18.11,0.31,117.52176,29.49578
075005.28+292944.3,53866.14957,18.1,0.31,117.52196,29.49583
075005.28+292944.3,54060.39031,18.18,0.11,117.52207,29.49561
075005.28+292944.3,54060.39686,18.23,0.12,117.52185,29.49574
075005.28+292944.3,54060.40339,18.15,0.11,117.52186,29.49559
075005.28+292944.3,54060.40996,18.28,0.12,117.52205,29.49582
075005.28+292944.3,54027.39432,17.92,0.1,117.52155,29.49515
075005.28+292944.3,54027.40354,18.24,0.12,117.52197,29.4956
075005.28+292944.3,54027.41284,18.15,0.11,117.52195,29.49557
075005.28+292944.3,54027.42213,18.46,0.13,117.52196,29.49558
075005.28+292944.3,54036.40307,18.16,0.12,117.52197,29.49568
075005.28+292944.3,54036.41006,17.85,0.12,117.522,29.49575
075005.28+292944.3,54036.417,18.27,0.14,117.52205,29.49546
075005.28+292944.3,54036.42397,18.35,0.13,117.52196,29.49564
075005.28+292944.3,54464.32349,18.02,0.11,117.52208,29.49566
075005.28+292944.3,54464.32996,18.19,0.12,117.52201,29.49561
075005.28+292944.3,54464.33644,18.03,0.11,117.52196,29.49559
075005.28+292944.3,54464.34296,18.01,0.11,117.52202,29.49576
075005.28+292944.3,54139.12633,18.1,0.12,117.52188,29.49556
075005.28+292944.3,54139.13172,18.24,0.12,117.52229,29.49563
075005.28+292944.3,54139.13714,18.23,0.12,117.52198,29.49557
075005.28+292944.3,54139.14256,18.19,0.12,117.52201,29.49568
075005.28+292944.3,54108.33285,17.91,0.11,117.52195,29.49568
075005.28+292944.3,54108.33986,18.06,0.11,117.52201,29.49553
075005.28+292944.3,54108.34689,18.17,0.12,117.52192,29.49559
075005.28+292944.3,54108.35393,17.96,0.11,117.52163,29.49526
075005.28+292944.3,54174.14005,18.07,0.11,117.52205,29.49557
075005.28+292944.3,54174.14543,18.11,0.11,117.522,29.49553
075005.28+292944.3,54174.15082,18.04,0.11,117.52186,29.49561
075005.28+292944.3,54174.1562,18.17,0.11,117.5219,29.49562
075005.28+292944.3,54410.40056,18.38,0.15,117.52202,29.49569
075005.28+292944.3,54410.40544,18.22,0.14,117.52204,29.49583
075005.28+292944.3,54410.41031,18.47,0.15,117.52205,29.49582
075005.28+292944.3,54410.41519,17.89,0.11,117.52174,29.49527
075005.28+292944.3,54380.42525,18.31,0.12,117.52207,29.49565
075005.28+292944.3,54380.43256,18.15,0.11,117.52181,29.49562
075005.28+292944.3,54380.43982,18.36,0.12,117.52196,29.4958
075005.28+292944.3,54380.44705,18.1,0.11,117.52189,29.49557
075005.28+292944.3,54386.41462,17.78,0.1,117.52145,29.4952
075005.28+292944.3,54386.42168,18.02,0.11,117.52202,29.49581
075005.28+292944.3,54386.42874,18.06,0.11,117.52204,29.49577
075005.28+292944.3,54386.43575,18.17,0.11,117.52205,29.49572
075005.28+292944.3,54353.48271,17.97,0.13,117.52211,29.49549
075005.28+292944.3,54572.14705,18.01,0.11,117.52198,29.4958
075005.28+292944.3,54572.15581,17.82,0.1,117.52159,29.49552
075005.28+292944.3,54572.16454,18.16,0.12,117.52227,29.49578
075005.28+292944.3,54572.17331,17.81,0.1,117.52166,29.49562
075005.28+292944.3,54582.12998,17.99,0.13,117.5221,29.49584
075005.28+292944.3,54582.13505,18.24,0.15,117.52186,29.49561
075005.28+292944.3,54582.14022,18.12,0.14,117.52176,29.49581
075005.28+292944.3,54582.1453,17.95,0.13,117.52181,29.49531
075005.28+292944.3,54502.22398,18.04,0.11,117.52199,29.49571
075005.28+292944.3,54502.22923,18.03,0.11,117.52205,29.49575
075005.28+292944.3,54502.23445,17.76,0.1,117.52199,29.49559
075005.28+292944.3,54502.2397,17.99,0.11,117.52196,29.49569
075005.28+292944.3,54508.26173,17.77,0.1,117.52152,29.49524
075005.28+292944.3,54508.26833,18.08,0.11,117.52191,29.49566
075005.28+292944.3,54508.2749,17.77,0.1,117.52148,29.49529
075005.28+292944.3,54508.28149,17.78,0.1,117.52175,29.49532
075005.28+292944.3,54523.21634,17.97,0.11,117.52167,29.49528
075005.28+292944.3,54523.22364,17.86,0.1,117.5215,29.49523
075005.28+292944.3,54523.23088,18.06,0.11,117.52188,29.49574
075005.28+292944.3,54523.23811,18.08,0.11,117.52206,29.49567
075005.28+292944.3,54495.19476,17.86,0.1,117.52162,29.49542
075005.28+292944.3,54495.20125,17.96,0.11,117.52163,29.49522
075005.28+292944.3,54495.20773,18.05,0.11,117.5221,29.49573
075005.28+292944.3,54495.21425,17.82,0.1,117.52158,29.49534
075005.28+292944.3,54535.23949,18.16,0.12,117.52202,29.49561
075005.28+292944.3,54535.24618,18.0,0.11,117.52203,29.49568
075005.28+292944.3,54535.2529,18.12,0.11,117.52181,29.49555
075005.28+292944.3,54535.25958,17.85,0.1,117.52148,29.49534
075005.28+292944.3,54554.19133,18.06,0.11,117.52206,29.4957
075005.28+292944.3,54554.19861,18.15,0.12,117.52191,29.49571
075005.28+292944.3,54554.20589,18.24,0.12,117.52193,29.49566
075005.28+292944.3,54554.21319,18.05,0.11,117.52201,29.49569
075005.28+292944.3,54741.47284,17.77,0.1,117.52196,29.49535
075005.28+292944.3,54741.4802,18.19,0.12,117.52205,29.49577
075005.28+292944.3,54741.48757,17.99,0.11,117.52228,29.49566
075005.28+292944.3,54741.49483,17.8,0.1,117.52194,29.49568
075005.28+292944.3,54833.24278,18.08,0.11,117.52195,29.49568
075005.28+292944.3,54833.24768,18.13,0.11,117.52208,29.49567
075005.28+292944.3,54833.25253,18.05,0.11,117.52199,29.49566
075005.28+292944.3,54833.25741,17.96,0.11,117.52196,29.4956
075005.28+292944.3,54833.26223,17.9,0.1,117.52192,29.49569
075005.28+292944.3,54909.10757,18.12,0.11,117.52196,29.49561
075005.28+292944.3,54909.11309,18.04,0.11,117.522,29.4956
075005.28+292944.3,54909.11848,18.06,0.11,117.52201,29.49568
075005.28+292944.3,54909.12391,18.17,0.11,117.522,29.49558
075005.28+292944.3,55146.43645,18.04,0.12,117.52202,29.49562
075005.28+292944.3,55146.44367,17.84,0.11,117.52209,29.49564
075005.28+292944.3,55146.45313,17.93,0.11,117.52195,29.49576
075005.28+292944.3,55146.46045,17.83,0.11,117.52198,29.49575
075005.28+292944.3,55295.11873,18.12,0.14,117.5221,29.49581
075005.28+292944.3,55295.12371,17.81,0.12,117.52161,29.49524
075005.28+292944.3,55295.12865,17.98,0.13,117.5218,29.49556
075005.28+292944.3,55295.13359,17.88,0.12,117.52197,29.49551
075005.28+292944.3,55534.36896,18.24,0.11,117.52199,29.49564
075005.28+292944.3,55534.38577,18.19,0.11,117.52201,29.49568
075005.28+292944.3,55534.39414,18.11,0.11,117.5221,29.49591
075005.28+292944.3,55539.34608,18.16,0.12,117.52202,29.4957
075005.28+292944.3,55539.36129,18.18,0.12,117.52198,29.49572
075005.28+292944.3,55539.3688,18.13,0.12,117.52193,29.49565
075005.28+292944.3,55545.30252,17.93,0.13,117.52164,29.4953
075005.28+292944.3,55545.31837,17.93,0.13,117.52166,29.49553
075005.28+292944.3,55545.32626,18.02,0.13,117.52202,29.49575
075005.28+292944.3,55236.21213,17.8,0.1,117.522,29.49562
075005.28+292944.3,55242.14169,17.71,0.1,117.52179,29.49546
075005.28+292944.3,55242.15028,17.97,0.11,117.52186,29.49558
075005.28+292944.3,55242.15887,17.95,0.11,117.52187,29.49559
075005.28+292944.3,55242.16745,17.84,0.1,117.52195,29.49559
075005.28+292944.3,55202.23371,17.88,0.1,117.52191,29.49561
075005.28+292944.3,55208.30059,17.86,0.1,117.52198,29.49568
075005.28+292944.3,55208.30754,17.68,0.1,117.52148,29.49536
075005.28+292944.3,55208.31448,17.98,0.11,117.52198,29.49556
075005.28+292944.3,55208.32144,17.86,0.1,117.52203,29.49561
075005.28+292944.3,55260.19353,18.0,0.11,117.5219,29.49568
075005.28+292944.3,55260.19807,17.98,0.11,117.52194,29.49564
075005.28+292944.3,55260.20264,17.96,0.11,117.52203,29.4957
075005.28+292944.3,55260.20719,17.83,0.1,117.52186,29.49567
075005.28+292944.3,55276.13194,17.8,0.11,117.52178,29.49562
075005.28+292944.3,55276.13898,17.97,0.11,117.52198,29.49558
075005.28+292944.3,55276.14592,17.89,0.11,117.52189,29.49565
075005.28+292944.3,55276.15287,18.12,0.12,117.52186,29.49563
075005.28+292944.3,55572.32809,17.94,0.11,117.52207,29.4958
075005.28+292944.3,55572.33385,17.84,0.1,117.52152,29.49522
075005.28+292944.3,55572.33966,18.19,0.12,117.52202,29.49571
075005.28+292944.3,55572.34546,18.04,0.11,117.52206,29.4957
075005.28+292944.3,55587.32563,18.13,0.12,117.52205,29.49571
075005.28+292944.3,55587.33252,18.1,0.11,117.52202,29.49582
075005.28+292944.3,55587.33938,18.21,0.12,117.52207,29.49579
075005.28+292944.3,55587.34631,18.12,0.12,117.52205,29.49579
075005.28+292944.3,55202.24655,17.79,0.1,117.52193,29.49555
075005.28+292944.3,55202.25229,17.82,0.1,117.52199,29.49564
075005.28+292944.3,55202.25804,17.96,0.11,117.52212,29.4956
075005.28+292944.3,55202.26376,17.83,0.1,117.5219,29.49568
075005.28+292944.3,55861.44593,18.04,0.11,117.52202,29.49564
075005.28+292944.3,55861.4528,17.9,0.11,117.52201,29.4955
075005.28+292944.3,55861.45965,18.06,0.11,117.522,29.49562
075005.28+292944.3,55861.46663,18.06,0.11,117.52216,29.49564
075005.28+292944.3,55832.47756,17.83,0.11,117.52224,29.49566
075005.28+292944.3,55832.4827,18.1,0.12,117.52204,29.49552
075005.28+292944.3,55832.48777,17.95,0.11,117.5221,29.49566
075005.28+292944.3,55832.49288,17.93,0.11,117.52202,29.49585
075005.28+292944.3,55919.22083,18.22,0.12,117.52215,29.4957
075005.28+292944.3,55919.22881,18.06,0.11,117.52206,29.49566
075005.28+292944.3,55919.23686,18.05,0.11,117.52196,29.4956
075005.28+292944.3,55919.24487,18.06,0.11,117.52215,29.49561
075005.28+292944.3,56246.39447,18.21,0.13,117.52201,29.49568
075005.28+292944.3,56246.40295,18.34,0.14,117.52208,29.49564
075005.28+292944.3,56246.41144,18.17,0.13,117.52185,29.49569
075005.28+292944.3,56246.41991,18.06,0.12,117.52188,29.49566
075005.28+292944.3,56281.30381,18.13,0.12,117.52204,29.49562
075005.28+292944.3,56281.31223,18.21,0.12,117.52188,29.49569
075005.28+292944.3,56281.3208,18.15,0.12,117.52208,29.49568
075005.28+292944.3,56281.32935,18.21,0.12,117.52211,29.49551
075005.28+292944.3,56307.26267,18.22,0.11,117.522,29.49566
075005.28+292944.3,56307.26879,18.2,0.11,117.52203,29.49569
075005.28+292944.3,56307.27497,18.07,0.1,117.52199,29.49567
075005.28+292944.3,56307.28119,18.11,0.1,117.52189,29.49575
075005.28+292944.3,56340.18357,18.2,0.12,117.52198,29.49554
075005.28+292944.3,56340.18971,18.27,0.12,117.52204,29.49565
075005.28+292944.3,56340.19586,18.33,0.13,117.522,29.49569
075005.28+292944.3,56340.20201,18.25,0.12,117.52196,29.49548
075005.28+292944.3,56368.11239,18.12,0.12,117.52198,29.49553
075005.28+292944.3,56368.11916,18.03,0.11,117.5219,29.49569
075005.28+292944.3,56368.12594,18.06,0.11,117.52198,29.49562
075005.28+292944.3,56368.13273,18.22,0.12,117.52191,29.49547
075005.28+292944.3,56560.43805,17.85,0.11,117.52196,29.49585
075005.28+292944.3,56560.44481,18.34,0.13,117.52208,29.49578
075005.28+292944.3,56560.4515,18.07,0.12,117.52196,29.49552
075005.28+292944.3,56560.45826,18.34,0.13,117.52202,29.49573
095919.14+090659.4,53729.33463,18.99,0.18,149.82955,9.11638
095919.14+090659.4,53729.34232,18.91,0.17,149.8297,9.11678
095919.14+090659.4,53729.34996,19.08,0.19,149.82969,9.11637
095919.14+090659.4,53729.35765,19.18,0.2,149.82975,9.11655
095919.14+090659.4,53500.17336,18.95,0.17,149.82997,9.11646
095919.14+090659.4,53500.18102,19.15,0.19,149.82971,9.11643
095919.14+090659.4,53500.1887,19.28,0.2,149.82969,9.11627
095919.14+090659.4,53500.19637,19.31,0.2,149.82986,9.11629
095919.14+090659.4,53521.15317,18.87,0.17,149.82995,9.11618
095919.14+090659.4,53521.16125,18.84,0.16,149.82975,9.11613
095919.14+090659.4,53521.16939,19.22,0.2,149.82953,9.11648
095919.14+090659.4,53521.17752,19.64,0.24,149.82986,9.11647
095919.14+090659.4,53684.49399,18.86,0.16,149.82982,9.11653
095919.14+090659.4,53684.49882,18.6,0.15,149.82987,9.11701
095919.14+090659.4,53684.50367,18.86,0.17,149.82977,9.11623
095919.14+090659.4,53684.50849,19.21,0.2,149.82992,9.11653
095919.14+090659.4,53704.40214,19.12,0.19,149.82942,9.11618
095919.14+090659.4,53704.40979,18.84,0.16,149.82963,9.11646
095919.14+090659.4,53704.41733,18.95,0.17,149.82988,9.11651
095919.14+090659.4,53704.42487,18.81,0.16,149.82968,9.11672
095919.14+090659.4,53674.48427,19.39,0.21,149.83003,9.11652
095919.14+090659.4,53674.48865,19.04,0.18,149.82985,9.11639
095919.14+090659.4,53674.49304,18.93,0.17,149.82992,9.11651
095919.14+090659.4,53674.49745,19.0,0.17,149.83008,9.11618
095919.14+090659.4,53827.1969,18.59,0.15,149.82984,9.11641
095919.14+090659.4,53827.20245,19.11,0.19,149.82962,9.11658
095919.14+090659.4,53827.20784,19.19,0.19,149.82964,9.11642
095919.14+090659.4,53827.21328,18.65,0.15,149.82955,9.11656
095919.14+090659.4,53843.16783,19.2,0.2,149.82963,9.11661
095919.14+090659.4,53843.17587,18.78,0.16,149.82992,9.11667
095919.14+090659.4,53843.18394,18.9,0.17,149.82973,9.11661
095919.14+090659.4,53843.19207,18.75,0.16,149.82973,9.11606
095919.14+090659.4,54082.47727,18.99,0.17,149.82968,9.11633
095919.14+090659.4,54082.48274,19.03,0.17,149.8297,9.11651
095919.14+090659.4,54082.4882,19.31,0.19,149.8294,9.1163
095919.14+090659.4,54082.49364,18.76,0.15,149.82997,9.11649
095919.14+090659.4,54096.33712,18.9,0.16,149.82981,9.11636
095919.14+090659.4,54096.34674,19.13,0.18,149.82975,9.11649
095919.14+090659.4,54096.35633,18.81,0.15,149.82982,9.11654
095919.14+090659.4,54096.36592,19.23,0.19,149.82971,9.11641
095919.14+090659.4,53786.23553,18.53,0.14,149.82991,9.11667
095919.14+090659.4,53786.24324,19.31,0.21,149.82991,9.11638
095919.14+090659.4,53786.25096,19.11,0.18,149.8299,9.11659
095919.14+090659.4,53786.25865,19.21,0.19,149.82971,9.11646
095919.14+090659.4,53743.40362,19.11,0.18,149.82998,9.11651
095919.14+090659.4,53743.40904,19.0,0.17,149.82974,9.11657
095919.14+090659.4,53743.4145,19.09,0.18,149.82965,9.11642
095919.14+090659.4,53743.41999,19.02,0.17,149.8298,9.11644
095919.14+090659.4,53755.28096,18.97,0.17,149.82964,9.11637
095919.14+090659.4,53817.16656,18.96,0.17,149.82971,9.11631
095919.14+090659.4,53817.1751,18.97,0.17,149.82978,9.11647
095919.14+090659.4,53817.18365,19.16,0.19,149.82958,9.11651
095919.14+090659.4,53817.19221,19.05,0.18,149.82991,9.1165
095919.14+090659.4,53874.17544,19.41,0.23,149.82972,9.11635
095919.14+090659.4,53874.1824,19.35,0.22,149.82994,9.11654
095919.14+090659.4,53874.18934,18.54,0.15,149.82987,9.11654
095919.14+090659.4,53874.1963,19.05,0.19,149.83001,9.11677
095919.14+090659.4,53881.15209,18.74,0.16,149.8298,9.11699
095919.14+090659.4,53881.16139,19.2,0.2,149.82983,9.11621
095919.14+090659.4,53881.17062,19.16,0.2,149.82953,9.11618
095919.14+090659.4,53881.17985,19.56,0.24,149.82971,9.11629
095919.14+090659.4,54054.4819,18.99,0.16,149.82933,9.1165
095919.14+090659.4,54054.48788,18.91,0.16,149.82993,9.11637
095919.14+090659.4,54054.49395,18.96,0.16,149.82958,9.11648
095919.14+090659.4,54054.50007,18.96,0.16,149.82954,9.11665
095919.14+090659.4,54028.49343,19.33,0.19,149.82989,9.11652
095919.14+090659.4,54028.50969,19.14,0.18,149.8301,9.11622
095919.14+090659.4,54028.51786,18.97,0.16,149.82955,9.11643
095919.14+090659.4,54201.17131,19.28,0.19,149.82977,9.1165
095919.14+090659.4,54201.18059,18.92,0.17,149.82982,9.11673
095919.14+090659.4,54201.18988,18.51,0.14,149.82968,9.11708
095919.14+090659.4,54201.19915,18.93,0.17,149.82975,9.11659
095919.14+090659.4,54437.42888,19.02,0.17,149.82961,9.11658
095919.14+090659.4,54437.43957,19.09,0.17,149.82957,9.11646
095919.14+090659.4,54437.4503,19.06,0.17,149.82952,9.11646
095919.14+090659.4,54437.46106,19.19,0.18,149.8298,9.11651
095919.14+090659.4,54448.42789,19.15,0.21,149.82978,9.11641
095919.14+090659.4,54448.43331,18.92,0.16,149.8296,9.11656
095919.14+090659.4,54448.4387,19.16,0.18,149.8298,9.11643
095919.14+090659.4,54448.4441,19.07,0.17,149.8298,9.11648
095919.14+090659.4,54454.41476,19.05,0.17,149.82979,9.1163
095919.14+090659.4,54454.42125,18.91,0.16,149.82975,9.1167
095919.14+090659.4,54454.42776,18.91,0.16,149.82996,9.11645
095919.14+090659.4,54454.43423,19.08,0.17,149.82966,9.11653
095919.14+090659.4,54464.48304,18.9,0.16,149.82972,9.11652
095919.14+090659.4,54464.48969,18.96,0.16,149.82971,9.11647
095919.14+090659.4,54464.49632,19.17,0.18,149.82989,9.11654
095919.14+090659.4,54464.50294,18.87,0.16,149.82971,9.11676
095919.14+090659.4,54139.24422,19.22,0.25,149.83008,9.11616
095919.14+090659.4,54140.37079,19.24,0.6,149.82986,9.1166
095919.14+090659.4,54140.37278,18.68,0.4,149.82991,9.11631
095919.14+090659.4,54110.40042,18.84,0.16,149.82974,9.11604
095919.14+090659.4,54110.40755,18.73,0.15,149.82982,9.11647
095919.14+090659.4,54110.41476,19.21,0.19,149.82986,9.11661
095919.14+090659.4,54110.422,18.81,0.15,149.83011,9.11646
095919.14+090659.4,54124.40061,19.05,0.17,149.82983,9.11657
095919.14+090659.4,54124.40904,18.78,0.15,149.82998,9.11659
095919.14+090659.4,54124.4174,18.87,0.16,149.82968,9.11647
095919.14+090659.4,54124.4258,18.95,0.16,149.82964,9.11654
095919.14+090659.4,54168.19828,19.4,0.2,149.82957,9.11638
095919.14+090659.4,54168.20639,18.87,0.16,149.82988,9.1166
095919.14+090659.4,54168.21451,18.94,0.16,149.82952,9.11651
095919.14+090659.4,54168.22262,18.95,0.16,149.82959,9.11623
095919.14+090659.4,54227.19766,18.97,0.17,149.82945,9.11647
095919.14+090659.4,54227.20684,19.17,0.19,149.82994,9.11635
095919.14+090659.4,54227.21601,19.09,0.18,149.82988,9.11645
095919.14+090659.4,54227.2252,18.98,0.17,149.82968,9.11628
095919.14+090659.4,54241.15228,19.0,0.18,149.82953,9.11633
095919.14+090659.4,54241.16095,19.66,0.24,149.82971,9.11635
095919.14+090659.4,54241.16962,19.06,0.18,149.82993,9.11739
095919.14+090659.4,54241.17831,19.06,0.18,149.8294,9.11655
095919.14+090659.4,54409.47119,19.31,0.19,149.8298,9.1165
095919.14+090659.4,54409.47785,19.36,0.2,149.82969,9.11631
095919.14+090659.4,54409.48455,18.83,0.15,149.83002,9.11676
095919.14+090659.4,54409.49122,18.24,0.12,149.82972,9.11592
095919.14+090659.4,54384.51509,18.49,0.16,149.82958,9.11616
095919.14+090659.4,54384.51847,19.55,0.27,149.82988,9.11645
095919.14+090659.4,54393.48354,18.91,0.16,149.82981,9.11648
095919.14+090659.4,54393.48734,19.2,0.19,149.82993,9.11651
095919.14+090659.4,54393.49115,18.72,0.15,149.83002,9.11709
095919.14+090659.4,54393.49496,19.34,0.2,149.82992,9.11652
095919.14+090659.4,54559.15643,19.16,0.18,149.8297,9.11651
095919.14+090659.4,54559.16403,18.76,0.15,149.82978,9.11663
095919.14+090659.4,54559.17161,19.02,0.17,149.82983,9.11659
095919.14+090659.4,54559.17919,19.19,0.19,149.82987,9.11684
095919.14+090659.4,54568.14819,18.75,0.15,149.8298,9.11643
095919.14+090659.4,54568.15313,19.21,0.18,149.82984,9.11661
095919.14+090659.4,54568.15809,19.26,0.19,149.82974,9.11644
095919.14+090659.4,54568.16306,18.94,0.16,149.82974,9.1166
095919.14+090659.4,54580.19595,19.33,0.2,149.82966,9.11655
095919.14+090659.4,54580.20241,19.29,0.19,149.82956,9.11702
095919.14+090659.4,54580.20886,19.2,0.18,149.82967,9.11665
095919.14+090659.4,54580.2153,18.97,0.17,149.82985,9.11664
095919.14+090659.4,54822.47692,18.98,0.16,149.82984,9.11648
095919.14+090659.4,54822.48368,19.01,0.16,149.82971,9.11656
095919.14+090659.4,54822.49036,18.86,0.15,149.82994,9.11655
095919.14+090659.4,54822.49725,18.77,0.15,149.82974,9.11671
095919.14+090659.4,54499.37877,19.12,0.17,149.82976,9.11679
095919.14+090659.4,54499.38483,18.87,0.16,149.82989,9.11649
095919.14+090659.4,54499.39092,19.17,0.18,149.82972,9.11652
095919.14+090659.4,54499.39702,18.99,0.17,149.82972,9.11667
095919.14+090659.4,54475.37281,19.23,0.18,149.82966,9.11666
095919.14+090659.4,54475.38026,19.11,0.17,149.82963,9.11635
095919.14+090659.4,54475.38772,18.85,0.15,149.82983,9.11665
095919.14+090659.4,54475.39521,18.68,0.14,149.82984,9.11675
095919.14+090659.4,54630.16379,19.09,0.23,149.82927,9.11633
095919.14+090659.4,54630.16844,19.37,0.27,149.82954,9.11694
095919.14+090659.4,54630.17306,20.09,0.4,149.82943,9.1162
095919.14+090659.4,54548.30143,19.28,0.22,149.82982,9.11651
095919.14+090659.4,54548.30724,19.07,0.2,149.83,9.11658
095919.14+090659.4,54548.31301,18.9,0.18,149.82946,9.11678
095919.14+090659.4,54548.31877,18.89,0.18,149.82983,9.11635
095919.14+090659.4,54591.1601,19.02,0.17,149.82965,9.11633
095919.14+090659.4,54591.16938,18.87,0.16,149.82975,9.11665
095919.14+090659.4,54591.17861,19.78,0.25,149.82988,9.11644
095919.14+090659.4,54591.18782,18.87,0.16,149.82988,9.1168
095919.14+090659.4,54594.18384,19.3,0.2,149.82973,9.11661
095919.14+090659.4,54594.19027,19.01,0.17,149.82951,9.11638
095919.14+090659.4,54594.1967,18.91,0.16,149.82951,9.1164
095919.14+090659.4,54594.20313,19.14,0.18,149.82961,9.1168
095919.14+090659.4,54944.21666,18.86,0.16,149.82978,9.11651
095919.14+090659.4,54944.22337,18.92,0.16,149.82956,9.11645
095919.14+090659.4,54944.22999,19.02,0.17,149.8297,9.11648
095919.14+090659.4,54944.2365,19.03,0.17,149.8296,9.11622
095919.14+090659.4,54867.28769,18.95,0.18,149.82978,9.11656
095919.14+090659.4,54867.29367,18.53,0.15,149.82964,9.11623
095919.14+090659.4,54867.2996,18.58,0.15,149.82998,9.11654
095919.14+090659.4,54867.30548,19.03,0.19,149.82984,9.11646
095919.14+090659.4,54878.34312,19.0,0.16,149.8299,9.11663
095919.14+090659.4,54878.34987,19.22,0.18,149.82969,9.11666
095919.14+090659.4,54878.35654,19.1,0.17,149.82955,9.11606
095919.14+090659.4,54878.36317,18.64,0.14,149.83022,9.11642
095919.14+090659.4,54887.31339,18.89,0.16,149.82965,9.11668
095919.14+090659.4,54887.3188,18.95,0.16,149.82992,9.11634
095919.14+090659.4,54887.32421,18.83,0.15,149.82996,9.11686
095919.14+090659.4,54887.32963,19.16,0.18,149.82973,9.11655
095919.14+090659.4,54859.2639,19.0,0.16,149.82978,9.11637
095919.14+090659.4,54859.27085,18.47,0.13,149.82996,9.11672
095919.14+090659.4,54859.27753,19.18,0.18,149.82965,9.11636
095919.14+090659.4,54859.28435,19.07,0.17,149.82976,9.11653
095919.14+090659.4,54905.21267,18.74,0.15,149.82994,9.11663
095919.14+090659.4,54905.21816,19.04,0.17,149.82962,9.1165
095919.14+090659.4,54905.2235,19.2,0.18,149.82969,9.11625
095919.14+090659.4,54905.22902,18.88,0.16,149.8297,9.11634
095919.14+090659.4,54967.1492,19.22,0.19,149.82969,9.11668
095919.14+090659.4,54967.16026,18.55,0.14,149.8299,9.11685
095919.14+090659.4,54967.17132,18.87,0.17,149.82954,9.11653
095919.14+090659.4,54967.18222,19.18,0.19,149.8296,9.11649
095919.14+090659.4,55150.46344,18.71,0.15,149.82932,9.11628
095919.14+090659.4,55150.46959,19.14,0.18,149.82979,9.11635
095919.14+090659.4,55150.47564,18.94,0.17,149.82986,9.11652
095919.14+090659.4,55150.48173,19.42,0.21,149.82988,9.11628
095919.14+090659.4,55161.48069,18.9,0.16,149.83035,9.11641
095919.14+090659.4,55161.48617,18.84,0.16,149.82987,9.1167
095919.14+090659.4,55161.49165,18.99,0.17,149.82991,9.1165
095919.14+090659.4,55161.49714,18.64,0.14,149.82959,9.11666
095919.14+090659.4,55162.45311,18.54,0.14,149.83015,9.11652
095919.14+090659.4,55162.46167,19.18,0.19,149.82985,9.11632
095919.14+090659.4,55162.47026,18.78,0.15,149.82962,9.11656
095919.14+090659.4,55162.47876,19.04,0.17,149.82975,9.11629
095919.14+090659.4,55121.50448,19.07,0.2,149.82992,9.11625
095919.14+090659.4,55121.50888,19.19,0.21,149.82975,9.11618
095919.14+090659.4,55121.51342,18.94,0.19,149.82947,9.11666
095919.14+090659.4,55121.51777,19.17,0.21,149.82997,9.11675
095919.14+090659.4,55127.49656,18.93,0.21,149.82963,9.1163
095919.14+090659.4,55127.50047,18.92,0.21,149.82987,9.11639
095919.14+090659.4,55127.50428,18.98,0.21,149.83017,9.11643
095919.14+090659.4,55127.50817,18.84,0.2,149.8297,9.11667
095919.14+090659.4,55296.20079,18.8,0.15,149.82974,9.11687
095919.14+090659.4,55296.20646,18.74,0.15,149.82997,9.11687
095919.14+090659.4,55296.21212,19.02,0.17,149.82949,9.11628
095919.14+090659.4,55296.21779,19.1,0.18,149.82977,9.1168
095919.14+090659.4,55539.49884,19.23,0.19,149.82962,9.11652
095919.14+090659.4,55539.50894,18.52,0.14,149.82941,9.11669
095919.14+090659.4,55539.51406,18.63,0.15,149.82977,9.11691
095919.14+090659.4,55559.34171,18.86,0.16,149.82962,9.1164
095919.14+090659.4,55559.36268,18.96,0.17,149.82977,9.11661
095919.14+090659.4,55236.39319,19.02,0.2,149.82951,9.11644
095919.14+090659.4,55259.30926,19.16,0.18,149.82968,9.11638
095919.14+090659.4,55259.31492,18.96,0.16,149.82984,9.11685
095919.14+090659.4,55259.32074,18.96,0.16,149.8298,9.11636
095919.14+090659.4,55259.32652,18.52,0.14,149.82954,9.11634
095919.14+090659.4,55268.21272,18.91,0.16,149.82978,9.11673
095919.14+090659.4,55268.2184,19.11,0.18,149.82968,9.11624
095919.14+090659.4,55268.22412,18.89,0.16,149.8299,9.11635
095919.14+090659.4,55268.22982,18.81,0.15,149.82969,9.11637
095919.14+090659.4,55275.21611,18.46,0.17,149.8297,9.11634
095919.14+090659.4,55275.22299,18.67,0.15,149.82986,9.11644
095919.14+090659.4,55275.22987,18.76,0.15,149.82967,9.11628
095919.14+090659.4,55275.23674,18.91,0.16,149.82962,9.11678
095919.14+090659.4,55326.1745,19.0,0.17,149.83,9.11646
095919.14+090659.4,55326.1819,18.87,0.16,149.82953,9.11644
095919.14+090659.4,55326.18939,18.95,0.17,149.82986,9.11626
095919.14+090659.4,55326.19683,18.58,0.14,149.82934,9.11642
095919.14+090659.4,55332.16105,18.54,0.14,149.82999,9.11637
095919.14+090659.4,55332.16559,19.07,0.18,149.82958,9.11648
095919.14+090659.4,55332.1702,18.57,0.14,149.82978,9.11636
095919.14+090659.4,55332.1748,19.14,0.18,149.82973,9.11626
095919.14+090659.4,55341.17964,18.35,0.16,149.82971,9.11605
095919.14+090659.4,55503.50204,18.91,0.2,149.82962,9.1164
095919.14+090659.4,55503.50858,18.94,0.21,149.82969,9.11663
095919.14+090659.4,55503.5118,19.07,0.22,149.8298,9.11642
095919.14+090659.4,55510.49287,18.96,0.17,149.82967,9.11637
095919.14+090659.4,55510.50342,19.1,0.18,149.82986,9.11658
095919.14+090659.4,55510.50868,18.99,0.17,149.82973,9.11643
095919.14+090659.4,55530.44348,19.9,0.26,149.82985,9.1166
095919.14+090659.4,55530.45502,18.64,0.14,149.82957,9.11641
095919.14+090659.4,55530.46078,18.52,0.14,149.82979,9.11627
095919.14+090659.4,55596.35351,18.96,0.15,149.83004,9.11654
095919.14+090659.4,55596.36564,18.99,0.15,149.82977,9.11638
095919.14+090659.4,55596.37789,18.81,0.14,149.82984,9.1166
095919.14+090659.4,55596.39008,19.02,0.15,149.82972,9.1165
095919.14+090659.4,55615.24691,19.12,0.16,149.82982,9.11654
095919.14+090659.4,55615.25582,18.88,0.14,149.82975,9.11641
095919.14+090659.4,55615.26488,19.06,0.15,149.8298,9.11648
095919.14+090659.4,55615.27388,18.9,0.14,149.82984,9.11653
095919.14+090659.4,55574.42,18.78,0.15,149.82983,9.11654
095919.14+090659.4,55574.4252,18.85,0.16,149.82995,9.11654
095919.14+090659.4,55574.43038,18.69,0.15,149.82987,9.11644
095919.14+090659.4,55574.43561,18.88,0.16,149.82967,9.11656
095919.14+090659.4,55621.2698,18.83,0.13,149.82971,9.11629
095919.14+090659.4,55621.27789,18.9,0.13,149.82965,9.11653
095919.14+090659.4,55621.28596,18.79,0.12,149.8299,9.11659
095919.14+090659.4,55621.29401,18.66,0.12,149.82982,9.11663
095919.14+090659.4,55631.20786,18.82,0.16,149.82987,9.11654
095919.14+090659.4,55631.21296,18.98,0.17,149.82988,9.1165
095919.14+090659.4,55631.21808,19.03,0.18,149.82981,9.11654
095919.14+090659.4,55631.22324,18.78,0.16,149.82964,9.11649
095919.14+090659.4,55644.1694,19.02,0.18,149.82979,9.11641
095919.14+090659.4,55644.1745,18.96,0.17,149.82957,9.11633
095919.14+090659.4,55644.17965,18.94,0.17,149.82972,9.11681
095919.14+090659.4,55644.18482,18.91,0.17,149.82985,9.11657
095919.14+090659.4,55695.17553,18.87,0.19,149.82984,9.11658
095919.14+090659.4,55695.18381,18.72,0.18,149.82975,9.11649
095919.14+090659.4,55695.19211,18.82,0.19,149.82954,9.11603
095919.14+090659.4,55695.20038,19.96,0.34,149.82936,9.11684
095919.14+090659.4,53755.3559,19.27,0.19,149.82979,9.11663
095919.14+090659.4,53755.36296,19.63,0.23,149.82972,9.11656
095919.14+090659.4,53755.37003,19.57,0.23,149.82916,9.11619
095919.14+090659.4,54139.24893,19.0,0.19,149.82978,9.11666
095919.14+090659.4,54139.25599,19.12,0.22,149.82949,9.11635
095919.14+090659.4,54139.26308,19.11,0.19,149.82959,9.1162
095919.14+090659.4,54139.27019,19.48,0.23,149.8298,9.1163
095919.14+090659.4,55586.46829,18.92,0.19,149.82959,9.11665
095919.14+090659.4,55586.4759,19.17,0.2,149.82972,9.11643
095919.14+090659.4,55586.48349,18.41,0.14,149.82995,9.11631
095919.14+090659.4,55586.49114,18.74,0.16,149.82966,9.11656
095919.14+090659.4,55851.49844,18.74,0.19,149.8293,9.11641
095919.14+090659.4,55851.5007,19.04,0.21,149.82996,9.11631
095919.14+090659.4,55851.50299,18.95,0.2,149.82978,9.11597
095919.14+090659.4,55851.50526,18.47,0.16,149.83023,9.11656
095919.14+090659.4,55887.4661,18.91,0.16,149.82968,9.11641
095919.14+090659.4,55887.47357,19.11,0.18,149.82998,9.11649
095919.14+090659.4,55887.48103,19.22,0.19,149.82958,9.11628
095919.14+090659.4,55887.48846,18.85,0.16,149.82981,9.11627
095919.14+090659.4,55944.41459,18.98,0.17,149.82966,9.11649
095919.14+090659.4,55944.42194,18.8,0.15,149.82998,9.11662
095919.14+090659.4,55944.42927,18.88,0.16,149.82961,9.11647
095919.14+090659.4,55944.43654,18.63,0.14,149.82975,9.11656
095919.14+090659.4,55969.30921,18.36,0.13,149.82975,9.11663
095919.14+090659.4,55969.31426,19.1,0.18,149.82981,9.11637
095919.14+090659.4,55969.31941,18.82,0.16,149.82988,9.11642
095919.14+090659.4,55969.32456,19.21,0.19,149.82967,9.11617
095919.14+090659.4,55976.30744,18.94,0.15,149.82985,9.11642
095919.14+090659.4,55976.31566,18.59,0.13,149.8297,9.11633
095919.14+090659.4,55976.32435,18.87,0.14,149.82977,9.11643
095919.14+090659.4,55976.3326,18.46,0.12,149.82942,9.11717
095919.14+090659.4,55984.24537,18.93,0.17,149.82964,9.11649
095919.14+090659.4,55984.25108,18.63,0.15,149.83004,9.11651
095919.14+090659.4,55984.25672,18.94,0.17,149.82988,9.11644
095919.14+090659.4,55984.26236,18.59,0.14,149.82992,9.11629
095919.14+090659.4,56000.23256,18.43,0.13,149.82962,9.11695
095919.14+090659.4,56000.23814,19.08,0.18,149.82976,9.11649
095919.14+090659.4,56000.24385,18.68,0.15,149.82962,9.11651
095919.14+090659.4,56000.24959,18.99,0.17,149.82989,9.11667
095919.14+090659.4,56011.16013,18.78,0.16,149.82961,9.11635
095919.14+090659.4,56011.16582,18.83,0.16,149.82983,9.11649
095919.14+090659.4,56011.17145,18.82,0.16,149.8297,9.11645
095919.14+090659.4,56011.17709,18.82,0.16,149.8298,9.11649
095919.14+090659.4,56030.13965,18.83,0.16,149.82986,9.11641
095919.14+090659.4,56030.14527,19.44,0.22,149.82988,9.11632
095919.14+090659.4,56030.15087,19.11,0.18,149.8298,9.1164
095919.14+090659.4,56030.15652,19.08,0.18,149.82999,9.11641
095919.14+090659.4,56040.15812,18.78,0.16,149.82971,9.11625
095919.14+090659.4,56040.16315,19.04,0.18,149.82956,9.11623
095919.14+090659.4,56040.16979,18.83,0.17,149.82986,9.11641
095919.14+090659.4,56040.17491,19.13,0.19,149.83002,9.11649
095919.14+090659.4,56214.49822,19.19,0.22,149.82955,9.11639
095919.14+090659.4,56214.50122,19.67,0.28,149.82995,9.11643
095919.14+090659.4,56214.50426,19.05,0.2,149.82991,9.11643
095919.14+090659.4,56214.50725,19.22,0.22,149.83,9.11675
095919.14+090659.4,56227.4848,19.27,0.23,149.82951,9.1165
095919.14+090659.4,56227.49195,18.92,0.19,149.82973,9.11646
095919.14+090659.4,56227.49901,18.81,0.18,149.82973,9.1166
095919.14+090659.4,56227.50618,18.85,0.18,149.82977,9.11657
095919.14+090659.4,56235.47955,19.0,0.17,149.82985,9.11648
095919.14+090659.4,56235.4881,18.96,0.17,149.82957,9.11658
095919.14+090659.4,56235.49677,18.71,0.15,149.82967,9.11656
095919.14+090659.4,56235.50555,19.38,0.21,149.82959,9.11629
095919.14+090659.4,56243.46967,19.18,0.16,149.82976,9.11633
095919.14+090659.4,56243.47511,18.85,0.14,149.82964,9.11622
095919.14+090659.4,56243.48057,18.78,0.14,149.82987,9.1167
095919.14+090659.4,56243.48597,18.83,0.14,149.8298,9.11652
095919.14+090659.4,56255.45182,19.1,0.16,149.82983,9.11656
095919.14+090659.4,56255.46006,19.09,0.16,149.83002,9.1164
095919.14+090659.4,56255.46838,18.72,0.13,149.82972,9.11626
095919.14+090659.4,56255.47662,19.2,0.16,149.82978,9.11653
095919.14+090659.4,56269.38972,19.21,0.19,149.82965,9.11638
095919.14+090659.4,56269.39543,18.85,0.16,149.82988,9.11621
095919.14+090659.4,56269.40117,18.68,0.15,149.82964,9.11626
095919.14+090659.4,56269.40687,18.62,0.14,149.82963,9.11643
095919.14+090659.4,56274.45333,19.05,0.15,149.82975,9.11662
095919.14+090659.4,56274.45951,18.87,0.14,149.82984,9.11645
095919.14+090659.4,56274.46577,18.97,0.15,149.82979,9.11673
095919.14+090659.4,56274.47193,18.89,0.14,149.82968,9.11653
095919.14+090659.4,56281.42934,19.06,0.17,149.82985,9.11669
095919.14+090659.4,56281.43679,19.05,0.17,149.82974,9.11645
095919.14+090659.4,56281.44424,19.25,0.19,149.82961,9.11661
095919.14+090659.4,56281.45166,18.52,0.14,149.82992,9.11698
095919.14+090659.4,56309.38508,18.87,0.16,149.82975,9.11638
095919.14+090659.4,56309.39078,18.9,0.16,149.82976,9.11653
095919.14+090659.4,56309.39661,18.5,0.14,149.83019,9.11671
095919.14+090659.4,56309.40242,18.97,0.17,149.82961,9.11646
095919.14+090659.4,56328.26307,18.94,0.17,149.82977,9.11648
095919.14+090659.4,56328.27096,18.96,0.17,149.82969,9.11654
095919.14+090659.4,56328.27887,19.04,0.18,149.82978,9.11658
095919.14+090659.4,56328.28691,18.79,0.16,149.82965,9.11644
095919.14+090659.4,56352.35779,19.1,0.18,149.82943,9.11637
095919.14+090659.4,56352.36286,19.12,0.18,149.82991,9.11647
095919.14+090659.4,56352.36794,18.86,0.16,149.8294,9.1166
095919.14+090659.4,56352.37311,18.67,0.15,149.82971,9.1166
095919.14+090659.4,56363.22261,18.98,0.17,149.82983,9.11647
095919.14+090659.4,56363.22766,18.72,0.15,149.8299,9.11653
095919.14+090659.4,56363.23267,19.13,0.18,149.82983,9.11643
095919.14+090659.4,56363.23777,18.88,0.16,149.82981,9.11644
095919.14+090659.4,56371.13101,19.97,0.32,149.82966,9.11634
095919.14+090659.4,56371.13494,19.66,0.28,149.82964,9.11672
095919.14+090659.4,56371.14279,19.22,0.22,149.83004,9.11629
095919.14+090659.4,56383.16355,18.88,0.19,149.82979,9.11661
095919.14+090659.4,56383.17255,19.25,0.24,149.82979,9.11622
095919.14+090659.4,56383.18642,19.0,0.18,149.82962,9.1163
095919.14+090659.4,56383.19545,18.71,0.16,149.8298,9.11671
095919.14+090659.4,56389.21572,19.07,0.17,149.8297,9.11647
095919.14+090659.4,56389.23336,18.79,0.15,149.82952,9.11635
095919.14+090659.4,56413.17015,18.96,0.15,149.83005,9.1166
095919.14+090659.4,56413.17763,19.06,0.16,149.82968,9.11641
095919.14+090659.4,56413.18512,19.05,0.16,149.82985,9.11654
095919.14+090659.4,56413.19258,18.89,0.15,149.82966,9.11669
095919.14+090659.4,56426.14044,19.11,0.19,149.8298,9.11642
095919.14+090659.4,56426.14714,18.53,0.15,149.82955,9.11644
095919.14+090659.4,56426.15339,19.05,0.18,149.8299,9.1164
095919.14+090659.4,56426.15957,19.08,0.19,149.82967,9.11623
095919.14+090659.4,56434.14753,18.96,0.18,149.82938,9.11672
095919.14+090659.4,56434.14978,19.44,0.22,149.83048,9.11613
095919.14+090659.4,56446.15642,18.87,0.17,149.8299,9.11644
095919.14+090659.4,56446.16097,18.88,0.17,149.82969,9.11637
095919.14+090659.4,56446.16097,20.81,0.48,149.8303,9.11908
095919.14+090659.4,56446.16547,18.87,0.17,149.82955,9.11673
095919.14+090659.4,56446.16999,19.07,0.19,149.82961,9.1167
095919.14+090659.4,56590.48918,18.79,0.16,149.82988,9.11653
095919.14+090659.4,56590.49324,19.29,0.2,149.82978,9.11632
095919.14+090659.4,56590.49729,18.77,0.16,149.8299,9.11652
095919.14+090659.4,56590.50135,18.94,0.17,149.8299,9.11662
095919.14+090659.4,56596.46256,18.58,0.15,149.82981,9.11646
095919.14+090659.4,56596.47025,18.68,0.15,149.82977,9.11661
095919.14+090659.4,56596.47791,18.71,0.15,149.83008,9.11651
095919.14+090659.4,56596.48557,19.08,0.18,149.82994,9.11633
095919.14+090659.4,53743.41048,22.45,0.46,149.82705,9.11457
095919.14+090659.4,54535.29518,22.43,0.43,149.82655,9.11444
095919.14+090659.4,55241.28958,22.65,0.57,149.82634,9.11437
095919.14+090659.4,55209.34443,21.86,0.35,149.82631,9.11424
095919.14+090659.4,55602.3411,22.16,0.38,149.82637,9.11437
095919.14+090659.4,55625.29272,22.34,0.33,149.82647,9.1142
095919.14+090659.4,55980.25547,21.83,0.32,149.82654,9.11452
095919.14+090659.4,56398.20185,21.65,0.33,149.82647,9.11432
095919.14+090659.4,56680.42774,21.67,0.29,149.82675,9.11417
095919.14+090659.4,55241.28239,20.92,0.22,149.83086,9.11932
095919.14+090659.4,55922.42458,22.14,0.38,149.8305,9.11882
095919.14+090659.4,55930.47814,20.75,0.19,149.83081,9.1193
095919.14+090659.4,56680.43451,22.51,0.46,149.829,9.11876
095919.14+090659.4,54090.46869,19.15,0.1,149.82975,9.11649
095919.14+090659.4,54090.47602,19.19,0.1,149.82978,9.11651
095919.14+090659.4,54090.4835,19.22,0.1,149.8298,9.1165
095919.14+090659.4,53743.41048,19.25,0.1,149.82975,9.11656
095919.14+090659.4,53743.41683,19.03,0.09,149.82976,9.1165
095919.14+090659.4,53743.42318,18.98,0.09,149.82977,9.11656
095919.14+090659.4,53743.42954,19.14,0.1,149.82978,9.11653
095919.14+090659.4,54440.48335,19.26,0.1,149.8298,9.11642
095919.14+090659.4,54440.48789,19.21,0.1,149.82972,9.11652
095919.14+090659.4,54440.49247,19.29,0.1,149.82981,9.11653
095919.14+090659.4,54440.49696,19.16,0.1,149.82981,9.11654
095919.14+090659.4,54465.38319,19.15,0.09,149.8298,9.11658
095919.14+090659.4,54465.38895,19.27,0.1,149.82974,9.11657
095919.14+090659.4,54465.39469,19.24,0.1,149.82977,9.11656
095919.14+090659.4,54465.40055,19.23,0.1,149.82981,9.11653
095919.14+090659.4,54503.34762,19.18,0.1,149.82976,9.11648
095919.14+090659.4,54503.3568,19.18,0.1,149.82975,9.11651
095919.14+090659.4,54503.36597,19.1,0.09,149.82974,9.11649
095919.14+090659.4,54503.37514,19.24,0.1,149.82981,9.1165
095919.14+090659.4,54480.35929,19.17,0.1,149.82973,9.11656
095919.14+090659.4,54480.36607,19.1,0.09,149.82976,9.1166
095919.14+090659.4,54480.37287,19.07,0.09,149.82981,9.11653
095919.14+090659.4,54480.37962,19.25,0.1,149.82974,9.11653
095919.14+090659.4,54535.27878,19.17,0.1,149.8298,9.1165
095919.14+090659.4,54535.28701,19.19,0.1,149.82975,9.11653
095919.14+090659.4,54535.29518,19.22,0.1,149.82973,9.11653
095919.14+090659.4,54535.30337,19.14,0.09,149.82973,9.11646
095919.14+090659.4,54765.4843,19.2,0.11,149.82988,9.11645
095919.14+090659.4,54765.48881,19.17,0.11,149.82981,9.11649
095919.14+090659.4,54765.49336,19.1,0.1,149.82983,9.11651
095919.14+090659.4,54765.49779,19.22,0.11,149.82986,9.11646
095919.14+090659.4,54851.38441,19.28,0.1,149.82979,9.11652
095919.14+090659.4,54851.39466,19.18,0.1,149.82978,9.11656
095919.14+090659.4,54851.40489,19.11,0.09,149.82973,9.11655
095919.14+090659.4,54851.41507,19.19,0.1,149.82977,9.11654
095919.14+090659.4,54921.17509,19.19,0.1,149.82977,9.1165
095919.14+090659.4,54921.18746,19.16,0.1,149.8298,9.1165
095919.14+090659.4,54921.19983,19.29,0.1,149.82981,9.11652
095919.14+090659.4,54921.21221,19.18,0.1,149.82977,9.11651
095919.14+090659.4,55241.27521,19.16,0.1,149.82978,9.11648
095919.14+090659.4,55241.28239,19.27,0.11,149.82978,9.11649
095919.14+090659.4,55241.28958,19.17,0.1,149.82973,9.11647
095919.14+090659.4,55241.29674,19.07,0.1,149.82978,9.11655
095919.14+090659.4,55209.33735,19.1,0.1,149.8298,9.11649
095919.14+090659.4,55209.34443,19.18,0.1,149.8298,9.11655
095919.14+090659.4,55209.36855,19.11,0.1,149.82981,9.11649
095919.14+090659.4,55209.40479,19.14,0.14,149.82976,9.11646
095919.14+090659.4,55602.32715,19.17,0.1,149.82979,9.1165
095919.14+090659.4,55602.3341,19.2,0.1,149.82977,9.11655
095919.14+090659.4,55602.3411,19.13,0.1,149.82975,9.11652
095919.14+090659.4,55602.34805,19.16,0.1,149.82977,9.1165
095919.14+090659.4,55585.43906,19.18,0.1,149.82979,9.11651
095919.14+090659.4,55585.44435,19.17,0.1,149.82965,9.11656
095919.14+090659.4,55585.44961,19.24,0.1,149.82977,9.1165
095919.14+090659.4,55585.45488,19.12,0.1,149.82969,9.11654
095919.14+090659.4,55625.29272,19.08,0.08,149.82978,9.11652
095919.14+090659.4,55625.30098,19.17,0.09,149.82978,9.11653
095919.14+090659.4,55625.30919,19.06,0.08,149.82976,9.11654
095919.14+090659.4,55625.31749,19.14,0.09,149.82975,9.11649
095919.14+090659.4,55922.41174,19.17,0.1,149.8298,9.11649
095919.14+090659.4,55922.41813,19.18,0.1,149.82978,9.11649
095919.14+090659.4,55922.42458,19.05,0.09,149.82982,9.11651
095919.14+090659.4,55922.43088,19.06,0.1,149.82975,9.11649
095919.14+090659.4,55930.47129,19.03,0.09,149.82981,9.11655
095919.14+090659.4,55930.47814,19.13,0.1,149.82977,9.1165
095919.14+090659.4,55930.48504,19.16,0.1,149.82976,9.11654
095919.14+090659.4,55930.49195,19.04,0.09,149.82981,9.11655
095919.14+090659.4,55980.24035,19.08,0.1,149.82977,9.11652
095919.14+090659.4,55980.24792,19.14,0.1,149.82983,9.11651
095919.14+090659.4,55980.25547,19.09,0.1,149.82974,9.11656
095919.14+090659.4,55980.263,19.06,0.1,149.82978,9.1165
095919.14+090659.4,56015.22982,19.21,0.1,149.82977,9.11653
095919.14+090659.4,56015.23561,19.21,0.1,149.82977,9.11652
095919.14+090659.4,56015.24145,19.09,0.1,149.82978,9.11648
095919.14+090659.4,56015.24723,19.15,0.1,149.82977,9.11651
095919.14+090659.4,56067.17823,19.16,0.1,149.82975,9.1165
095919.14+090659.4,56067.18516,19.06,0.1,149.82976,9.11653
095919.14+090659.4,56067.19214,19.24,0.1,149.82974,9.11648
095919.14+090659.4,56067.19915,19.09,0.1,149.82975,9.11652
095919.14+090659.4,56339.28633,19.12,0.1,149.82983,9.1165
095919.14+090659.4,56339.29215,19.17,0.1,149.82973,9.11652
095919.14+090659.4,56339.29795,19.13,0.1,149.82975,9.11652
095919.14+090659.4,56339.30425,19.15,0.1,149.82975,9.11653
095919.14+090659.4,56366.23498,19.18,0.11,149.82977,9.11649
095919.14+090659.4,56366.24085,19.1,0.1,149.82977,9.11652
095919.14+090659.4,56366.24669,19.11,0.1,149.82975,9.11654
095919.14+090659.4,56366.2525,19.17,0.11,149.82972,9.11654
095919.14+090659.4,56390.16015,19.2,0.12,149.82973,9.11646
095919.14+090659.4,56390.16535,19.11,0.11,149.82978,9.11654
095919.14+090659.4,56390.17055,19.13,0.11,149.82974,9.11653
095919.14+090659.4,56390.17586,19.21,0.11,149.82973,9.1165
095919.14+090659.4,56398.18422,18.98,0.11,149.82975,9.11674
095919.14+090659.4,56398.18999,19.11,0.1,149.82963,9.11653
095919.14+090659.4,56398.19605,19.13,0.11,149.82972,9.11653
095919.14+090659.4,56398.20185,19.25,0.11,149.82978,9.11652
095919.14+090659.4,56651.50149,19.05,0.1,149.82974,9.11645
095919.14+090659.4,56651.50999,19.1,0.1,149.82981,9.11652
095919.14+090659.4,56651.5185,19.18,0.1,149.82976,9.11649
095919.14+090659.4,56651.52699,19.18,0.1,149.82982,9.11647
095919.14+090659.4,56667.40662,19.17,0.1,149.82981,9.11651
095919.14+090659.4,56667.41238,19.23,0.1,149.82979,9.11645
095919.14+090659.4,56667.41815,19.15,0.1,149.82978,9.11646
095919.14+090659.4,56667.4239,19.23,0.1,149.82982,9.11651
095919.14+090659.4,56680.41054,19.23,0.1,149.82986,9.11649
095919.14+090659.4,56680.42098,19.23,0.1,149.82979,9.11647
095919.14+090659.4,56680.42774,19.28,0.1,149.82981,9.1165
095919.14+090659.4,56680.43451,19.16,0.1,149.82976,9.11651
095919.14+090659.4,54090.47602,21.23,0.24,149.82813,9.12091
095919.14+090659.4,53743.41048,21.5,0.27,149.82851,9.12073
095919.14+090659.4,54440.48789,21.91,0.32,149.8286,9.12072
095919.14+090659.4,54465.38895,22.04,0.34,149.82821,9.12093
095919.14+090659.4,54465.40055,20.28,0.14,149.82857,9.12068
095919.14+090659.4,54503.34762,21.31,0.23,149.82841,9.12095
095919.14+090659.4,54503.36597,22.73,0.5,149.82838,9.12069
095919.14+090659.4,54480.36607,21.6,0.27,149.82856,9.12086
095919.14+090659.4,54480.37287,21.87,0.31,149.82819,9.12068
095919.14+090659.4,54480.37962,20.9,0.19,149.82848,9.12071
095919.14+090659.4,54535.27878,21.73,0.29,149.82844,9.12085
095919.14+090659.4,54535.29518,21.21,0.22,149.82824,9.12088
095919.14+090659.4,54535.30337,21.04,0.2,149.82829,9.12081
095919.14+090659.4,54765.49779,21.2,0.26,149.82848,9.12068
095919.14+090659.4,54851.38441,21.5,0.26,149.82829,9.12099
095919.14+090659.4,54851.39466,21.94,0.34,149.82796,9.12106
095919.14+090659.4,54851.39466,21.77,0.31,149.82888,9.12063
095919.14+090659.4,54851.40489,20.96,0.2,149.82825,9.12091
095919.14+090659.4,54851.41507,21.3,0.24,149.82814,9.12095
095919.14+090659.4,54921.21221,21.4,0.26,149.82801,9.12099
095919.14+090659.4,55241.27521,22.64,0.57,149.82816,9.12103
095919.14+090659.4,55241.28958,22.06,0.41,149.82815,9.12109
095919.14+090659.4,55241.29674,22.11,0.42,149.82789,9.12087
095919.14+090659.4,55209.34443,21.2,0.24,149.82837,9.12087
095919.14+090659.4,55209.36855,21.4,0.28,149.82865,9.1208
095919.14+090659.4,55602.32715,21.3,0.24,149.82859,9.12077
095919.14+090659.4,55602.3341,21.23,0.23,149.82828,9.12093
095919.14+090659.4,55602.3411,21.76,0.31,149.82797,9.12101
095919.14+090659.4,55602.3411,21.8,0.31,149.82873,9.12028
095919.14+090659.4,55602.34805,21.79,0.31,149.82819,9.1212
095919.14+090659.4,55585.44435,21.41,0.25,149.8283,9.12087
095919.14+090659.4,55625.29272,20.85,0.16,149.82841,9.12088
095919.14+090659.4,55625.30098,21.82,0.25,149.82856,9.12082
095919.14+090659.4,55625.30919,21.59,0.22,149.82787,9.12114
095919.14+090659.4,55625.30919,21.98,0.27,149.82871,9.12055
095919.14+090659.4,55625.31749,21.07,0.17,149.82824,9.12091
095919.14+090659.4,55922.41174,21.61,0.29,149.82806,9.12097
095919.14+090659.4,55922.41813,20.66,0.18,149.82835,9.12089
095919.14+090659.4,55922.42458,21.49,0.27,149.82827,9.12092
095919.14+090659.4,55930.47129,22.3,0.42,149.82879,9.12097
095919.14+090659.4,55930.47814,21.42,0.26,149.82862,9.12082
095919.14+090659.4,55930.48504,21.7,0.3,149.82819,9.12088
095919.14+090659.4,55980.24792,21.43,0.26,149.82809,9.12104
095919.14+090659.4,55980.25547,21.02,0.21,149.82802,9.12099
095919.14+090659.4,55980.263,21.53,0.28,149.82811,9.1209
095919.14+090659.4,56015.22982,21.18,0.24,149.82824,9.12094
095919.14+090659.4,56015.24145,20.97,0.21,149.82828,9.12095
095919.14+090659.4,56015.24723,20.81,0.2,149.82813,9.12075
095919.14+090659.4,56067.17823,20.85,0.2,149.82894,9.12082
095919.14+090659.4,56067.19214,22.09,0.38,149.82763,9.12077
095919.14+090659.4,56067.19915,20.85,0.2,149.82825,9.12073
095919.14+090659.4,56339.28633,21.08,0.24,149.82815,9.12105
095919.14+090659.4,56339.29215,21.19,0.25,149.82865,9.12071
095919.14+090659.4,56339.29795,21.65,0.32,149.82862,9.12066
095919.14+090659.4,56339.30425,21.45,0.29,149.82842,9.12087
095919.14+090659.4,56366.23498,22.27,0.47,149.82793,9.12096
095919.14+090659.4,56366.24085,21.53,0.31,149.8282,9.121
095919.14+090659.4,56366.24669,21.66,0.33,149.82781,9.12102
095919.14+090659.4,56366.2525,21.27,0.27,149.82822,9.12098
095919.14+090659.4,56390.16535,20.71,0.22,149.82853,9.12067
095919.14+090659.4,56390.17055,21.85,0.38,149.82869,9.12084
095919.14+090659.4,56390.17586,20.73,0.22,149.82842,9.12076
095919.14+090659.4,56398.20185,21.84,0.37,149.82789,9.12091
095919.14+090659.4,56667.41238,21.59,0.3,149.82842,9.12099
095919.14+090659.4,56667.41815,21.46,0.28,149.82834,9.12057
095919.14+090659.4,56667.4239,21.03,0.23,149.82844,9.12074
095919.14+090659.4,56680.41054,21.44,0.26,149.82858,9.12088
095919.14+090659.4,56680.42774,21.4,0.25,149.82846,9.12078
095919.14+090659.4,56680.43451,21.2,0.23,149.82896,9.12025
095919.14+090659.4,54090.46869,21.21,0.24,149.83129,9.11964
095919.14+090659.4,54090.47602,21.25,0.24,149.83105,9.11942
095919.14+090659.4,54090.4835,21.38,0.26,149.831,9.1194
095919.14+090659.4,53743.41048,22.02,0.36,149.83109,9.11962
095919.14+090659.4,53743.41683,21.07,0.22,149.83146,9.11967
095919.14+090659.4,53743.42954,20.68,0.18,149.8311,9.11949
095919.14+090659.4,54440.48789,21.34,0.24,149.83138,9.1196
095919.14+090659.4,54440.49247,21.25,0.23,149.83114,9.11952
095919.14+090659.4,54440.49696,22.12,0.36,149.83104,9.11947
095919.14+090659.4,54465.38319,21.01,0.2,149.83109,9.11944
095919.14+090659.4,54465.38895,22.0,0.33,149.83128,9.1197
095919.14+090659.4,54465.39469,21.09,0.21,149.83115,9.11956
095919.14+090659.4,54465.40055,21.29,0.23,149.83122,9.11953
095919.14+090659.4,54503.34762,20.97,0.2,149.83115,9.11952
095919.14+090659.4,54503.3568,21.64,0.28,149.83112,9.11953
095919.14+090659.4,54503.37514,20.78,0.18,149.83101,9.11964
095919.14+090659.4,54480.35929,22.03,0.34,149.83112,9.11945
095919.14+090659.4,54480.36607,21.13,0.21,149.83113,9.11953
095919.14+090659.4,54480.37287,21.71,0.28,149.83136,9.11966
095919.14+090659.4,54535.27878,21.13,0.21,149.8312,9.11962
095919.14+090659.4,54535.28701,21.14,0.21,149.83124,9.11952
095919.14+090659.4,54535.29518,20.82,0.18,149.83117,9.1196
095919.14+090659.4,54535.30337,20.96,0.2,149.83118,9.11961
095919.14+090659.4,54765.4843,21.61,0.32,149.83123,9.11952
095919.14+090659.4,54765.48881,22.18,0.44,149.83114,9.11962
095919.14+090659.4,54765.49336,21.23,0.26,149.83121,9.11939
095919.14+090659.4,54765.49779,21.11,0.24,149.83129,9.11959
095919.14+090659.4,54851.38441,21.33,0.24,149.83106,9.11967
095919.14+090659.4,54851.39466,21.24,0.23,149.83108,9.11953
095919.14+090659.4,54851.40489,20.81,0.19,149.83111,9.11948
095919.14+090659.4,54851.41507,20.76,0.18,149.83113,9.11951
095919.14+090659.4,54921.17509,20.5,0.17,149.83099,9.11953
095919.14+090659.4,54921.18746,21.12,0.23,149.83102,9.1195
095919.14+090659.4,54921.19983,21.35,0.26,149.83113,9.11942
095919.14+090659.4,54921.21221,21.39,0.26,149.83103,9.11949
095919.14+090659.4,55241.27521,20.92,0.22,149.83117,9.11954
095919.14+090659.4,55241.28958,21.07,0.24,149.83114,9.11954
095919.14+090659.4,55241.29674,20.73,0.2,149.83097,9.11952
095919.14+090659.4,55209.33735,21.0,0.23,149.83131,9.11976
095919.14+090659.4,55209.34443,20.72,0.19,149.83107,9.11948
095919.14+090659.4,55209.36855,20.51,0.18,149.83129,9.1195
095919.14+090659.4,55602.32715,21.05,0.21,149.83109,9.11935
095919.14+090659.4,55602.3341,21.23,0.23,149.83112,9.11957
095919.14+090659.4,55602.3411,21.41,0.25,149.8312,9.11957
095919.14+090659.4,55602.34805,21.21,0.23,149.83115,9.11961
095919.14+090659.4,55585.44435,21.85,0.32,149.83127,9.11939
095919.14+090659.4,55585.44961,20.95,0.2,149.83131,9.11953
095919.14+090659.4,55625.29272,20.85,0.16,149.83131,9.1197
095919.14+090659.4,55625.30098,20.95,0.16,149.83113,9.11961
095919.14+090659.4,55625.30919,20.87,0.16,149.83124,9.11961
095919.14+090659.4,55625.31749,20.67,0.15,149.83102,9.11975
095919.14+090659.4,55922.41174,21.39,0.26,149.83122,9.11962
095919.14+090659.4,55922.41813,21.0,0.21,149.83127,9.1197
095919.14+090659.4,55922.42458,21.4,0.26,149.83129,9.11961
095919.14+090659.4,55922.43088,21.28,0.24,149.83116,9.11956
095919.14+090659.4,55930.48504,21.7,0.3,149.83124,9.11957
095919.14+090659.4,55930.49195,21.1,0.22,149.83109,9.11956
095919.14+090659.4,55980.24035,20.73,0.19,149.83107,9.11932
095919.14+090659.4,55980.24792,20.9,0.2,149.83106,9.11959
095919.14+090659.4,55980.25547,20.91,0.2,149.83108,9.11952
095919.14+090659.4,55980.263,21.08,0.22,149.83125,9.11963
095919.14+090659.4,56015.22982,20.99,0.22,149.83133,9.11965
095919.14+090659.4,56015.23561,21.08,0.23,149.83118,9.11973
095919.14+090659.4,56015.24145,21.49,0.28,149.83117,9.11959
095919.14+090659.4,56015.24723,20.98,0.22,149.83118,9.11953
095919.14+090659.4,56067.17823,20.94,0.21,149.83127,9.1194
095919.14+090659.4,56067.19214,21.34,0.26,149.83137,9.11963
095919.14+090659.4,56067.19915,21.18,0.24,149.83097,9.11949
095919.14+090659.4,56339.28633,20.67,0.19,149.83116,9.11959
095919.14+090659.4,56339.29215,21.51,0.3,149.83102,9.11947
095919.14+090659.4,56339.29795,21.04,0.23,149.83127,9.11956
095919.14+090659.4,56339.30425,21.05,0.23,149.83114,9.11956
095919.14+090659.4,56366.24085,21.54,0.31,149.83107,9.1196
095919.14+090659.4,56366.24669,20.79,0.21,149.83116,9.11963
095919.14+090659.4,56366.2525,21.41,0.29,149.83117,9.11967
095919.14+090659.4,56390.16015,20.51,0.21,149.83126,9.11948
095919.14+090659.4,56390.16535,20.63,0.21,149.83099,9.11964
095919.14+090659.4,56390.17055,21.0,0.24,149.83111,9.11939
095919.14+090659.4,56390.17586,21.61,0.36,149.83122,9.11974
095919.14+090659.4,56398.18999,20.91,0.23,149.8303,9.12005
095919.14+090659.4,56398.20185,21.34,0.28,149.83088,9.11948
095919.14+090659.4,56651.50149,21.51,0.29,149.83126,9.12
095919.14+090659.4,56651.50999,21.48,0.29,149.83116,9.1195
095919.14+090659.4,56651.5185,21.04,0.23,149.83126,9.11949
095919.14+090659.4,56651.52699,20.72,0.19,149.83114,9.11962
095919.14+090659.4,56667.40662,21.01,0.22,149.83116,9.11961
095919.14+090659.4,56667.41238,20.9,0.21,149.83135,9.11952
095919.14+090659.4,56667.41815,20.48,0.17,149.83117,9.11947
095919.14+090659.4,56667.4239,21.47,0.28,149.83116,9.11945
095919.14+090659.4,56680.41054,21.0,0.21,149.83117,9.11953
095919.14+090659.4,56680.42098,20.92,0.2,149.83125,9.11929
095919.14+090659.4,56680.42774,20.99,0.21,149.83135,9.11962
095919.14+090659.4,56680.43451,21.28,0.24,149.83111,9.11968
150348.33+193941.3,53557.24292,16.28,0.07,225.95286,19.66569
150348.33+193941.3,53557.24933,16.34,0.07,225.95278,19.66572
150348.33+193941.3,53557.25572,16.29,0.07,225.95282,19.66569
150348.33+193941.3,53557.26212,16.34,0.07,225.95275,19.66576
150348.33+193941.3,53567.20348,16.22,0.07,225.95266,19.66556
150348.33+193941.3,53523.22604,16.2,0.07,225.95264,19.66517
150348.33+193941.3,53523.2314,16.48,0.11,225.95276,19.66573
150348.33+193941.3,53523.23677,16.41,0.08,225.95279,19.66571
150348.33+193941.3,53523.24214,16.26,0.07,225.95273,19.66579
150348.33+193941.3,53529.24589,16.31,0.06,225.9527,19.66579
150348.33+193941.3,53529.25665,16.35,0.06,225.95276,19.6658
150348.33+193941.3,53529.26734,16.34,0.06,225.95279,19.66573
150348.33+193941.3,53529.2781,16.34,0.06,225.95277,19.66576
150348.33+193941.3,53551.23712,16.34,0.07,225.95285,19.66574
150348.33+193941.3,53551.24471,16.34,0.07,225.95283,19.66571
150348.33+193941.3,53551.2523,16.29,0.07,225.95282,19.66569
150348.33+193941.3,53551.25988,16.32,0.07,225.95282,19.6657
150348.33+193941.3,53507.32125,16.37,0.07,225.95287,19.6657
150348.33+193941.3,53507.3293,16.3,0.08,225.95286,19.66567
150348.33+193941.3,53507.33734,16.34,0.08,225.95295,19.66568
150348.33+193941.3,53507.34535,16.38,0.08,225.95281,19.66573
150348.33+193941.3,53827.40078,16.35,0.07,225.95282,19.66571
150348.33+193941.3,53827.42012,16.31,0.07,225.9528,19.6657
150348.33+193941.3,53827.42785,16.29,0.07,225.95286,19.66573
150348.33+193941.3,53827.43577,16.32,0.07,225.95276,19.6657
150348.33+193941.3,53850.28728,16.23,0.07,225.95274,19.6654
150348.33+193941.3,53850.29292,16.26,0.07,225.95278,19.66535
150348.33+193941.3,53850.29849,16.19,0.07,225.95277,19.66538
150348.33+193941.3,53850.30406,16.27,0.08,225.95275,19.66574
150348.33+193941.3,53905.27193,16.31,0.13,225.95279,19.66557
150348.33+193941.3,53905.2733,16.34,0.13,225.9528,19.66565
150348.33+193941.3,53905.27468,16.31,0.12,225.95277,19.66576
150348.33+193941.3,53905.27606,16.31,0.13,225.95273,19.66558
150348.33+193941.3,53819.412,16.25,0.07,225.95282,19.66534
150348.33+193941.3,53819.42085,16.18,0.07,225.95275,19.66523
150348.33+193941.3,53819.42976,16.3,0.07,225.95277,19.66576
150348.33+193941.3,53819.43865,16.24,0.07,225.95271,19.66575
150348.33+193941.3,53858.29858,16.33,0.07,225.95279,19.66574
150348.33+193941.3,53858.30668,16.28,0.07,225.95277,19.66578
150348.33+193941.3,53858.31478,16.25,0.07,225.95271,19.66537
150348.33+193941.3,53858.32284,16.35,0.07,225.95279,19.66577
150348.33+193941.3,53873.40043,16.33,0.08,225.95281,19.66572
150348.33+193941.3,53873.40464,16.55,0.09,225.95288,19.66599
150348.33+193941.3,53873.40886,16.28,0.08,225.95281,19.66577
150348.33+193941.3,53873.41306,16.26,0.08,225.95273,19.66547
150348.33+193941.3,53879.28953,16.36,0.07,225.95288,19.66575
150348.33+193941.3,53879.29752,16.34,0.07,225.95279,19.66574
150348.33+193941.3,53879.30552,16.32,0.07,225.95281,19.66574
150348.33+193941.3,53879.31351,16.3,0.07,225.95283,19.66577
150348.33+193941.3,54201.37018,16.3,0.07,225.95277,19.66575
150348.33+193941.3,54201.37948,16.35,0.07,225.95278,19.66575
150348.33+193941.3,54201.38873,16.29,0.07,225.95281,19.66567
150348.33+193941.3,54201.398,16.35,0.07,225.9528,19.66576
150348.33+193941.3,54117.50032,16.32,0.07,225.95281,19.66568
150348.33+193941.3,54117.50698,16.22,0.07,225.95275,19.66573
150348.33+193941.3,54117.51362,16.36,0.07,225.95278,19.66573
150348.33+193941.3,54117.52028,16.36,0.07,225.95278,19.66568
150348.33+193941.3,54290.20143,16.28,0.07,225.95279,19.66577
150348.33+193941.3,54290.20836,16.3,0.07,225.95287,19.66576
150348.33+193941.3,54290.21529,16.34,0.07,225.9528,19.66574
150348.33+193941.3,54290.2222,16.24,0.07,225.95288,19.66575
150348.33+193941.3,54257.26595,16.3,0.07,225.95282,19.66575
150348.33+193941.3,54257.27557,16.29,0.07,225.95283,19.66572
150348.33+193941.3,54257.28523,16.27,0.07,225.95278,19.66574
150348.33+193941.3,54257.29489,16.34,0.07,225.95288,19.66576
150348.33+193941.3,54267.2349,16.31,0.07,225.95287,19.66573
150348.33+193941.3,54267.24297,16.32,0.07,225.95287,19.66579
150348.33+193941.3,54267.25105,16.31,0.07,225.95283,19.66574
150348.33+193941.3,54267.25913,16.31,0.07,225.95281,19.66572
150348.33+193941.3,54175.39046,16.33,0.07,225.95276,19.66568
150348.33+193941.3,54175.39834,16.34,0.07,225.95279,19.66574
150348.33+193941.3,54175.4062,16.37,0.07,225.95281,19.66574
150348.33+193941.3,54175.41405,16.29,0.07,225.95277,19.6657
150348.33+193941.3,54228.287,16.34,0.07,225.95281,19.66579
150348.33+193941.3,54228.29562,16.26,0.07,225.95275,19.66575
150348.33+193941.3,54228.30421,16.3,0.07,225.95277,19.6658
150348.33+193941.3,54228.31285,16.35,0.07,225.95276,19.66568
150348.33+193941.3,54242.30667,16.31,0.07,225.9528,19.66574
150348.33+193941.3,54242.3148,16.31,0.07,225.95279,19.66577
150348.33+193941.3,54242.32295,16.3,0.07,225.95277,19.66569
150348.33+193941.3,54242.33108,16.31,0.07,225.95277,19.66576
150348.33+193941.3,54346.12717,16.25,0.07,225.95277,19.66574
150348.33+193941.3,54346.13147,16.3,0.07,225.95278,19.66577
150348.33+193941.3,54346.13575,16.33,0.07,225.95281,19.66576
150348.33+193941.3,54346.14004,16.31,0.07,225.95274,19.66568
150348.33+193941.3,54557.48585,16.32,0.07,225.95281,19.66575
150348.33+193941.3,54557.4903,16.28,0.07,225.95283,19.66576
150348.33+193941.3,54557.49478,16.32,0.07,225.95285,19.66571
150348.33+193941.3,54557.49932,16.29,0.07,225.95284,19.66575
150348.33+193941.3,54566.40305,16.31,0.07,225.95281,19.66573
150348.33+193941.3,54566.40877,16.32,0.07,225.95281,19.66569
150348.33+193941.3,54566.41449,16.34,0.07,225.95282,19.6657
150348.33+193941.3,54566.42024,16.34,0.07,225.95282,19.6657
150348.33+193941.3,54571.35542,16.28,0.07,225.95284,19.66579
150348.33+193941.3,54571.36188,16.31,0.07,225.95278,19.66573
150348.33+193941.3,54571.36835,16.34,0.07,225.95277,19.66581
150348.33+193941.3,54571.37483,16.28,0.07,225.95278,19.66579
150348.33+193941.3,54582.31467,16.31,0.07,225.95275,19.66575
150348.33+193941.3,54582.32221,16.24,0.07,225.95279,19.66573
150348.33+193941.3,54582.32976,16.31,0.07,225.95272,19.6657
150348.33+193941.3,54582.33728,16.39,0.07,225.95273,19.66579
150348.33+193941.3,54504.41829,16.31,0.07,225.95284,19.66571
150348.33+193941.3,54504.42618,16.28,0.07,225.9528,19.66572
150348.33+193941.3,54504.43405,16.31,0.07,225.95282,19.66566
150348.33+193941.3,54504.44195,16.29,0.07,225.95282,19.66573
150348.33+193941.3,54514.4711,16.34,0.07,225.95282,19.66579
150348.33+193941.3,54514.47768,16.32,0.07,225.95281,19.66583
150348.33+193941.3,54514.48432,16.33,0.07,225.95276,19.66577
150348.33+193941.3,54514.49088,16.35,0.07,225.95278,19.66574
150348.33+193941.3,54625.31638,16.35,0.07,225.95276,19.66576
150348.33+193941.3,54625.32358,16.32,0.07,225.95283,19.66576
150348.33+193941.3,54625.33088,16.3,0.07,225.95273,19.66579
150348.33+193941.3,54625.33813,16.3,0.07,225.95274,19.66572
150348.33+193941.3,54641.33347,16.39,0.07,225.95272,19.66576
150348.33+193941.3,54641.34002,16.36,0.07,225.95278,19.66578
150348.33+193941.3,54641.34661,16.36,0.07,225.95268,19.6658
150348.33+193941.3,54641.35315,16.36,0.07,225.95291,19.66569
150348.33+193941.3,54528.40893,16.38,0.07,225.95282,19.66572
150348.33+193941.3,54528.41551,16.34,0.07,225.95283,19.66574
150348.33+193941.3,54528.42209,16.32,0.07,225.95278,19.66576
150348.33+193941.3,54528.42867,16.32,0.07,225.95285,19.66578
150348.33+193941.3,54536.43816,16.37,0.07,225.95275,19.66574
150348.33+193941.3,54536.44414,16.31,0.07,225.95277,19.66575
150348.33+193941.3,54536.45011,16.33,0.07,225.95281,19.66577
150348.33+193941.3,54536.45608,16.35,0.07,225.95283,19.66578
150348.33+193941.3,54588.37189,16.28,0.07,225.95279,19.66572
150348.33+193941.3,54588.37682,16.33,0.07,225.95281,19.66575
150348.33+193941.3,54588.38178,16.32,0.07,225.95278,19.66575
150348.33+193941.3,54588.38673,16.32,0.07,225.95278,19.66573
150348.33+193941.3,54593.3177,16.3,0.07,225.95282,19.66575
150348.33+193941.3,54593.32362,16.33,0.07,225.9528,19.66575
150348.33+193941.3,54593.32953,16.35,0.07,225.95275,19.66576
150348.33+193941.3,54593.33541,16.36,0.07,225.95279,19.66576
150348.33+193941.3,54600.22853,16.31,0.07,225.95277,19.66577
150348.33+193941.3,54600.24142,16.45,0.07,225.95278,19.66581
150348.33+193941.3,54601.29502,16.29,0.07,225.95284,19.6658
150348.33+193941.3,54601.30164,16.34,0.07,225.95282,19.66573
150348.33+193941.3,54601.30823,16.3,0.07,225.95281,19.66568
150348.33+193941.3,54601.31485,16.28,0.07,225.95276,19.66575
150348.33+193941.3,54715.13756,16.34,0.07,225.95282,19.66573
150348.33+193941.3,54715.14407,16.37,0.07,225.95285,19.66578
150348.33+193941.3,54715.15061,16.28,0.07,225.95287,19.66574
150348.33+193941.3,54715.15709,16.36,0.07,225.95289,19.66582
150348.33+193941.3,54944.39454,16.3,0.07,225.9528,19.66579
150348.33+193941.3,54944.40174,16.37,0.07,225.95272,19.66578
150348.33+193941.3,54944.40879,16.2,0.07,225.95272,19.66575
150348.33+193941.3,54944.41596,16.34,0.07,225.95276,19.6658
150348.33+193941.3,54867.4258,16.36,0.07,225.95282,19.66575
150348.33+193941.3,54867.43787,16.39,0.07,225.95276,19.66582
150348.33+193941.3,54867.45005,16.38,0.08,225.95277,19.66574
150348.33+193941.3,54867.46234,16.38,0.07,225.95277,19.66573
150348.33+193941.3,54890.44372,16.29,0.07,225.95268,19.66575
150348.33+193941.3,54890.44959,16.34,0.07,225.9527,19.66573
150348.33+193941.3,54890.45561,16.24,0.07,225.95274,19.66578
150348.33+193941.3,54890.46164,16.25,0.07,225.95277,19.6658
150348.33+193941.3,54861.48797,16.32,0.07,225.95279,19.66572
150348.33+193941.3,54861.49662,16.33,0.07,225.95278,19.6658
150348.33+193941.3,54861.50525,16.28,0.07,225.95274,19.66581
150348.33+193941.3,54861.51406,16.31,0.07,225.95275,19.66572
150348.33+193941.3,54997.28027,16.32,0.07,225.95274,19.66575
150348.33+193941.3,54997.28516,16.32,0.07,225.95271,19.66579
150348.33+193941.3,54997.28996,16.31,0.07,225.95271,19.66578
150348.33+193941.3,54997.29477,16.27,0.07,225.95268,19.66579
150348.33+193941.3,54912.33591,16.33,0.07,225.95275,19.66584
150348.33+193941.3,54912.34071,16.31,0.07,225.9528,19.6658
150348.33+193941.3,54912.34552,16.28,0.07,225.95275,19.6658
150348.33+193941.3,54912.35041,16.33,0.07,225.95282,19.66582
150348.33+193941.3,54919.3753,16.33,0.07,225.95274,19.66581
150348.33+193941.3,54919.38195,16.38,0.07,225.95275,19.66578
150348.33+193941.3,54919.3885,16.33,0.07,225.95274,19.6658
150348.33+193941.3,54919.39521,16.33,0.07,225.95276,19.66582
150348.33+193941.3,54964.37867,16.35,0.07,225.95275,19.66572
150348.33+193941.3,54964.38554,16.33,0.07,225.95276,19.66567
150348.33+193941.3,54964.39242,16.26,0.07,225.95272,19.66573
150348.33+193941.3,54964.39941,16.33,0.07,225.95275,19.66575
150348.33+193941.3,54978.31385,16.33,0.07,225.95276,19.66575
150348.33+193941.3,54978.32182,16.29,0.07,225.95276,19.66579
150348.33+193941.3,54978.32966,16.3,0.07,225.95274,19.66571
150348.33+193941.3,54978.338,16.3,0.07,225.95277,19.66576
150348.33+193941.3,55096.10082,16.42,0.08,225.95267,19.66573
150348.33+193941.3,55096.10527,16.36,0.08,225.95274,19.66571
150348.33+193941.3,55096.10977,16.35,0.08,225.95277,19.66573
150348.33+193941.3,55096.11407,16.26,0.07,225.9527,19.66577
150348.33+193941.3,55292.43428,16.32,0.07,225.95266,19.66576
150348.33+193941.3,55292.43995,16.35,0.07,225.95269,19.66572
150348.33+193941.3,55292.44575,16.32,0.07,225.95276,19.6657
150348.33+193941.3,55292.45159,16.29,0.07,225.95274,19.66572
150348.33+193941.3,55303.34576,16.26,0.07,225.95275,19.66566
150348.33+193941.3,55303.35261,16.3,0.07,225.95279,19.66569
150348.33+193941.3,55303.35947,16.33,0.07,225.95274,19.66568
150348.33+193941.3,55303.36637,16.31,0.07,225.95279,19.66567
150348.33+193941.3,55382.17722,16.34,0.07,225.95274,19.66571
150348.33+193941.3,55382.18566,16.31,0.07,225.95271,19.66576
150348.33+193941.3,55382.19417,16.3,0.07,225.95272,19.66572
150348.33+193941.3,55382.20275,16.33,0.07,225.95272,19.66572
150348.33+193941.3,55351.26961,16.38,0.08,225.95275,19.66569
150348.33+193941.3,55351.2776,16.31,0.07,225.95281,19.66567
150348.33+193941.3,55351.28505,16.35,0.07,225.95279,19.66569
150348.33+193941.3,55351.29249,16.31,0.07,225.95273,19.66568
150348.33+193941.3,55365.25411,16.33,0.07,225.95271,19.66567
150348.33+193941.3,55365.25918,16.31,0.07,225.95273,19.66565
150348.33+193941.3,55365.26437,16.31,0.07,225.95276,19.66569
150348.33+193941.3,55365.26953,16.29,0.07,225.95277,19.66566
150348.33+193941.3,55274.35942,16.3,0.07,225.95266,19.66569
150348.33+193941.3,55274.36699,16.32,0.07,225.95267,19.66568
150348.33+193941.3,55274.37443,16.32,0.07,225.95268,19.6657
150348.33+193941.3,55274.38196,16.26,0.07,225.95266,19.66565
150348.33+193941.3,55325.34682,16.33,0.07,225.95284,19.66567
150348.33+193941.3,55325.35437,16.32,0.07,225.95278,19.66566
150348.33+193941.3,55325.3619,16.33,0.07,225.9528,19.66565
150348.33+193941.3,55325.36942,16.33,0.07,225.95283,19.66562
150348.33+193941.3,55332.27822,16.33,0.07,225.95276,19.66572
150348.33+193941.3,55332.28515,16.31,0.07,225.95276,19.66563
150348.33+193941.3,55332.29205,16.33,0.07,225.95277,19.6657
150348.33+193941.3,55332.29896,16.34,0.07,225.95278,19.66569
150348.33+193941.3,55340.20822,16.3,0.07,225.9527,19.66561
150348.33+193941.3,55340.21447,16.17,0.07,225.95272,19.66568
150348.33+193941.3,55340.22076,16.29,0.07,225.9527,19.66565
150348.33+193941.3,55340.22665,16.33,0.07,225.95269,19.66568
150348.33+193941.3,55657.40636,16.34,0.07,225.95274,19.66577
150348.33+193941.3,55657.41212,16.36,0.07,225.95277,19.66576
150348.33+193941.3,55657.41783,16.31,0.07,225.95274,19.66575
150348.33+193941.3,55657.42362,16.34,0.07,225.95277,19.6658
150348.33+193941.3,55674.46262,16.42,0.07,225.95271,19.66581
150348.33+193941.3,55674.46951,16.35,0.07,225.95271,19.66588
150348.33+193941.3,55674.47643,16.32,0.07,225.95269,19.66581
150348.33+193941.3,55674.48328,16.34,0.07,225.95264,19.6658
150348.33+193941.3,55717.32205,16.31,0.07,225.95263,19.66581
150348.33+193941.3,55717.33135,16.36,0.07,225.95263,19.6658
150348.33+193941.3,55717.34061,16.33,0.07,225.95264,19.66576
150348.33+193941.3,55717.35003,16.37,0.07,225.95266,19.66582
150348.33+193941.3,55631.49085,16.34,0.07,225.95278,19.66582
150348.33+193941.3,55631.49603,16.36,0.07,225.95277,19.66575
150348.33+193941.3,55631.50124,16.37,0.07,225.95279,19.66581
150348.33+193941.3,55631.50643,16.33,0.07,225.95276,19.66577
150348.33+193941.3,55649.38451,16.28,0.07,225.95276,19.66575
150348.33+193941.3,55649.39262,16.31,0.07,225.95273,19.66573
150348.33+193941.3,55649.40072,16.34,0.07,225.95275,19.66575
150348.33+193941.3,55649.40883,16.34,0.07,225.95268,19.66574
150348.33+193941.3,55683.37095,16.33,0.07,225.95264,19.66577
150348.33+193941.3,55683.38143,16.33,0.07,225.95266,19.6658
150348.33+193941.3,55683.39198,16.3,0.07,225.95271,19.66578
150348.33+193941.3,55683.40252,16.34,0.07,225.95263,19.66576
150348.33+193941.3,55689.34322,16.35,0.07,225.95258,19.66578
150348.33+193941.3,55689.34967,16.3,0.07,225.95264,19.66582
150348.33+193941.3,55689.35605,16.35,0.07,225.95268,19.66584
150348.33+193941.3,55689.3625,16.37,0.07,225.95263,19.66581
150348.33+193941.3,55701.35001,16.32,0.07,225.95263,19.66577
150348.33+193941.3,55701.35795,16.32,0.07,225.9527,19.6658
150348.33+193941.3,55701.36586,16.36,0.07,225.95264,19.66577
150348.33+193941.3,55701.37373,16.32,0.07,225.95265,19.66578
150348.33+193941.3,55944.5142,16.36,0.07,225.95277,19.66565
150348.33+193941.3,55944.51923,16.34,0.07,225.95268,19.66566
150348.33+193941.3,55944.5243,16.31,0.07,225.95275,19.66566
150348.33+193941.3,55944.52936,16.31,0.07,225.95269,19.66567
150348.33+193941.3,55980.50756,16.28,0.07,225.95276,19.66574
150348.33+193941.3,55980.51542,16.32,0.07,225.95278,19.66577
150348.33+193941.3,55980.52339,16.27,0.07,225.95271,19.6657
150348.33+193941.3,55980.53132,16.29,0.07,225.95273,19.66572
150348.33+193941.3,55988.41879,16.35,0.07,225.95274,19.66571
150348.33+193941.3,55988.42512,16.28,0.07,225.95276,19.66575
150348.33+193941.3,55988.43149,16.32,0.07,225.95278,19.6657
150348.33+193941.3,55988.43792,16.31,0.07,225.95271,19.66578
150348.33+193941.3,56000.47494,16.3,0.07,225.95273,19.66566
150348.33+193941.3,56000.48,16.28,0.07,225.9527,19.66564
150348.33+193941.3,56000.4851,16.36,0.07,225.95269,19.66566
150348.33+193941.3,56000.49023,16.31,0.07,225.95274,19.66569
150348.33+193941.3,56009.37996,16.3,0.07,225.95275,19.66564
150348.33+193941.3,56009.38791,16.36,0.07,225.95276,19.66565
150348.33+193941.3,56009.39585,16.33,0.07,225.95274,19.66567
150348.33+193941.3,56009.40373,16.31,0.07,225.95271,19.6657
150348.33+193941.3,56036.34487,16.31,0.07,225.95273,19.66565
150348.33+193941.3,56036.34995,16.32,0.07,225.95277,19.66568
150348.33+193941.3,56036.35504,16.32,0.07,225.95274,19.66567
150348.33+193941.3,56036.36014,16.3,0.07,225.95274,19.66567
150348.33+193941.3,56042.29069,16.27,0.07,225.95276,19.66567
150348.33+193941.3,56048.41695,16.35,0.07,225.95268,19.66575
150348.33+193941.3,56048.42544,16.33,0.07,225.95274,19.66572
150348.33+193941.3,56048.43398,16.33,0.07,225.95275,19.66573
150348.33+193941.3,56048.44261,16.31,0.07,225.95274,19.66572
150348.33+193941.3,56062.37843,16.32,0.07,225.95279,19.66568
150348.33+193941.3,56062.387,16.34,0.07,225.95279,19.66569
150348.33+193941.3,56062.39549,16.35,0.07,225.95278,19.66571
150348.33+193941.3,56062.40409,16.26,0.07,225.95272,19.66571
150348.33+193941.3,56070.32106,16.33,0.07,225.95275,19.66577
150348.33+193941.3,56070.32793,16.26,0.07,225.95279,19.66575
150348.33+193941.3,56070.33476,16.32,0.07,225.95278,19.66572
150348.33+193941.3,56070.34167,16.31,0.07,225.95277,19.66568
150348.33+193941.3,56090.26821,16.31,0.07,225.95283,19.66562
150348.33+193941.3,56090.27608,16.31,0.07,225.95274,19.66564
150348.33+193941.3,56090.28403,16.35,0.07,225.95281,19.66565
150348.33+193941.3,56090.29188,16.35,0.07,225.95272,19.66566
150348.33+193941.3,56358.4262,16.34,0.07,225.95271,19.66578
150348.33+193941.3,56358.43411,16.32,0.07,225.95269,19.66574
150348.33+193941.3,56358.44199,16.34,0.07,225.95274,19.66574
150348.33+193941.3,56358.44996,16.29,0.07,225.95277,19.66575
150348.33+193941.3,56367.46051,16.33,0.07,225.95268,19.66578
150348.33+193941.3,56367.47011,16.37,0.07,225.95269,19.6658
150348.33+193941.3,56367.47975,16.31,0.07,225.9527,19.66578
150348.33+193941.3,56367.48931,16.32,0.07,225.95266,19.66574
150348.33+193941.3,56385.46135,16.26,0.07,225.95273,19.66575
150348.33+193941.3,56385.46638,16.28,0.07,225.95265,19.66581
150348.33+193941.3,56385.4715,16.35,0.07,225.9527,19.66574
150348.33+193941.3,56385.47661,16.34,0.07,225.9527,19.66573
150348.33+193941.3,56392.47183,16.29,0.07,225.95272,19.66575
150348.33+193941.3,56392.47526,16.32,0.07,225.9527,19.66579
150348.33+193941.3,56392.47865,16.29,0.07,225.95272,19.66579
150348.33+193941.3,56392.4821,16.34,0.07,225.95268,19.66576
150348.33+193941.3,56403.32869,16.33,0.07,225.95271,19.66579
150348.33+193941.3,56403.33607,16.34,0.07,225.95272,19.66576
150348.33+193941.3,56403.3434,16.25,0.07,225.95272,19.6657
150348.33+193941.3,56403.3508,16.33,0.07,225.95267,19.66576
150348.33+193941.3,56415.36232,16.31,0.07,225.95282,19.66578
150348.33+193941.3,56415.37034,16.3,0.07,225.95271,19.6658
150348.33+193941.3,56415.37826,16.31,0.07,225.95271,19.66576
150348.33+193941.3,56415.38627,16.29,0.07,225.95275,19.6657
150348.33+193941.3,56425.31488,16.31,0.07,225.9527,19.6658
150348.33+193941.3,56425.32171,16.3,0.07,225.95266,19.66578
150348.33+193941.3,56425.32849,16.36,0.07,225.95275,19.66574
150348.33+193941.3,56425.33532,16.26,0.07,225.95276,19.66576
150348.33+193941.3,56431.23426,16.34,0.07,225.95271,19.66575
150348.33+193941.3,56431.2399,16.33,0.07,225.95265,19.66576
150348.33+193941.3,56431.24553,16.26,0.07,225.9527,19.66565
150348.33+193941.3,56431.25121,16.23,0.07,225.95269,19.66569
150348.33+193941.3,56445.32369,16.33,0.07,225.95263,19.66583
150348.33+193941.3,56445.33161,16.37,0.07,225.95271,19.66584
150348.33+193941.3,56445.33954,16.32,0.07,225.95264,19.66578
150348.33+193941.3,56445.34749,16.36,0.07,225.9527,19.66583
150348.33+193941.3,56452.31995,16.35,0.07,225.95271,19.66579
150348.33+193941.3,56452.32619,16.3,0.07,225.95269,19.66574
150348.33+193941.3,56452.33244,16.39,0.07,225.95276,19.66575
150348.33+193941.3,56452.33866,16.3,0.07,225.95275,19.66576
150348.33+193941.3,56459.27792,16.29,0.07,225.95266,19.66582
150348.33+193941.3,56459.28579,16.35,0.07,225.95267,19.66584
150348.33+193941.3,56459.2936,16.29,0.07,225.95264,19.66578
150348.33+193941.3,56459.30151,16.35,0.07,225.95266,19.66581
150348.33+193941.3,56540.141,16.39,0.07,225.95288,19.66573
150348.33+193941.3,56540.14591,16.3,0.07,225.95291,19.66573
150348.33+193941.3,56540.15097,16.3,0.07,225.95284,19.66573
150348.33+193941.3,56540.15598,16.32,0.07,225.95291,19.66574
150348.33+193941.3,53557.24292,18.71,0.15,225.95126,19.66157
150348.33+193941.3,53557.24933,18.55,0.14,225.9514,19.66164
150348.33+193941.3,53557.25572,18.64,0.15,225.95148,19.66139
150348.33+193941.3,53557.26212,18.74,0.16,225.95147,19.66164
150348.33+193941.3,53523.23677,18.03,0.14,225.95181,19.66172
150348.33+193941.3,53523.24214,18.62,0.15,225.95143,19.66155
150348.33+193941.3,53529.24589,18.68,0.11,225.95114,19.66158
150348.33+193941.3,53529.25665,18.85,0.12,225.95122,19.6618
150348.33+193941.3,53529.26734,18.65,0.11,225.9513,19.66168
150348.33+193941.3,53529.2781,18.67,0.11,225.95119,19.66168
150348.33+193941.3,53551.23712,18.87,0.16,225.95132,19.66152
150348.33+193941.3,53551.24471,18.35,0.13,225.9512,19.66175
150348.33+193941.3,53551.2523,18.18,0.12,225.95114,19.66158
150348.33+193941.3,53551.25988,18.38,0.13,225.95153,19.6616
150348.33+193941.3,53507.32125,19.1,0.19,225.95169,19.66169
150348.33+193941.3,53507.3293,18.99,0.21,225.95087,19.66159
150348.33+193941.3,53507.33734,17.7,0.13,225.95089,19.66192
150348.33+193941.3,53507.34535,18.65,0.18,225.95213,19.66144
150348.33+193941.3,53827.40078,18.67,0.15,225.95133,19.66172
150348.33+193941.3,53827.42012,18.75,0.16,225.95127,19.66153
150348.33+193941.3,53827.42785,18.7,0.15,225.95137,19.66158
150348.33+193941.3,53827.43577,18.79,0.16,225.95141,19.66167
150348.33+193941.3,53850.30406,18.78,0.18,225.95135,19.66154
150348.33+193941.3,53819.42976,18.82,0.18,225.95136,19.66177
150348.33+193941.3,53819.43865,18.61,0.15,225.95138,19.66173
150348.33+193941.3,53858.29858,19.15,0.19,225.9514,19.6616
150348.33+193941.3,53858.30668,18.82,0.16,225.95151,19.66169
150348.33+193941.3,53858.32284,18.55,0.15,225.95129,19.66181
150348.33+193941.3,53873.40043,18.58,0.18,225.95153,19.66161
150348.33+193941.3,53873.40464,18.81,0.21,225.95153,19.66156
150348.33+193941.3,53873.40886,18.3,0.16,225.95152,19.66163
150348.33+193941.3,53879.28953,18.79,0.16,225.9512,19.66143
150348.33+193941.3,53879.29752,18.6,0.15,225.95157,19.66176
150348.33+193941.3,53879.30552,18.82,0.16,225.95125,19.66162
150348.33+193941.3,53879.31351,18.62,0.15,225.9515,19.66179
150348.33+193941.3,54201.37018,18.89,0.16,225.95133,19.66167
150348.33+193941.3,54201.37948,18.65,0.15,225.95154,19.66162
150348.33+193941.3,54201.38873,18.69,0.15,225.95148,19.66179
150348.33+193941.3,54201.398,18.67,0.15,225.95123,19.66176
150348.33+193941.3,54117.50032,18.69,0.14,225.95142,19.66162
150348.33+193941.3,54117.50698,18.47,0.13,225.9512,19.66166
150348.33+193941.3,54117.51362,18.66,0.14,225.95155,19.66172
150348.33+193941.3,54117.52028,18.59,0.14,225.95128,19.66166
150348.33+193941.3,54290.20143,19.05,0.19,225.95137,19.66149
150348.33+193941.3,54290.20836,18.79,0.17,225.95136,19.66185
150348.33+193941.3,54290.21529,18.5,0.15,225.95142,19.66164
150348.33+193941.3,54290.2222,18.7,0.16,225.95125,19.66153
150348.33+193941.3,54257.26595,18.7,0.15,225.95138,19.66176
150348.33+193941.3,54257.27557,19.16,0.19,225.95147,19.66162
150348.33+193941.3,54257.28523,19.02,0.17,225.95146,19.66172
150348.33+193941.3,54257.29489,18.6,0.15,225.95133,19.66148
150348.33+193941.3,54267.2349,18.78,0.16,225.95112,19.66151
150348.33+193941.3,54267.24297,18.44,0.14,225.95141,19.66188
150348.33+193941.3,54267.25105,18.76,0.16,225.95142,19.66156
150348.33+193941.3,54267.25913,18.58,0.15,225.95128,19.66176
150348.33+193941.3,54175.39046,18.64,0.14,225.9514,19.66171
150348.33+193941.3,54175.39834,18.38,0.13,225.95149,19.66175
150348.33+193941.3,54175.4062,18.49,0.13,225.95138,19.66171
150348.33+193941.3,54175.41405,18.6,0.14,225.95134,19.66137
150348.33+193941.3,54228.287,18.29,0.13,225.95121,19.66158
150348.33+193941.3,54228.29562,18.62,0.15,225.95124,19.66161
150348.33+193941.3,54228.30421,18.94,0.17,225.95129,19.66177
150348.33+193941.3,54228.31285,18.35,0.13,225.95136,19.66164
150348.33+193941.3,54242.30667,18.71,0.15,225.95112,19.66175
150348.33+193941.3,54242.3148,18.83,0.16,225.95142,19.66176
150348.33+193941.3,54242.32295,18.66,0.15,225.95121,19.66156
150348.33+193941.3,54242.33108,18.77,0.16,225.95134,19.66167
150348.33+193941.3,54346.12717,19.0,0.17,225.9514,19.66188
150348.33+193941.3,54346.13147,18.58,0.14,225.95119,19.66175
150348.33+193941.3,54346.13575,18.51,0.14,225.95138,19.66181
150348.33+193941.3,54346.14004,18.41,0.13,225.95135,19.66154
150348.33+193941.3,54557.48585,18.45,0.14,225.95121,19.66161
150348.33+193941.3,54557.4903,18.2,0.12,225.95142,19.6618
150348.33+193941.3,54557.49478,18.62,0.14,225.95161,19.66162
150348.33+193941.3,54557.49932,18.56,0.14,225.95122,19.66159
150348.33+193941.3,54566.40305,18.78,0.16,225.95112,19.66164
150348.33+193941.3,54566.40877,18.78,0.15,225.95139,19.66172
150348.33+193941.3,54566.41449,18.51,0.14,225.95137,19.66152
150348.33+193941.3,54566.42024,18.59,0.14,225.9516,19.66171
150348.33+193941.3,54571.35542,18.53,0.14,225.95164,19.66167
150348.33+193941.3,54571.36188,18.48,0.13,225.9513,19.66174
150348.33+193941.3,54571.36835,18.36,0.13,225.95151,19.6617
150348.33+193941.3,54571.37483,18.86,0.16,225.95152,19.66172
150348.33+193941.3,54582.31467,18.47,0.13,225.9513,19.66187
150348.33+193941.3,54582.32221,18.81,0.16,225.95158,19.66171
150348.33+193941.3,54582.32976,18.46,0.13,225.95137,19.66154
150348.33+193941.3,54582.33728,18.42,0.13,225.95095,19.66145
150348.33+193941.3,54504.41829,18.72,0.14,225.95159,19.66174
150348.33+193941.3,54504.42618,18.75,0.14,225.95143,19.66183
150348.33+193941.3,54504.43405,18.97,0.15,225.95121,19.66168
150348.33+193941.3,54504.44195,18.76,0.14,225.95146,19.66165
150348.33+193941.3,54514.4711,18.5,0.13,225.95134,19.66178
150348.33+193941.3,54514.47768,18.61,0.14,225.95129,19.66172
150348.33+193941.3,54514.48432,18.68,0.14,225.95119,19.66157
150348.33+193941.3,54514.49088,18.63,0.14,225.95129,19.66172
150348.33+193941.3,54625.31638,18.62,0.14,225.95105,19.66179
150348.33+193941.3,54625.32358,18.48,0.14,225.95131,19.66172
150348.33+193941.3,54625.33088,18.69,0.15,225.95127,19.66169
150348.33+193941.3,54625.33813,18.5,0.14,225.95124,19.66156
150348.33+193941.3,54641.33347,18.4,0.14,225.95135,19.66163
150348.33+193941.3,54641.34002,19.25,0.21,225.95124,19.66154
150348.33+193941.3,54641.34661,19.11,0.2,225.95122,19.66174
150348.33+193941.3,54641.35315,18.99,0.19,225.95159,19.66163
150348.33+193941.3,54528.40893,18.57,0.14,225.9516,19.66172
150348.33+193941.3,54528.41551,18.99,0.16,225.95145,19.66179
150348.33+193941.3,54528.42209,18.88,0.16,225.95138,19.66164
150348.33+193941.3,54528.42867,18.71,0.14,225.95156,19.66189
150348.33+193941.3,54536.43816,18.6,0.14,225.95155,19.66159
150348.33+193941.3,54536.44414,18.68,0.14,225.95131,19.66178
150348.33+193941.3,54536.45011,18.68,0.14,225.95147,19.66166
150348.33+193941.3,54536.45608,18.63,0.14,225.95145,19.66178
150348.33+193941.3,54588.37189,18.64,0.14,225.95125,19.66153
150348.33+193941.3,54588.37682,18.53,0.14,225.95126,19.66165
150348.33+193941.3,54588.38178,18.65,0.14,225.95136,19.66188
150348.33+193941.3,54588.38673,18.67,0.14,225.95144,19.66163
150348.33+193941.3,54593.3177,18.44,0.13,225.95129,19.66166
150348.33+193941.3,54593.32362,18.56,0.14,225.95127,19.66172
150348.33+193941.3,54593.32953,18.82,0.15,225.95134,19.66177
150348.33+193941.3,54593.33541,18.89,0.16,225.95124,19.66161
150348.33+193941.3,54600.2221,18.9,0.16,225.95121,19.66163
150348.33+193941.3,54600.22853,18.74,0.15,225.9512,19.66199
150348.33+193941.3,54600.23497,18.88,0.16,225.95153,19.66177
150348.33+193941.3,54600.24142,18.41,0.13,225.95161,19.66205
150348.33+193941.3,54601.29502,18.53,0.14,225.95134,19.66164
150348.33+193941.3,54601.30164,18.43,0.13,225.95154,19.66156
150348.33+193941.3,54601.30823,18.5,0.14,225.95157,19.66162
150348.33+193941.3,54601.31485,18.38,0.13,225.9513,19.66162
150348.33+193941.3,54715.13756,18.66,0.15,225.95126,19.66171
150348.33+193941.3,54715.14407,18.33,0.13,225.95131,19.66155
150348.33+193941.3,54715.15061,18.41,0.13,225.95149,19.66179
150348.33+193941.3,54715.15709,18.47,0.14,225.95138,19.6617
150348.33+193941.3,54944.39454,18.44,0.13,225.95137,19.66181
150348.33+193941.3,54944.40174,18.49,0.13,225.95131,19.66167
150348.33+193941.3,54944.40879,18.47,0.14,225.95139,19.66178
150348.33+193941.3,54944.41596,18.63,0.14,225.95157,19.66192
150348.33+193941.3,54867.4258,18.72,0.16,225.95146,19.6616
150348.33+193941.3,54867.43787,18.28,0.14,225.95148,19.6618
150348.33+193941.3,54867.45005,18.75,0.17,225.95136,19.66164
150348.33+193941.3,54867.46234,18.4,0.14,225.95136,19.66155
150348.33+193941.3,54890.44372,18.41,0.13,225.95127,19.66176
150348.33+193941.3,54890.44959,18.64,0.15,225.95137,19.66139
150348.33+193941.3,54890.45561,18.82,0.18,225.95122,19.66197
150348.33+193941.3,54890.46164,18.57,0.14,225.95128,19.66162
150348.33+193941.3,54861.48797,18.96,0.16,225.95155,19.66195
150348.33+193941.3,54861.49662,18.68,0.14,225.95161,19.6618
150348.33+193941.3,54861.50525,18.86,0.15,225.95127,19.66177
150348.33+193941.3,54861.51406,18.77,0.15,225.95147,19.66183
150348.33+193941.3,54997.28027,18.59,0.14,225.95142,19.66176
150348.33+193941.3,54997.28516,18.51,0.14,225.95137,19.66184
150348.33+193941.3,54997.28996,18.71,0.15,225.95141,19.66172
150348.33+193941.3,54997.29477,18.74,0.15,225.95132,19.66162
150348.33+193941.3,54912.33591,18.41,0.13,225.95155,19.66206
150348.33+193941.3,54912.34071,18.81,0.15,225.95153,19.6618
150348.33+193941.3,54912.34552,18.67,0.15,225.95141,19.66186
150348.33+193941.3,54912.35041,18.46,0.13,225.95135,19.66197
150348.33+193941.3,54919.3753,18.57,0.14,225.95143,19.66209
150348.33+193941.3,54919.38195,18.56,0.14,225.95129,19.66165
150348.33+193941.3,54919.3885,18.54,0.14,225.95152,19.66197
150348.33+193941.3,54919.39521,18.63,0.16,225.95143,19.66179
150348.33+193941.3,54964.37867,19.03,0.19,225.95119,19.6619
150348.33+193941.3,54964.38554,18.51,0.15,225.95141,19.66171
150348.33+193941.3,54964.39242,18.77,0.17,225.95138,19.66159
150348.33+193941.3,54964.39941,18.22,0.13,225.95133,19.66156
150348.33+193941.3,54978.31385,18.47,0.13,225.95155,19.66175
150348.33+193941.3,54978.32182,18.74,0.15,225.95148,19.66164
150348.33+193941.3,54978.32966,18.78,0.15,225.95134,19.66175
150348.33+193941.3,54978.338,18.65,0.15,225.9513,19.66181
150348.33+193941.3,55096.10082,17.98,0.13,225.95117,19.66165
150348.33+193941.3,55096.10527,18.85,0.18,225.95103,19.66171
150348.33+193941.3,55096.10977,18.37,0.15,225.95115,19.66171
150348.33+193941.3,55096.11407,18.45,0.15,225.95102,19.66153
150348.33+193941.3,55292.43428,18.31,0.13,225.95101,19.66153
150348.33+193941.3,55292.43995,18.63,0.14,225.95117,19.66145
150348.33+193941.3,55292.44575,18.39,0.13,225.95099,19.66164
150348.33+193941.3,55292.45159,18.59,0.14,225.95112,19.66161
150348.33+193941.3,55303.34576,18.58,0.14,225.95122,19.66156
150348.33+193941.3,55303.35261,18.43,0.14,225.95115,19.66154
150348.33+193941.3,55303.35947,18.39,0.13,225.9513,19.66141
150348.33+193941.3,55303.36637,18.55,0.14,225.95127,19.66162
150348.33+193941.3,55382.17722,18.46,0.13,225.95136,19.66155
150348.33+193941.3,55382.18566,18.64,0.15,225.95114,19.66158
150348.33+193941.3,55382.19417,18.31,0.13,225.95131,19.66148
150348.33+193941.3,55382.20275,18.5,0.14,225.95115,19.66162
150348.33+193941.3,55351.26961,18.65,0.17,225.95123,19.66153
150348.33+193941.3,55351.2776,18.47,0.14,225.95129,19.66174
150348.33+193941.3,55351.28505,18.45,0.13,225.95122,19.66145
150348.33+193941.3,55351.29249,18.58,0.14,225.95124,19.6615
150348.33+193941.3,55365.25411,18.57,0.14,225.95108,19.6616
150348.33+193941.3,55365.25918,18.56,0.14,225.95118,19.66151
150348.33+193941.3,55365.26437,18.28,0.12,225.95124,19.66158
150348.33+193941.3,55365.26953,18.5,0.14,225.95118,19.66162
150348.33+193941.3,55274.35942,18.56,0.14,225.95135,19.66159
150348.33+193941.3,55274.36699,18.48,0.13,225.95141,19.66153
150348.33+193941.3,55274.37443,18.52,0.14,225.95104,19.66167
150348.33+193941.3,55274.38196,18.58,0.14,225.95132,19.66146
150348.33+193941.3,55325.34682,18.47,0.13,225.95123,19.6616
150348.33+193941.3,55325.35437,18.33,0.13,225.95124,19.6614
150348.33+193941.3,55325.3619,18.35,0.13,225.95137,19.66129
150348.33+193941.3,55325.36942,18.37,0.13,225.95122,19.66147
150348.33+193941.3,55332.27822,18.74,0.15,225.95118,19.66156
150348.33+193941.3,55332.28515,18.25,0.12,225.95142,19.66149
150348.33+193941.3,55332.29205,18.4,0.13,225.95119,19.66156
150348.33+193941.3,55332.29896,18.53,0.14,225.9511,19.66162
150348.33+193941.3,55340.20822,18.32,0.13,225.95122,19.66161
150348.33+193941.3,55340.21447,18.91,0.16,225.95091,19.66129
150348.33+193941.3,55340.22076,18.27,0.12,225.95106,19.66137
150348.33+193941.3,55340.22665,18.04,0.11,225.95165,19.66193
150348.33+193941.3,55657.40636,18.51,0.14,225.9515,19.66183
150348.33+193941.3,55657.41212,18.45,0.14,225.95143,19.66186
150348.33+193941.3,55657.41783,18.58,0.14,225.95127,19.66164
150348.33+193941.3,55657.42362,18.42,0.14,225.95128,19.66165
150348.33+193941.3,55674.46262,18.29,0.13,225.95131,19.66176
150348.33+193941.3,55674.46951,18.53,0.14,225.95129,19.66178
150348.33+193941.3,55674.47643,18.25,0.13,225.95125,19.66165
150348.33+193941.3,55674.48328,18.58,0.15,225.95126,19.66179
150348.33+193941.3,55717.32205,18.2,0.13,225.95132,19.66175
150348.33+193941.3,55717.33135,18.23,0.13,225.95114,19.66158
150348.33+193941.3,55717.34061,18.44,0.14,225.9512,19.66169
150348.33+193941.3,55717.35003,18.22,0.13,225.95103,19.66179
150348.33+193941.3,55631.49085,18.51,0.14,225.95118,19.66193
150348.33+193941.3,55631.49603,18.63,0.15,225.95156,19.6618
150348.33+193941.3,55631.50124,18.53,0.14,225.95133,19.6619
150348.33+193941.3,55631.50643,18.46,0.14,225.9513,19.66162
150348.33+193941.3,55649.38451,18.58,0.14,225.95131,19.66166
150348.33+193941.3,55649.39262,18.48,0.14,225.9512,19.66164
150348.33+193941.3,55649.40072,18.42,0.14,225.9512,19.66174
150348.33+193941.3,55649.40883,18.48,0.14,225.95141,19.66175
150348.33+193941.3,55683.37095,18.54,0.12,225.95128,19.66181
150348.33+193941.3,55683.38143,18.76,0.14,225.95145,19.66167
150348.33+193941.3,55683.39198,18.3,0.11,225.95128,19.66189
150348.33+193941.3,55683.40252,18.6,0.13,225.95127,19.66191
150348.33+193941.3,55689.34322,18.36,0.13,225.95141,19.66182
150348.33+193941.3,55689.34967,18.31,0.13,225.95126,19.66186
150348.33+193941.3,55689.35605,18.5,0.14,225.9513,19.66197
150348.33+193941.3,55689.3625,18.36,0.13,225.95126,19.66173
150348.33+193941.3,55701.35001,18.25,0.13,225.95123,19.66169
150348.33+193941.3,55701.35795,18.4,0.14,225.95125,19.66192
150348.33+193941.3,55701.36586,18.03,0.12,225.9514,19.66172
150348.33+193941.3,55701.37373,18.28,0.13,225.95107,19.66172
150348.33+193941.3,55944.5142,18.71,0.15,225.95125,19.66162
150348.33+193941.3,55944.51923,18.5,0.14,225.95139,19.6617
150348.33+193941.3,55944.5243,18.49,0.13,225.95126,19.66155
150348.33+193941.3,55944.52936,18.81,0.15,225.95121,19.66142
150348.33+193941.3,55980.50756,18.51,0.14,225.95121,19.66145
150348.33+193941.3,55980.51542,18.64,0.14,225.95112,19.66166
150348.33+193941.3,55980.52339,18.62,0.14,225.95124,19.66165
150348.33+193941.3,55980.53132,18.6,0.14,225.95126,19.66161
150348.33+193941.3,55988.41879,18.67,0.15,225.95145,19.66156
150348.33+193941.3,55988.42512,18.85,0.16,225.95113,19.66158
150348.33+193941.3,55988.43149,18.7,0.15,225.95125,19.66161
150348.33+193941.3,55988.43792,18.89,0.16,225.95139,19.66159
150348.33+193941.3,56000.47494,18.48,0.13,225.9512,19.66167
150348.33+193941.3,56000.48,18.47,0.13,225.95125,19.66163
150348.33+193941.3,56000.4851,18.58,0.14,225.95108,19.66165
150348.33+193941.3,56000.49023,18.56,0.14,225.9515,19.66169
150348.33+193941.3,56009.37996,18.54,0.14,225.95127,19.66155
150348.33+193941.3,56009.38791,18.62,0.14,225.95134,19.66152
150348.33+193941.3,56009.39585,18.64,0.14,225.95128,19.6615
150348.33+193941.3,56009.40373,18.55,0.14,225.9512,19.66176
150348.33+193941.3,56036.34487,18.66,0.15,225.95135,19.6616
150348.33+193941.3,56036.34995,18.5,0.14,225.95127,19.66161
150348.33+193941.3,56036.35504,18.66,0.15,225.95121,19.66155
150348.33+193941.3,56036.36014,18.44,0.14,225.95139,19.66163
150348.33+193941.3,56042.28482,18.89,0.16,225.95116,19.66151
150348.33+193941.3,56042.29069,18.76,0.15,225.95135,19.66164
150348.33+193941.3,56042.30222,18.76,0.15,225.95102,19.66156
150348.33+193941.3,56048.41695,18.54,0.14,225.95131,19.66172
150348.33+193941.3,56048.42544,18.74,0.16,225.95109,19.66157
150348.33+193941.3,56048.43398,18.49,0.14,225.95107,19.66164
150348.33+193941.3,56048.44261,18.46,0.14,225.95138,19.66158
150348.33+193941.3,56062.37843,18.6,0.14,225.95103,19.66161
150348.33+193941.3,56062.387,18.53,0.14,225.95151,19.66162
150348.33+193941.3,56062.39549,18.48,0.13,225.95114,19.66152
150348.33+193941.3,56062.40409,18.42,0.13,225.95128,19.66148
150348.33+193941.3,56070.32106,19.06,0.15,225.95144,19.66191
150348.33+193941.3,56070.32793,18.96,0.14,225.95141,19.66193
150348.33+193941.3,56070.33476,18.84,0.14,225.95128,19.66177
150348.33+193941.3,56070.34167,18.63,0.12,225.95122,19.66163
150348.33+193941.3,56090.26821,18.64,0.14,225.95129,19.66143
150348.33+193941.3,56090.27608,18.58,0.14,225.95133,19.66145
150348.33+193941.3,56090.28403,18.67,0.15,225.95136,19.66148
150348.33+193941.3,56090.29188,18.63,0.14,225.95129,19.66133
150348.33+193941.3,56358.4262,18.74,0.15,225.95124,19.66172
150348.33+193941.3,56358.43411,18.74,0.15,225.95123,19.66183
150348.33+193941.3,56358.44199,18.77,0.15,225.95139,19.66159
150348.33+193941.3,56358.44996,18.69,0.15,225.95124,19.66177
150348.33+193941.3,56367.46051,18.63,0.14,225.95131,19.66172
150348.33+193941.3,56367.47011,18.69,0.15,225.95135,19.6618
150348.33+193941.3,56367.47975,18.75,0.15,225.95121,19.66171
150348.33+193941.3,56367.48931,18.8,0.16,225.95125,19.66185
150348.33+193941.3,56385.46135,19.09,0.18,225.95111,19.66151
150348.33+193941.3,56385.46638,18.73,0.15,225.95115,19.66186
150348.33+193941.3,56385.4715,18.23,0.12,225.95136,19.66177
150348.33+193941.3,56385.47661,18.82,0.16,225.95121,19.66203
150348.33+193941.3,56392.47183,19.07,0.18,225.95142,19.66191
150348.33+193941.3,56392.47526,18.53,0.14,225.95128,19.66207
150348.33+193941.3,56392.47865,18.37,0.13,225.9513,19.66182
150348.33+193941.3,56392.4821,18.45,0.14,225.95124,19.66162
150348.33+193941.3,56403.32869,18.68,0.15,225.95142,19.66216
150348.33+193941.3,56403.33607,18.75,0.15,225.95126,19.66177
150348.33+193941.3,56403.3434,18.63,0.15,225.95121,19.66177
150348.33+193941.3,56403.3508,18.71,0.15,225.95139,19.66159
150348.33+193941.3,56415.36232,18.6,0.15,225.95148,19.66186
150348.33+193941.3,56415.37034,19.23,0.19,225.95095,19.66151
150348.33+193941.3,56415.37826,19.17,0.19,225.95138,19.66197
150348.33+193941.3,56415.38627,18.98,0.17,225.95117,19.66187
150348.33+193941.3,56425.31488,18.77,0.16,225.95115,19.66191
150348.33+193941.3,56425.32171,18.71,0.16,225.95129,19.66182
150348.33+193941.3,56425.32849,18.59,0.15,225.9513,19.66173
150348.33+193941.3,56425.33532,18.56,0.15,225.95148,19.66185
150348.33+193941.3,56431.23426,18.83,0.16,225.95147,19.66187
150348.33+193941.3,56431.2399,18.71,0.16,225.95126,19.66169
150348.33+193941.3,56431.24553,19.03,0.18,225.95125,19.66147
150348.33+193941.3,56431.25121,18.87,0.17,225.95113,19.66162
150348.33+193941.3,56445.32369,18.9,0.17,225.9511,19.66177
150348.33+193941.3,56445.33161,18.81,0.17,225.95109,19.66183
150348.33+193941.3,56445.33954,18.45,0.14,225.95143,19.66183
150348.33+193941.3,56445.34749,18.53,0.15,225.95128,19.66186
150348.33+193941.3,56452.31995,18.64,0.14,225.95137,19.66188
150348.33+193941.3,56452.32619,18.9,0.16,225.95089,19.66168
150348.33+193941.3,56452.33244,18.63,0.14,225.9513,19.6618
150348.33+193941.3,56452.33866,18.68,0.15,225.95128,19.66206
150348.33+193941.3,56459.27792,18.61,0.15,225.95132,19.66198
150348.33+193941.3,56459.28579,18.6,0.15,225.95104,19.66183
150348.33+193941.3,56459.2936,18.43,0.14,225.95102,19.66183
150348.33+193941.3,56459.30151,18.5,0.15,225.9511,19.66178
150348.33+193941.3,56540.141,18.46,0.15,225.95162,19.66195
150348.33+193941.3,56540.14591,19.39,0.23,225.95121,19.66177
150348.33+193941.3,56540.15097,18.81,0.17,225.95162,19.66161
150348.33+193941.3,56540.15598,18.41,0.15,225.95133,19.6618
092158.92+034235.7,53464.20075,18.34,0.13,140.49579,3.70986
092158.92+034235.7,53464.20916,18.42,0.13,140.49572,3.70989
092158.92+034235.7,53464.21756,17.92,0.11,140.49592,3.71024
092158.92+034235.7,53464.22591,18.48,0.13,140.49553,3.70995
092158.92+034235.7,53710.43686,18.45,0.13,140.49566,3.70987
092158.92+034235.7,53710.44385,18.36,0.13,140.49587,3.70982
092158.92+034235.7,53710.45089,18.29,0.12,140.49576,3.70987
092158.92+034235.7,53710.45793,18.21,0.12,140.49572,3.71
092158.92+034235.7,53732.46284,18.43,0.13,140.49557,3.70992
092158.92+034235.7,53732.46988,18.47,0.13,140.4956,3.70998
092158.92+034235.7,53732.47702,18.28,0.12,140.49565,3.70989
092158.92+034235.7,53732.48385,18.37,0.13,140.49555,3.7099
092158.92+034235.7,53494.17471,18.29,0.13,140.4956,3.70996
092158.92+034235.7,53494.1837,18.09,0.12,140.4957,3.70979
092158.92+034235.7,53494.19177,18.53,0.14,140.49574,3.71005
092158.92+034235.7,53494.19983,18.26,0.13,140.49547,3.70986
092158.92+034235.7,53703.4245,18.27,0.14,140.49573,3.70984
092158.92+034235.7,53703.43487,18.46,0.14,140.496,3.70989
092158.92+034235.7,53703.44143,18.22,0.13,140.49577,3.71005
092158.92+034235.7,53703.44802,18.32,0.13,140.49543,3.70981
092158.92+034235.7,53845.16249,18.08,0.12,140.49539,3.70974
092158.92+034235.7,53845.17199,18.4,0.14,140.4956,3.71006
092158.92+034235.7,53845.18152,18.34,0.13,140.49549,3.70982
092158.92+034235.7,53845.19102,18.33,0.13,140.49571,3.70999
092158.92+034235.7,54070.42249,18.39,0.12,140.49568,3.70986
092158.92+034235.7,54070.43015,18.57,0.13,140.49582,3.70977
092158.92+034235.7,54070.43812,18.35,0.12,140.49565,3.71
092158.92+034235.7,54070.44588,18.46,0.13,140.49561,3.71009
092158.92+034235.7,54082.45551,17.63,0.1,140.49487,3.70976
092158.92+034235.7,54082.46096,17.25,0.09,140.49499,3.70999
092158.92+034235.7,54082.4664,18.4,0.13,140.4956,3.70993
092158.92+034235.7,54082.47186,18.4,0.13,140.49556,3.70991
092158.92+034235.7,54090.41792,18.29,0.12,140.49574,3.70999
092158.92+034235.7,54090.42524,18.41,0.13,140.49563,3.70984
092158.92+034235.7,54090.43265,18.55,0.13,140.49562,3.70969
092158.92+034235.7,54090.44035,18.35,0.12,140.49567,3.70988
092158.92+034235.7,53772.2663,18.34,0.13,140.4958,3.70999
092158.92+034235.7,53772.2738,18.31,0.13,140.49557,3.70992
092158.92+034235.7,53772.28129,18.58,0.16,140.49649,3.70976
092158.92+034235.7,53772.29342,18.61,0.16,140.49565,3.70973
092158.92+034235.7,53773.30322,18.49,0.14,140.49569,3.71001
092158.92+034235.7,53773.30964,18.32,0.13,140.4959,3.70995
092158.92+034235.7,53773.31607,18.16,0.12,140.49576,3.71001
092158.92+034235.7,53773.32249,18.41,0.13,140.49579,3.70979
092158.92+034235.7,53788.26221,18.38,0.13,140.49557,3.70984
092158.92+034235.7,53788.26864,18.58,0.14,140.49565,3.70991
092158.92+034235.7,53788.27507,18.35,0.13,140.49578,3.70996
092158.92+034235.7,53788.28149,18.14,0.12,140.49597,3.70973
092158.92+034235.7,53739.35148,18.36,0.13,140.49553,3.7101
092158.92+034235.7,53739.35789,18.27,0.12,140.49584,3.70994
092158.92+034235.7,53739.36431,18.34,0.13,140.49554,3.70973
092158.92+034235.7,53739.37071,18.37,0.13,140.49579,3.70999
092158.92+034235.7,53745.38419,18.23,0.12,140.49554,3.70981
092158.92+034235.7,53745.39258,18.32,0.13,140.4956,3.70984
092158.92+034235.7,53745.40106,18.29,0.13,140.49559,3.70996
092158.92+034235.7,53745.4095,18.49,0.14,140.49575,3.70998
092158.92+034235.7,53758.26477,18.41,0.13,140.49581,3.70983
092158.92+034235.7,53758.27126,18.27,0.13,140.49575,3.7099
092158.92+034235.7,53758.27773,18.48,0.14,140.4956,3.70994
092158.92+034235.7,53758.2842,18.42,0.13,140.49562,3.70977
092158.92+034235.7,53765.28001,18.3,0.13,140.49585,3.70996
092158.92+034235.7,53765.28748,18.51,0.14,140.49572,3.70994
092158.92+034235.7,53765.29495,18.47,0.14,140.49574,3.71
092158.92+034235.7,53765.30242,18.31,0.13,140.49584,3.70985
092158.92+034235.7,53798.24443,18.41,0.13,140.4957,3.70997
092158.92+034235.7,53798.25317,18.38,0.13,140.49571,3.70997
092158.92+034235.7,53798.26174,18.37,0.13,140.49577,3.71004
092158.92+034235.7,53798.27048,18.33,0.13,140.49571,3.7098
092158.92+034235.7,53817.16075,18.32,0.13,140.49588,3.70992
092158.92+034235.7,53817.16928,18.2,0.12,140.49571,3.71003
092158.92+034235.7,53817.17781,18.28,0.13,140.49581,3.70996
092158.92+034235.7,53817.18635,18.55,0.14,140.49569,3.70998
092158.92+034235.7,53856.15387,18.3,0.13,140.49566,3.70989
092158.92+034235.7,53856.15929,18.15,0.12,140.49574,3.70977
092158.92+034235.7,53856.16472,18.18,0.12,140.49573,3.71009
092158.92+034235.7,53856.17013,18.37,0.13,140.49551,3.70989
092158.92+034235.7,54056.42861,18.33,0.12,140.4959,3.70976
092158.92+034235.7,54056.4359,18.22,0.12,140.49577,3.70995
092158.92+034235.7,54056.44317,18.28,0.12,140.49564,3.70987
092158.92+034235.7,54056.45051,18.42,0.13,140.4957,3.70977
092158.92+034235.7,54038.48163,18.2,0.12,140.49555,3.70982
092158.92+034235.7,54038.48801,18.32,0.12,140.49569,3.70988
092158.92+034235.7,54038.49443,18.42,0.13,140.4956,3.7098
092158.92+034235.7,54038.50081,18.39,0.13,140.4958,3.70987
092158.92+034235.7,54212.15408,18.24,0.12,140.49571,3.70974
092158.92+034235.7,54212.16442,18.42,0.13,140.49549,3.70984
092158.92+034235.7,54212.17473,18.21,0.12,140.49548,3.70993
092158.92+034235.7,54212.18502,18.26,0.12,140.49582,3.71009
092158.92+034235.7,54213.14491,18.49,0.14,140.49553,3.70975
092158.92+034235.7,54213.15528,18.38,0.13,140.49562,3.70986
092158.92+034235.7,54213.16559,18.09,0.12,140.49546,3.70989
092158.92+034235.7,54213.17587,18.49,0.14,140.49569,3.70979
092158.92+034235.7,54439.36813,18.36,0.13,140.49573,3.70999
092158.92+034235.7,54439.37467,18.37,0.13,140.49571,3.70999
092158.92+034235.7,54439.38124,18.37,0.13,140.49562,3.70986
092158.92+034235.7,54439.38782,18.22,0.12,140.49564,3.70992
092158.92+034235.7,54454.44506,18.02,0.11,140.49567,3.70988
092158.92+034235.7,54454.45166,17.74,0.1,140.49582,3.70973
092158.92+034235.7,54454.45817,18.18,0.12,140.49567,3.70989
092158.92+034235.7,54454.4648,18.15,0.11,140.49588,3.71
092158.92+034235.7,54465.42109,18.19,0.12,140.49562,3.70984
092158.92+034235.7,54465.42771,17.74,0.1,140.49569,3.70997
092158.92+034235.7,54465.43431,18.2,0.12,140.49582,3.71003
092158.92+034235.7,54465.44102,18.11,0.11,140.49563,3.71002
092158.92+034235.7,54141.26538,18.3,0.12,140.49567,3.70983
092158.92+034235.7,54141.27179,18.48,0.13,140.49572,3.70989
092158.92+034235.7,54141.2782,18.43,0.13,140.49567,3.70985
092158.92+034235.7,54141.28463,18.39,0.13,140.49581,3.70992
092158.92+034235.7,54146.33328,18.14,0.12,140.4959,3.71019
092158.92+034235.7,54146.33956,18.35,0.12,140.49562,3.70982
092158.92+034235.7,54146.34589,18.26,0.12,140.49573,3.70985
092158.92+034235.7,54146.35217,18.2,0.12,140.49555,3.70988
092158.92+034235.7,54109.42591,18.59,0.14,140.49572,3.70986
092158.92+034235.7,54109.43183,18.46,0.14,140.49574,3.70995
092158.92+034235.7,54109.43776,18.38,0.13,140.49563,3.71003
092158.92+034235.7,54109.44368,18.12,0.12,140.49603,3.71004
092158.92+034235.7,54125.3004,18.56,0.14,140.49585,3.70988
092158.92+034235.7,54125.31061,18.38,0.13,140.49586,3.70999
092158.92+034235.7,54125.32085,18.35,0.12,140.49569,3.70985
092158.92+034235.7,54125.33107,18.45,0.13,140.49572,3.70975
092158.92+034235.7,54170.19083,18.25,0.12,140.49575,3.71002
092158.92+034235.7,54170.1973,18.33,0.12,140.49572,3.70984
092158.92+034235.7,54170.20378,18.3,0.12,140.49575,3.70975
092158.92+034235.7,54170.21037,18.37,0.13,140.49562,3.7097
092158.92+034235.7,54415.45849,18.3,0.12,140.49582,3.70988
092158.92+034235.7,54415.46715,18.14,0.11,140.49573,3.70988
092158.92+034235.7,54415.47574,18.35,0.12,140.49575,3.7099
092158.92+034235.7,54415.48437,18.34,0.12,140.49576,3.71001
092158.92+034235.7,54423.38135,18.41,0.13,140.49569,3.70991
092158.92+034235.7,54423.38955,18.32,0.12,140.49582,3.71002
092158.92+034235.7,54423.39777,18.19,0.12,140.49564,3.70999
092158.92+034235.7,54423.40601,18.17,0.12,140.49579,3.70991
092158.92+034235.7,54385.487,18.52,0.15,140.49566,3.70986
092158.92+034235.7,54385.49366,18.25,0.13,140.49586,3.70995
092158.92+034235.7,54385.5003,18.15,0.13,140.49561,3.70991
092158.92+034235.7,54385.50696,18.55,0.15,140.49567,3.71016
092158.92+034235.7,54563.18182,17.99,0.1,140.49569,3.70999
092158.92+034235.7,54563.1885,18.31,0.11,140.49572,3.70997
092158.92+034235.7,54563.19517,18.31,0.11,140.49569,3.70996
092158.92+034235.7,54563.20184,18.45,0.12,140.49567,3.71006
092158.92+034235.7,54574.1403,18.62,0.14,140.49549,3.70993
092158.92+034235.7,54574.14886,18.78,0.15,140.49563,3.70992
092158.92+034235.7,54574.15741,18.55,0.14,140.49533,3.70996
092158.92+034235.7,54574.16598,18.99,0.17,140.4956,3.71012
092158.92+034235.7,54801.43667,18.28,0.12,140.49564,3.7099
092158.92+034235.7,54801.44452,18.34,0.12,140.49556,3.70994
092158.92+034235.7,54801.45233,18.41,0.13,140.49559,3.70986
092158.92+034235.7,54801.46031,18.22,0.12,140.49561,3.70986
092158.92+034235.7,54822.44492,18.26,0.12,140.49564,3.70999
092158.92+034235.7,54822.45154,18.28,0.12,140.4956,3.70989
092158.92+034235.7,54822.45824,18.03,0.11,140.49555,3.71003
092158.92+034235.7,54822.46485,18.24,0.12,140.49559,3.70992
092158.92+034235.7,54499.26753,18.32,0.11,140.49566,3.70988
092158.92+034235.7,54499.27362,18.33,0.11,140.49565,3.70992
092158.92+034235.7,54499.27963,18.24,0.11,140.49567,3.7099
092158.92+034235.7,54499.28564,18.26,0.11,140.49563,3.71
092158.92+034235.7,54505.30127,18.32,0.11,140.49563,3.70997
092158.92+034235.7,54505.30987,18.37,0.11,140.49574,3.71002
092158.92+034235.7,54505.31846,18.39,0.11,140.49567,3.70983
092158.92+034235.7,54505.32706,18.18,0.1,140.49564,3.70986
092158.92+034235.7,54477.31765,18.22,0.12,140.49582,3.70991
092158.92+034235.7,54477.32414,18.26,0.12,140.49574,3.70992
092158.92+034235.7,54477.33063,18.31,0.12,140.4957,3.70992
092158.92+034235.7,54477.33713,18.21,0.12,140.49552,3.7098
092158.92+034235.7,54529.20352,18.23,0.12,140.49562,3.70994
092158.92+034235.7,54529.21275,18.1,0.11,140.49553,3.70987
092158.92+034235.7,54529.22195,18.28,0.12,140.49559,3.70989
092158.92+034235.7,54529.23122,18.16,0.12,140.49579,3.70993
092158.92+034235.7,54537.22855,18.33,0.11,140.49581,3.71001
092158.92+034235.7,54537.23522,18.25,0.11,140.49566,3.70992
092158.92+034235.7,54537.24187,18.16,0.1,140.4957,3.70993
092158.92+034235.7,54537.24856,18.14,0.1,140.49564,3.71
092158.92+034235.7,54588.15715,18.25,0.12,140.49557,3.71
092158.92+034235.7,54588.16259,18.26,0.12,140.49576,3.71004
092158.92+034235.7,54588.168,18.4,0.13,140.49565,3.70991
092158.92+034235.7,54588.17339,18.23,0.12,140.49572,3.70994
092158.92+034235.7,54776.49329,18.1,0.11,140.49564,3.70987
092158.92+034235.7,54776.50036,18.37,0.12,140.49546,3.70995
092158.92+034235.7,54776.50768,18.18,0.12,140.49581,3.71001
092158.92+034235.7,54776.51487,18.3,0.12,140.49566,3.70997
092158.92+034235.7,54945.12614,18.25,0.12,140.49568,3.70991
092158.92+034235.7,54945.13286,18.24,0.12,140.49563,3.70987
092158.92+034235.7,54945.1395,18.22,0.12,140.49544,3.70993
092158.92+034235.7,54945.1462,18.38,0.13,140.49565,3.7101
092158.92+034235.7,54864.29171,18.26,0.12,140.49559,3.70993
092158.92+034235.7,54864.29809,18.37,0.12,140.4957,3.71
092158.92+034235.7,54864.30452,18.32,0.12,140.4957,3.70983
092158.92+034235.7,54864.31092,18.28,0.12,140.49562,3.70989
092158.92+034235.7,54875.26753,18.35,0.14,140.49571,3.70985
092158.92+034235.7,54875.27294,18.22,0.13,140.49572,3.70992
092158.92+034235.7,54875.27826,18.32,0.13,140.49572,3.70986
092158.92+034235.7,54875.28356,18.28,0.13,140.49565,3.70995
092158.92+034235.7,54888.24657,18.07,0.11,140.49577,3.71008
092158.92+034235.7,54888.25462,18.22,0.12,140.49573,3.70989
092158.92+034235.7,54888.26262,18.26,0.12,140.49573,3.70985
092158.92+034235.7,54888.27057,18.2,0.12,140.4957,3.70987
092158.92+034235.7,54849.33285,18.19,0.12,140.49578,3.71012
092158.92+034235.7,54849.34005,18.22,0.12,140.49573,3.71009
092158.92+034235.7,54849.34737,18.18,0.12,140.49574,3.70994
092158.92+034235.7,54849.3547,18.19,0.12,140.49576,3.71012
092158.92+034235.7,54908.15671,18.44,0.13,140.49562,3.71005
092158.92+034235.7,54908.16221,18.3,0.12,140.49566,3.70982
092158.92+034235.7,54908.16781,18.34,0.13,140.49574,3.70998
092158.92+034235.7,54908.17331,18.35,0.13,140.49566,3.70998
092158.92+034235.7,54919.2144,18.14,0.12,140.49586,3.71001
092158.92+034235.7,54919.21926,18.23,0.12,140.49569,3.70995
092158.92+034235.7,54919.22417,18.18,0.12,140.4957,3.70988
092158.92+034235.7,54919.22901,18.2,0.12,140.49555,3.70983
092158.92+034235.7,55122.49671,18.29,0.14,140.49546,3.70984
092158.92+034235.7,55122.50047,18.32,0.14,140.49573,3.70983
092158.92+034235.7,55122.5043,18.03,0.12,140.49569,3.70995
092158.92+034235.7,55122.50818,18.52,0.15,140.49567,3.70993
092158.92+034235.7,55294.17008,18.4,0.13,140.49562,3.70994
092158.92+034235.7,55294.17523,18.15,0.12,140.49562,3.70993
092158.92+034235.7,55294.18037,18.34,0.13,140.4956,3.70996
092158.92+034235.7,55294.18548,18.16,0.12,140.49558,3.70986
092158.92+034235.7,55301.17843,18.29,0.12,140.49562,3.70984
092158.92+034235.7,55301.18534,18.52,0.14,140.49536,3.70983
092158.92+034235.7,55301.19224,18.28,0.12,140.4955,3.70969
092158.92+034235.7,55301.1992,18.42,0.13,140.49584,3.70987
092158.92+034235.7,55533.46754,18.42,0.12,140.49559,3.70996
092158.92+034235.7,55533.48874,18.3,0.11,140.49554,3.71004
092158.92+034235.7,55533.49935,18.35,0.12,140.4956,3.70995
092158.92+034235.7,55236.32522,18.32,0.14,140.49553,3.70991
092158.92+034235.7,55243.21593,18.11,0.12,140.49587,3.70999
092158.92+034235.7,55243.2233,18.28,0.12,140.49569,3.70985
092158.92+034235.7,55243.23074,18.07,0.11,140.49543,3.71017
092158.92+034235.7,55243.23818,18.26,0.12,140.49566,3.7098
092158.92+034235.7,55203.35811,18.43,0.13,140.49573,3.70994
092158.92+034235.7,55203.3627,18.15,0.12,140.49575,3.70974
092158.92+034235.7,55203.36727,18.36,0.12,140.49568,3.7098
092158.92+034235.7,55203.37185,18.44,0.13,140.49555,3.70983
092158.92+034235.7,55270.2091,18.34,0.13,140.49577,3.70988
092158.92+034235.7,55270.21537,18.2,0.12,140.49558,3.70973
092158.92+034235.7,55270.22166,18.26,0.12,140.49567,3.70976
092158.92+034235.7,55270.22786,18.19,0.12,140.49573,3.71009
092158.92+034235.7,55325.18414,18.2,0.12,140.49555,3.70989
092158.92+034235.7,55325.19155,18.2,0.12,140.49573,3.70979
092158.92+034235.7,55325.19903,18.42,0.13,140.49566,3.70977
092158.92+034235.7,55325.20653,18.19,0.12,140.49561,3.70981
092158.92+034235.7,55512.4931,18.26,0.12,140.49563,3.70995
092158.92+034235.7,55512.50812,18.47,0.13,140.49563,3.70991
092158.92+034235.7,55512.51564,18.13,0.12,140.49578,3.70997
092158.92+034235.7,55679.19609,18.23,0.11,140.49566,3.70979
092158.92+034235.7,55679.20423,18.3,0.12,140.49574,3.70999
092158.92+034235.7,55679.21248,18.26,0.11,140.49567,3.70997
092158.92+034235.7,55679.22072,18.15,0.11,140.49573,3.70992
092158.92+034235.7,55598.35311,18.5,0.12,140.4957,3.7099
092158.92+034235.7,55598.36281,18.41,0.12,140.49573,3.70996
092158.92+034235.7,55598.37249,18.32,0.11,140.49565,3.70994
092158.92+034235.7,55598.38219,18.42,0.12,140.49569,3.71004
092158.92+034235.7,55603.24392,18.44,0.12,140.49564,3.70997
092158.92+034235.7,55603.25509,18.5,0.12,140.4957,3.70999
092158.92+034235.7,55603.26627,18.2,0.11,140.49541,3.70979
092158.92+034235.7,55603.27738,18.23,0.11,140.49578,3.71001
092158.92+034235.7,55617.24984,18.3,0.13,140.49563,3.70999
092158.92+034235.7,55617.25796,18.55,0.14,140.49578,3.70997
092158.92+034235.7,55617.26599,18.51,0.14,140.49568,3.70992
092158.92+034235.7,55617.27398,18.36,0.13,140.49556,3.70992
092158.92+034235.7,55574.32845,18.33,0.13,140.49574,3.70997
092158.92+034235.7,55574.33624,18.35,0.13,140.49575,3.70989
092158.92+034235.7,55574.34714,18.17,0.12,140.49574,3.71003
092158.92+034235.7,55574.35502,18.17,0.12,140.49589,3.70997
092158.92+034235.7,55586.34804,18.67,0.16,140.49572,3.71006
092158.92+034235.7,55586.35501,18.23,0.12,140.4958,3.70991
092158.92+034235.7,55586.36189,18.34,0.13,140.49579,3.71014
092158.92+034235.7,55586.36881,18.47,0.14,140.49588,3.70991
092158.92+034235.7,55587.29474,18.37,0.13,140.4959,3.71013
092158.92+034235.7,55587.30168,18.52,0.14,140.49563,3.70988
092158.92+034235.7,55587.3086,18.37,0.13,140.49565,3.70992
092158.92+034235.7,55587.31554,18.44,0.13,140.49577,3.7099
092158.92+034235.7,55626.16724,18.19,0.13,140.49566,3.71004
092158.92+034235.7,55626.17295,18.23,0.13,140.49604,3.71008
092158.92+034235.7,55626.17873,18.65,0.15,140.49571,3.7099
092158.92+034235.7,55626.18451,18.37,0.14,140.49585,3.71015
092158.92+034235.7,55633.2313,18.18,0.12,140.49543,3.71002
092158.92+034235.7,55633.23638,18.36,0.13,140.49584,3.70993
092158.92+034235.7,55633.24158,18.63,0.16,140.49578,3.71012
092158.92+034235.7,55633.24676,18.45,0.15,140.49563,3.7099
092158.92+034235.7,55646.13947,18.35,0.13,140.49576,3.7099
092158.92+034235.7,55646.14637,18.51,0.14,140.49576,3.70997
092158.92+034235.7,55646.15328,18.16,0.12,140.49581,3.70996
092158.92+034235.7,55646.16021,18.41,0.13,140.49563,3.70997
092158.92+034235.7,55695.16885,18.08,0.13,140.49557,3.70968
092158.92+034235.7,55695.17708,18.08,0.14,140.49611,3.70996
092158.92+034235.7,55695.18536,18.8,0.19,140.49582,3.70946
092158.92+034235.7,55695.19368,18.93,0.2,140.49547,3.7098
092158.92+034235.7,55867.50789,18.29,0.12,140.49599,3.70986
092158.92+034235.7,55867.51239,18.31,0.12,140.49572,3.7098
092158.92+034235.7,55867.51696,18.26,0.12,140.49577,3.70998
092158.92+034235.7,55867.52139,18.38,0.13,140.49583,3.71014
092158.92+034235.7,55922.37357,18.21,0.12,140.49558,3.71016
092158.92+034235.7,55922.38096,18.04,0.11,140.49571,3.70987
092158.92+034235.7,55922.38822,18.61,0.14,140.4957,3.70981
092158.92+034235.7,55922.39554,18.32,0.12,140.49586,3.70985
092158.92+034235.7,55929.30102,18.44,0.13,140.49577,3.70992
092158.92+034235.7,55929.30951,18.63,0.14,140.49564,3.70988
092158.92+034235.7,55929.31803,18.26,0.12,140.49581,3.71009
092158.92+034235.7,55929.32652,18.32,0.13,140.49571,3.71008
092158.92+034235.7,55958.27781,18.34,0.13,140.49589,3.70969
092158.92+034235.7,55958.28286,18.35,0.13,140.4957,3.70998
092158.92+034235.7,55958.28803,18.1,0.11,140.49577,3.70991
092158.92+034235.7,55958.29314,18.52,0.13,140.49566,3.71002
092158.92+034235.7,55968.26685,18.27,0.12,140.4956,3.71005
092158.92+034235.7,55968.27532,18.27,0.12,140.49581,3.71001
092158.92+034235.7,55968.28369,18.32,0.12,140.49595,3.70996
092158.92+034235.7,55968.29217,18.19,0.12,140.49594,3.70996
092158.92+034235.7,55982.24918,18.23,0.11,140.496,3.7103
092158.92+034235.7,55982.25531,18.41,0.12,140.49571,3.70997
092158.92+034235.7,55982.26144,18.4,0.11,140.49574,3.70992
092158.92+034235.7,55982.26757,18.28,0.11,140.49582,3.7101
092158.92+034235.7,55988.1487,18.18,0.12,140.49565,3.7099
092158.92+034235.7,55988.15384,18.47,0.13,140.49572,3.71
092158.92+034235.7,55988.15894,18.37,0.13,140.4956,3.70973
092158.92+034235.7,55988.16407,18.49,0.13,140.4957,3.70986
092158.92+034235.7,56015.18923,18.39,0.13,140.49557,3.70979
092158.92+034235.7,56015.19718,18.47,0.14,140.49578,3.70994
092158.92+034235.7,56015.20507,18.19,0.12,140.49586,3.70982
092158.92+034235.7,56015.21301,18.29,0.13,140.49586,3.70978
092158.92+034235.7,56033.16789,18.34,0.13,140.49561,3.7099
092158.92+034235.7,56033.17302,18.25,0.12,140.4958,3.70993
092158.92+034235.7,56033.17813,18.28,0.13,140.49564,3.7099
092158.92+034235.7,56033.1833,18.25,0.12,140.4957,3.70978
092158.92+034235.7,56038.15979,18.55,0.12,140.49581,3.7099
092158.92+034235.7,56038.16792,18.37,0.12,140.49588,3.70998
092158.92+034235.7,56038.17604,18.52,0.12,140.49589,3.7098
092158.92+034235.7,56038.18418,18.33,0.11,140.49575,3.70982
092158.92+034235.7,56066.16589,18.66,0.15,140.49603,3.70984
092158.92+034235.7,56066.17101,18.59,0.14,140.49598,3.70968
092158.92+034235.7,56066.17621,18.6,0.14,140.49583,3.70985
092158.92+034235.7,56066.18137,18.3,0.13,140.49583,3.70956
092158.92+034235.7,56227.45998,18.62,0.16,140.49581,3.71007
092158.92+034235.7,56227.46608,17.97,0.12,140.49575,3.70981
092158.92+034235.7,56227.47211,18.63,0.16,140.49574,3.70982
092158.92+034235.7,56227.47829,18.6,0.16,140.49595,3.70995
092158.92+034235.7,56297.32119,18.51,0.14,140.49566,3.7098
092158.92+034235.7,56297.32848,18.43,0.13,140.49554,3.70998
092158.92+034235.7,56297.33597,18.45,0.13,140.49561,3.70991
092158.92+034235.7,56297.34333,18.35,0.13,140.49569,3.71001
092158.92+034235.7,56309.32938,18.31,0.13,140.49552,3.70998
092158.92+034235.7,56309.33581,18.34,0.13,140.49554,3.70972
092158.92+034235.7,56309.34233,18.15,0.12,140.49561,3.71001
092158.92+034235.7,56309.34907,18.3,0.12,140.4957,3.70995
092158.92+034235.7,56324.43248,18.51,0.14,140.49559,3.70996
092158.92+034235.7,56324.43757,18.41,0.13,140.4956,3.71026
092158.92+034235.7,56324.44267,18.41,0.13,140.49573,3.70996
092158.92+034235.7,56324.44779,18.18,0.12,140.49573,3.70997
092158.92+034235.7,56330.30918,18.56,0.14,140.49577,3.70983
092158.92+034235.7,56330.31484,18.43,0.13,140.49572,3.70998
092158.92+034235.7,56330.3205,18.32,0.13,140.49563,3.70996
092158.92+034235.7,56330.32615,18.52,0.14,140.49562,3.7099
092158.92+034235.7,56340.2534,18.26,0.12,140.49582,3.7097
092158.92+034235.7,56340.26007,18.36,0.13,140.49596,3.71008
092158.92+034235.7,56340.2669,18.4,0.13,140.49559,3.70999
092158.92+034235.7,56340.27367,18.4,0.13,140.49578,3.71005
092158.92+034235.7,56352.23477,18.45,0.13,140.4956,3.70981
092158.92+034235.7,56352.24216,18.41,0.13,140.49575,3.70982
092158.92+034235.7,56352.24783,18.34,0.13,140.49567,3.70986
092158.92+034235.7,56352.2535,18.08,0.12,140.49595,3.7101
092158.92+034235.7,56366.19535,18.5,0.14,140.49575,3.70977
092158.92+034235.7,56366.20164,18.39,0.13,140.49593,3.7099
092158.92+034235.7,56366.20796,18.29,0.13,140.49576,3.7101
092158.92+034235.7,56366.2142,18.45,0.13,140.49569,3.70994
092158.92+034235.7,55946.23215,18.21,0.12,140.49588,3.71
092158.92+034235.7,55946.23662,18.21,0.12,140.49583,3.70996
092158.92+034235.7,55946.2412,18.35,0.13,140.49583,3.70938
092158.92+034235.7,55946.24568,18.37,0.13,140.49578,3.71
092158.92+034235.7,56427.15206,18.29,0.12,140.49545,3.71
092158.92+034235.7,56427.15876,18.24,0.12,140.49571,3.70993
092158.92+034235.7,56427.16556,18.25,0.12,140.4956,3.70996
092158.92+034235.7,56427.17238,18.38,0.12,140.49574,3.71001
164331.90+304835.5,53470.41639,17.05,0.09,250.88293,30.81005
164331.90+304835.5,53470.42359,17.05,0.09,250.88302,30.81
164331.90+304835.5,53470.43076,16.98,0.08,250.883,30.81012
164331.90+304835.5,53470.43797,16.99,0.09,250.88308,30.81004
164331.90+304835.5,53479.37856,17.08,0.08,250.88305,30.80993
164331.90+304835.5,53479.38725,17.06,0.08,250.88307,30.81
164331.90+304835.5,53479.39593,17.08,0.08,250.88296,30.81005
164331.90+304835.5,53479.40464,16.93,0.08,250.88301,30.80995
164331.90+304835.5,53557.27373,16.96,0.08,250.88306,30.81005
164331.90+304835.5,53557.28026,16.94,0.08,250.88301,30.81007
164331.90+304835.5,53557.28677,16.97,0.08,250.88293,30.80998
164331.90+304835.5,53557.29329,16.91,0.08,250.88308,30.81006
164331.90+304835.5,53562.24919,17.06,0.08,250.88296,30.81005
164331.90+304835.5,53562.25628,16.96,0.08,250.88298,30.81013
164331.90+304835.5,53562.26336,16.94,0.08,250.88296,30.81009
164331.90+304835.5,53527.36915,16.97,0.08,250.88298,30.81
164331.90+304835.5,53527.37795,16.87,0.08,250.88299,30.81007
164331.90+304835.5,53527.38668,16.95,0.08,250.88302,30.81006
164331.90+304835.5,53527.39537,16.91,0.08,250.88301,30.81003
164331.90+304835.5,53549.28244,16.91,0.08,250.88297,30.81007
164331.90+304835.5,53549.28896,16.86,0.08,250.88302,30.81008
164331.90+304835.5,53549.29547,16.85,0.08,250.88306,30.80996
164331.90+304835.5,53549.30203,16.9,0.08,250.88303,30.81001
164331.90+304835.5,53497.35428,16.95,0.08,250.88301,30.81011
164331.90+304835.5,53497.36238,16.92,0.08,250.88296,30.81012
164331.90+304835.5,53497.37042,16.99,0.08,250.88304,30.8101
164331.90+304835.5,53497.37848,16.99,0.08,250.88302,30.81008
164331.90+304835.5,53506.39169,16.97,0.09,250.88304,30.81005
164331.90+304835.5,53506.39844,16.97,0.09,250.88297,30.80998
164331.90+304835.5,53506.40528,16.86,0.08,250.88294,30.80997
164331.90+304835.5,53506.41202,16.97,0.09,250.88299,30.81004
164331.90+304835.5,53654.09348,16.68,0.08,250.88297,30.81006
164331.90+304835.5,53654.09823,16.88,0.08,250.88288,30.81016
164331.90+304835.5,53654.10299,16.84,0.08,250.88299,30.81006
164331.90+304835.5,53654.10775,16.81,0.08,250.88295,30.81008
164331.90+304835.5,53627.12269,16.96,0.09,250.88292,30.81005
164331.90+304835.5,53627.12921,17.0,0.09,250.88298,30.81004
164331.90+304835.5,53627.13573,17.0,0.09,250.88303,30.81006
164331.90+304835.5,53627.14226,17.06,0.09,250.88304,30.81008
164331.90+304835.5,53851.37524,16.9,0.08,250.88303,30.81004
164331.90+304835.5,53851.3826,16.95,0.08,250.88301,30.81003
164331.90+304835.5,53851.38996,16.96,0.08,250.88303,30.81008
164331.90+304835.5,53851.39734,16.97,0.08,250.88308,30.81004
164331.90+304835.5,53925.3537,16.93,0.17,250.88282,30.80993
164331.90+304835.5,53925.35529,17.1,0.19,250.8832,30.81001
164331.90+304835.5,53925.35678,16.79,0.16,250.88341,30.81012
164331.90+304835.5,53925.35835,17.04,0.18,250.88311,30.80997
164331.90+304835.5,53900.29634,17.04,0.19,250.88316,30.81005
164331.90+304835.5,53900.29731,16.87,0.17,250.88295,30.81009
164331.90+304835.5,53900.2983,16.76,0.17,250.88314,30.80991
164331.90+304835.5,53900.29928,16.78,0.17,250.88333,30.81001
164331.90+304835.5,53817.50587,17.03,0.1,250.88296,30.81006
164331.90+304835.5,53817.50807,16.82,0.1,250.88293,30.81002
164331.90+304835.5,53817.51022,17.0,0.1,250.88293,30.81002
164331.90+304835.5,53817.51244,17.01,0.1,250.88301,30.81001
164331.90+304835.5,53859.41365,17.02,0.08,250.88302,30.80999
164331.90+304835.5,53859.42171,16.99,0.08,250.88303,30.80999
164331.90+304835.5,53859.42977,16.81,0.08,250.88306,30.81001
164331.90+304835.5,53859.43783,16.88,0.08,250.88305,30.81
164331.90+304835.5,53866.37429,17.21,0.19,250.88327,30.80986
164331.90+304835.5,53866.3751,17.16,0.19,250.88294,30.81003
164331.90+304835.5,53866.37597,16.97,0.17,250.88293,30.81017
164331.90+304835.5,53866.37696,17.15,0.19,250.88304,30.81011
164331.90+304835.5,53874.39421,16.98,0.17,250.8831,30.8101
164331.90+304835.5,53874.39497,17.08,0.18,250.883,30.81004
164331.90+304835.5,53874.39571,17.07,0.18,250.88306,30.81011
164331.90+304835.5,53874.39646,16.93,0.17,250.88296,30.81008
164331.90+304835.5,53879.40181,17.02,0.08,250.88308,30.81003
164331.90+304835.5,53879.41133,16.94,0.08,250.88301,30.81008
164331.90+304835.5,53879.42085,16.92,0.08,250.88304,30.81
164331.90+304835.5,53879.43028,16.93,0.08,250.88301,30.80997
164331.90+304835.5,53886.25665,16.98,0.08,250.88314,30.81004
164331.90+304835.5,53886.26732,16.9,0.08,250.883,30.81007
164331.90+304835.5,53886.278,16.91,0.08,250.883,30.81007
164331.90+304835.5,53886.28865,16.9,0.08,250.88307,30.81001
164331.90+304835.5,54035.09056,17.06,0.08,250.88298,30.81015
164331.90+304835.5,54035.09537,17.12,0.08,250.88292,30.8101
164331.90+304835.5,54035.10018,17.14,0.08,250.88298,30.81009
164331.90+304835.5,54035.10498,16.94,0.08,250.88289,30.81011
164331.90+304835.5,53995.11809,16.98,0.08,250.88294,30.81005
164331.90+304835.5,53995.1278,17.04,0.08,250.88299,30.81013
164331.90+304835.5,53995.13742,16.87,0.08,250.883,30.81014
164331.90+304835.5,53995.14708,16.93,0.08,250.88294,30.81008
164331.90+304835.5,54008.11135,17.02,0.09,250.88309,30.81007
164331.90+304835.5,54008.11859,16.91,0.09,250.88315,30.8101
164331.90+304835.5,54008.12584,17.1,0.09,250.88302,30.81009
164331.90+304835.5,54008.13308,16.95,0.09,250.88297,30.81021
164331.90+304835.5,54212.31199,17.31,0.09,250.88308,30.81014
164331.90+304835.5,54212.32078,17.06,0.08,250.88306,30.81007
164331.90+304835.5,54212.3296,17.11,0.08,250.88306,30.81001
164331.90+304835.5,54212.33837,17.12,0.08,250.88301,30.81
164331.90+304835.5,54140.5419,16.99,0.21,250.88298,30.81015
164331.90+304835.5,54140.54345,17.2,0.22,250.88305,30.80998
164331.90+304835.5,54140.54502,16.56,0.16,250.883,30.81004
164331.90+304835.5,54140.5466,16.81,0.18,250.88318,30.81008
164331.90+304835.5,54294.26479,17.16,0.09,250.88301,30.81009
164331.90+304835.5,54294.26964,17.07,0.09,250.88299,30.81007
164331.90+304835.5,54294.27453,17.09,0.09,250.88292,30.8101
164331.90+304835.5,54294.27938,17.01,0.09,250.88295,30.81021
164331.90+304835.5,54258.33233,17.03,0.08,250.88304,30.81007
164331.90+304835.5,54258.33887,17.03,0.08,250.88303,30.81007
164331.90+304835.5,54258.34539,16.99,0.08,250.88297,30.81004
164331.90+304835.5,54258.35191,16.96,0.08,250.883,30.81
164331.90+304835.5,54269.33902,16.98,0.08,250.88301,30.81017
164331.90+304835.5,54269.34548,17.07,0.08,250.88296,30.81009
164331.90+304835.5,54269.35194,17.0,0.08,250.88306,30.8101
164331.90+304835.5,54269.35839,16.89,0.08,250.88291,30.81003
164331.90+304835.5,54176.45704,17.03,0.08,250.88303,30.80997
164331.90+304835.5,54176.46574,17.04,0.08,250.88303,30.81
164331.90+304835.5,54176.47443,17.0,0.08,250.88303,30.81004
164331.90+304835.5,54176.48308,17.0,0.08,250.883,30.81003
164331.90+304835.5,54186.45898,17.17,0.1,250.88297,30.80993
164331.90+304835.5,54186.46091,16.83,0.09,250.88288,30.80992
164331.90+304835.5,54186.46282,17.06,0.09,250.88299,30.81005
164331.90+304835.5,54186.46472,17.5,0.11,250.88286,30.81015
164331.90+304835.5,54234.26903,16.97,0.1,250.88291,30.81008
164331.90+304835.5,54234.27295,17.0,0.09,250.88297,30.8101
164331.90+304835.5,54234.27692,16.92,0.09,250.88295,30.8102
164331.90+304835.5,54234.28087,17.37,0.15,250.88281,30.80992
164331.90+304835.5,54244.37639,16.96,0.08,250.88309,30.8101
164331.90+304835.5,54244.38368,16.95,0.08,250.88298,30.81004
164331.90+304835.5,54244.39098,17.05,0.08,250.88301,30.81008
164331.90+304835.5,54244.3983,17.05,0.08,250.88299,30.81015
164331.90+304835.5,54407.06696,16.98,0.09,250.88269,30.81005
164331.90+304835.5,54407.07084,17.08,0.1,250.88292,30.81009
164331.90+304835.5,54407.07467,16.92,0.09,250.88312,30.81006
164331.90+304835.5,54407.07854,17.18,0.1,250.88311,30.81009
164331.90+304835.5,54381.09301,17.06,0.1,250.88304,30.81025
164331.90+304835.5,54381.0959,17.14,0.11,250.88314,30.8101
164331.90+304835.5,54381.09879,17.03,0.1,250.88312,30.8102
164331.90+304835.5,54381.10168,17.15,0.11,250.88322,30.81025
164331.90+304835.5,54387.07527,16.93,0.09,250.88338,30.81015
164331.90+304835.5,54387.08042,16.84,0.09,250.88317,30.81006
164331.90+304835.5,54387.08554,16.82,0.09,250.88303,30.81018
164331.90+304835.5,54387.09068,16.95,0.09,250.88316,30.81015
164331.90+304835.5,54393.0826,17.24,0.11,250.8831,30.81006
164331.90+304835.5,54393.08476,17.21,0.11,250.88312,30.81011
164331.90+304835.5,54393.08691,17.18,0.11,250.88302,30.81018
164331.90+304835.5,54393.08907,17.14,0.11,250.88321,30.81023
164331.90+304835.5,54347.19384,16.83,0.07,250.88312,30.81031
164331.90+304835.5,54347.20112,16.87,0.07,250.88313,30.81024
164331.90+304835.5,54347.2084,16.96,0.08,250.88318,30.81031
164331.90+304835.5,54347.21566,16.96,0.08,250.88329,30.81038
164331.90+304835.5,54358.13591,17.01,0.08,250.88319,30.81015
164331.90+304835.5,54358.14246,16.94,0.08,250.88322,30.81016
164331.90+304835.5,54358.149,17.03,0.08,250.88308,30.81017
164331.90+304835.5,54358.15553,17.07,0.08,250.88306,30.81017
164331.90+304835.5,54559.4207,17.05,0.08,250.88308,30.81014
164331.90+304835.5,54559.42609,17.0,0.08,250.88305,30.81005
164331.90+304835.5,54559.43166,16.93,0.08,250.88297,30.81004
164331.90+304835.5,54559.43706,17.08,0.08,250.88314,30.81006
164331.90+304835.5,54567.45184,16.97,0.08,250.88307,30.81009
164331.90+304835.5,54567.45964,17.0,0.08,250.88302,30.80998
164331.90+304835.5,54567.46746,17.07,0.08,250.88305,30.81011
164331.90+304835.5,54567.47528,17.0,0.08,250.88301,30.80999
164331.90+304835.5,54573.40453,16.95,0.08,250.88293,30.81007
164331.90+304835.5,54573.41379,17.03,0.08,250.88296,30.81004
164331.90+304835.5,54573.42304,17.02,0.08,250.88307,30.81008
164331.90+304835.5,54573.43232,16.92,0.08,250.88298,30.81004
164331.90+304835.5,54583.35603,16.99,0.08,250.88301,30.81013
164331.90+304835.5,54583.36356,17.07,0.08,250.88298,30.81014
164331.90+304835.5,54583.37113,17.1,0.08,250.88302,30.8101
164331.90+304835.5,54583.37864,17.12,0.08,250.88302,30.81007
164331.90+304835.5,54508.48342,17.03,0.08,250.88317,30.81003
164331.90+304835.5,54508.48835,16.95,0.08,250.88303,30.81012
164331.90+304835.5,54508.49325,16.98,0.08,250.88302,30.81007
164331.90+304835.5,54508.49818,17.02,0.08,250.88307,30.81006
164331.90+304835.5,54627.31021,17.0,0.08,250.88291,30.81023
164331.90+304835.5,54627.31848,17.06,0.08,250.88306,30.81024
164331.90+304835.5,54627.32676,16.83,0.08,250.88306,30.81021
164331.90+304835.5,54627.33507,16.97,0.08,250.88307,30.81015
164331.90+304835.5,54641.36156,16.97,0.08,250.88294,30.81005
164331.90+304835.5,54641.3676,16.99,0.08,250.88301,30.81008
164331.90+304835.5,54641.37363,17.13,0.09,250.88295,30.81
164331.90+304835.5,54641.37969,17.06,0.09,250.88292,30.81005
164331.90+304835.5,54527.50783,16.93,0.08,250.8831,30.81011
164331.90+304835.5,54527.51432,16.92,0.08,250.88308,30.81017
164331.90+304835.5,54527.52084,16.93,0.08,250.88299,30.81006
164331.90+304835.5,54527.52732,17.09,0.08,250.88309,30.81011
164331.90+304835.5,54536.51665,16.97,0.08,250.88304,30.81011
164331.90+304835.5,54536.52115,16.94,0.08,250.88302,30.81005
164331.90+304835.5,54536.52573,17.04,0.08,250.88302,30.81002
164331.90+304835.5,54536.53028,17.05,0.08,250.88301,30.80998
164331.90+304835.5,54548.47423,16.91,0.08,250.88314,30.81003
164331.90+304835.5,54548.48094,16.87,0.08,250.88309,30.81016
164331.90+304835.5,54548.48774,16.98,0.08,250.88297,30.81008
164331.90+304835.5,54548.49464,17.01,0.08,250.8831,30.80992
164331.90+304835.5,54589.40346,17.23,0.09,250.88309,30.8101
164331.90+304835.5,54589.40785,17.07,0.08,250.88307,30.81004
164331.90+304835.5,54589.41224,17.12,0.08,250.88302,30.81009
164331.90+304835.5,54589.41666,17.03,0.08,250.88306,30.8101
164331.90+304835.5,54596.31003,17.01,0.08,250.88305,30.81012
164331.90+304835.5,54596.31776,17.0,0.08,250.883,30.81009
164331.90+304835.5,54596.32553,16.96,0.08,250.88306,30.81011
164331.90+304835.5,54596.33327,16.96,0.08,250.88299,30.8102
164331.90+304835.5,54747.08973,16.97,0.09,250.88333,30.81028
164331.90+304835.5,54747.09464,17.03,0.09,250.88326,30.8103
164331.90+304835.5,54747.09957,16.89,0.09,250.88318,30.81031
164331.90+304835.5,54747.10445,16.92,0.09,250.8833,30.8103
164331.90+304835.5,54718.19165,16.87,0.08,250.88315,30.81028
164331.90+304835.5,54947.4553,17.06,0.08,250.88298,30.81011
164331.90+304835.5,54947.46014,17.05,0.08,250.88302,30.81013
164331.90+304835.5,54947.46494,17.06,0.08,250.88305,30.81013
164331.90+304835.5,54947.46983,17.1,0.08,250.8831,30.8101
164331.90+304835.5,54875.50493,17.05,0.09,250.88321,30.81006
164331.90+304835.5,54875.51034,17.09,0.09,250.88305,30.81006
164331.90+304835.5,54875.51581,17.05,0.09,250.88284,30.81004
164331.90+304835.5,54875.52122,16.98,0.08,250.88306,30.81009
164331.90+304835.5,54851.53596,17.2,0.09,250.88304,30.81015
164331.90+304835.5,54851.54179,17.2,0.09,250.88303,30.81015
164331.90+304835.5,54851.54775,17.18,0.09,250.88306,30.8101
164331.90+304835.5,54851.55361,17.26,0.09,250.883,30.81011
164331.90+304835.5,55043.22621,16.93,0.09,250.88294,30.81009
164331.90+304835.5,55043.23219,17.15,0.1,250.88298,30.81018
164331.90+304835.5,55043.2382,16.98,0.09,250.88301,30.81
164331.90+304835.5,55043.24398,16.97,0.09,250.883,30.81008
164331.90+304835.5,54993.35441,17.18,0.09,250.88314,30.81012
164331.90+304835.5,54993.35972,17.11,0.09,250.88312,30.81008
164331.90+304835.5,54993.36502,17.06,0.09,250.88289,30.81012
164331.90+304835.5,54993.37045,17.0,0.09,250.88301,30.81021
164331.90+304835.5,54891.463,17.11,0.08,250.88301,30.81013
164331.90+304835.5,54891.47072,16.99,0.08,250.88301,30.81021
164331.90+304835.5,54891.47867,17.13,0.08,250.88305,30.81015
164331.90+304835.5,54891.48651,17.12,0.08,250.88302,30.81019
164331.90+304835.5,54920.37846,17.1,0.08,250.88308,30.81013
164331.90+304835.5,54920.38641,17.14,0.08,250.88306,30.81009
164331.90+304835.5,54920.40228,17.04,0.08,250.88306,30.81005
164331.90+304835.5,54966.44315,17.16,0.09,250.88297,30.81008
164331.90+304835.5,54979.3816,17.02,0.08,250.88305,30.8101
164331.90+304835.5,54979.38642,17.02,0.08,250.88288,30.81009
164331.90+304835.5,54979.39128,17.07,0.08,250.88295,30.81016
164331.90+304835.5,54979.39615,17.02,0.08,250.88299,30.81004
164331.90+304835.5,55141.06605,17.09,0.08,250.88304,30.80998
164331.90+304835.5,55141.07069,16.89,0.08,250.88312,30.8101
164331.90+304835.5,55141.07551,17.01,0.08,250.88292,30.81012
164331.90+304835.5,55141.08032,17.15,0.09,250.883,30.81026
164331.90+304835.5,55128.07801,16.92,0.09,250.88305,30.81018
164331.90+304835.5,55128.08086,16.96,0.09,250.88297,30.81009
164331.90+304835.5,55128.08377,16.99,0.09,250.88292,30.81021
164331.90+304835.5,55128.08673,16.93,0.09,250.88293,30.81013
164331.90+304835.5,55095.14634,16.82,0.08,250.88286,30.81007
164331.90+304835.5,55095.15188,16.88,0.08,250.8829,30.81009
164331.90+304835.5,55095.15741,16.97,0.08,250.88304,30.81012
164331.90+304835.5,55095.16277,16.89,0.08,250.88318,30.81013
164331.90+304835.5,55102.0944,17.0,0.09,250.88293,30.80995
164331.90+304835.5,55102.09836,16.95,0.09,250.88319,30.81012
164331.90+304835.5,55102.10232,16.91,0.09,250.88309,30.80993
164331.90+304835.5,55102.10629,17.12,0.1,250.88293,30.81007
164331.90+304835.5,55296.39907,17.16,0.08,250.88301,30.81004
164331.90+304835.5,55296.40478,17.04,0.08,250.88295,30.81001
164331.90+304835.5,55296.41057,17.06,0.08,250.88295,30.81005
164331.90+304835.5,55296.41631,17.01,0.08,250.88296,30.81009
164331.90+304835.5,55350.38163,17.06,0.09,250.88296,30.81005
164331.90+304835.5,55350.38738,17.14,0.09,250.88299,30.81003
164331.90+304835.5,55350.3931,17.18,0.09,250.88289,30.81005
164331.90+304835.5,55350.3989,16.83,0.09,250.88258,30.81012
164331.90+304835.5,55356.36752,17.1,0.08,250.88291,30.81007
164331.90+304835.5,55356.37444,17.03,0.08,250.88299,30.81007
164331.90+304835.5,55356.38141,16.96,0.08,250.88297,30.81004
164331.90+304835.5,55356.38841,17.09,0.08,250.88286,30.81
164331.90+304835.5,55363.36303,17.1,0.08,250.88297,30.81
164331.90+304835.5,55363.3682,16.95,0.08,250.88287,30.81008
164331.90+304835.5,55363.37341,17.34,0.09,250.88299,30.81007
164331.90+304835.5,55363.37863,16.99,0.08,250.88286,30.8101
164331.90+304835.5,55368.20387,17.19,0.09,250.88293,30.81
164331.90+304835.5,55368.20955,17.15,0.09,250.88301,30.81011
164331.90+304835.5,55368.21532,16.88,0.08,250.88296,30.80999
164331.90+304835.5,55368.22103,17.04,0.08,250.88296,30.81012
164331.90+304835.5,55273.45967,16.93,0.08,250.88295,30.81008
164331.90+304835.5,55273.46488,17.14,0.08,250.88291,30.81007
164331.90+304835.5,55273.47012,17.07,0.08,250.88303,30.81
164331.90+304835.5,55273.47535,17.03,0.08,250.883,30.81001
164331.90+304835.5,55280.40921,17.02,0.08,250.88291,30.8101
164331.90+304835.5,55280.41611,17.03,0.08,250.88303,30.81003
164331.90+304835.5,55280.42301,17.01,0.08,250.883,30.81004
164331.90+304835.5,55280.42995,17.11,0.08,250.883,30.81005
164331.90+304835.5,55329.27444,17.05,0.08,250.88303,30.81005
164331.90+304835.5,55329.28129,16.89,0.08,250.88296,30.81007
164331.90+304835.5,55329.28821,17.07,0.08,250.883,30.81004
164331.90+304835.5,55329.29502,17.0,0.08,250.88305,30.81006
164331.90+304835.5,55340.30234,17.16,0.09,250.88291,30.81008
164331.90+304835.5,55340.30744,16.98,0.08,250.88295,30.81016
164331.90+304835.5,55340.3126,17.04,0.08,250.883,30.81024
164331.90+304835.5,55340.31774,16.94,0.08,250.88298,30.81007
164331.90+304835.5,55454.16048,17.18,0.09,250.88334,30.81009
164331.90+304835.5,55454.17543,17.02,0.08,250.88343,30.81005
164331.90+304835.5,55454.18286,16.91,0.08,250.88339,30.81004
164331.90+304835.5,55676.40442,17.13,0.09,250.88296,30.81009
164331.90+304835.5,55676.41193,17.68,0.15,250.88286,30.81007
164331.90+304835.5,55676.41951,17.42,0.13,250.8829,30.81003
164331.90+304835.5,55676.42691,17.22,0.09,250.8829,30.81006
164331.90+304835.5,55713.2891,17.06,0.09,250.88294,30.81026
164331.90+304835.5,55713.29361,16.79,0.1,250.883,30.81027
164331.90+304835.5,55713.30759,17.36,0.13,250.88283,30.81032
164331.90+304835.5,55713.3122,17.01,0.09,250.88302,30.81036
164331.90+304835.5,55720.33251,17.08,0.08,250.88306,30.81021
164331.90+304835.5,55720.33826,16.94,0.08,250.88299,30.81026
164331.90+304835.5,55720.3441,17.01,0.08,250.883,30.81021
164331.90+304835.5,55720.34989,17.04,0.08,250.88297,30.81023
164331.90+304835.5,55629.52431,16.94,0.1,250.88314,30.81024
164331.90+304835.5,55629.52596,16.91,0.1,250.8832,30.81034
164331.90+304835.5,55629.52755,16.98,0.1,250.88301,30.81034
164331.90+304835.5,55629.52924,17.07,0.11,250.88312,30.81044
164331.90+304835.5,55648.41951,17.07,0.08,250.88291,30.81015
164331.90+304835.5,55648.42811,17.09,0.08,250.88292,30.81023
164331.90+304835.5,55648.43672,17.06,0.08,250.88289,30.81013
164331.90+304835.5,55648.44532,17.11,0.09,250.88292,30.81019
164331.90+304835.5,55688.36925,17.04,0.08,250.88307,30.8102
164331.90+304835.5,55688.37538,17.07,0.09,250.88302,30.81022
164331.90+304835.5,55688.38152,17.03,0.08,250.88301,30.81033
164331.90+304835.5,55688.38768,17.08,0.09,250.88311,30.81016
164331.90+304835.5,55701.41768,17.09,0.09,250.88299,30.8102
164331.90+304835.5,55701.4245,17.14,0.09,250.88303,30.81015
164331.90+304835.5,55701.43133,17.18,0.09,250.88291,30.81031
164331.90+304835.5,55701.43813,17.09,0.09,250.88298,30.81015
164331.90+304835.5,54387.0997,17.07,0.09,250.88308,30.81028
164331.90+304835.5,54387.10485,16.9,0.09,250.88313,30.81024
164331.90+304835.5,54387.11,17.14,0.1,250.88302,30.81036
164331.90+304835.5,54387.11514,16.94,0.09,250.88316,30.81036
164331.90+304835.5,54966.44905,17.07,0.08,250.88301,30.81009
164331.90+304835.5,54966.45676,17.02,0.08,250.88304,30.81007
164331.90+304835.5,54966.46472,17.01,0.08,250.88294,30.81007
164331.90+304835.5,54966.47263,17.0,0.08,250.88296,30.8101
164331.90+304835.5,55822.12404,17.02,0.08,250.8831,30.80995
164331.90+304835.5,55822.13171,17.02,0.08,250.88317,30.81004
164331.90+304835.5,55822.13877,17.02,0.08,250.88311,30.81003
164331.90+304835.5,55822.14568,17.0,0.08,250.88328,30.80994
164331.90+304835.5,55853.08696,17.0,0.08,250.88312,30.81003
164331.90+304835.5,55853.092,17.11,0.08,250.88307,30.80999
164331.90+304835.5,55853.09713,16.96,0.08,250.88306,30.81003
164331.90+304835.5,55853.1023,17.13,0.08,250.88296,30.81
164331.90+304835.5,56007.42321,17.15,0.08,250.88306,30.81002
164331.90+304835.5,56007.43341,17.18,0.08,250.8831,30.81002
164331.90+304835.5,56007.44363,17.15,0.08,250.88304,30.80999
164331.90+304835.5,56007.45397,17.14,0.08,250.88305,30.80996
164331.90+304835.5,56019.44832,17.12,0.08,250.88301,30.81003
164331.90+304835.5,56019.45721,17.11,0.08,250.8831,30.81008
164331.90+304835.5,56019.46627,16.97,0.08,250.88298,30.81002
164331.90+304835.5,56019.47538,17.15,0.09,250.88317,30.80999
164331.90+304835.5,56041.39388,17.01,0.08,250.88302,30.81007
164331.90+304835.5,56041.39895,17.12,0.09,250.8831,30.81001
164331.90+304835.5,56041.40407,17.13,0.09,250.88304,30.81004
164331.90+304835.5,56041.40907,17.13,0.09,250.88304,30.80995
164331.90+304835.5,56047.28104,17.18,0.09,250.88316,30.81017
164331.90+304835.5,56047.2868,17.05,0.08,250.8829,30.81004
164331.90+304835.5,56047.29259,17.04,0.08,250.88299,30.81006
164331.90+304835.5,56047.29827,17.0,0.08,250.88287,30.81009
164331.90+304835.5,56063.40398,17.09,0.08,250.88305,30.81002
164331.90+304835.5,56063.41077,17.11,0.08,250.88307,30.80997
164331.90+304835.5,56063.41764,17.11,0.08,250.88303,30.81004
164331.90+304835.5,56063.42447,17.06,0.08,250.88307,30.80996
164331.90+304835.5,56072.34537,17.19,0.08,250.88307,30.80996
164331.90+304835.5,56072.35045,17.19,0.08,250.88305,30.80993
164331.90+304835.5,56072.35552,17.12,0.08,250.88302,30.80992
164331.90+304835.5,56072.36057,17.16,0.08,250.88299,30.80998
164331.90+304835.5,56086.42776,17.07,0.08,250.883,30.81004
164331.90+304835.5,56086.43286,17.13,0.08,250.88299,30.81
164331.90+304835.5,56086.438,17.16,0.09,250.88298,30.80999
164331.90+304835.5,56086.44318,17.15,0.09,250.88307,30.81009
164331.90+304835.5,56093.29817,17.17,0.09,250.88295,30.81001
164331.90+304835.5,56093.30663,17.11,0.08,250.88306,30.80997
164331.90+304835.5,56093.31521,17.11,0.08,250.88315,30.81001
164331.90+304835.5,56093.32365,17.13,0.09,250.88299,30.81
164331.90+304835.5,56099.24943,17.06,0.08,250.88314,30.81003
164331.90+304835.5,56099.25799,17.09,0.08,250.88316,30.8101
164331.90+304835.5,56099.26658,17.06,0.08,250.88313,30.81009
164331.90+304835.5,56099.27511,17.13,0.09,250.88323,30.81007
164331.90+304835.5,56187.18006,17.05,0.08,250.88296,30.81012
164331.90+304835.5,56187.18485,16.95,0.08,250.88304,30.81013
164331.90+304835.5,56187.18965,16.97,0.08,250.88295,30.81013
164331.90+304835.5,56187.19439,17.03,0.08,250.88292,30.81005
164331.90+304835.5,56194.14313,16.98,0.08,250.88303,30.81018
164331.90+304835.5,56194.14658,17.22,0.08,250.88298,30.81
164331.90+304835.5,56194.15001,16.96,0.08,250.88318,30.81006
164331.90+304835.5,56194.15341,16.98,0.08,250.88293,30.81011
164331.90+304835.5,56215.08668,17.15,0.09,250.88303,30.8101
164331.90+304835.5,56215.0912,17.09,0.09,250.88305,30.81017
164331.90+304835.5,56215.0957,17.07,0.08,250.88292,30.8101
164331.90+304835.5,56215.10019,17.14,0.09,250.88304,30.81008
164331.90+304835.5,56221.08697,17.09,0.08,250.88292,30.8101
164331.90+304835.5,56221.09308,17.19,0.08,250.88297,30.81014
164331.90+304835.5,56221.09917,17.02,0.08,250.88306,30.81013
164331.90+304835.5,56221.10525,17.1,0.08,250.88296,30.81008
164331.90+304835.5,56374.43812,17.69,0.1,250.88275,30.81022
164331.90+304835.5,56374.44551,17.23,0.09,250.88302,30.81017
164331.90+304835.5,56374.45291,17.17,0.09,250.88297,30.81009
164331.90+304835.5,56374.4603,17.17,0.09,250.88321,30.81011
164331.90+304835.5,56395.42791,17.04,0.08,250.88298,30.81015
164331.90+304835.5,56395.43472,17.06,0.08,250.88309,30.81011
164331.90+304835.5,56395.44154,17.06,0.08,250.88314,30.8102
164331.90+304835.5,56395.44842,17.13,0.09,250.8831,30.81009
164331.90+304835.5,56417.33168,17.09,0.09,250.883,30.81006
164331.90+304835.5,56417.33771,17.07,0.09,250.88301,30.8101
164331.90+304835.5,56417.34286,17.04,0.09,250.88308,30.81013
164331.90+304835.5,56417.34798,17.18,0.09,250.88309,30.81016
164331.90+304835.5,56429.24344,17.24,0.09,250.88309,30.81013
164331.90+304835.5,56429.24851,17.17,0.09,250.88297,30.80998
164331.90+304835.5,56429.25358,17.12,0.09,250.8831,30.81005
164331.90+304835.5,56429.2587,17.23,0.1,250.88307,30.81012
164331.90+304835.5,56443.38775,17.03,0.09,250.88299,30.8102
164331.90+304835.5,56443.39462,17.23,0.09,250.88302,30.81009
164331.90+304835.5,56443.40143,17.02,0.09,250.88293,30.81009
164331.90+304835.5,56443.40823,17.13,0.09,250.88296,30.81011
164331.90+304835.5,56451.33444,17.21,0.09,250.88305,30.81007
164331.90+304835.5,56451.34065,17.21,0.09,250.88302,30.81006
164331.90+304835.5,56451.34693,17.17,0.09,250.88301,30.81011
164331.90+304835.5,56451.35314,17.13,0.09,250.88303,30.81013
164331.90+304835.5,56459.35124,17.27,0.09,250.88291,30.81015
164331.90+304835.5,56459.36024,17.22,0.09,250.88304,30.81011
164331.90+304835.5,56459.36935,17.24,0.09,250.883,30.81017
164331.90+304835.5,56459.37845,17.23,0.09,250.88301,30.81009
164331.90+304835.5,56470.35499,17.18,0.09,250.88305,30.8101
164331.90+304835.5,56470.36235,17.13,0.09,250.88303,30.81019
164331.90+304835.5,56470.36975,17.2,0.09,250.88309,30.81012
164331.90+304835.5,56470.37714,17.24,0.09,250.88305,30.81015
164331.90+304835.5,56536.15096,17.02,0.09,250.88305,30.8101
164331.90+304835.5,56536.15765,17.21,0.09,250.88298,30.81003
164331.90+304835.5,56536.16435,17.09,0.09,250.88304,30.81005
164331.90+304835.5,56536.17113,16.99,0.08,250.88308,30.80998
164331.90+304835.5,56567.13298,17.29,0.09,250.88307,30.81003
164331.90+304835.5,56567.13968,17.16,0.09,250.88296,30.81003
164331.90+304835.5,56567.14638,17.24,0.09,250.88307,30.81002
164331.90+304835.5,56567.15307,17.16,0.09,250.88306,30.81003
164331.90+304835.5,56587.08061,17.24,0.08,250.88292,30.81004
164331.90+304835.5,56587.08743,17.23,0.08,250.88307,30.81002
164331.90+304835.5,56587.09426,17.21,0.08,250.88301,30.81005
164331.90+304835.5,56587.10109,17.08,0.08,250.88303,30.80996
083325.69+391204.7,53706.39041,18.05,0.12,128.35704,39.20139
083325.69+391204.7,53706.40067,17.7,0.11,128.35697,39.20135
083325.69+391204.7,53706.41162,18.01,0.11,128.35704,39.20139
083325.69+391204.7,53712.34031,17.84,0.11,128.35721,39.20133
083325.69+391204.7,53725.47995,18.01,0.11,128.35706,39.20153
083325.69+391204.7,53725.48786,18.14,0.12,128.357,39.20148
083325.69+391204.7,53725.49579,17.98,0.11,128.35713,39.20143
083325.69+391204.7,53725.50366,18.05,0.11,128.35707,39.20141
083325.69+391204.7,53734.29909,18.04,0.11,128.35693,39.2014
083325.69+391204.7,53734.30616,17.97,0.11,128.35711,39.20145
083325.69+391204.7,53734.32026,17.87,0.11,128.35696,39.20123
083325.69+391204.7,53678.39939,18.05,0.12,128.35695,39.20135
083325.69+391204.7,53678.40604,17.87,0.11,128.35719,39.20131
083325.69+391204.7,53678.41263,17.87,0.11,128.35695,39.20141
083325.69+391204.7,53678.41924,17.92,0.11,128.35712,39.20129
083325.69+391204.7,53687.41469,18.06,0.12,128.35701,39.20133
083325.69+391204.7,53687.4207,18.04,0.11,128.35704,39.20138
083325.69+391204.7,53687.42679,17.89,0.11,128.3572,39.20137
083325.69+391204.7,53687.43298,17.94,0.11,128.3572,39.20133
083325.69+391204.7,53854.16383,18.01,0.12,128.35698,39.20154
083325.69+391204.7,53854.17034,17.88,0.11,128.357,39.20138
083325.69+391204.7,53854.17682,18.1,0.12,128.35708,39.20137
083325.69+391204.7,54089.32046,18.03,0.11,128.35712,39.20136
083325.69+391204.7,54089.32767,17.97,0.11,128.35695,39.2013
083325.69+391204.7,54089.33479,18.02,0.11,128.35705,39.20133
083325.69+391204.7,54089.34199,18.0,0.11,128.35708,39.20148
083325.69+391204.7,53770.1995,17.97,0.11,128.35706,39.20141
083325.69+391204.7,53770.20674,18.0,0.11,128.35696,39.20143
083325.69+391204.7,53770.21399,17.93,0.11,128.35701,39.20131
083325.69+391204.7,53770.22122,17.96,0.11,128.35698,39.2014
083325.69+391204.7,53788.12768,17.98,0.13,128.35709,39.20135
083325.69+391204.7,53788.13422,17.98,0.12,128.35714,39.20137
083325.69+391204.7,53788.14108,17.94,0.12,128.3571,39.20133
083325.69+391204.7,53788.14765,18.02,0.12,128.35696,39.20149
083325.69+391204.7,53741.31444,17.9,0.11,128.35706,39.20135
083325.69+391204.7,53741.32156,18.01,0.11,128.35696,39.20147
083325.69+391204.7,53757.29102,17.88,0.11,128.35705,39.20141
083325.69+391204.7,53757.29814,17.95,0.11,128.35696,39.20147
083325.69+391204.7,53762.23154,17.81,0.11,128.35688,39.20138
083325.69+391204.7,53762.23801,17.8,0.11,128.35692,39.20126
083325.69+391204.7,53762.25097,17.95,0.11,128.35709,39.20129
083325.69+391204.7,53797.22852,18.0,0.11,128.35691,39.20139
083325.69+391204.7,53797.23694,18.04,0.11,128.35701,39.20143
083325.69+391204.7,53797.2533,18.03,0.11,128.35695,39.20147
083325.69+391204.7,53819.16,18.01,0.11,128.35692,39.20131
083325.69+391204.7,53819.1664,18.03,0.11,128.35714,39.20133
083325.69+391204.7,53819.17277,17.94,0.11,128.357,39.20143
083325.69+391204.7,53819.17905,18.02,0.12,128.35706,39.2014
083325.69+391204.7,54059.38853,18.08,0.11,128.35712,39.20151
083325.69+391204.7,54059.39446,18.07,0.11,128.35698,39.20141
083325.69+391204.7,54059.40039,17.96,0.11,128.35713,39.20136
083325.69+391204.7,54059.4063,18.07,0.11,128.35699,39.20147
083325.69+391204.7,54035.42615,18.17,0.11,128.35709,39.20135
083325.69+391204.7,54035.43274,17.89,0.1,128.35713,39.20123
083325.69+391204.7,54035.43929,18.0,0.11,128.35702,39.2014
083325.69+391204.7,54035.44584,17.96,0.11,128.35665,39.20139
083325.69+391204.7,54209.137,18.19,0.12,128.35681,39.2014
083325.69+391204.7,54209.14402,18.12,0.12,128.35682,39.2014
083325.69+391204.7,54209.151,17.82,0.1,128.35701,39.20141
083325.69+391204.7,54209.15802,17.98,0.11,128.35691,39.20135
083325.69+391204.7,54450.31723,17.94,0.11,128.35717,39.20149
083325.69+391204.7,54450.32394,18.03,0.11,128.35707,39.20151
083325.69+391204.7,54450.33063,18.12,0.11,128.35689,39.20155
083325.69+391204.7,54450.33731,18.15,0.11,128.35702,39.20139
083325.69+391204.7,54156.17525,18.11,0.12,128.35695,39.2014
083325.69+391204.7,54156.18249,18.2,0.13,128.35712,39.20147
083325.69+391204.7,54156.19969,18.09,0.12,128.35701,39.20145
083325.69+391204.7,54156.20697,18.11,0.12,128.35681,39.20139
083325.69+391204.7,54170.25012,17.97,0.11,128.35686,39.20144
083325.69+391204.7,54170.25728,18.06,0.11,128.35713,39.20146
083325.69+391204.7,54170.26439,17.99,0.11,128.35711,39.20142
083325.69+391204.7,54170.27151,17.95,0.11,128.35696,39.20139
083325.69+391204.7,54176.10229,18.15,0.12,128.35707,39.2014
083325.69+391204.7,54176.10992,18.06,0.11,128.35689,39.20148
083325.69+391204.7,54176.11769,18.03,0.11,128.35698,39.20153
083325.69+391204.7,54176.12588,18.22,0.12,128.35696,39.20135
083325.69+391204.7,54237.13619,18.12,0.12,128.35698,39.20167
083325.69+391204.7,54237.14267,18.0,0.12,128.35707,39.20156
083325.69+391204.7,54237.14918,18.11,0.12,128.35703,39.20154
083325.69+391204.7,54237.15569,18.0,0.12,128.35713,39.20156
083325.69+391204.7,54409.40966,18.01,0.11,128.35704,39.20145
083325.69+391204.7,54409.42579,17.98,0.11,128.35715,39.20153
083325.69+391204.7,54409.44197,18.04,0.11,128.35718,39.20146
083325.69+391204.7,54409.4581,17.95,0.11,128.35713,39.2013
083325.69+391204.7,54416.34761,18.19,0.12,128.35707,39.20144
083325.69+391204.7,54416.35478,18.04,0.11,128.35695,39.20143
083325.69+391204.7,54416.36201,18.09,0.11,128.35697,39.20148
083325.69+391204.7,54416.36923,17.92,0.11,128.3571,39.20137
083325.69+391204.7,54424.4266,17.78,0.1,128.35683,39.20148
083325.69+391204.7,54424.43316,18.12,0.11,128.35711,39.20142
083325.69+391204.7,54424.43972,18.25,0.12,128.35697,39.2016
083325.69+391204.7,54424.44623,17.94,0.11,128.35711,39.20142
083325.69+391204.7,54382.45813,18.05,0.11,128.35696,39.20144
083325.69+391204.7,54382.46795,18.24,0.12,128.35705,39.20149
083325.69+391204.7,54382.47776,17.95,0.11,128.35728,39.20158
083325.69+391204.7,54382.48762,18.04,0.11,128.35704,39.2015
083325.69+391204.7,54364.47909,18.18,0.12,128.35709,39.20157
083325.69+391204.7,54364.48575,18.2,0.12,128.35703,39.20164
083325.69+391204.7,54557.18018,17.81,0.1,128.35692,39.2014
083325.69+391204.7,54557.18919,18.02,0.11,128.35705,39.20147
083325.69+391204.7,54557.19805,18.05,0.11,128.35685,39.20145
083325.69+391204.7,54557.20689,18.23,0.12,128.35709,39.20154
083325.69+391204.7,54566.12711,17.93,0.11,128.35704,39.20146
083325.69+391204.7,54566.13279,17.97,0.11,128.35706,39.2014
083325.69+391204.7,54566.13829,17.9,0.11,128.35699,39.20135
083325.69+391204.7,54566.14382,17.91,0.11,128.35703,39.20137
083325.69+391204.7,54572.18651,17.78,0.1,128.35723,39.20162
083325.69+391204.7,54572.19532,17.93,0.11,128.35692,39.20137
083325.69+391204.7,54572.20397,17.98,0.11,128.35698,39.20153
083325.69+391204.7,54572.21262,17.95,0.11,128.35693,39.20161
083325.69+391204.7,54804.38242,18.22,0.12,128.35704,39.20149
083325.69+391204.7,54804.38908,18.14,0.11,128.3571,39.20142
083325.69+391204.7,54804.39585,18.24,0.13,128.35697,39.20159
083325.69+391204.7,54804.40252,18.11,0.13,128.35706,39.20137
083325.69+391204.7,54822.50024,18.08,0.12,128.35691,39.20143
083325.69+391204.7,54822.50623,18.14,0.12,128.357,39.20146
083325.69+391204.7,54822.51229,18.04,0.12,128.3569,39.20139
083325.69+391204.7,54822.51841,18.06,0.12,128.35706,39.20142
083325.69+391204.7,54466.46353,18.11,0.11,128.35708,39.20139
083325.69+391204.7,54466.47129,18.17,0.12,128.35714,39.20148
083325.69+391204.7,54466.47897,18.04,0.11,128.35693,39.20143
083325.69+391204.7,54466.48668,18.05,0.11,128.357,39.2014
083325.69+391204.7,54476.28646,18.16,0.13,128.35702,39.20142
083325.69+391204.7,54476.29526,17.99,0.11,128.35708,39.20147
083325.69+391204.7,54476.30407,18.11,0.11,128.35712,39.20137
083325.69+391204.7,54476.31295,18.02,0.11,128.35699,39.2014
083325.69+391204.7,54496.23699,18.1,0.11,128.35693,39.20137
083325.69+391204.7,54496.24135,17.98,0.11,128.35701,39.20139
083325.69+391204.7,54496.24696,18.04,0.11,128.35718,39.20139
083325.69+391204.7,54496.2513,17.98,0.11,128.35699,39.20144
083325.69+391204.7,54529.26472,17.97,0.11,128.35707,39.20143
083325.69+391204.7,54529.27133,18.04,0.11,128.35692,39.20138
083325.69+391204.7,54529.27792,17.91,0.11,128.35692,39.20115
083325.69+391204.7,54529.28447,18.06,0.11,128.35688,39.20148
083325.69+391204.7,54534.23466,18.1,0.11,128.35692,39.20141
083325.69+391204.7,54534.23953,17.99,0.11,128.35678,39.20129
083325.69+391204.7,54534.24443,18.04,0.11,128.35706,39.20151
083325.69+391204.7,54534.24931,18.16,0.12,128.35699,39.20139
083325.69+391204.7,54778.35606,18.15,0.12,128.35723,39.20174
083325.69+391204.7,54778.36852,18.18,0.12,128.35681,39.20163
083325.69+391204.7,54778.3809,18.17,0.12,128.35687,39.20145
083325.69+391204.7,54778.39334,18.16,0.12,128.35702,39.20139
083325.69+391204.7,54791.35514,18.2,0.12,128.35709,39.20144
083325.69+391204.7,54791.36242,17.97,0.11,128.35717,39.20144
083325.69+391204.7,54791.36966,18.27,0.12,128.35695,39.20147
083325.69+391204.7,54791.37693,18.13,0.12,128.35704,39.20135
083325.69+391204.7,54764.40763,18.17,0.12,128.35701,39.20145
083325.69+391204.7,54764.41504,18.18,0.12,128.35724,39.20148
083325.69+391204.7,54764.42238,18.07,0.11,128.35706,39.20145
083325.69+391204.7,54764.42967,17.99,0.11,128.35725,39.20151
083325.69+391204.7,54738.48759,18.11,0.11,128.35758,39.20153
083325.69+391204.7,54738.4925,18.13,0.11,128.35707,39.20145
083325.69+391204.7,54738.4974,18.02,0.11,128.35705,39.20144
083325.69+391204.7,54738.50241,18.02,0.11,128.35694,39.20147
083325.69+391204.7,54942.14676,18.01,0.11,128.35697,39.20147
083325.69+391204.7,54942.15218,18.04,0.11,128.35697,39.20148
083325.69+391204.7,54942.15759,17.99,0.11,128.35698,39.20157
083325.69+391204.7,54942.16304,17.98,0.11,128.35696,39.20138
083325.69+391204.7,55178.33228,17.92,0.14,128.357,39.20142
083325.69+391204.7,55178.33801,17.81,0.13,128.35695,39.20135
083325.69+391204.7,55178.34376,17.93,0.15,128.35693,39.20148
083325.69+391204.7,55178.34954,17.95,0.15,128.3567,39.2012
083325.69+391204.7,55185.33333,17.87,0.1,128.35693,39.20138
083325.69+391204.7,55185.34211,17.94,0.11,128.35707,39.20137
083325.69+391204.7,55185.3509,17.91,0.1,128.35685,39.20132
083325.69+391204.7,55185.36053,17.83,0.1,128.35723,39.20126
083325.69+391204.7,54875.32198,17.87,0.1,128.35689,39.20143
083325.69+391204.7,54875.32802,18.3,0.12,128.35698,39.20161
083325.69+391204.7,54875.33398,18.06,0.11,128.35703,39.20152
083325.69+391204.7,54875.34002,17.83,0.1,128.3569,39.20144
083325.69+391204.7,54889.18143,17.76,0.1,128.35692,39.2013
083325.69+391204.7,54889.18927,18.05,0.11,128.35694,39.20153
083325.69+391204.7,54889.19706,17.98,0.11,128.35714,39.20146
083325.69+391204.7,54889.20495,17.92,0.11,128.357,39.20147
083325.69+391204.7,54851.27117,17.97,0.1,128.3568,39.20142
083325.69+391204.7,54851.27758,18.09,0.1,128.35709,39.20151
083325.69+391204.7,54851.28401,18.07,0.1,128.35683,39.20143
083325.69+391204.7,54851.29057,18.1,0.1,128.35703,39.20151
083325.69+391204.7,54861.19413,18.06,0.11,128.357,39.2014
083325.69+391204.7,54861.20332,17.92,0.11,128.35707,39.20149
083325.69+391204.7,54861.21245,17.91,0.11,128.35689,39.20131
083325.69+391204.7,54861.22167,17.83,0.1,128.35722,39.20135
083325.69+391204.7,54913.20954,18.0,0.11,128.35704,39.20157
083325.69+391204.7,54913.21558,18.02,0.11,128.35707,39.20149
083325.69+391204.7,54913.22168,17.96,0.11,128.35705,39.20131
083325.69+391204.7,54913.2278,17.99,0.11,128.35717,39.20139
083325.69+391204.7,54965.1652,18.12,0.12,128.357,39.20144
083325.69+391204.7,54965.17072,17.97,0.11,128.35685,39.20154
083325.69+391204.7,54965.17615,18.21,0.12,128.35708,39.20154
083325.69+391204.7,54965.18154,17.77,0.11,128.35713,39.20125
083325.69+391204.7,55151.38257,17.96,0.11,128.35697,39.20139
083325.69+391204.7,55151.39494,18.01,0.11,128.35697,39.20151
083325.69+391204.7,55151.40723,17.86,0.11,128.35698,39.20148
083325.69+391204.7,55151.41941,17.97,0.11,128.35697,39.20147
083325.69+391204.7,55130.41742,18.03,0.11,128.3572,39.20143
083325.69+391204.7,55130.42654,18.05,0.11,128.35708,39.20148
083325.69+391204.7,55130.4357,17.87,0.11,128.35716,39.20137
083325.69+391204.7,55130.44482,17.98,0.11,128.35701,39.20133
083325.69+391204.7,55091.47246,17.98,0.11,128.35692,39.20159
083325.69+391204.7,55091.47923,18.01,0.11,128.35732,39.20158
083325.69+391204.7,55091.48601,18.15,0.12,128.3572,39.20158
083325.69+391204.7,55091.49272,18.09,0.12,128.35725,39.20139
083325.69+391204.7,55293.2315,17.83,0.1,128.35703,39.20126
083325.69+391204.7,55293.23608,17.9,0.11,128.35692,39.20139
083325.69+391204.7,55293.2407,17.97,0.11,128.35685,39.20146
083325.69+391204.7,55293.24529,17.82,0.1,128.35709,39.20151
083325.69+391204.7,55300.14431,17.65,0.1,128.35683,39.20139
083325.69+391204.7,55300.1512,17.76,0.1,128.3566,39.20132
083325.69+391204.7,55300.15806,17.8,0.1,128.35686,39.2013
083325.69+391204.7,55300.16494,17.84,0.1,128.357,39.20142
083325.69+391204.7,55533.3562,17.9,0.1,128.35701,39.2014
083325.69+391204.7,55533.36826,18.05,0.1,128.35691,39.2015
083325.69+391204.7,55533.37431,17.97,0.1,128.3571,39.2017
083325.69+391204.7,55543.3787,18.03,0.1,128.35694,39.2013
083325.69+391204.7,55543.39397,17.95,0.1,128.35709,39.20133
083325.69+391204.7,55543.4016,17.85,0.1,128.35695,39.20146
083325.69+391204.7,55229.33474,17.82,0.23,128.35692,39.20191
083325.69+391204.7,55229.34598,17.31,0.2,128.35724,39.20074
083325.69+391204.7,55240.22097,17.95,0.11,128.35694,39.20143
083325.69+391204.7,55240.22844,17.92,0.11,128.35688,39.2014
083325.69+391204.7,55240.23598,17.91,0.11,128.35684,39.20132
083325.69+391204.7,55240.2435,17.79,0.1,128.35687,39.20138
083325.69+391204.7,55246.25607,17.84,0.1,128.35704,39.2015
083325.69+391204.7,55246.26438,17.87,0.11,128.35712,39.20147
083325.69+391204.7,55246.27172,17.9,0.11,128.35698,39.20142
083325.69+391204.7,55246.27879,17.83,0.1,128.35688,39.20146
083325.69+391204.7,55206.26643,17.72,0.12,128.35689,39.20147
083325.69+391204.7,55206.27281,17.96,0.15,128.35697,39.20126
083325.69+391204.7,55206.27916,17.73,0.13,128.35687,39.20137
083325.69+391204.7,55206.28551,17.97,0.15,128.35694,39.20139
083325.69+391204.7,55274.21277,17.66,0.1,128.35691,39.20139
083325.69+391204.7,55274.22018,17.75,0.1,128.35702,39.20138
083325.69+391204.7,55274.22762,17.93,0.11,128.35691,39.20144
083325.69+391204.7,55274.23505,17.84,0.11,128.35702,39.20145
083325.69+391204.7,55328.14149,17.81,0.11,128.35687,39.20145
083325.69+391204.7,55328.1484,17.85,0.11,128.35697,39.20125
083325.69+391204.7,55328.15528,17.87,0.11,128.35693,39.20161
083325.69+391204.7,55328.16221,17.89,0.11,128.35695,39.20162
083325.69+391204.7,55503.42529,17.92,0.11,128.35687,39.20149
083325.69+391204.7,55503.4367,18.01,0.11,128.35725,39.20145
083325.69+391204.7,55503.44245,17.98,0.11,128.35695,39.20147
083325.69+391204.7,55510.41242,17.89,0.11,128.35704,39.2015
083325.69+391204.7,55510.42277,17.85,0.11,128.35685,39.20142
083325.69+391204.7,55510.42798,18.16,0.12,128.35689,39.20153
083325.69+391204.7,55500.47743,17.92,0.11,128.35704,39.20157
083325.69+391204.7,55500.49112,17.69,0.1,128.35704,39.20142
083325.69+391204.7,55680.18108,18.05,0.11,128.35704,39.20147
083325.69+391204.7,55680.18933,18.01,0.1,128.35705,39.20149
083325.69+391204.7,55680.19762,17.9,0.1,128.35698,39.20149
083325.69+391204.7,55680.20582,17.83,0.1,128.35693,39.20135
083325.69+391204.7,55598.18743,17.89,0.1,128.35691,39.20146
083325.69+391204.7,55598.19428,18.01,0.1,128.35699,39.20175
083325.69+391204.7,55598.20114,18.04,0.1,128.35701,39.20163
083325.69+391204.7,55598.20797,17.66,0.09,128.35709,39.20138
083325.69+391204.7,55564.28137,17.97,0.12,128.3571,39.20152
083325.69+391204.7,55564.28884,17.81,0.11,128.35699,39.20149
083325.69+391204.7,55564.29637,17.98,0.11,128.35689,39.20152
083325.69+391204.7,55564.30386,18.03,0.11,128.357,39.20145
083325.69+391204.7,55571.34814,18.03,0.11,128.35713,39.20152
083325.69+391204.7,55571.35284,17.99,0.11,128.35701,39.20156
083325.69+391204.7,55571.3576,17.94,0.15,128.35685,39.20162
083325.69+391204.7,55571.36254,18.17,0.18,128.35689,39.20158
083325.69+391204.7,55589.24352,17.78,0.1,128.35709,39.20155
083325.69+391204.7,55589.24924,17.97,0.11,128.35696,39.20158
083325.69+391204.7,55589.25503,18.06,0.11,128.35677,39.2015
083325.69+391204.7,55589.2608,17.86,0.11,128.357,39.20151
083325.69+391204.7,55626.12217,17.91,0.13,128.35676,39.20165
083325.69+391204.7,55626.12558,18.01,0.12,128.35703,39.20174
083325.69+391204.7,55626.12912,17.83,0.11,128.35712,39.20143
083325.69+391204.7,55626.13258,18.11,0.12,128.357,39.2016
083325.69+391204.7,55632.1138,18.23,0.15,128.35724,39.20172
083325.69+391204.7,55632.11655,17.82,0.14,128.35701,39.20172
083325.69+391204.7,55632.12234,17.94,0.13,128.35702,39.20154
083325.69+391204.7,55632.1251,17.88,0.14,128.35669,39.20142
083325.69+391204.7,55862.43367,18.09,0.11,128.35706,39.20136
083325.69+391204.7,55862.44183,18.02,0.11,128.35687,39.20128
083325.69+391204.7,55862.45004,17.88,0.11,128.35709,39.20129
083325.69+391204.7,55862.45817,17.87,0.11,128.35684,39.20129
083325.69+391204.7,55834.43824,17.82,0.11,128.35712,39.20129
083325.69+391204.7,55834.44517,17.95,0.11,128.35711,39.20124
083325.69+391204.7,55834.45213,18.0,0.11,128.35715,39.20126
083325.69+391204.7,55834.45909,17.91,0.11,128.35699,39.2013
083325.69+391204.7,55851.4495,17.99,0.11,128.35712,39.2016
083325.69+391204.7,55851.45761,18.03,0.11,128.35694,39.20154
083325.69+391204.7,55851.46571,17.95,0.11,128.35719,39.2014
083325.69+391204.7,55851.47382,18.22,0.12,128.35715,39.20145
083325.69+391204.7,55892.44774,17.86,0.1,128.35719,39.20126
083325.69+391204.7,55892.45241,17.94,0.11,128.35703,39.20147
083325.69+391204.7,55892.45705,18.02,0.11,128.35711,39.20129
083325.69+391204.7,55892.46173,17.93,0.11,128.3571,39.20134
083325.69+391204.7,55922.33695,18.0,0.11,128.35705,39.20143
083325.69+391204.7,55922.34369,17.93,0.11,128.35699,39.20139
083325.69+391204.7,55922.35058,18.02,0.11,128.35705,39.20145
083325.69+391204.7,55922.35738,17.9,0.11,128.35722,39.20144
083325.69+391204.7,55928.2788,17.79,0.1,128.35731,39.20136
083325.69+391204.7,55928.28809,17.89,0.11,128.35711,39.2013
083325.69+391204.7,55928.29729,17.8,0.1,128.35689,39.20125
083325.69+391204.7,55928.30649,18.04,0.11,128.35699,39.20145
083325.69+391204.7,55940.26658,17.99,0.11,128.35685,39.20141
083325.69+391204.7,55940.27166,17.9,0.11,128.35704,39.20148
083325.69+391204.7,55940.27678,17.92,0.11,128.35713,39.20146
083325.69+391204.7,55940.28193,17.99,0.11,128.35713,39.2014
083325.69+391204.7,55967.19847,18.15,0.12,128.35719,39.2013
083325.69+391204.7,55967.20641,17.83,0.11,128.35711,39.20142
083325.69+391204.7,55967.21429,17.91,0.11,128.35705,39.2015
083325.69+391204.7,55967.22221,18.04,0.11,128.35704,39.20144
083325.69+391204.7,55975.16173,17.82,0.11,128.3571,39.20137
083325.69+391204.7,55975.16851,17.92,0.11,128.35718,39.20122
083325.69+391204.7,55975.17647,18.13,0.12,128.357,39.20146
083325.69+391204.7,55975.1832,17.66,0.1,128.35699,39.20103
083325.69+391204.7,55980.16621,18.02,0.11,128.35712,39.20127
083325.69+391204.7,55980.17235,17.87,0.11,128.35712,39.20116
083325.69+391204.7,55980.17858,17.99,0.11,128.35677,39.20143
083325.69+391204.7,55980.18472,18.0,0.11,128.35693,39.20128
083325.69+391204.7,55987.14208,18.09,0.12,128.35707,39.20139
083325.69+391204.7,55987.14886,17.94,0.11,128.35719,39.20143
083325.69+391204.7,55987.15569,17.98,0.12,128.35699,39.20127
083325.69+391204.7,55987.1625,18.01,0.12,128.3572,39.20144
083325.69+391204.7,56014.16543,18.08,0.1,128.35696,39.20151
083325.69+391204.7,56014.17436,18.16,0.11,128.35706,39.20135
083325.69+391204.7,56014.18326,18.07,0.1,128.35671,39.20143
083325.69+391204.7,56014.19217,18.1,0.11,128.35713,39.20142
083325.69+391204.7,56044.18723,18.22,0.12,128.35702,39.20131
083325.69+391204.7,56044.19576,18.18,0.12,128.35711,39.20145
083325.69+391204.7,56044.2043,18.1,0.12,128.35694,39.20132
083325.69+391204.7,56044.21293,18.07,0.12,128.35698,39.20141
083325.69+391204.7,56069.14525,18.01,0.11,128.35723,39.20134
083325.69+391204.7,56069.15092,17.91,0.11,128.35688,39.20129
083325.69+391204.7,56069.15657,18.19,0.12,128.35704,39.20137
083325.69+391204.7,56069.16232,18.03,0.11,128.35724,39.20133
083325.69+391204.7,56074.15666,18.2,0.12,128.35698,39.20145
083325.69+391204.7,56074.16176,18.05,0.11,128.35701,39.20132
083325.69+391204.7,56074.16686,17.91,0.11,128.35688,39.20133
083325.69+391204.7,56074.1719,18.1,0.12,128.35701,39.20115
083325.69+391204.7,56225.39396,17.85,0.12,128.35747,39.20149
083325.69+391204.7,56225.40001,18.14,0.13,128.35694,39.20139
083325.69+391204.7,56225.40607,18.03,0.13,128.35689,39.20156
083325.69+391204.7,56225.41215,18.16,0.13,128.35672,39.20141
083325.69+391204.7,56227.39493,18.18,0.13,128.35662,39.2013
083325.69+391204.7,56227.40255,18.07,0.13,128.3572,39.20154
083325.69+391204.7,56227.41015,17.87,0.12,128.35689,39.20138
083325.69+391204.7,56227.41777,17.71,0.11,128.35675,39.20108
083325.69+391204.7,56238.50609,18.19,0.11,128.35712,39.20149
083325.69+391204.7,56238.51185,17.95,0.1,128.35696,39.20131
083325.69+391204.7,56238.51769,18.0,0.1,128.35676,39.20151
083325.69+391204.7,56238.5236,17.89,0.1,128.35701,39.20144
083325.69+391204.7,56246.35985,18.15,0.15,128.35712,39.20135
083325.69+391204.7,56246.36667,17.96,0.11,128.35692,39.20151
083325.69+391204.7,56246.37349,17.91,0.11,128.35713,39.20148
083325.69+391204.7,56246.38036,17.96,0.11,128.3569,39.20147
083325.69+391204.7,56255.30725,17.67,0.09,128.35717,39.20144
083325.69+391204.7,56255.317,17.84,0.1,128.35697,39.20138
083325.69+391204.7,56255.32685,18.01,0.1,128.35711,39.20152
083325.69+391204.7,56255.33668,17.91,0.1,128.35693,39.2015
083325.69+391204.7,56270.41323,17.86,0.11,128.35692,39.20135
083325.69+391204.7,56270.41842,18.01,0.11,128.35693,39.20141
083325.69+391204.7,56270.42379,17.83,0.11,128.35722,39.20136
083325.69+391204.7,56270.42935,17.84,0.11,128.35711,39.20133
083325.69+391204.7,56295.23741,17.96,0.11,128.35703,39.20147
083325.69+391204.7,56295.24407,17.91,0.11,128.35685,39.20152
083325.69+391204.7,56295.25115,18.16,0.12,128.35662,39.20146
083325.69+391204.7,56295.25798,18.03,0.11,128.35691,39.20141
083325.69+391204.7,56307.23293,17.92,0.1,128.35699,39.20135
083325.69+391204.7,56307.23829,17.95,0.1,128.35686,39.20133
083325.69+391204.7,56307.24373,18.07,0.1,128.35698,39.20143
083325.69+391204.7,56307.24918,17.93,0.1,128.35702,39.20145
083325.69+391204.7,56313.39755,17.86,0.12,128.3571,39.20131
083325.69+391204.7,56313.4032,18.12,0.18,128.35724,39.20145
083325.69+391204.7,56313.40889,17.52,0.13,128.35652,39.20143
083325.69+391204.7,56313.41456,18.04,0.18,128.35692,39.20146
083325.69+391204.7,56323.41443,17.88,0.11,128.35715,39.20152
083325.69+391204.7,56323.4195,17.91,0.12,128.35685,39.20148
083325.69+391204.7,56323.42456,18.09,0.12,128.35669,39.20172
083325.69+391204.7,56323.42968,18.15,0.12,128.35657,39.20158
083325.69+391204.7,56330.22486,17.88,0.11,128.35703,39.20148
083325.69+391204.7,56330.23001,17.95,0.11,128.35709,39.20157
083325.69+391204.7,56330.23515,18.08,0.12,128.357,39.20161
083325.69+391204.7,56330.24034,17.9,0.11,128.35683,39.20156
083325.69+391204.7,56341.17528,18.03,0.1,128.35694,39.20148
083325.69+391204.7,56341.1814,17.96,0.1,128.357,39.20152
083325.69+391204.7,56341.18759,17.92,0.1,128.35698,39.20142
083325.69+391204.7,56341.19377,17.84,0.1,128.35705,39.20144
083325.69+391204.7,56356.15289,17.98,0.11,128.35695,39.20144
083325.69+391204.7,56356.16266,18.07,0.12,128.35703,39.20133
083325.69+391204.7,56356.17256,17.87,0.11,128.35709,39.20152
083325.69+391204.7,56356.18236,18.01,0.11,128.35676,39.20154
083325.69+391204.7,56367.35176,18.02,0.12,128.35702,39.20151
083325.69+391204.7,56367.35513,17.92,0.11,128.35719,39.20144
083325.69+391204.7,56367.35852,18.5,0.18,128.35686,39.2016
083325.69+391204.7,56367.36193,18.06,0.12,128.35705,39.2013
083325.69+391204.7,55947.17127,18.0,0.11,128.35712,39.20139
083325.69+391204.7,55947.17687,18.0,0.11,128.35708,39.2014
083325.69+391204.7,55947.18254,18.07,0.11,128.35695,39.20148
083325.69+391204.7,55947.18832,18.08,0.12,128.35707,39.20155
083325.69+391204.7,56399.1341,17.93,0.11,128.35707,39.20138
083325.69+391204.7,56399.14138,18.07,0.12,128.35705,39.20147
083325.69+391204.7,56399.14877,18.11,0.12,128.35694,39.2014
083325.69+391204.7,56399.156,18.05,0.12,128.35704,39.20138
083325.69+391204.7,56404.16467,18.0,0.1,128.35722,39.2015
083325.69+391204.7,56404.17412,18.1,0.11,128.35685,39.20128
083325.69+391204.7,56404.18368,17.99,0.1,128.35718,39.20142
083325.69+391204.7,56404.19323,17.77,0.09,128.35744,39.2015
083325.69+391204.7,56431.17858,17.98,0.12,128.35713,39.20162
083325.69+391204.7,56431.18359,17.89,0.11,128.35725,39.20154
083325.69+391204.7,56431.18869,18.19,0.13,128.35711,39.20144
083325.69+391204.7,56431.19372,17.9,0.12,128.35731,39.20139
083325.69+391204.7,56569.4608,18.1,0.12,128.35704,39.20149
083325.69+391204.7,56569.46803,18.05,0.11,128.35712,39.20138
083325.69+391204.7,56569.47539,17.91,0.11,128.35708,39.20144
083325.69+391204.7,56569.48262,18.07,0.12,128.35706,39.20147
083325.69+391204.7,56593.49301,18.03,0.11,128.35694,39.20143
083325.69+391204.7,56593.49704,17.99,0.11,128.35706,39.2014
083325.69+391204.7,56593.50108,18.11,0.12,128.35701,39.20148
083325.69+391204.7,56593.50512,18.19,0.12,128.35691,39.20146
154535.87+014958.1,53464.43882,17.33,0.09,236.39945,1.83289
154535.87+014958.1,53464.44694,17.33,0.09,236.39942,1.83276
154535.87+014958.1,53464.45521,17.45,0.1,236.3994,1.83293
154535.87+014958.1,53464.46336,17.52,0.1,236.39932,1.83302
154535.87+014958.1,53556.26027,17.58,0.1,236.39925,1.83279
154535.87+014958.1,53556.2685,17.47,0.1,236.3994,1.83287
154535.87+014958.1,53556.2768,17.55,0.1,236.39937,1.83292
154535.87+014958.1,53556.28499,17.47,0.1,236.39938,1.83282
154535.87+014958.1,53537.22642,17.55,0.11,236.39937,1.83274
154535.87+014958.1,53537.23362,17.58,0.11,236.39926,1.83283
154535.87+014958.1,53537.24073,17.43,0.11,236.39939,1.83282
154535.87+014958.1,53537.24784,17.09,0.09,236.39958,1.83292
154535.87+014958.1,53494.35923,17.36,0.09,236.39955,1.83301
154535.87+014958.1,53494.36881,17.25,0.09,236.39942,1.83279
154535.87+014958.1,53494.3784,17.42,0.1,236.39943,1.83279
154535.87+014958.1,53494.38795,17.2,0.09,236.39935,1.833
154535.87+014958.1,53509.1927,17.45,0.1,236.39941,1.83295
154535.87+014958.1,53509.20124,17.42,0.1,236.39944,1.83289
154535.87+014958.1,53509.20979,17.18,0.09,236.39941,1.83289
154535.87+014958.1,53509.21835,17.26,0.09,236.3993,1.83267
154535.87+014958.1,53521.33378,17.48,0.1,236.39926,1.83271
154535.87+014958.1,53521.34347,17.31,0.09,236.39934,1.83297
154535.87+014958.1,53521.35324,17.57,0.1,236.39943,1.83286
154535.87+014958.1,53521.363,17.42,0.1,236.39943,1.83301
154535.87+014958.1,53834.45561,17.36,0.1,236.39938,1.83292
154535.87+014958.1,53846.29913,17.48,0.1,236.39948,1.83299
154535.87+014958.1,53846.3091,17.31,0.1,236.39932,1.83295
154535.87+014958.1,53846.31891,17.51,0.1,236.39931,1.83283
154535.87+014958.1,53846.32877,17.4,0.1,236.3994,1.83291
154535.87+014958.1,53976.15329,17.45,0.11,236.39936,1.83273
154535.87+014958.1,53976.1571,17.56,0.12,236.39936,1.83274
154535.87+014958.1,53976.16089,17.45,0.11,236.39941,1.83301
154535.87+014958.1,53976.16467,17.08,0.1,236.39923,1.83279
154535.87+014958.1,53768.48256,17.16,0.09,236.39963,1.833
154535.87+014958.1,53768.48913,17.34,0.1,236.39928,1.83296
154535.87+014958.1,53768.49575,17.38,0.1,236.39944,1.8327
154535.87+014958.1,53768.50227,17.42,0.1,236.39946,1.83289
154535.87+014958.1,53745.52208,17.12,0.09,236.39943,1.83283
154535.87+014958.1,53745.5286,17.34,0.1,236.39933,1.83268
154535.87+014958.1,53745.53514,17.52,0.1,236.39943,1.83295
154535.87+014958.1,53745.54168,17.46,0.1,236.39934,1.83281
154535.87+014958.1,53904.30133,17.91,0.3,236.39946,1.83293
154535.87+014958.1,53904.30239,17.43,0.23,236.39948,1.83291
154535.87+014958.1,53904.30345,17.53,0.24,236.39926,1.83307
154535.87+014958.1,53904.30451,17.55,0.25,236.39927,1.83291
154535.87+014958.1,53907.25507,17.39,0.1,236.39931,1.83287
154535.87+014958.1,53907.26592,17.5,0.1,236.39945,1.83293
154535.87+014958.1,53907.27682,17.35,0.1,236.39957,1.83302
154535.87+014958.1,53907.2877,17.53,0.11,236.3995,1.83295
154535.87+014958.1,53856.32256,17.49,0.1,236.39936,1.83291
154535.87+014958.1,53856.33247,17.4,0.1,236.39943,1.83302
154535.87+014958.1,53856.34241,17.46,0.1,236.39923,1.83289
154535.87+014958.1,53856.35235,17.37,0.1,236.39936,1.83289
154535.87+014958.1,53863.41436,17.31,0.22,236.39923,1.83274
154535.87+014958.1,53863.4152,17.6,0.25,236.39907,1.83271
154535.87+014958.1,53863.41593,17.33,0.22,236.3991,1.83309
154535.87+014958.1,53863.41669,17.49,0.24,236.39941,1.83268
154535.87+014958.1,53878.3267,17.54,0.1,236.3995,1.83289
154535.87+014958.1,53878.33157,17.58,0.1,236.39934,1.83286
154535.87+014958.1,53878.33649,17.47,0.1,236.39944,1.83294
154535.87+014958.1,53878.34141,17.2,0.09,236.39923,1.83283
154535.87+014958.1,53882.23168,17.43,0.1,236.39936,1.83292
154535.87+014958.1,53882.24022,17.44,0.1,236.39934,1.83277
154535.87+014958.1,53882.24876,17.36,0.1,236.39949,1.83297
154535.87+014958.1,53882.2573,17.35,0.1,236.39916,1.83288
154535.87+014958.1,53989.1094,17.64,0.13,236.39957,1.8328
154535.87+014958.1,53989.11158,17.56,0.13,236.39953,1.83287
154535.87+014958.1,53989.11378,17.31,0.12,236.39928,1.83263
154535.87+014958.1,53989.11595,17.15,0.11,236.39955,1.83273
154535.87+014958.1,53994.1093,17.44,0.09,236.39923,1.83289
154535.87+014958.1,53994.11407,17.27,0.09,236.39951,1.83293
154535.87+014958.1,53994.11886,17.32,0.09,236.39939,1.83317
154535.87+014958.1,54206.41841,17.38,0.1,236.39929,1.83289
154535.87+014958.1,54206.42442,17.3,0.09,236.3993,1.83294
154535.87+014958.1,54206.4304,17.24,0.09,236.39956,1.83281
154535.87+014958.1,54206.43638,17.11,0.09,236.39911,1.83287
154535.87+014958.1,54213.34334,17.51,0.1,236.39942,1.83291
154535.87+014958.1,54213.35274,17.4,0.1,236.39927,1.83288
154535.87+014958.1,54213.36213,17.49,0.1,236.39951,1.83292
154535.87+014958.1,54213.37151,17.41,0.1,236.39949,1.83293
154535.87+014958.1,54256.21909,17.22,0.11,236.39938,1.83303
154535.87+014958.1,54256.22553,17.54,0.14,236.3995,1.83295
154535.87+014958.1,54256.23201,17.1,0.13,236.3996,1.83255
154535.87+014958.1,54256.23843,17.52,0.14,236.39943,1.8329
154535.87+014958.1,54263.29452,17.6,0.11,236.39939,1.83271
154535.87+014958.1,54263.29987,17.25,0.09,236.3993,1.83288
154535.87+014958.1,54263.30524,17.31,0.1,236.39941,1.83305
154535.87+014958.1,54263.31059,17.46,0.1,236.39942,1.83289
154535.87+014958.1,54269.22705,17.48,0.1,236.3994,1.83286
154535.87+014958.1,54269.23557,17.4,0.1,236.39943,1.8329
154535.87+014958.1,54269.24408,17.3,0.09,236.39938,1.83276
154535.87+014958.1,54269.25261,17.47,0.1,236.39945,1.83288
154535.87+014958.1,54175.45776,17.36,0.09,236.39943,1.83311
154535.87+014958.1,54175.46492,17.43,0.1,236.39936,1.83302
154535.87+014958.1,54175.47202,17.38,0.09,236.39941,1.83278
154535.87+014958.1,54175.4791,17.41,0.09,236.3995,1.83293
154535.87+014958.1,54229.40978,17.37,0.1,236.39948,1.83285
154535.87+014958.1,54229.41855,17.43,0.1,236.39949,1.83279
154535.87+014958.1,54229.42733,17.41,0.1,236.39946,1.83281
154535.87+014958.1,54229.43609,17.26,0.09,236.39934,1.83282
154535.87+014958.1,54239.31473,17.44,0.1,236.3994,1.83286
154535.87+014958.1,54239.32556,17.29,0.1,236.39931,1.83284
154535.87+014958.1,54239.33645,17.44,0.1,236.39928,1.83291
154535.87+014958.1,54239.34732,17.35,0.1,236.39925,1.83293
154535.87+014958.1,54246.30679,17.44,0.1,236.39928,1.83277
154535.87+014958.1,54246.31659,17.59,0.1,236.39928,1.83285
154535.87+014958.1,54246.32641,17.28,0.09,236.39943,1.83293
154535.87+014958.1,54246.33618,17.43,0.1,236.39943,1.83295
154535.87+014958.1,54567.40073,17.37,0.09,236.39942,1.83282
154535.87+014958.1,54567.40507,17.35,0.09,236.39931,1.83299
154535.87+014958.1,54567.40942,17.38,0.09,236.39949,1.83288
154535.87+014958.1,54567.41373,17.26,0.09,236.39947,1.83296
154535.87+014958.1,54572.45695,17.42,0.1,236.39946,1.83283
154535.87+014958.1,54572.46338,17.31,0.09,236.39944,1.83304
154535.87+014958.1,54572.4698,17.32,0.1,236.39936,1.83298
154535.87+014958.1,54572.47624,17.66,0.11,236.39952,1.83276
154535.87+014958.1,54506.50281,17.44,0.09,236.39946,1.83291
154535.87+014958.1,54506.51035,17.37,0.09,236.39932,1.8329
154535.87+014958.1,54506.51861,17.35,0.09,236.39938,1.83284
154535.87+014958.1,54506.5268,17.4,0.09,236.39932,1.83292
154535.87+014958.1,54510.51004,17.36,0.09,236.39936,1.8328
154535.87+014958.1,54510.51651,17.33,0.09,236.39929,1.83283
154535.87+014958.1,54510.523,17.56,0.1,236.39953,1.83279
154535.87+014958.1,54510.52948,17.45,0.1,236.3994,1.8329
154535.87+014958.1,54476.51883,17.43,0.11,236.39929,1.83281
154535.87+014958.1,54476.5232,17.36,0.11,236.39947,1.83294
154535.87+014958.1,54476.52748,17.34,0.11,236.39952,1.833
154535.87+014958.1,54476.53174,17.57,0.12,236.39937,1.83289
154535.87+014958.1,54648.19533,17.3,0.09,236.39944,1.83287
154535.87+014958.1,54648.20031,17.43,0.1,236.3993,1.83285
154535.87+014958.1,54648.20528,17.3,0.1,236.39944,1.83296
154535.87+014958.1,54648.21031,17.47,0.1,236.39947,1.83281
154535.87+014958.1,54529.49687,17.36,0.09,236.39932,1.83286
154535.87+014958.1,54529.50573,17.38,0.09,236.39944,1.83281
154535.87+014958.1,54529.51466,17.42,0.09,236.39939,1.83291
154535.87+014958.1,54529.52339,17.28,0.09,236.39921,1.83289
154535.87+014958.1,54555.42645,17.35,0.09,236.39943,1.83293
154535.87+014958.1,54555.43354,17.35,0.09,236.39927,1.8328
154535.87+014958.1,54555.44061,17.36,0.09,236.39932,1.83276
154535.87+014958.1,54555.44773,17.55,0.1,236.39935,1.83288
154535.87+014958.1,54600.31247,17.42,0.1,236.39938,1.83295
154535.87+014958.1,54600.31899,17.33,0.09,236.39942,1.83291
154535.87+014958.1,54600.32549,17.35,0.09,236.3994,1.83299
154535.87+014958.1,54600.33198,17.42,0.1,236.3996,1.83292
154535.87+014958.1,54937.3993,17.37,0.1,236.39936,1.8328
154535.87+014958.1,54937.40412,17.3,0.09,236.39924,1.83286
154535.87+014958.1,54937.40901,17.36,0.09,236.39926,1.83281
154535.87+014958.1,54937.41367,17.61,0.1,236.39929,1.83282
154535.87+014958.1,54945.40992,17.45,0.1,236.39934,1.83292
154535.87+014958.1,55062.18855,17.19,0.11,236.39959,1.83282
154535.87+014958.1,55062.1945,17.44,0.12,236.39949,1.83277
154535.87+014958.1,55062.20022,17.34,0.11,236.39949,1.83314
154535.87+014958.1,55062.20599,17.69,0.13,236.3993,1.83305
154535.87+014958.1,54863.51398,17.39,0.1,236.39939,1.83297
154535.87+014958.1,54863.51888,17.36,0.1,236.39948,1.83296
154535.87+014958.1,54863.52359,17.45,0.1,236.39947,1.83296
154535.87+014958.1,54863.52839,17.41,0.1,236.39933,1.83284
154535.87+014958.1,54881.50327,17.39,0.09,236.39945,1.83296
154535.87+014958.1,54881.50982,17.33,0.09,236.39927,1.83292
154535.87+014958.1,54881.51639,17.29,0.09,236.39938,1.83294
154535.87+014958.1,54881.52294,17.38,0.09,236.39942,1.83281
154535.87+014958.1,54856.51633,17.38,0.09,236.39933,1.83285
154535.87+014958.1,54856.52407,17.3,0.09,236.39933,1.833
154535.87+014958.1,54856.53191,17.36,0.09,236.39922,1.83289
154535.87+014958.1,54856.5397,17.23,0.09,236.39938,1.83277
154535.87+014958.1,55040.20455,17.16,0.09,236.39924,1.83297
154535.87+014958.1,55040.20999,17.49,0.1,236.39937,1.83299
154535.87+014958.1,55040.21529,17.31,0.09,236.39934,1.83272
154535.87+014958.1,55040.22077,17.4,0.1,236.39917,1.8329
154535.87+014958.1,55001.30902,17.16,0.09,236.39934,1.83285
154535.87+014958.1,55001.31383,17.5,0.1,236.39932,1.83274
154535.87+014958.1,55001.3187,17.35,0.1,236.39938,1.83281
154535.87+014958.1,55001.32349,17.37,0.1,236.39946,1.83284
154535.87+014958.1,54911.43708,17.38,0.09,236.39938,1.83296
154535.87+014958.1,54911.44319,17.35,0.09,236.39935,1.83286
154535.87+014958.1,54911.44918,17.38,0.09,236.39925,1.83284
154535.87+014958.1,54911.45511,17.42,0.09,236.39942,1.83283
154535.87+014958.1,54966.31985,17.45,0.1,236.39931,1.83296
154535.87+014958.1,54966.32669,17.48,0.1,236.39941,1.83289
154535.87+014958.1,54966.33356,17.47,0.1,236.39935,1.83287
154535.87+014958.1,54966.34041,17.21,0.09,236.39937,1.83304
154535.87+014958.1,55295.40584,17.43,0.1,236.39938,1.83288
154535.87+014958.1,55295.41321,17.4,0.09,236.39937,1.83287
154535.87+014958.1,55295.42065,17.36,0.09,236.39936,1.83294
154535.87+014958.1,55295.42813,17.3,0.09,236.39929,1.83296
154535.87+014958.1,55356.27273,17.32,0.09,236.39934,1.83287
154535.87+014958.1,55356.28014,17.25,0.09,236.39934,1.83288
154535.87+014958.1,55356.28757,17.39,0.1,236.3993,1.83281
154535.87+014958.1,55356.29506,17.34,0.1,236.39915,1.83296
154535.87+014958.1,55363.26701,17.34,0.09,236.39934,1.83276
154535.87+014958.1,55363.27155,17.42,0.1,236.39946,1.83285
154535.87+014958.1,55363.27616,17.39,0.1,236.3994,1.83274
154535.87+014958.1,55363.28067,17.24,0.09,236.39952,1.83282
154535.87+014958.1,55271.4554,17.41,0.1,236.39928,1.83293
154535.87+014958.1,55271.46237,17.42,0.1,236.39924,1.83295
154535.87+014958.1,55271.46936,17.46,0.1,236.39941,1.83285
154535.87+014958.1,55271.47632,17.42,0.1,236.39948,1.83288
154535.87+014958.1,55320.42946,17.24,0.1,236.39943,1.8328
154535.87+014958.1,55320.43518,17.45,0.11,236.39916,1.83279
154535.87+014958.1,55320.44095,17.34,0.1,236.39931,1.83276
154535.87+014958.1,55320.44671,17.44,0.1,236.39915,1.83277
154535.87+014958.1,55347.2892,17.45,0.1,236.39937,1.8327
154535.87+014958.1,55347.29607,17.46,0.1,236.39927,1.83289
154535.87+014958.1,55347.30303,17.48,0.1,236.39937,1.83297
154535.87+014958.1,55347.30994,17.43,0.1,236.39939,1.8328
154535.87+014958.1,55457.1045,17.6,0.16,236.39919,1.83298
154535.87+014958.1,55457.10717,17.38,0.15,236.39949,1.83264
154535.87+014958.1,55457.10848,17.79,0.18,236.39945,1.83296
154535.87+014958.1,55656.45288,17.36,0.1,236.3994,1.83303
154535.87+014958.1,55656.4581,17.48,0.1,236.39921,1.83279
154535.87+014958.1,55656.46336,17.21,0.09,236.39929,1.83269
154535.87+014958.1,55656.46857,17.32,0.09,236.39938,1.83295
154535.87+014958.1,55675.36009,17.27,0.1,236.39923,1.83283
154535.87+014958.1,55675.36758,17.51,0.11,236.39945,1.83298
154535.87+014958.1,55675.37519,17.22,0.1,236.39929,1.83291
154535.87+014958.1,55675.38281,17.41,0.11,236.39913,1.833
154535.87+014958.1,55618.45724,17.46,0.1,236.39932,1.83301
154535.87+014958.1,55618.46289,17.2,0.09,236.39929,1.83296
154535.87+014958.1,55618.46758,17.42,0.1,236.39927,1.833
154535.87+014958.1,55618.47224,17.66,0.14,236.39979,1.83272
154535.87+014958.1,55743.25195,17.45,0.1,236.39929,1.83298
154535.87+014958.1,55743.25874,17.29,0.1,236.39938,1.83276
154535.87+014958.1,55743.26563,17.32,0.1,236.39964,1.83284
154535.87+014958.1,55743.27251,17.48,0.1,236.39913,1.83296
154535.87+014958.1,55715.22427,17.33,0.1,236.3994,1.83296
154535.87+014958.1,55715.23066,17.49,0.1,236.39939,1.83281
154535.87+014958.1,55715.23705,17.48,0.1,236.39926,1.83291
154535.87+014958.1,55715.24342,17.54,0.1,236.39924,1.83287
154535.87+014958.1,55723.29411,17.47,0.1,236.39934,1.83297
154535.87+014958.1,55723.30156,17.37,0.1,236.39919,1.83286
154535.87+014958.1,55723.31089,17.26,0.09,236.39927,1.83281
154535.87+014958.1,55723.31846,17.34,0.1,236.39928,1.83302
154535.87+014958.1,55734.23962,17.18,0.09,236.39931,1.83283
154535.87+014958.1,55734.24574,17.34,0.1,236.39933,1.83288
154535.87+014958.1,55734.25183,17.25,0.09,236.39936,1.83294
154535.87+014958.1,55734.25786,17.22,0.09,236.39938,1.83298
154535.87+014958.1,55650.44722,17.24,0.1,236.39917,1.83299
154535.87+014958.1,55650.45477,17.37,0.1,236.39932,1.83285
154535.87+014958.1,55650.46234,17.39,0.1,236.39921,1.83287
154535.87+014958.1,55650.46984,17.4,0.1,236.39939,1.83286
154535.87+014958.1,55705.39349,17.41,0.1,236.39935,1.83271
154535.87+014958.1,55705.40096,17.34,0.1,236.3993,1.83311
154535.87+014958.1,55705.40855,17.49,0.1,236.39941,1.83295
154535.87+014958.1,55705.41605,17.31,0.1,236.39915,1.83298
154535.87+014958.1,54945.45036,17.37,0.09,236.39938,1.83302
154535.87+014958.1,55618.45724,17.46,0.1,236.3993,1.83303
154535.87+014958.1,55618.46289,17.11,0.09,236.39929,1.833
154535.87+014958.1,55618.46758,17.41,0.1,236.39932,1.83298
154535.87+014958.1,55618.47224,17.87,0.15,236.39981,1.83274
154535.87+014958.1,55987.45579,17.42,0.1,236.39963,1.83293
154535.87+014958.1,55987.46088,17.37,0.1,236.39928,1.83286
154535.87+014958.1,55987.46597,17.25,0.09,236.39925,1.83275
154535.87+014958.1,55987.47111,17.55,0.1,236.39933,1.83297
154535.87+014958.1,56034.39773,17.49,0.1,236.39931,1.8328
154535.87+014958.1,56034.40381,17.56,0.1,236.39935,1.83301
154535.87+014958.1,56034.40994,17.19,0.09,236.39932,1.8329
154535.87+014958.1,56034.41611,17.41,0.1,236.39937,1.83297
154535.87+014958.1,56059.36885,17.41,0.09,236.39938,1.8328
154535.87+014958.1,56059.37565,17.31,0.09,236.39939,1.83279
154535.87+014958.1,56059.38252,17.49,0.1,236.39943,1.83304
154535.87+014958.1,56059.3893,17.3,0.09,236.39953,1.83286
154535.87+014958.1,56066.35446,17.32,0.09,236.39954,1.83283
154535.87+014958.1,56066.36118,17.35,0.09,236.39935,1.83289
154535.87+014958.1,56066.36802,17.5,0.1,236.39954,1.83283
154535.87+014958.1,56066.37487,17.4,0.09,236.39929,1.83294
154535.87+014958.1,56087.34316,17.32,0.09,236.39927,1.83296
154535.87+014958.1,56087.34827,17.52,0.1,236.39941,1.83287
154535.87+014958.1,56087.35343,17.49,0.1,236.39928,1.83277
154535.87+014958.1,56087.35853,17.49,0.1,236.39947,1.83296
154535.87+014958.1,56097.29472,17.28,0.08,236.39933,1.83295
154535.87+014958.1,56097.30256,17.43,0.09,236.39943,1.8329
154535.87+014958.1,56097.31039,17.36,0.09,236.39925,1.83302
154535.87+014958.1,56097.31828,17.38,0.09,236.39935,1.83285
154535.87+014958.1,56152.19085,17.49,0.11,236.39896,1.83283
154535.87+014958.1,56152.19595,17.43,0.1,236.39905,1.83273
154535.87+014958.1,56152.20118,17.4,0.1,236.39925,1.83289
154535.87+014958.1,56152.20627,17.84,0.12,236.39894,1.83301
154535.87+014958.1,56314.53119,17.37,0.1,236.39942,1.83291
154535.87+014958.1,56314.53409,17.3,0.1,236.39946,1.833
154535.87+014958.1,56314.53716,17.21,0.1,236.39927,1.83308
154535.87+014958.1,56314.54016,17.24,0.1,236.39944,1.83293
154535.87+014958.1,56366.44408,17.4,0.1,236.39946,1.83305
154535.87+014958.1,56366.45144,17.31,0.09,236.39942,1.83288
154535.87+014958.1,56366.45875,17.42,0.1,236.39931,1.83287
154535.87+014958.1,56366.46619,17.29,0.09,236.39942,1.83287
154535.87+014958.1,55956.51991,17.33,0.09,236.39944,1.83286
154535.87+014958.1,55956.52795,17.3,0.09,236.39945,1.83297
154535.87+014958.1,55956.53608,17.37,0.09,236.39941,1.83292
154535.87+014958.1,55956.54419,17.38,0.09,236.39934,1.83279
154535.87+014958.1,56393.42259,17.37,0.1,236.39931,1.83303
154535.87+014958.1,56393.42763,17.42,0.1,236.39936,1.83306
154535.87+014958.1,56393.4328,17.41,0.1,236.39933,1.83292
154535.87+014958.1,56393.43793,17.43,0.1,236.3993,1.833
154535.87+014958.1,56424.34037,17.52,0.1,236.39926,1.83295
154535.87+014958.1,56424.34938,17.42,0.1,236.39932,1.83288
154535.87+014958.1,56424.35846,17.54,0.1,236.39936,1.83292
154535.87+014958.1,56424.36755,17.48,0.1,236.39933,1.83277
154535.87+014958.1,56430.32179,17.39,0.1,236.39935,1.833
154535.87+014958.1,56430.32686,17.47,0.1,236.39936,1.83296
154535.87+014958.1,56430.33191,17.37,0.1,236.39919,1.83291
154535.87+014958.1,56430.33692,17.41,0.1,236.39931,1.83289
154535.87+014958.1,56443.32851,17.33,0.1,236.39938,1.8329
154535.87+014958.1,56443.33587,17.49,0.1,236.39942,1.83292
154535.87+014958.1,56443.34331,17.47,0.1,236.39931,1.83305
154535.87+014958.1,56443.35071,17.37,0.1,236.39912,1.83301
154535.87+014958.1,56457.2645,17.42,0.1,236.3992,1.83294
154535.87+014958.1,56457.27138,17.23,0.1,236.39937,1.8328
154535.87+014958.1,56457.27828,17.56,0.11,236.39928,1.83293
154535.87+014958.1,56457.28517,17.19,0.09,236.39924,1.83309
154535.87+014958.1,56470.25519,17.23,0.09,236.39925,1.83306
154535.87+014958.1,56470.26307,17.39,0.1,236.39901,1.83304
154535.87+014958.1,56470.27098,17.49,0.1,236.3992,1.83292
154535.87+014958.1,56470.27893,17.45,0.1,236.39926,1.83296
154535.87+014958.1,54213.34378,21.0,0.21,236.39895,1.83543
154535.87+014958.1,54213.36116,20.87,0.2,236.39884,1.83552
154535.87+014958.1,54213.36991,20.72,0.19,236.39888,1.83549
154535.87+014958.1,54148.53692,21.46,0.29,236.39878,1.83539
154535.87+014958.1,54504.47567,20.77,0.24,236.39887,1.83528
154535.87+014958.1,54882.46989,21.36,0.28,236.39887,1.83547
154535.87+014958.1,54882.47601,20.93,0.22,236.39875,1.83545
154535.87+014958.1,54882.48216,21.33,0.27,236.39875,1.83551
154535.87+014958.1,54882.48812,21.13,0.25,236.39872,1.83556
154535.87+014958.1,54952.35115,21.0,0.23,236.39893,1.83538
154535.87+014958.1,54952.3691,21.56,0.31,236.39883,1.8356
154535.87+014958.1,54952.37799,21.3,0.27,236.39886,1.83542
154535.87+014958.1,55329.40214,20.73,0.23,236.39891,1.83543
154535.87+014958.1,55329.4209,20.97,0.26,236.39861,1.83541
154535.87+014958.1,56013.44418,20.63,0.2,236.39895,1.83547
154535.87+014958.1,56013.45274,20.32,0.17,236.39884,1.83514
154535.87+014958.1,56013.46145,21.06,0.24,236.39874,1.83544
154535.87+014958.1,56013.47015,20.92,0.23,236.39864,1.83544
154535.87+014958.1,56073.25599,21.22,0.25,236.39883,1.83545
154535.87+014958.1,56073.27098,22.15,0.42,236.39872,1.83564
154535.87+014958.1,56663.53116,20.89,0.26,236.39883,1.83512
154535.87+014958.1,54213.34378,17.49,0.07,236.39946,1.83278
154535.87+014958.1,54213.35248,17.48,0.07,236.39952,1.83279
154535.87+014958.1,54213.36116,17.48,0.07,236.39939,1.83275
154535.87+014958.1,54213.36991,17.5,0.07,236.39944,1.83278
154535.87+014958.1,54148.52589,17.46,0.07,236.39944,1.83284
154535.87+014958.1,54148.53135,17.44,0.07,236.39946,1.83276
154535.87+014958.1,54148.53692,17.55,0.07,236.39941,1.8328
154535.87+014958.1,54148.54244,17.45,0.07,236.39953,1.83279
154535.87+014958.1,54290.18983,17.41,0.07,236.39948,1.83279
154535.87+014958.1,54290.1964,17.36,0.07,236.39941,1.83278
154535.87+014958.1,54290.20287,17.5,0.07,236.39944,1.83279
154535.87+014958.1,54290.20936,17.49,0.07,236.39947,1.83281
154535.87+014958.1,54504.47567,17.48,0.07,236.39937,1.83277
154535.87+014958.1,54504.479,17.43,0.07,236.39944,1.83278
154535.87+014958.1,54504.48233,17.49,0.07,236.3994,1.83278
154535.87+014958.1,54504.48563,17.44,0.07,236.39947,1.83276
154535.87+014958.1,54882.46989,17.5,0.07,236.39949,1.83278
154535.87+014958.1,54882.47601,17.46,0.07,236.39942,1.83276
154535.87+014958.1,54882.48216,17.56,0.07,236.39948,1.83282
154535.87+014958.1,54882.48812,17.47,0.07,236.39937,1.83278
154535.87+014958.1,54920.39319,17.49,0.07,236.39942,1.83279
154535.87+014958.1,54920.40556,17.49,0.07,236.39943,1.83281
154535.87+014958.1,54920.41801,17.48,0.07,236.39936,1.83283
154535.87+014958.1,54920.43031,17.49,0.07,236.3994,1.83284
154535.87+014958.1,54952.35115,17.46,0.07,236.39939,1.83273
154535.87+014958.1,54952.36012,17.51,0.07,236.39946,1.83277
154535.87+014958.1,54952.3691,17.48,0.07,236.39949,1.83282
154535.87+014958.1,54952.37799,17.42,0.07,236.39949,1.83278
154535.87+014958.1,55329.40214,17.46,0.07,236.39943,1.83284
154535.87+014958.1,55329.40835,17.41,0.07,236.39941,1.83278
154535.87+014958.1,55329.41465,17.5,0.07,236.39947,1.83276
154535.87+014958.1,55329.4209,17.48,0.07,236.39945,1.83272
154535.87+014958.1,55635.48381,17.5,0.08,236.39946,1.83279
154535.87+014958.1,55635.48794,17.52,0.08,236.39956,1.83279
154535.87+014958.1,55635.49207,17.48,0.08,236.39946,1.83273
154535.87+014958.1,55635.49624,17.53,0.08,236.39949,1.83286
154535.87+014958.1,56013.44418,17.58,0.07,236.39944,1.83277
154535.87+014958.1,56013.45274,17.55,0.07,236.39944,1.83276
154535.87+014958.1,56013.46145,17.49,0.07,236.39937,1.83276
154535.87+014958.1,56013.47015,17.54,0.07,236.39946,1.83278
154535.87+014958.1,56073.24853,17.5,0.07,236.39941,1.83278
154535.87+014958.1,56073.25599,17.53,0.07,236.39948,1.83278
154535.87+014958.1,56073.26348,17.44,0.07,236.39939,1.83277
154535.87+014958.1,56073.27098,17.53,0.07,236.39945,1.83274
154535.87+014958.1,56400.40543,17.49,0.07,236.39944,1.8328
154535.87+014958.1,56400.41611,17.43,0.07,236.3994,1.83279
154535.87+014958.1,56400.4268,17.51,0.07,236.3994,1.83275
154535.87+014958.1,56400.4374,17.45,0.07,236.39944,1.83278
154535.87+014958.1,56663.53116,17.47,0.07,236.39937,1.83283
154535.87+014958.1,56663.53579,17.55,0.07,236.39939,1.83279
154535.87+014958.1,56663.54043,17.47,0.07,236.39942,1.8328
154535.87+014958.1,56663.54506,17.46,0.07,236.3994,1.83278
093856.54+435415.0,54805.4049,20.79,0.41,144.74149,43.90636
093856.54+435415.0,54535.34827,21.29,0.55,144.74152,43.90555
093856.54+435415.0,54861.23664,21.13,0.49,144.74182,43.90636
093856.54+435415.0,54913.15927,20.64,0.37,144.74116,43.90626
093856.54+435415.0,54920.18453,21.45,0.61,144.74164,43.90667
093856.54+435415.0,54920.19138,20.73,0.4,144.74101,43.90641
093856.54+435415.0,55244.27686,21.13,0.5,144.74145,43.90586
093856.54+435415.0,55679.2549,20.94,0.49,144.74037,43.906
093856.54+435415.0,55569.3448,20.16,0.3,144.7405,43.90597
093856.54+435415.0,55591.32147,20.46,0.35,144.74085,43.9059
093856.54+435415.0,55591.32635,20.17,0.3,144.74266,43.90662
093856.54+435415.0,55721.1921,20.04,0.3,144.74139,43.90562
093856.54+435415.0,55628.25185,21.46,0.65,144.74179,43.90583
093856.54+435415.0,54478.34799,20.5,0.36,144.74184,43.90694
093856.54+435415.0,55945.33639,20.4,0.33,144.74201,43.90547
093856.54+435415.0,55945.34151,20.33,0.32,144.74146,43.90603
093856.54+435415.0,55958.38711,19.77,0.24,144.74069,43.90597
093856.54+435415.0,56018.16967,20.85,0.44,144.74353,43.90742
093856.54+435415.0,56306.48868,21.58,0.55,144.74138,43.90567
093856.54+435415.0,56334.31967,20.54,0.31,144.74137,43.90597
093856.54+435415.0,56402.1609,20.31,0.33,144.74074,43.90642
093856.54+435415.0,53712.37425,20.62,0.4,144.72923,43.90672
093856.54+435415.0,53793.2219,20.21,0.32,144.72893,43.90613
093856.54+435415.0,53823.18756,21.19,0.55,144.73021,43.90623
093856.54+435415.0,54204.2023,21.29,0.56,144.72886,43.90666
093856.54+435415.0,54805.39702,20.74,0.4,144.73038,43.90641
093856.54+435415.0,54943.27803,20.52,0.36,144.72922,43.90647
093856.54+435415.0,54884.26443,20.25,0.3,144.72988,43.90584
093856.54+435415.0,54850.5043,21.09,0.56,144.72938,43.90622
093856.54+435415.0,54892.18858,19.58,0.21,144.72907,43.90629
093856.54+435415.0,54920.18453,20.7,0.39,144.72861,43.90586
093856.54+435415.0,54920.19138,20.69,0.39,144.7296,43.90615
093856.54+435415.0,54920.19813,19.65,0.22,144.72977,43.90709
093856.54+435415.0,55155.43631,20.22,0.3,144.73002,43.90636
093856.54+435415.0,55119.45019,20.53,0.43,144.72986,43.90633
093856.54+435415.0,55119.46471,17.41,0.1,144.72845,43.90435
093856.54+435415.0,55544.41657,20.0,0.27,144.72959,43.90574
093856.54+435415.0,55244.25611,20.1,0.29,144.72946,43.90604
093856.54+435415.0,55244.26997,19.82,0.25,144.73009,43.90575
093856.54+435415.0,55272.33443,19.16,0.18,144.72973,43.90522
093856.54+435415.0,55327.15368,19.16,0.18,144.72984,43.90562
093856.54+435415.0,55327.16896,20.49,0.36,144.72927,43.90567
093856.54+435415.0,55505.48319,21.2,0.58,144.72925,43.90611
093856.54+435415.0,55505.48901,21.27,0.59,144.72939,43.90685
093856.54+435415.0,55679.2549,19.81,0.26,144.72945,43.90642
093856.54+435415.0,55679.27213,19.86,0.27,144.72906,43.90619
093856.54+435415.0,55569.3448,19.34,0.2,144.72949,43.90599
093856.54+435415.0,55591.32635,21.24,0.55,144.72883,43.9065
093856.54+435415.0,55591.3361,19.65,0.23,144.72957,43.90643
093856.54+435415.0,55721.18271,19.63,0.24,144.72982,43.90624
093856.54+435415.0,55628.24433,21.1,0.52,144.7304,43.90658
093856.54+435415.0,55628.25185,20.39,0.35,144.73001,43.90579
093856.54+435415.0,55685.16931,19.47,0.29,144.72902,43.90716
093856.54+435415.0,55867.46095,19.85,0.21,144.72961,43.9061
093856.54+435415.0,55958.37691,19.75,0.24,144.73018,43.90663
093856.54+435415.0,55958.38711,20.13,0.29,144.72971,43.90606
093856.54+435415.0,55958.39214,20.29,0.31,144.72987,43.90647
093856.54+435415.0,55987.21097,19.31,0.21,144.72937,43.90583
093856.54+435415.0,56018.16967,20.88,0.44,144.72859,43.90616
093856.54+435415.0,56045.25274,20.31,0.33,144.73002,43.90553
093856.54+435415.0,56306.4756,20.53,0.31,144.72985,43.90618
093856.54+435415.0,56314.26599,19.9,0.26,144.7302,43.90665
093856.54+435415.0,56334.31337,20.58,0.32,144.72965,43.90627
093856.54+435415.0,56334.32586,20.71,0.34,144.72913,43.90644
093856.54+435415.0,56402.1609,20.8,0.44,144.72864,43.90626
093856.54+435415.0,56433.22628,20.61,0.41,144.73178,43.90692
093856.54+435415.0,53712.35591,18.88,0.16,144.73573,43.90422
093856.54+435415.0,53712.36812,18.67,0.15,144.73564,43.90429
093856.54+435415.0,53712.37425,18.75,0.15,144.73514,43.90422
093856.54+435415.0,53734.34271,18.87,0.16,144.73551,43.90426
093856.54+435415.0,53734.35207,19.07,0.17,144.73546,43.90411
093856.54+435415.0,53734.36144,19.22,0.18,144.73521,43.90428
093856.54+435415.0,53734.37087,18.96,0.16,144.73559,43.90428
093856.54+435415.0,53531.15985,19.09,0.18,144.73487,43.90409
093856.54+435415.0,53531.16636,19.19,0.19,144.7356,43.90414
093856.54+435415.0,53531.17297,19.47,0.22,144.73544,43.90427
093856.54+435415.0,53531.17946,18.91,0.17,144.73502,43.90414
093856.54+435415.0,53854.24834,18.77,0.16,144.73525,43.90428
093856.54+435415.0,54094.2854,19.59,0.22,144.73566,43.90427
093856.54+435415.0,54094.29686,19.15,0.17,144.73549,43.90419
093856.54+435415.0,54094.31962,19.24,0.18,144.73556,43.90394
093856.54+435415.0,53769.27348,19.13,0.21,144.73536,43.90432
093856.54+435415.0,53769.28102,19.1,0.23,144.73565,43.90433
093856.54+435415.0,53769.28856,18.87,0.18,144.73544,43.90405
093856.54+435415.0,53769.29605,18.7,0.17,144.73544,43.90417
093856.54+435415.0,53793.2219,19.33,0.2,144.73525,43.90429
093856.54+435415.0,53793.2275,18.98,0.18,144.73561,43.9043
093856.54+435415.0,53744.34049,19.78,0.26,144.7353,43.90416
093856.54+435415.0,53744.34807,18.75,0.16,144.73514,43.90413
093856.54+435415.0,53744.35565,18.96,0.17,144.73528,43.90434
093856.54+435415.0,53744.36329,19.31,0.2,144.73547,43.90428
093856.54+435415.0,53823.16065,18.84,0.16,144.73534,43.90431
093856.54+435415.0,53823.16935,19.04,0.17,144.73546,43.9042
093856.54+435415.0,53823.17817,19.2,0.19,144.73538,43.90398
093856.54+435415.0,53823.18756,19.07,0.18,144.73546,43.90431
093856.54+435415.0,53863.18536,18.61,0.15,144.73551,43.90428
093856.54+435415.0,53863.19125,18.79,0.16,144.73523,43.90446
093856.54+435415.0,53863.19724,18.76,0.16,144.73535,43.9042
093856.54+435415.0,54059.50055,19.1,0.17,144.73547,43.90439
093856.54+435415.0,54059.50573,18.93,0.15,144.73557,43.90396
093856.54+435415.0,54059.51086,19.0,0.16,144.73536,43.90417
093856.54+435415.0,54059.51604,19.19,0.17,144.7355,43.90399
093856.54+435415.0,54204.19378,18.88,0.16,144.73528,43.90428
093856.54+435415.0,54204.2023,19.03,0.17,144.73533,43.9045
093856.54+435415.0,54204.21081,18.98,0.16,144.73551,43.90404
093856.54+435415.0,54204.21932,19.24,0.18,144.73561,43.90414
093856.54+435415.0,54452.32199,18.89,0.16,144.73541,43.90435
093856.54+435415.0,54452.32755,19.23,0.18,144.73535,43.90425
093856.54+435415.0,54452.33313,19.16,0.18,144.73515,43.90429
093856.54+435415.0,54452.33868,19.39,0.2,144.73569,43.90424
093856.54+435415.0,54138.28484,19.18,0.2,144.73518,43.90422
093856.54+435415.0,54138.28919,19.01,0.17,144.73539,43.90442
093856.54+435415.0,54138.29354,19.12,0.18,144.73511,43.90413
093856.54+435415.0,54157.1746,19.17,0.19,144.73479,43.90427
093856.54+435415.0,54157.18385,19.6,0.24,144.73553,43.90424
093856.54+435415.0,54157.20404,18.88,0.17,144.73536,43.90414
093856.54+435415.0,54262.16476,19.08,0.13,144.7349,43.90402
093856.54+435415.0,54262.1728,19.04,0.13,144.73592,43.90428
093856.54+435415.0,54262.18083,19.04,0.13,144.73518,43.90405
093856.54+435415.0,54262.18885,18.84,0.12,144.73557,43.90407
093856.54+435415.0,54170.30319,18.79,0.15,144.73509,43.90422
093856.54+435415.0,54170.30854,19.23,0.18,144.7352,43.90425
093856.54+435415.0,54170.31389,19.36,0.19,144.73529,43.90416
093856.54+435415.0,54170.31925,19.09,0.17,144.73526,43.9043
093856.54+435415.0,54176.13677,19.15,0.18,144.73563,43.90422
093856.54+435415.0,54176.14594,19.58,0.22,144.73548,43.90407
093856.54+435415.0,54176.15511,18.88,0.16,144.73547,43.90413
093856.54+435415.0,54176.16433,19.11,0.17,144.7356,43.90411
093856.54+435415.0,54246.15356,18.73,0.15,144.73596,43.90418
093856.54+435415.0,54246.16983,19.03,0.18,144.7351,43.9044
093856.54+435415.0,54246.17795,18.99,0.17,144.73539,43.90442
093856.54+435415.0,54415.43392,18.69,0.14,144.73551,43.90458
093856.54+435415.0,54415.43892,19.01,0.16,144.73566,43.90428
093856.54+435415.0,54415.44388,19.12,0.17,144.73538,43.90421
093856.54+435415.0,54415.44882,19.09,0.17,144.7354,43.90442
093856.54+435415.0,54425.38933,19.13,0.17,144.73589,43.9043
093856.54+435415.0,54425.39368,19.54,0.21,144.73585,43.90441
093856.54+435415.0,54425.39806,19.12,0.17,144.73513,43.90434
093856.54+435415.0,54805.3814,18.89,0.15,144.73561,43.90422
093856.54+435415.0,54805.3891,18.66,0.14,144.73544,43.90393
093856.54+435415.0,54805.39702,18.89,0.15,144.7352,43.90433
093856.54+435415.0,54805.4049,19.01,0.16,144.73506,43.90408
093856.54+435415.0,54504.24011,19.13,0.17,144.73522,43.90432
093856.54+435415.0,54504.24558,19.57,0.21,144.73544,43.9044
093856.54+435415.0,54504.25101,19.23,0.18,144.73534,43.90418
093856.54+435415.0,54504.25654,19.0,0.16,144.73506,43.90422
093856.54+435415.0,54466.48919,19.15,0.17,144.73546,43.9043
093856.54+435415.0,54466.49474,19.27,0.18,144.73528,43.90417
093856.54+435415.0,54466.50023,18.8,0.15,144.73534,43.90415
093856.54+435415.0,54466.50573,18.94,0.16,144.7354,43.90431
093856.54+435415.0,54632.17854,19.52,0.26,144.73531,43.90425
093856.54+435415.0,54632.18615,18.83,0.18,144.73511,43.90408
093856.54+435415.0,54535.34027,18.93,0.16,144.73533,43.90417
093856.54+435415.0,54535.34428,19.0,0.16,144.73531,43.90418
093856.54+435415.0,54535.34827,19.3,0.19,144.73539,43.90427
093856.54+435415.0,54535.35225,19.06,0.17,144.73527,43.90424
093856.54+435415.0,54549.30841,18.43,0.13,144.73533,43.90446
093856.54+435415.0,54549.31523,18.57,0.14,144.73586,43.90405
093856.54+435415.0,54549.32202,19.27,0.19,144.73543,43.90426
093856.54+435415.0,54549.3288,19.6,0.22,144.73539,43.9042
093856.54+435415.0,54588.25313,18.64,0.14,144.73548,43.90442
093856.54+435415.0,54588.25762,18.61,0.14,144.73522,43.90424
093856.54+435415.0,54588.26218,18.69,0.15,144.7354,43.90418
093856.54+435415.0,54588.26671,19.33,0.19,144.73536,43.90412
093856.54+435415.0,54789.49495,19.15,0.17,144.73572,43.90423
093856.54+435415.0,54789.50099,19.06,0.17,144.73544,43.90442
093856.54+435415.0,54789.50701,18.69,0.14,144.73554,43.90419
093856.54+435415.0,54789.51315,18.95,0.16,144.73537,43.90432
093856.54+435415.0,54767.48986,19.24,0.18,144.73551,43.90427
093856.54+435415.0,54767.49786,19.03,0.16,144.73552,43.90426
093856.54+435415.0,54767.5058,19.26,0.18,144.73549,43.90425
093856.54+435415.0,54767.51387,19.07,0.16,144.73577,43.90418
093856.54+435415.0,54943.25008,18.99,0.17,144.73515,43.90428
093856.54+435415.0,54943.26562,18.89,0.16,144.73531,43.90438
093856.54+435415.0,54943.27108,18.66,0.15,144.73532,43.90423
093856.54+435415.0,54943.27803,18.85,0.16,144.73509,43.90416
093856.54+435415.0,55182.37736,19.27,0.18,144.73527,43.90433
093856.54+435415.0,55182.38255,19.22,0.18,144.73559,43.90428
093856.54+435415.0,55182.38772,18.92,0.16,144.7353,43.90406
093856.54+435415.0,55182.39291,19.0,0.16,144.73549,43.90448
093856.54+435415.0,54875.34967,18.85,0.15,144.73558,43.90422
093856.54+435415.0,54875.35568,19.13,0.17,144.73508,43.90407
093856.54+435415.0,54875.36178,18.69,0.14,144.73516,43.90432
093856.54+435415.0,54875.36781,19.11,0.17,144.73525,43.90398
093856.54+435415.0,54884.24775,18.72,0.14,144.73565,43.90411
093856.54+435415.0,54884.25332,19.22,0.18,144.73516,43.90421
093856.54+435415.0,54884.25892,19.06,0.17,144.73558,43.90435
093856.54+435415.0,54884.26443,19.1,0.17,144.73488,43.90433
093856.54+435415.0,54850.49941,19.0,0.18,144.73514,43.90441
093856.54+435415.0,54850.5043,18.85,0.17,144.73531,43.90436
093856.54+435415.0,54850.50915,19.17,0.2,144.73497,43.9042
093856.54+435415.0,54850.51396,19.14,0.19,144.73525,43.90425
093856.54+435415.0,54861.23664,19.1,0.17,144.73557,43.90424
093856.54+435415.0,54861.2445,18.91,0.15,144.73535,43.90419
093856.54+435415.0,54861.25243,18.56,0.13,144.73549,43.90431
093856.54+435415.0,54861.26033,18.93,0.16,144.7353,43.90439
093856.54+435415.0,54892.16647,18.65,0.14,144.73511,43.90428
093856.54+435415.0,54892.17754,18.89,0.15,144.73536,43.90419
093856.54+435415.0,54892.18858,19.32,0.19,144.73537,43.9046
093856.54+435415.0,54892.1996,18.95,0.16,144.73534,43.90439
093856.54+435415.0,54912.1132,19.13,0.25,144.73521,43.90392
093856.54+435415.0,54912.11733,19.32,0.25,144.73556,43.90427
093856.54+435415.0,54913.15927,19.14,0.17,144.73553,43.90435
093856.54+435415.0,54913.16482,19.22,0.18,144.73518,43.90418
093856.54+435415.0,54913.17573,19.07,0.17,144.73546,43.90413
093856.54+435415.0,54920.18453,18.79,0.15,144.73533,43.90426
093856.54+435415.0,54920.19138,18.9,0.16,144.73548,43.90413
093856.54+435415.0,54920.19813,19.12,0.17,144.73539,43.90432
093856.54+435415.0,54920.20487,18.52,0.13,144.73507,43.90453
093856.54+435415.0,55155.43631,18.96,0.16,144.73537,43.90427
093856.54+435415.0,55155.44163,18.88,0.16,144.73541,43.90429
093856.54+435415.0,55155.44714,18.8,0.15,144.73545,43.90433
093856.54+435415.0,55155.4526,18.48,0.13,144.73533,43.90411
093856.54+435415.0,55119.45019,18.8,0.17,144.73543,43.90407
093856.54+435415.0,55119.45492,18.91,0.18,144.73555,43.90439
093856.54+435415.0,55119.45977,18.99,0.19,144.73532,43.9041
093856.54+435415.0,55131.44249,18.65,0.14,144.73535,43.90473
093856.54+435415.0,55131.45087,18.7,0.15,144.73547,43.90427
093856.54+435415.0,55131.45942,19.17,0.18,144.73568,43.90407
093856.54+435415.0,55131.46787,18.81,0.15,144.73544,43.90423
093856.54+435415.0,55297.2143,18.69,0.15,144.73523,43.90401
093856.54+435415.0,55297.2212,19.02,0.17,144.73516,43.90435
093856.54+435415.0,55297.22818,18.93,0.16,144.7351,43.90411
093856.54+435415.0,55297.23511,18.37,0.13,144.73522,43.90418
093856.54+435415.0,55544.40732,18.63,0.14,144.73498,43.90418
093856.54+435415.0,55544.41657,18.84,0.16,144.73525,43.90432
093856.54+435415.0,55544.42122,18.54,0.14,144.73539,43.90409
093856.54+435415.0,55244.25611,18.89,0.16,144.73527,43.90414
093856.54+435415.0,55244.26305,18.87,0.16,144.7354,43.90413
093856.54+435415.0,55244.26997,18.99,0.16,144.73531,43.90417
093856.54+435415.0,55244.27686,18.52,0.13,144.73521,43.90403
093856.54+435415.0,55212.294,19.55,0.3,144.73487,43.90425
093856.54+435415.0,55212.3002,19.04,0.24,144.73489,43.90419
093856.54+435415.0,55212.30639,19.19,0.25,144.73532,43.90431
093856.54+435415.0,55272.32982,18.8,0.15,144.73526,43.90414
093856.54+435415.0,55272.33443,19.15,0.18,144.73525,43.90422
093856.54+435415.0,55272.33911,18.72,0.14,144.73542,43.90413
093856.54+435415.0,55272.34377,19.06,0.17,144.73526,43.90393
093856.54+435415.0,55272.34841,19.01,0.17,144.73539,43.90416
093856.54+435415.0,55327.14604,18.88,0.16,144.73543,43.90441
093856.54+435415.0,55327.15368,18.77,0.15,144.73539,43.90437
093856.54+435415.0,55327.16135,18.51,0.14,144.73531,43.90415
093856.54+435415.0,55327.16896,19.25,0.19,144.73513,43.90409
093856.54+435415.0,55505.47152,19.46,0.24,144.73524,43.90417
093856.54+435415.0,55505.48319,19.04,0.18,144.73528,43.90419
093856.54+435415.0,55505.48901,18.86,0.16,144.73526,43.90416
093856.54+435415.0,55679.2549,19.09,0.18,144.73508,43.90403
093856.54+435415.0,55679.26064,19.14,0.19,144.73526,43.90435
093856.54+435415.0,55679.26635,18.75,0.16,144.73517,43.9042
093856.54+435415.0,55679.27213,18.91,0.17,144.7352,43.90432
093856.54+435415.0,55601.23453,19.19,0.19,144.73561,43.90416
093856.54+435415.0,55601.24097,18.98,0.17,144.73544,43.90413
093856.54+435415.0,55601.24736,18.85,0.16,144.73504,43.9044
093856.54+435415.0,55601.25377,18.89,0.16,144.73526,43.90445
093856.54+435415.0,55569.33953,18.9,0.16,144.7356,43.90436
093856.54+435415.0,55569.3448,18.88,0.16,144.7354,43.90439
093856.54+435415.0,55569.34996,18.76,0.15,144.73539,43.90435
093856.54+435415.0,55569.35519,18.94,0.16,144.73536,43.90411
093856.54+435415.0,55591.32147,19.22,0.19,144.73537,43.9043
093856.54+435415.0,55591.32635,19.11,0.18,144.73543,43.90433
093856.54+435415.0,55591.33124,18.71,0.15,144.73534,43.90411
093856.54+435415.0,55591.3361,19.22,0.19,144.7352,43.90425
093856.54+435415.0,55721.18271,18.63,0.15,144.73547,43.90436
093856.54+435415.0,55721.18743,18.48,0.14,144.73503,43.90399
093856.54+435415.0,55721.1921,19.29,0.2,144.73543,43.90409
093856.54+435415.0,55721.19671,18.92,0.17,144.7351,43.90446
093856.54+435415.0,55628.23692,18.7,0.15,144.73526,43.90442
093856.54+435415.0,55628.24433,19.36,0.2,144.73569,43.90421
093856.54+435415.0,55628.25185,19.14,0.18,144.73544,43.90419
093856.54+435415.0,55628.25938,19.14,0.22,144.7354,43.9044
093856.54+435415.0,55685.16931,19.41,0.28,144.73446,43.90408
093856.54+435415.0,55685.17494,19.49,0.24,144.73504,43.9043
093856.54+435415.0,54478.33477,19.05,0.19,144.73535,43.90419
093856.54+435415.0,54478.34136,19.14,0.18,144.73512,43.90433
093856.54+435415.0,54478.34799,18.89,0.16,144.73534,43.90443
093856.54+435415.0,54478.35463,19.17,0.19,144.73513,43.90407
093856.54+435415.0,55867.46095,19.26,0.16,144.73541,43.90419
093856.54+435415.0,55867.46778,19.13,0.15,144.73546,43.90424
093856.54+435415.0,55867.47458,18.67,0.13,144.73536,43.90406
093856.54+435415.0,55867.48143,19.19,0.16,144.73573,43.90411
093856.54+435415.0,55923.35283,18.99,0.17,144.73543,43.90415
093856.54+435415.0,55923.35844,18.61,0.14,144.73533,43.90424
093856.54+435415.0,55923.36414,18.75,0.16,144.7355,43.90417
093856.54+435415.0,55923.36977,18.86,0.16,144.73548,43.90398
093856.54+435415.0,55945.33639,19.2,0.18,144.73565,43.90419
093856.54+435415.0,55945.34151,18.78,0.15,144.73588,43.90443
093856.54+435415.0,55945.34665,19.22,0.18,144.73556,43.9041
093856.54+435415.0,55945.35179,18.97,0.16,144.73562,43.90412
093856.54+435415.0,55958.37691,19.09,0.17,144.73544,43.90434
093856.54+435415.0,55958.38204,19.03,0.17,144.73537,43.90435
093856.54+435415.0,55958.38711,19.08,0.17,144.73536,43.90419
093856.54+435415.0,55958.39214,18.89,0.16,144.73531,43.90423
093856.54+435415.0,55967.37909,18.74,0.15,144.73523,43.90436
093856.54+435415.0,55967.38782,18.89,0.16,144.73516,43.90405
093856.54+435415.0,55967.39648,19.28,0.19,144.73558,43.9043
093856.54+435415.0,55967.40519,19.21,0.18,144.73499,43.90434
093856.54+435415.0,55981.21734,19.13,0.18,144.73516,43.90426
093856.54+435415.0,55981.22409,18.44,0.13,144.73539,43.90423
093856.54+435415.0,55981.23084,19.28,0.19,144.73502,43.90397
093856.54+435415.0,55981.23768,19.12,0.18,144.73541,43.9042
093856.54+435415.0,55987.19073,19.17,0.2,144.73541,43.9039
093856.54+435415.0,55987.19742,19.83,0.27,144.73541,43.90417
093856.54+435415.0,55987.20425,18.72,0.16,144.73577,43.90452
093856.54+435415.0,55987.21097,18.64,0.15,144.73499,43.90432
093856.54+435415.0,56018.14381,18.67,0.14,144.73595,43.90445
093856.54+435415.0,56018.15239,18.95,0.16,144.73566,43.90399
093856.54+435415.0,56018.16103,19.25,0.19,144.73517,43.90414
093856.54+435415.0,56018.16967,18.68,0.15,144.73499,43.90431
093856.54+435415.0,56045.24414,18.99,0.17,144.73525,43.90439
093856.54+435415.0,56045.25274,18.9,0.16,144.73511,43.90421
093856.54+435415.0,56045.2613,19.24,0.19,144.73444,43.9042
093856.54+435415.0,56045.26987,19.15,0.18,144.73545,43.90413
093856.54+435415.0,56067.21222,19.07,0.17,144.73571,43.90397
093856.54+435415.0,56087.15636,18.78,0.15,144.73524,43.90419
093856.54+435415.0,56087.16142,18.95,0.16,144.73524,43.90411
093856.54+435415.0,56087.16652,18.98,0.16,144.73534,43.9041
093856.54+435415.0,56087.17164,18.82,0.15,144.73551,43.90441
093856.54+435415.0,56271.3601,19.09,0.17,144.73508,43.90384
093856.54+435415.0,56271.36816,19.01,0.17,144.73529,43.90415
093856.54+435415.0,56271.37629,19.25,0.19,144.73542,43.90438
093856.54+435415.0,56271.38438,18.88,0.16,144.73545,43.90425
093856.54+435415.0,56299.33593,18.9,0.22,144.73559,43.90423
093856.54+435415.0,56299.34202,19.39,0.25,144.73539,43.90431
093856.54+435415.0,56306.4756,19.09,0.15,144.73544,43.90429
093856.54+435415.0,56306.48214,18.59,0.12,144.73539,43.9043
093856.54+435415.0,56306.48868,18.94,0.14,144.73528,43.90414
093856.54+435415.0,56306.49521,18.87,0.14,144.73505,43.90417
093856.54+435415.0,56314.24871,18.75,0.15,144.73514,43.90423
093856.54+435415.0,56314.25732,18.66,0.15,144.73541,43.90426
093856.54+435415.0,56314.26599,18.89,0.16,144.7351,43.90404
093856.54+435415.0,56314.27474,18.81,0.15,144.73478,43.90436
093856.54+435415.0,56323.50692,19.87,0.27,144.73546,43.90471
093856.54+435415.0,56323.52237,19.25,0.21,144.73504,43.90426
093856.54+435415.0,56334.30698,18.98,0.14,144.73538,43.90422
093856.54+435415.0,56334.31337,19.15,0.16,144.73507,43.90427
093856.54+435415.0,56334.31967,18.9,0.14,144.73531,43.90423
093856.54+435415.0,56334.32586,18.91,0.14,144.73541,43.90434
093856.54+435415.0,56394.19107,19.06,0.18,144.73555,43.90441
093856.54+435415.0,56394.19667,19.59,0.23,144.73538,43.90568
093856.54+435415.0,56394.20232,19.35,0.2,144.73535,43.90416
093856.54+435415.0,56394.208,19.15,0.18,144.73503,43.90446
093856.54+435415.0,56402.15077,18.88,0.16,144.73577,43.90422
093856.54+435415.0,56402.15586,18.98,0.17,144.7355,43.90442
093856.54+435415.0,56402.1609,19.13,0.18,144.73571,43.90426
093856.54+435415.0,56420.18831,18.97,0.17,144.73493,43.90407
093856.54+435415.0,56420.19857,18.98,0.17,144.73563,43.90486
093856.54+435415.0,56420.2089,18.79,0.16,144.73531,43.90458
093856.54+435415.0,56420.21917,19.47,0.22,144.73547,43.90421
093856.54+435415.0,56433.22076,18.71,0.15,144.73488,43.90434
093856.54+435415.0,56433.22628,18.88,0.17,144.73496,43.90443
093856.54+435415.0,56433.23187,19.43,0.22,144.73539,43.90482
093856.54+435415.0,56433.23751,19.06,0.18,144.73576,43.90435
093856.54+435415.0,53712.35591,17.03,0.08,144.73639,43.90053
093856.54+435415.0,53712.36196,16.79,0.08,144.73643,43.90085
093856.54+435415.0,53712.36812,16.95,0.08,144.7364,43.90052
093856.54+435415.0,53712.37425,16.95,0.08,144.73641,43.90051
093856.54+435415.0,53734.34271,16.99,0.08,144.73647,43.90055
093856.54+435415.0,53734.35207,16.92,0.08,144.73654,43.9005
093856.54+435415.0,53734.36144,16.9,0.08,144.73645,43.90056
093856.54+435415.0,53734.37087,16.95,0.08,144.73637,43.90052
093856.54+435415.0,53531.15985,16.9,0.08,144.73653,43.90046
093856.54+435415.0,53531.16636,16.96,0.08,144.73645,43.90042
093856.54+435415.0,53531.17297,16.95,0.08,144.73632,43.90052
093856.54+435415.0,53531.17946,16.88,0.08,144.73635,43.90053
093856.54+435415.0,53854.24834,16.92,0.08,144.73645,43.90044
093856.54+435415.0,53854.25491,16.84,0.08,144.7364,43.90082
093856.54+435415.0,53854.26146,16.84,0.08,144.73652,43.90077
093856.54+435415.0,53854.26802,16.82,0.08,144.73642,43.90092
093856.54+435415.0,54094.2854,16.93,0.08,144.73647,43.90049
093856.54+435415.0,54094.29686,16.95,0.08,144.73645,43.90053
093856.54+435415.0,54094.30825,16.75,0.08,144.7364,43.90099
093856.54+435415.0,54094.31962,16.94,0.08,144.73648,43.9005
093856.54+435415.0,53769.27348,16.99,0.09,144.73641,43.90059
093856.54+435415.0,53769.28102,16.98,0.09,144.73654,43.90048
093856.54+435415.0,53769.28856,17.02,0.09,144.73647,43.90054
093856.54+435415.0,53769.29605,16.99,0.09,144.73654,43.90057
093856.54+435415.0,53793.2219,16.86,0.08,144.7364,43.90056
093856.54+435415.0,53793.2275,17.03,0.09,144.73637,43.90057
093856.54+435415.0,53793.23311,16.9,0.11,144.73649,43.9005
093856.54+435415.0,53793.23871,16.77,0.13,144.73632,43.9007
093856.54+435415.0,53744.34049,17.03,0.08,144.73638,43.90055
093856.54+435415.0,53744.34807,16.95,0.08,144.73645,43.90045
093856.54+435415.0,53744.35565,16.97,0.08,144.73647,43.90045
093856.54+435415.0,53744.36329,16.98,0.08,144.73637,43.90057
093856.54+435415.0,53823.16065,16.96,0.08,144.73648,43.90051
093856.54+435415.0,53823.16935,17.02,0.08,144.73643,43.90052
093856.54+435415.0,53823.17817,16.95,0.08,144.73645,43.90051
093856.54+435415.0,53823.18756,17.0,0.08,144.73646,43.90047
093856.54+435415.0,53863.17935,16.78,0.08,144.73645,43.90075
093856.54+435415.0,53863.18536,17.02,0.09,144.73635,43.90055
093856.54+435415.0,53863.19125,16.97,0.08,144.73639,43.90039
093856.54+435415.0,53863.19724,16.99,0.08,144.73644,43.90058
093856.54+435415.0,54059.50055,16.95,0.08,144.73643,43.90052
093856.54+435415.0,54059.50573,17.04,0.08,144.73642,43.90054
093856.54+435415.0,54059.51086,16.99,0.08,144.7364,43.90054
093856.54+435415.0,54059.51604,16.91,0.08,144.73645,43.90055
093856.54+435415.0,54204.19378,16.95,0.08,144.73647,43.90056
093856.54+435415.0,54204.2023,16.95,0.08,144.73652,43.90052
093856.54+435415.0,54204.21081,16.99,0.08,144.73641,43.90048
093856.54+435415.0,54204.21932,17.0,0.08,144.73651,43.90048
093856.54+435415.0,54452.32199,16.95,0.08,144.73648,43.90058
093856.54+435415.0,54452.32755,16.98,0.08,144.73647,43.90051
093856.54+435415.0,54452.33313,16.97,0.08,144.73651,43.90053
093856.54+435415.0,54452.33868,16.97,0.08,144.73655,43.90052
093856.54+435415.0,54138.28484,16.96,0.08,144.73647,43.90058
093856.54+435415.0,54138.28919,16.97,0.08,144.73652,43.9004
093856.54+435415.0,54138.29354,17.01,0.08,144.73645,43.90055
093856.54+435415.0,54138.29789,17.02,0.09,144.7365,43.90046
093856.54+435415.0,54157.1746,16.96,0.08,144.73649,43.90048
093856.54+435415.0,54157.18385,16.93,0.08,144.73642,43.90054
093856.54+435415.0,54157.19385,16.82,0.08,144.7365,43.90088
093856.54+435415.0,54157.20404,16.98,0.08,144.73641,43.90058
093856.54+435415.0,54262.16476,17.04,0.07,144.73646,43.90043
093856.54+435415.0,54262.1728,17.0,0.07,144.7365,43.90047
093856.54+435415.0,54262.18083,16.98,0.07,144.73651,43.90048
093856.54+435415.0,54262.18885,16.9,0.07,144.73633,43.90034
093856.54+435415.0,54170.30319,16.96,0.08,144.73646,43.90051
093856.54+435415.0,54170.30854,16.93,0.08,144.73643,43.90057
093856.54+435415.0,54170.31389,16.88,0.08,144.73641,43.9005
093856.54+435415.0,54170.31925,16.88,0.08,144.73649,43.90056
093856.54+435415.0,54176.13677,16.96,0.08,144.73651,43.90048
093856.54+435415.0,54176.14594,16.89,0.08,144.73646,43.90053
093856.54+435415.0,54176.15511,16.99,0.08,144.73643,43.9005
093856.54+435415.0,54176.16433,16.95,0.08,144.73641,43.90052
093856.54+435415.0,54246.15356,16.94,0.08,144.73655,43.90048
093856.54+435415.0,54246.16168,16.86,0.08,144.73655,43.90051
093856.54+435415.0,54246.16983,16.97,0.08,144.73654,43.90042
093856.54+435415.0,54246.17795,17.08,0.08,144.73651,43.90066
093856.54+435415.0,54415.43392,17.01,0.08,144.73648,43.90056
093856.54+435415.0,54415.43892,16.94,0.08,144.73651,43.90056
093856.54+435415.0,54415.44388,16.92,0.08,144.73638,43.9006
093856.54+435415.0,54415.44882,16.93,0.08,144.73645,43.90052
093856.54+435415.0,54425.38499,16.98,0.08,144.73655,43.90053
093856.54+435415.0,54425.38933,16.98,0.08,144.73656,43.90039
093856.54+435415.0,54425.39368,16.95,0.08,144.73652,43.90061
093856.54+435415.0,54425.39806,16.99,0.08,144.73637,43.90059
093856.54+435415.0,54805.3814,17.0,0.08,144.73642,43.90055
093856.54+435415.0,54805.3891,16.97,0.08,144.73643,43.90051
093856.54+435415.0,54805.39702,17.02,0.08,144.73638,43.90053
093856.54+435415.0,54805.4049,17.03,0.08,144.73644,43.90051
093856.54+435415.0,54504.24011,16.89,0.08,144.73641,43.90055
093856.54+435415.0,54504.24558,16.93,0.08,144.73646,43.9006
093856.54+435415.0,54504.25101,16.88,0.08,144.73635,43.90052
093856.54+435415.0,54504.25654,16.96,0.08,144.73638,43.90055
093856.54+435415.0,54466.48919,16.91,0.08,144.73643,43.90052
093856.54+435415.0,54466.49474,16.96,0.08,144.7365,43.90046
093856.54+435415.0,54466.50023,16.92,0.08,144.73641,43.90047
093856.54+435415.0,54466.50573,16.99,0.08,144.73652,43.90054
093856.54+435415.0,54478.3259,16.71,0.21,144.73635,43.90054
093856.54+435415.0,54632.17472,16.81,0.09,144.73649,43.90052
093856.54+435415.0,54632.17854,16.98,0.09,144.7366,43.90053
093856.54+435415.0,54632.18234,17.0,0.09,144.73624,43.90054
093856.54+435415.0,54632.18615,16.94,0.09,144.73636,43.90047
093856.54+435415.0,54535.34027,16.96,0.08,144.73648,43.90049
093856.54+435415.0,54535.34428,17.0,0.08,144.73646,43.90054
093856.54+435415.0,54535.34827,16.96,0.08,144.7365,43.90052
093856.54+435415.0,54535.35225,16.98,0.08,144.73645,43.90053
093856.54+435415.0,54549.30841,16.99,0.08,144.73644,43.90058
093856.54+435415.0,54549.31523,16.97,0.08,144.73631,43.90047
093856.54+435415.0,54549.32202,17.05,0.08,144.73641,43.90059
093856.54+435415.0,54549.3288,16.97,0.08,144.73639,43.90051
093856.54+435415.0,54588.25313,17.0,0.08,144.73641,43.90051
093856.54+435415.0,54588.25762,16.93,0.08,144.73642,43.90055
093856.54+435415.0,54588.26218,17.01,0.08,144.73638,43.90053
093856.54+435415.0,54588.26671,17.04,0.08,144.73646,43.90055
093856.54+435415.0,54789.49495,16.94,0.08,144.7364,43.90054
093856.54+435415.0,54789.50099,16.96,0.08,144.73642,43.90055
093856.54+435415.0,54789.50701,16.97,0.08,144.73643,43.90058
093856.54+435415.0,54789.51315,16.99,0.08,144.73648,43.9005
093856.54+435415.0,54767.48986,17.01,0.08,144.73662,43.90057
093856.54+435415.0,54767.49786,16.96,0.08,144.73654,43.90055
093856.54+435415.0,54767.5058,16.99,0.08,144.73651,43.90055
093856.54+435415.0,54767.51387,16.99,0.08,144.73647,43.90059
093856.54+435415.0,54943.25008,17.0,0.08,144.73635,43.90044
093856.54+435415.0,54943.26562,16.96,0.08,144.73637,43.90058
093856.54+435415.0,54943.27108,16.96,0.08,144.73644,43.90055
093856.54+435415.0,54943.27803,16.96,0.08,144.73639,43.9006
093856.54+435415.0,55182.37736,16.87,0.08,144.73635,43.90047
093856.54+435415.0,55182.38255,16.92,0.08,144.73638,43.90052
093856.54+435415.0,55182.38772,16.99,0.08,144.73636,43.90047
093856.54+435415.0,55182.39291,17.0,0.08,144.7364,43.90048
093856.54+435415.0,54875.34967,16.94,0.08,144.7364,43.90049
093856.54+435415.0,54875.35568,17.0,0.08,144.73632,43.90056
093856.54+435415.0,54875.36178,17.0,0.08,144.7365,43.90046
093856.54+435415.0,54875.36781,16.97,0.08,144.73642,43.90053
093856.54+435415.0,54884.24775,16.92,0.08,144.73638,43.90054
093856.54+435415.0,54884.25332,16.94,0.08,144.73638,43.90056
093856.54+435415.0,54884.25892,16.94,0.08,144.73639,43.90058
093856.54+435415.0,54884.26443,16.94,0.08,144.73648,43.90058
093856.54+435415.0,54850.49941,16.96,0.09,144.73638,43.90054
093856.54+435415.0,54850.5043,16.87,0.08,144.73637,43.90055
093856.54+435415.0,54850.50915,17.02,0.09,144.73638,43.90049
093856.54+435415.0,54850.51396,16.95,0.08,144.73633,43.90057
093856.54+435415.0,54861.23664,17.03,0.08,144.73639,43.90055
093856.54+435415.0,54861.2445,16.92,0.08,144.73644,43.90059
093856.54+435415.0,54861.25243,17.0,0.08,144.73649,43.90051
093856.54+435415.0,54861.26033,16.97,0.08,144.73641,43.90054
093856.54+435415.0,54892.16647,16.98,0.08,144.73633,43.90056
093856.54+435415.0,54892.17754,17.01,0.08,144.73635,43.90059
093856.54+435415.0,54892.18858,16.92,0.08,144.73639,43.90058
093856.54+435415.0,54892.1996,16.94,0.08,144.73637,43.90058
093856.54+435415.0,54912.1132,16.92,0.1,144.73643,43.90049
093856.54+435415.0,54912.11733,16.93,0.09,144.73634,43.90061
093856.54+435415.0,54912.12154,17.08,0.14,144.73646,43.90041
093856.54+435415.0,54913.15927,16.92,0.08,144.73634,43.90056
093856.54+435415.0,54913.16482,16.91,0.08,144.7364,43.90057
093856.54+435415.0,54913.17027,16.84,0.08,144.73625,43.90083
093856.54+435415.0,54913.17573,16.96,0.08,144.7364,43.90051
093856.54+435415.0,54920.18453,16.97,0.08,144.73648,43.90049
093856.54+435415.0,54920.19138,16.87,0.08,144.73648,43.90056
093856.54+435415.0,54920.19813,16.93,0.08,144.73646,43.90056
093856.54+435415.0,54920.20487,17.01,0.08,144.7364,43.90057
093856.54+435415.0,55155.43631,16.99,0.08,144.73638,43.90054
093856.54+435415.0,55155.44163,16.97,0.08,144.73642,43.90051
093856.54+435415.0,55155.44714,17.03,0.08,144.73634,43.90059
093856.54+435415.0,55155.4526,17.03,0.08,144.73633,43.90055
093856.54+435415.0,55119.45019,17.03,0.09,144.73639,43.90053
093856.54+435415.0,55119.45492,17.0,0.09,144.73647,43.90061
093856.54+435415.0,55119.45977,16.98,0.09,144.73646,43.90053
093856.54+435415.0,55131.44249,16.99,0.08,144.73641,43.90047
093856.54+435415.0,55131.45087,16.98,0.08,144.73647,43.90056
093856.54+435415.0,55131.45942,16.91,0.08,144.73635,43.9005
093856.54+435415.0,55131.46787,16.91,0.08,144.73647,43.90058
093856.54+435415.0,55297.2143,17.0,0.08,144.73643,43.90041
093856.54+435415.0,55297.2212,16.94,0.08,144.73638,43.9005
093856.54+435415.0,55297.22818,17.01,0.08,144.73632,43.9005
093856.54+435415.0,55297.23511,17.02,0.08,144.73635,43.90046
093856.54+435415.0,55544.40732,17.01,0.08,144.73642,43.90054
093856.54+435415.0,55544.41657,16.99,0.08,144.73634,43.90057
093856.54+435415.0,55544.42122,16.98,0.08,144.73643,43.90054
093856.54+435415.0,55244.25611,16.91,0.08,144.73633,43.90047
093856.54+435415.0,55244.26305,16.95,0.08,144.73633,43.90047
093856.54+435415.0,55244.26997,16.95,0.08,144.73638,43.90047
093856.54+435415.0,55244.27686,16.97,0.08,144.73636,43.90049
093856.54+435415.0,55212.294,16.99,0.1,144.7365,43.90059
093856.54+435415.0,55212.3002,16.81,0.09,144.73638,43.90045
093856.54+435415.0,55212.30639,16.94,0.1,144.73639,43.90045
093856.54+435415.0,55212.31261,16.89,0.1,144.73643,43.90051
093856.54+435415.0,55272.32982,16.9,0.08,144.73645,43.90047
093856.54+435415.0,55272.33443,16.94,0.08,144.73642,43.90048
093856.54+435415.0,55272.33911,16.91,0.08,144.73633,43.90051
093856.54+435415.0,55272.34377,16.89,0.08,144.73639,43.90047
093856.54+435415.0,55272.34841,17.0,0.08,144.73645,43.90047
093856.54+435415.0,55327.14604,16.9,0.08,144.73639,43.90048
093856.54+435415.0,55327.15368,17.05,0.08,144.7364,43.90043
093856.54+435415.0,55327.16135,17.07,0.08,144.73641,43.90047
093856.54+435415.0,55327.16896,16.99,0.08,144.73641,43.90049
093856.54+435415.0,55502.52901,16.83,0.15,144.73631,43.90053
093856.54+435415.0,55502.53135,16.54,0.13,144.7366,43.90063
093856.54+435415.0,55502.5325,16.97,0.16,144.73644,43.90061
093856.54+435415.0,55505.47152,16.87,0.08,144.73644,43.9006
093856.54+435415.0,55505.48319,16.98,0.08,144.73636,43.90058
093856.54+435415.0,55505.48901,16.88,0.08,144.73645,43.90055
093856.54+435415.0,55679.2549,17.03,0.08,144.73639,43.90053
093856.54+435415.0,55679.26064,16.98,0.08,144.73643,43.90051
093856.54+435415.0,55679.26635,16.95,0.08,144.73639,43.90052
093856.54+435415.0,55679.27213,16.95,0.08,144.73648,43.9005
093856.54+435415.0,55601.23453,16.96,0.08,144.73641,43.90058
093856.54+435415.0,55601.24097,16.98,0.08,144.73644,43.90058
093856.54+435415.0,55601.24736,16.94,0.08,144.73649,43.90058
093856.54+435415.0,55601.25377,16.95,0.08,144.73641,43.90062
093856.54+435415.0,55569.33953,16.95,0.08,144.73643,43.90052
093856.54+435415.0,55569.3448,16.93,0.08,144.7364,43.90053
093856.54+435415.0,55569.34996,16.91,0.08,144.73632,43.9006
093856.54+435415.0,55569.35519,16.95,0.08,144.73638,43.90063
093856.54+435415.0,55591.32147,16.93,0.08,144.73641,43.90058
093856.54+435415.0,55591.32635,16.95,0.08,144.73641,43.90058
093856.54+435415.0,55591.33124,16.91,0.08,144.73641,43.90059
093856.54+435415.0,55591.3361,16.92,0.08,144.7364,43.9006
093856.54+435415.0,55721.18271,16.89,0.08,144.73653,43.90051
093856.54+435415.0,55721.18743,16.97,0.08,144.73644,43.90051
093856.54+435415.0,55721.1921,16.97,0.08,144.73646,43.90047
093856.54+435415.0,55721.19671,17.03,0.09,144.73642,43.90057
093856.54+435415.0,55628.23692,16.88,0.08,144.7364,43.90054
093856.54+435415.0,55628.24433,16.99,0.08,144.73642,43.90058
093856.54+435415.0,55628.25185,16.91,0.08,144.73645,43.90058
093856.54+435415.0,55628.25938,16.92,0.09,144.7365,43.90058
093856.54+435415.0,55685.16931,16.91,0.1,144.73643,43.90061
093856.54+435415.0,55685.17494,17.03,0.09,144.73633,43.90061
093856.54+435415.0,55685.18069,16.93,0.1,144.73627,43.90068
093856.54+435415.0,55685.18631,16.91,0.1,144.73639,43.90052
093856.54+435415.0,54478.33477,16.96,0.09,144.73638,43.90057
093856.54+435415.0,54478.34136,17.0,0.08,144.73631,43.90055
093856.54+435415.0,54478.34799,17.04,0.08,144.73636,43.90054
093856.54+435415.0,54478.35463,17.0,0.08,144.73639,43.90061
093856.54+435415.0,55867.46095,16.95,0.07,144.73641,43.90053
093856.54+435415.0,55867.46778,16.99,0.08,144.73639,43.90056
093856.54+435415.0,55867.47458,16.99,0.08,144.73646,43.90054
093856.54+435415.0,55867.48143,16.98,0.07,144.73641,43.90056
093856.54+435415.0,55923.35283,17.04,0.08,144.73646,43.90049
093856.54+435415.0,55923.35844,16.96,0.08,144.73655,43.90054
093856.54+435415.0,55923.36414,16.93,0.08,144.7365,43.90047
093856.54+435415.0,55923.36977,17.04,0.08,144.73644,43.90053
093856.54+435415.0,55945.33639,16.97,0.08,144.73649,43.90046
093856.54+435415.0,55945.34151,16.97,0.08,144.73649,43.90057
093856.54+435415.0,55945.34665,16.89,0.08,144.73653,43.90048
093856.54+435415.0,55945.35179,16.9,0.08,144.73647,43.9005
093856.54+435415.0,55958.37691,16.92,0.08,144.73641,43.9005
093856.54+435415.0,55958.38204,17.02,0.08,144.73644,43.90052
093856.54+435415.0,55958.38711,16.97,0.08,144.73651,43.90051
093856.54+435415.0,55958.39214,16.94,0.08,144.73644,43.90051
093856.54+435415.0,55967.37909,17.0,0.08,144.73643,43.90054
093856.54+435415.0,55967.38782,16.91,0.08,144.7365,43.90052
093856.54+435415.0,55967.39648,17.01,0.08,144.73638,43.9005
093856.54+435415.0,55967.40519,16.91,0.08,144.73641,43.90046
093856.54+435415.0,55981.21734,16.86,0.08,144.73646,43.90054
093856.54+435415.0,55981.22409,17.03,0.08,144.73644,43.90049
093856.54+435415.0,55981.23084,16.92,0.08,144.73648,43.90049
093856.54+435415.0,55981.23768,16.99,0.08,144.73641,43.90049
093856.54+435415.0,55987.19073,17.07,0.09,144.73639,43.9005
093856.54+435415.0,55987.19742,16.85,0.08,144.73647,43.90056
093856.54+435415.0,55987.20425,16.91,0.08,144.73647,43.90059
093856.54+435415.0,55987.21097,16.99,0.08,144.73633,43.90053
093856.54+435415.0,56018.14381,17.04,0.08,144.73649,43.90054
093856.54+435415.0,56018.15239,16.96,0.08,144.73642,43.90051
093856.54+435415.0,56018.16103,16.8,0.08,144.73645,43.90055
093856.54+435415.0,56018.16967,16.86,0.08,144.73649,43.90058
093856.54+435415.0,56045.24414,17.06,0.08,144.73649,43.90049
093856.54+435415.0,56045.25274,17.01,0.08,144.73639,43.9005
093856.54+435415.0,56045.2613,16.9,0.08,144.73643,43.90059
093856.54+435415.0,56045.26987,16.88,0.08,144.73635,43.90052
093856.54+435415.0,56067.21222,16.85,0.08,144.73645,43.90049
093856.54+435415.0,56067.21886,16.69,0.08,144.7363,43.90108
093856.54+435415.0,56067.2256,16.82,0.08,144.73632,43.90087
093856.54+435415.0,56067.23235,16.73,0.08,144.73644,43.90095
093856.54+435415.0,56087.15636,16.99,0.08,144.73646,43.90037
093856.54+435415.0,56087.16142,16.99,0.08,144.73654,43.90049
093856.54+435415.0,56087.16652,17.0,0.08,144.73638,43.90047
093856.54+435415.0,56087.17164,16.89,0.08,144.73649,43.90045
093856.54+435415.0,56271.3601,16.91,0.08,144.73645,43.90056
093856.54+435415.0,56271.36816,16.9,0.08,144.73643,43.90061
093856.54+435415.0,56271.37629,16.94,0.08,144.73642,43.90063
093856.54+435415.0,56271.38438,17.05,0.08,144.73635,43.90054
093856.54+435415.0,56299.32986,17.04,0.1,144.73637,43.90056
093856.54+435415.0,56299.33593,16.97,0.1,144.73639,43.90058
093856.54+435415.0,56299.34202,16.88,0.09,144.73648,43.90061
093856.54+435415.0,56299.34809,16.8,0.1,144.73638,43.90063
093856.54+435415.0,56306.4756,16.94,0.07,144.73637,43.90055
093856.54+435415.0,56306.48214,16.97,0.08,144.73641,43.90053
093856.54+435415.0,56306.48868,16.98,0.08,144.73638,43.90052
093856.54+435415.0,56306.49521,16.94,0.07,144.73643,43.90053
093856.54+435415.0,56314.24871,17.04,0.08,144.73634,43.90051
093856.54+435415.0,56314.25732,16.97,0.08,144.73639,43.90051
093856.54+435415.0,56314.26599,17.05,0.08,144.73638,43.90055
093856.54+435415.0,56314.27474,17.0,0.08,144.73647,43.90046
093856.54+435415.0,56323.50692,16.91,0.08,144.73628,43.90065
093856.54+435415.0,56323.5121,16.89,0.08,144.73642,43.90046
093856.54+435415.0,56323.51727,16.78,0.08,144.73639,43.90061
093856.54+435415.0,56323.52237,16.98,0.09,144.73647,43.90051
093856.54+435415.0,56334.30698,16.96,0.08,144.73639,43.90055
093856.54+435415.0,56334.31337,17.04,0.08,144.7364,43.90055
093856.54+435415.0,56334.31967,16.83,0.07,144.73638,43.90054
093856.54+435415.0,56334.32586,16.95,0.07,144.73646,43.90057
093856.54+435415.0,56394.19107,16.93,0.08,144.7364,43.9006
093856.54+435415.0,56394.19667,16.88,0.08,144.73631,43.90069
093856.54+435415.0,56394.20232,16.83,0.08,144.73633,43.90061
093856.54+435415.0,56394.208,16.93,0.08,144.73638,43.90055
093856.54+435415.0,56402.15077,16.98,0.08,144.73634,43.90054
093856.54+435415.0,56402.15586,16.87,0.08,144.73653,43.90052
093856.54+435415.0,56402.1609,17.0,0.08,144.73646,43.90051
093856.54+435415.0,56402.16599,17.01,0.08,144.73638,43.90051
093856.54+435415.0,56420.18831,16.88,0.08,144.73639,43.90059
093856.54+435415.0,56420.19857,16.91,0.08,144.73643,43.90063
093856.54+435415.0,56420.2089,17.02,0.08,144.73635,43.90056
093856.54+435415.0,56420.21917,16.92,0.08,144.73634,43.90062
093856.54+435415.0,56433.22076,17.0,0.08,144.73633,43.90058
093856.54+435415.0,56433.22628,16.99,0.08,144.73643,43.90061
093856.54+435415.0,56433.23187,17.01,0.08,144.73651,43.90045
093856.54+435415.0,56433.23751,16.97,0.08,144.73633,43.90053
172052.29+590153.7,53901.38102,17.81,0.28,260.2183,59.03167
172052.29+590153.7,53901.38206,17.76,0.27,260.21791,59.03153
172052.29+590153.7,53856.4449,18.17,0.12,260.21772,59.03163
172052.29+590153.7,53856.45043,18.12,0.12,260.21797,59.03157
172052.29+590153.7,53856.45597,18.05,0.12,260.21789,59.03163
172052.29+590153.7,53856.46153,17.91,0.11,260.21767,59.03148
172052.29+590153.7,53880.32816,17.94,0.11,260.2177,59.03173
172052.29+590153.7,53880.33661,18.07,0.12,260.21793,59.03156
172052.29+590153.7,53880.34508,17.53,0.1,260.21794,59.03168
172052.29+590153.7,53880.35352,17.97,0.11,260.21789,59.03155
172052.29+590153.7,54057.06883,18.18,0.12,260.21779,59.03165
172052.29+590153.7,54057.07424,18.13,0.12,260.21776,59.0316
172052.29+590153.7,54057.07968,18.16,0.11,260.21776,59.03152
172052.29+590153.7,54057.08513,18.05,0.11,260.21762,59.03153
172052.29+590153.7,53997.13649,18.02,0.11,260.21786,59.03157
172052.29+590153.7,53997.14608,18.13,0.11,260.21742,59.0316
172052.29+590153.7,53997.15566,18.01,0.11,260.21748,59.03165
172052.29+590153.7,53997.16524,18.07,0.11,260.21798,59.0316
172052.29+590153.7,54210.47029,18.01,0.11,260.21801,59.03159
172052.29+590153.7,54210.47421,18.05,0.11,260.21771,59.03156
172052.29+590153.7,54210.47815,18.07,0.11,260.21757,59.03162
172052.29+590153.7,54210.48206,18.17,0.12,260.21775,59.03152
172052.29+590153.7,54158.5044,18.19,0.12,260.21789,59.03165
172052.29+590153.7,54158.50942,18.2,0.12,260.21788,59.03159
172052.29+590153.7,54158.51447,18.15,0.12,260.21768,59.03152
172052.29+590153.7,54158.51958,18.17,0.12,260.21782,59.03143
172052.29+590153.7,54270.32001,18.17,0.12,260.2176,59.0316
172052.29+590153.7,54270.32448,18.14,0.12,260.21822,59.03172
172052.29+590153.7,54270.32897,17.69,0.1,260.21799,59.03163
172052.29+590153.7,54270.33345,18.04,0.12,260.21798,59.03169
172052.29+590153.7,54277.30552,18.22,0.12,260.21764,59.03156
172052.29+590153.7,54277.31,18.12,0.12,260.21815,59.03143
172052.29+590153.7,54277.31452,18.14,0.12,260.21804,59.03146
172052.29+590153.7,54277.31904,18.12,0.12,260.2178,59.03144
172052.29+590153.7,54186.44949,18.13,0.19,260.21737,59.03195
172052.29+590153.7,54186.45119,18.28,0.19,260.21798,59.03172
172052.29+590153.7,54186.45292,17.93,0.15,260.21797,59.03161
172052.29+590153.7,54186.45466,18.17,0.16,260.21801,59.03153
172052.29+590153.7,54239.36711,18.08,0.12,260.21777,59.03165
172052.29+590153.7,54239.3769,18.23,0.13,260.21755,59.03158
172052.29+590153.7,54239.38658,18.13,0.12,260.21797,59.0315
172052.29+590153.7,54239.39622,18.12,0.12,260.21807,59.03161
172052.29+590153.7,54630.33467,18.04,0.11,260.21783,59.03164
172052.29+590153.7,54630.34016,18.14,0.12,260.21761,59.03147
172052.29+590153.7,54630.34557,18.25,0.12,260.21762,59.03162
172052.29+590153.7,54630.35096,18.21,0.12,260.21793,59.03162
172052.29+590153.7,54767.07871,18.34,0.13,260.21777,59.03184
172052.29+590153.7,54767.08316,17.87,0.11,260.21793,59.03144
172052.29+590153.7,54767.08761,18.24,0.13,260.21776,59.03171
172052.29+590153.7,54767.09199,18.13,0.12,260.21758,59.03173
172052.29+590153.7,54716.20559,18.01,0.11,260.21769,59.03164
172052.29+590153.7,54716.21115,18.19,0.12,260.21761,59.03171
172052.29+590153.7,54716.2167,18.06,0.11,260.21759,59.03154
172052.29+590153.7,54716.22237,18.1,0.11,260.21751,59.03149
172052.29+590153.7,54948.39154,18.2,0.13,260.21745,59.03168
172052.29+590153.7,54948.39644,18.3,0.14,260.21777,59.03168
172052.29+590153.7,54948.40135,18.23,0.13,260.21815,59.03165
172052.29+590153.7,54948.40626,18.25,0.13,260.21724,59.03177
172052.29+590153.7,54866.50076,18.16,0.12,260.21782,59.03169
172052.29+590153.7,54866.50696,18.09,0.11,260.21774,59.03158
172052.29+590153.7,54866.51309,17.99,0.11,260.21771,59.03166
172052.29+590153.7,54866.51925,18.19,0.12,260.21773,59.03175
172052.29+590153.7,55006.36639,18.03,0.12,260.21743,59.03175
172052.29+590153.7,55006.37125,18.09,0.12,260.21756,59.03184
172052.29+590153.7,55006.37609,18.12,0.12,260.21749,59.03167
172052.29+590153.7,55006.38076,18.25,0.12,260.21758,59.03185
172052.29+590153.7,54913.46908,18.39,0.14,260.21795,59.03189
172052.29+590153.7,54913.47459,18.05,0.11,260.21766,59.03179
172052.29+590153.7,54913.47997,18.08,0.11,260.21738,59.0318
172052.29+590153.7,54913.48548,18.1,0.11,260.2176,59.03173
172052.29+590153.7,54969.33161,18.04,0.12,260.21763,59.03156
172052.29+590153.7,54969.33833,18.18,0.12,260.21719,59.03174
172052.29+590153.7,54969.34509,18.18,0.13,260.21789,59.03175
172052.29+590153.7,54969.35188,18.06,0.12,260.21765,59.03172
172052.29+590153.7,55129.08928,18.06,0.14,260.21822,59.03191
172052.29+590153.7,55129.0933,18.2,0.14,260.21762,59.03162
172052.29+590153.7,55129.09729,18.11,0.14,260.2181,59.0317
172052.29+590153.7,55129.10129,18.01,0.13,260.2173,59.03157
172052.29+590153.7,55101.14312,18.15,0.12,260.21757,59.03159
172052.29+590153.7,55101.1468,18.15,0.12,260.21777,59.03166
172052.29+590153.7,55101.15051,18.17,0.12,260.21757,59.0318
172052.29+590153.7,55101.15425,17.99,0.11,260.2177,59.03179
172052.29+590153.7,55297.44142,18.16,0.12,260.21774,59.03176
172052.29+590153.7,55297.44664,18.15,0.12,260.21751,59.03167
172052.29+590153.7,55297.45193,18.05,0.11,260.21783,59.03164
172052.29+590153.7,55297.45716,18.08,0.11,260.21734,59.03159
172052.29+590153.7,55357.38104,18.32,0.13,260.21754,59.03164
172052.29+590153.7,55357.38512,17.95,0.11,260.21727,59.03172
172052.29+590153.7,55357.38922,18.04,0.11,260.21764,59.03175
172052.29+590153.7,55357.39328,18.05,0.11,260.21762,59.03152
172052.29+590153.7,55366.30283,18.12,0.12,260.21774,59.0316
172052.29+590153.7,55366.30918,18.05,0.11,260.21795,59.03171
172052.29+590153.7,55366.3155,17.86,0.11,260.21743,59.03162
172052.29+590153.7,55366.32186,18.19,0.12,260.21768,59.03167
172052.29+590153.7,55331.34628,18.05,0.12,260.21763,59.0316
172052.29+590153.7,55331.34916,18.01,0.11,260.21765,59.03172
172052.29+590153.7,55331.35206,18.04,0.11,260.21736,59.03165
172052.29+590153.7,55337.37075,18.02,0.11,260.21773,59.03166
172052.29+590153.7,55337.37595,18.01,0.11,260.21704,59.03175
172052.29+590153.7,55337.38121,18.12,0.12,260.21747,59.03154
172052.29+590153.7,55337.38644,18.07,0.11,260.21763,59.03167
172052.29+590153.7,55514.08301,18.07,0.12,260.21763,59.03164
172052.29+590153.7,55514.09093,18.06,0.12,260.21746,59.03182
172052.29+590153.7,55514.09489,18.04,0.12,260.21782,59.03164
172052.29+590153.7,55476.08923,17.72,0.1,260.21719,59.03159
172052.29+590153.7,55476.09725,18.0,0.11,260.21759,59.03183
172052.29+590153.7,55476.10119,17.98,0.11,260.21752,59.03165
172052.29+590153.7,55653.47761,18.13,0.14,260.21772,59.03158
172052.29+590153.7,55653.48088,18.05,0.14,260.21742,59.03155
172052.29+590153.7,55653.48416,18.1,0.14,260.21743,59.03154
172052.29+590153.7,55653.48744,18.25,0.15,260.2177,59.0316
172052.29+590153.7,55683.41874,18.04,0.12,260.21769,59.03146
172052.29+590153.7,55683.42346,18.04,0.12,260.21766,59.03178
172052.29+590153.7,55683.42814,18.22,0.12,260.21772,59.03164
172052.29+590153.7,55683.43286,18.28,0.13,260.21761,59.03169
172052.29+590153.7,55862.07075,18.18,0.14,260.21742,59.03151
172052.29+590153.7,55862.07448,17.95,0.13,260.21791,59.03164
172052.29+590153.7,55862.07824,17.97,0.13,260.21754,59.0318
172052.29+590153.7,55862.08197,17.91,0.13,260.21753,59.03159
172052.29+590153.7,56045.37787,17.98,0.11,260.21788,59.03131
172052.29+590153.7,56045.38419,18.19,0.12,260.21752,59.03169
172052.29+590153.7,56045.39055,18.01,0.11,260.21767,59.03157
172052.29+590153.7,56045.3968,18.14,0.12,260.21754,59.03159
172052.29+590153.7,56077.2343,18.2,0.13,260.21755,59.03156
172052.29+590153.7,56077.24112,17.97,0.12,260.21757,59.03144
172052.29+590153.7,56077.24792,18.13,0.13,260.2177,59.0316
172052.29+590153.7,56077.25463,17.85,0.11,260.218,59.0316
172052.29+590153.7,56090.42873,18.0,0.11,260.21763,59.03168
172052.29+590153.7,56090.43435,18.01,0.11,260.21751,59.03152
172052.29+590153.7,56090.44,18.11,0.12,260.21776,59.03171
172052.29+590153.7,56090.44567,18.15,0.12,260.21788,59.03159
172052.29+590153.7,56225.10323,17.99,0.12,260.21741,59.03183
172052.29+590153.7,56225.10774,18.01,0.13,260.21754,59.03153
172052.29+590153.7,56225.11225,18.02,0.13,260.21833,59.03181
172052.29+590153.7,56225.11674,18.13,0.13,260.21734,59.03151
172052.29+590153.7,56234.07824,18.02,0.12,260.21765,59.03168
172052.29+590153.7,56234.0833,17.98,0.12,260.21744,59.03172
172052.29+590153.7,56234.08838,17.67,0.15,260.21765,59.03182
172052.29+590153.7,56234.09344,18.16,0.13,260.2178,59.03171
172052.29+590153.7,56383.45829,18.03,0.12,260.21776,59.03157
172052.29+590153.7,56383.46349,18.03,0.12,260.21753,59.03156
172052.29+590153.7,56383.46856,18.12,0.12,260.21784,59.03142
172052.29+590153.7,56383.4737,18.2,0.12,260.2174,59.03163
172052.29+590153.7,56427.41942,18.21,0.13,260.2176,59.03189
172052.29+590153.7,56427.42453,18.09,0.12,260.21748,59.03181
172052.29+590153.7,56427.42964,18.06,0.12,260.21742,59.0315
172052.29+590153.7,56427.43476,18.01,0.12,260.21739,59.03181
172052.29+590153.7,56449.40425,17.91,0.11,260.2179,59.03163
172052.29+590153.7,56449.40998,17.97,0.12,260.21767,59.03171
172052.29+590153.7,56449.41573,18.19,0.13,260.21785,59.03173
172052.29+590153.7,56449.42147,18.06,0.12,260.21779,59.03158
172052.29+590153.7,56460.35362,18.05,0.12,260.21774,59.03168
172052.29+590153.7,56460.3605,18.21,0.13,260.21766,59.03163
172052.29+590153.7,56460.36733,18.24,0.13,260.21784,59.03169
172052.29+590153.7,56460.37423,18.04,0.12,260.21789,59.03152
172052.29+590153.7,56547.11414,18.06,0.12,260.21809,59.0316
172052.29+590153.7,56547.12035,17.93,0.12,260.21767,59.03148
172052.29+590153.7,56547.12652,18.19,0.13,260.21765,59.03162
172052.29+590153.7,56547.13272,17.88,0.11,260.21759,59.0315
172052.29+590153.7,56561.15641,18.05,0.11,260.21813,59.03169
172052.29+590153.7,56561.162,18.22,0.12,260.21793,59.03133
172052.29+590153.7,56561.16768,18.18,0.12,260.21808,59.0316
172052.29+590153.7,56561.17334,18.16,0.12,260.2178,59.03152
172052.29+590153.7,56573.16001,18.09,0.13,260.21758,59.03159
172052.29+590153.7,56573.16737,18.05,0.12,260.21815,59.03171
172052.29+590153.7,56573.17477,18.16,0.12,260.21761,59.03151
172052.29+590153.7,56573.18218,18.23,0.12,260.21793,59.03172
205601.38-062049.7,53705.06734,19.11,0.19,314.00572,-6.34745
205601.38-062049.7,53705.07166,19.19,0.19,314.00567,-6.34689
205601.38-062049.7,53705.07599,19.72,0.25,314.00567,-6.34701
205601.38-062049.7,53705.08035,19.23,0.2,314.00585,-6.34721
205601.38-062049.7,53712.0616,19.67,0.31,314.00579,-6.34679
205601.38-062049.7,53553.32474,19.79,0.27,314.00559,-6.34701
205601.38-062049.7,53553.33181,19.17,0.2,314.00559,-6.34726
205601.38-062049.7,53553.3389,19.08,0.19,314.00581,-6.34709
205601.38-062049.7,53553.34596,19.03,0.18,314.0057,-6.34717
205601.38-062049.7,53563.35401,18.99,0.18,314.00589,-6.34721
205601.38-062049.7,53563.36058,19.47,0.23,314.0058,-6.34708
205601.38-062049.7,53563.36714,19.14,0.2,314.00579,-6.34746
205601.38-062049.7,53563.37364,18.97,0.18,314.00572,-6.34739
205601.38-062049.7,53525.3978,19.03,0.18,314.00565,-6.34724
205601.38-062049.7,53525.40667,18.8,0.16,314.00589,-6.34745
205601.38-062049.7,53525.41548,18.75,0.16,314.00545,-6.34728
205601.38-062049.7,53525.42433,18.54,0.15,314.00553,-6.34755
205601.38-062049.7,53696.05412,19.19,0.19,314.00553,-6.34729
205601.38-062049.7,53696.05895,19.61,0.24,314.00574,-6.34698
205601.38-062049.7,53696.06378,18.98,0.17,314.00571,-6.34736
205601.38-062049.7,53696.06861,19.23,0.2,314.00516,-6.34733
205601.38-062049.7,53646.17119,18.82,0.17,314.0057,-6.34698
205601.38-062049.7,53646.17873,19.09,0.19,314.00559,-6.347
205601.38-062049.7,53646.1863,18.68,0.16,314.00576,-6.34715
205601.38-062049.7,53646.19383,19.23,0.21,314.00589,-6.34746
205601.38-062049.7,53637.15856,19.14,0.2,314.00576,-6.34747
205601.38-062049.7,53850.46197,18.48,0.15,314.00566,-6.34744
205601.38-062049.7,53850.46579,19.02,0.18,314.00555,-6.3476
205601.38-062049.7,53850.46963,19.28,0.21,314.00584,-6.34745
205601.38-062049.7,53850.47343,19.03,0.19,314.0058,-6.34746
205601.38-062049.7,53976.19709,19.15,0.18,314.00565,-6.34739
205601.38-062049.7,53976.20191,19.13,0.18,314.00559,-6.34708
205601.38-062049.7,53976.20674,18.52,0.13,314.00548,-6.3474
205601.38-062049.7,53976.21158,19.42,0.2,314.00573,-6.34715
205601.38-062049.7,53917.32072,19.71,0.29,314.00593,-6.34715
205601.38-062049.7,53917.32716,18.87,0.19,314.00557,-6.34747
205601.38-062049.7,53917.33996,19.16,0.22,314.00553,-6.34723
205601.38-062049.7,53937.30356,19.03,0.19,314.00564,-6.34706
205601.38-062049.7,53937.31055,18.71,0.17,314.00583,-6.34722
205601.38-062049.7,53937.31753,19.28,0.22,314.00567,-6.34696
205601.38-062049.7,53937.32453,19.16,0.2,314.00585,-6.34758
205601.38-062049.7,53887.34861,18.97,0.19,314.00588,-6.34714
205601.38-062049.7,53887.35777,18.7,0.17,314.0058,-6.34741
205601.38-062049.7,53887.36635,19.62,0.26,314.0058,-6.34705
205601.38-062049.7,53887.37498,19.46,0.24,314.0061,-6.3472
205601.38-062049.7,53906.36321,19.06,0.19,314.00584,-6.34739
205601.38-062049.7,53906.37009,18.85,0.18,314.00587,-6.34675
205601.38-062049.7,53906.37698,19.85,0.29,314.00586,-6.34696
205601.38-062049.7,53906.38385,19.12,0.2,314.00554,-6.34701
205601.38-062049.7,53880.40567,19.38,0.22,314.00565,-6.34713
205601.38-062049.7,53880.41378,18.33,0.14,314.00562,-6.34749
205601.38-062049.7,53880.42194,18.69,0.16,314.00563,-6.34711
205601.38-062049.7,54042.09017,14.37,0.15,314.00689,-6.34889
205601.38-062049.7,54059.06047,19.5,0.21,314.00531,-6.34689
205601.38-062049.7,54060.05783,18.88,0.16,314.00536,-6.34726
205601.38-062049.7,54060.06377,19.18,0.18,314.00558,-6.34734
205601.38-062049.7,54060.06967,19.0,0.17,314.00572,-6.3472
205601.38-062049.7,54060.07563,19.99,0.27,314.00568,-6.34704
205601.38-062049.7,54010.12521,19.44,0.21,314.00596,-6.34729
205601.38-062049.7,54028.12553,19.03,0.17,314.00566,-6.34743
205601.38-062049.7,54028.13418,18.61,0.14,314.00565,-6.34701
205601.38-062049.7,54028.14287,19.23,0.18,314.00557,-6.34772
205601.38-062049.7,54028.15154,18.72,0.15,314.00576,-6.34719
205601.38-062049.7,54029.10344,18.95,0.16,314.00576,-6.34717
205601.38-062049.7,54029.11325,18.77,0.15,314.00561,-6.34705
205601.38-062049.7,54029.12301,19.23,0.18,314.00575,-6.34693
205601.38-062049.7,54029.13277,19.46,0.21,314.00579,-6.34713
205601.38-062049.7,53992.16024,19.55,0.22,314.00559,-6.34707
205601.38-062049.7,53992.16667,19.06,0.17,314.00561,-6.34737
205601.38-062049.7,53992.17306,19.89,0.26,314.0057,-6.34718
205601.38-062049.7,53992.17949,19.25,0.19,314.00552,-6.34731
205601.38-062049.7,54004.1389,19.03,0.17,314.00576,-6.347
205601.38-062049.7,54004.147,18.83,0.16,314.00542,-6.34783
205601.38-062049.7,54004.15512,19.03,0.17,314.00575,-6.34722
205601.38-062049.7,54004.16325,19.12,0.18,314.00563,-6.347
205601.38-062049.7,54212.45832,19.2,0.2,314.0056,-6.34691
205601.38-062049.7,54212.46507,19.17,0.19,314.00558,-6.34724
205601.38-062049.7,54212.4717,19.46,0.22,314.00581,-6.34767
205601.38-062049.7,54212.47844,19.18,0.19,314.00591,-6.34701
205601.38-062049.7,54438.0609,19.38,0.25,314.00564,-6.34727
205601.38-062049.7,54438.066,20.0,0.35,314.00573,-6.34811
205601.38-062049.7,54265.34811,19.24,0.21,314.00559,-6.34725
205601.38-062049.7,54265.35732,19.51,0.24,314.00534,-6.34737
205601.38-062049.7,54265.36651,19.55,0.24,314.00582,-6.34729
205601.38-062049.7,54265.37571,19.09,0.19,314.00582,-6.34691
205601.38-062049.7,54277.36698,19.15,0.19,314.00557,-6.3472
205601.38-062049.7,54277.37295,19.2,0.2,314.00586,-6.34715
205601.38-062049.7,54277.37893,19.48,0.23,314.00596,-6.34712
205601.38-062049.7,54277.3849,19.22,0.2,314.00561,-6.34746
205601.38-062049.7,54227.43649,19.26,0.23,314.00588,-6.34741
205601.38-062049.7,54233.43618,18.97,0.18,314.00574,-6.34738
205601.38-062049.7,54233.44104,19.31,0.21,314.00593,-6.3471
205601.38-062049.7,54233.44591,19.37,0.22,314.00579,-6.34709
205601.38-062049.7,54240.41135,19.57,0.24,314.00555,-6.34696
205601.38-062049.7,54240.42008,18.87,0.17,314.00561,-6.34738
205601.38-062049.7,54240.42884,18.54,0.15,314.00538,-6.34817
205601.38-062049.7,54240.43752,18.74,0.16,314.0056,-6.34739
205601.38-062049.7,54247.40506,19.64,0.26,314.00569,-6.34718
205601.38-062049.7,54247.4134,18.46,0.15,314.00555,-6.34748
205601.38-062049.7,54247.43004,19.11,0.2,314.00572,-6.34703
205601.38-062049.7,54419.09767,18.73,0.15,314.00598,-6.34724
205601.38-062049.7,54419.10408,18.82,0.16,314.00591,-6.34752
205601.38-062049.7,54419.11054,19.01,0.17,314.0054,-6.34724
205601.38-062049.7,54419.11698,19.04,0.17,314.00593,-6.34711
205601.38-062049.7,54377.12811,19.16,0.18,314.00565,-6.3473
205601.38-062049.7,54377.133,19.37,0.2,314.00579,-6.34737
205601.38-062049.7,54377.13788,18.73,0.15,314.00598,-6.34682
205601.38-062049.7,54377.14277,19.56,0.22,314.00597,-6.34688
205601.38-062049.7,54385.1281,19.52,0.22,314.00586,-6.34697
205601.38-062049.7,54385.13569,19.11,0.18,314.00581,-6.34708
205601.38-062049.7,54385.14346,19.51,0.21,314.00562,-6.34698
205601.38-062049.7,54385.15111,18.98,0.17,314.00597,-6.3473
205601.38-062049.7,54347.3259,19.57,0.24,314.00589,-6.34672
205601.38-062049.7,54353.18082,19.4,0.21,314.00577,-6.34705
205601.38-062049.7,54353.18792,19.3,0.2,314.00615,-6.34679
205601.38-062049.7,54353.19503,19.27,0.2,314.00591,-6.34709
205601.38-062049.7,54353.20213,19.43,0.21,314.00587,-6.34705
205601.38-062049.7,54624.35251,18.91,0.15,314.00584,-6.34706
205601.38-062049.7,54624.35915,19.1,0.16,314.00568,-6.34712
205601.38-062049.7,54624.36578,19.08,0.16,314.00586,-6.34703
205601.38-062049.7,54624.37241,19.24,0.17,314.00597,-6.34739
205601.38-062049.7,54632.38301,19.12,0.19,314.00585,-6.34722
205601.38-062049.7,54632.38847,19.78,0.26,314.00583,-6.34697
205601.38-062049.7,54632.39388,19.24,0.2,314.00543,-6.34727
205601.38-062049.7,54632.39932,18.97,0.17,314.00578,-6.34733
205601.38-062049.7,54589.44562,19.37,0.21,314.00571,-6.34742
205601.38-062049.7,54589.45002,19.13,0.18,314.00553,-6.34697
205601.38-062049.7,54589.45444,19.79,0.26,314.00567,-6.34732
205601.38-062049.7,54589.45881,18.96,0.17,314.00579,-6.34724
205601.38-062049.7,54601.42675,18.71,0.16,314.00587,-6.34767
205601.38-062049.7,54601.43227,18.83,0.16,314.0058,-6.34731
205601.38-062049.7,54601.4378,19.07,0.18,314.00606,-6.34721
205601.38-062049.7,54601.44336,18.91,0.17,314.00581,-6.34733
205601.38-062049.7,54790.06837,18.57,0.17,314.00581,-6.34721
205601.38-062049.7,54790.07464,18.51,0.16,314.00553,-6.3476
205601.38-062049.7,54790.08084,19.76,0.31,314.00562,-6.34723
205601.38-062049.7,54740.19858,19.32,0.21,314.00624,-6.34699
205601.38-062049.7,54740.2071,18.79,0.16,314.00638,-6.3465
205601.38-062049.7,54765.13197,19.81,0.25,314.00581,-6.34694
205601.38-062049.7,54765.14102,19.42,0.21,314.00594,-6.34704
205601.38-062049.7,54765.14906,19.6,0.22,314.00585,-6.34698
205601.38-062049.7,54716.23267,19.43,0.21,314.00606,-6.34685
205601.38-062049.7,54716.23968,19.71,0.28,314.00652,-6.347
205601.38-062049.7,54716.24816,19.32,0.19,314.00582,-6.34688
205601.38-062049.7,54716.2552,18.91,0.16,314.00594,-6.34721
205601.38-062049.7,54729.1423,19.57,0.22,314.0062,-6.34673
205601.38-062049.7,54729.14879,19.41,0.21,314.00578,-6.34741
205601.38-062049.7,54729.15529,19.32,0.2,314.00587,-6.34725
205601.38-062049.7,54729.16179,20.1,0.29,314.00617,-6.34709
205601.38-062049.7,54948.46518,19.14,0.19,314.00591,-6.34712
205601.38-062049.7,54948.47615,20.24,0.34,314.00592,-6.34685
205601.38-062049.7,54948.48165,19.0,0.18,314.00564,-6.34681
205601.38-062049.7,55058.26052,19.46,0.19,314.00572,-6.34725
205601.38-062049.7,55058.26778,18.88,0.15,314.00542,-6.34793
205601.38-062049.7,55058.27503,19.29,0.18,314.00529,-6.3472
205601.38-062049.7,55058.2822,18.69,0.14,314.00569,-6.34773
205601.38-062049.7,55072.16652,18.95,0.22,314.00579,-6.34736
205601.38-062049.7,55072.17242,19.17,0.24,314.00559,-6.34699
205601.38-062049.7,55072.17824,19.36,0.27,314.00552,-6.34691
205601.38-062049.7,55041.23059,19.06,0.18,314.0058,-6.34729
205601.38-062049.7,55041.23608,19.22,0.2,314.00561,-6.347
205601.38-062049.7,55041.24688,18.87,0.17,314.00553,-6.34793
205601.38-062049.7,54997.38732,19.25,0.19,314.00619,-6.34736
205601.38-062049.7,54997.39222,19.02,0.17,314.00556,-6.34715
205601.38-062049.7,54997.39713,19.28,0.2,314.00559,-6.34743
205601.38-062049.7,54999.42274,18.79,0.22,314.00525,-6.34711
205601.38-062049.7,54999.42661,20.23,0.5,314.00616,-6.34696
205601.38-062049.7,54999.43043,19.17,0.27,314.00542,-6.34742
205601.38-062049.7,54999.43408,19.44,0.33,314.00592,-6.34708
205601.38-062049.7,55143.06844,18.93,0.17,314.0056,-6.34728
205601.38-062049.7,55143.07514,18.59,0.15,314.00605,-6.34704
205601.38-062049.7,55143.08182,18.83,0.16,314.00566,-6.34738
205601.38-062049.7,55143.08851,18.9,0.17,314.00588,-6.34746
205601.38-062049.7,55161.07647,18.7,0.18,314.00553,-6.34727
205601.38-062049.7,55161.0804,19.01,0.21,314.00581,-6.34684
205601.38-062049.7,55118.10244,19.61,0.23,314.00557,-6.34704
205601.38-062049.7,55118.10858,18.89,0.16,314.0056,-6.3474
205601.38-062049.7,55118.11478,19.54,0.22,314.00587,-6.34678
205601.38-062049.7,55118.12096,19.46,0.22,314.00571,-6.34674
205601.38-062049.7,55084.23841,18.95,0.21,314.00583,-6.34728
205601.38-062049.7,55084.24384,18.94,0.21,314.00576,-6.34704
205601.38-062049.7,55084.24923,19.01,0.22,314.00579,-6.34695
205601.38-062049.7,55084.2547,19.51,0.28,314.00611,-6.34675
205601.38-062049.7,55094.24104,19.27,0.2,314.00583,-6.34708
205601.38-062049.7,55094.24943,19.04,0.18,314.00564,-6.34731
205601.38-062049.7,55094.25782,19.52,0.23,314.00567,-6.34691
205601.38-062049.7,55094.26628,19.27,0.2,314.00556,-6.34774
205601.38-062049.7,55383.30034,19.23,0.2,314.00552,-6.34717
205601.38-062049.7,55383.30547,19.25,0.2,314.00579,-6.34728
205601.38-062049.7,55383.31065,19.06,0.18,314.00577,-6.34724
205601.38-062049.7,55383.31581,20.12,0.31,314.00604,-6.34721
205601.38-062049.7,55352.38369,19.15,0.19,314.00573,-6.34702
205601.38-062049.7,55352.39152,19.2,0.19,314.00572,-6.34724
205601.38-062049.7,55352.39897,19.06,0.18,314.00604,-6.34743
205601.38-062049.7,55352.40645,19.03,0.18,314.00569,-6.34758
205601.38-062049.7,55360.35,18.98,0.18,314.00571,-6.34754
205601.38-062049.7,55360.35871,18.78,0.16,314.00597,-6.34712
205601.38-062049.7,55360.36739,19.09,0.18,314.00538,-6.34748
205601.38-062049.7,55360.37606,19.52,0.23,314.00585,-6.34702
205601.38-062049.7,55326.4269,19.03,0.18,314.00537,-6.34776
205601.38-062049.7,55326.43436,18.78,0.16,314.0058,-6.34725
205601.38-062049.7,55326.44193,18.98,0.17,314.00579,-6.34727
205601.38-062049.7,55326.44949,19.8,0.26,314.00577,-6.34685
205601.38-062049.7,55334.41449,19.04,0.19,314.0055,-6.3472
205601.38-062049.7,55334.43943,18.71,0.17,314.00548,-6.34716
205601.38-062049.7,55501.0748,19.06,0.18,314.0058,-6.34728
205601.38-062049.7,55501.08741,19.13,0.19,314.00578,-6.34736
205601.38-062049.7,55501.0937,18.89,0.17,314.00571,-6.34723
205601.38-062049.7,55516.08624,19.23,0.24,314.00592,-6.34662
205601.38-062049.7,55478.16395,19.46,0.22,314.00558,-6.3468
205601.38-062049.7,55482.09418,18.97,0.17,314.00585,-6.34692
205601.38-062049.7,55482.10674,19.85,0.27,314.00585,-6.34709
205601.38-062049.7,55482.11305,19.07,0.18,314.00575,-6.34706
205601.38-062049.7,55454.22663,20.1,0.3,314.00607,-6.34738
205601.38-062049.7,55454.24148,19.76,0.25,314.00588,-6.34763
205601.38-062049.7,55454.24887,18.94,0.17,314.00596,-6.34703
205601.38-062049.7,55679.45774,19.12,0.17,314.00577,-6.3472
205601.38-062049.7,55679.46464,18.78,0.14,314.00574,-6.34745
205601.38-062049.7,55679.47151,19.1,0.16,314.00579,-6.34747
205601.38-062049.7,55679.47844,19.19,0.17,314.00584,-6.34724
205601.38-062049.7,55745.32457,19.53,0.24,314.0057,-6.34683
205601.38-062049.7,55745.33093,19.1,0.2,314.00578,-6.34712
205601.38-062049.7,55745.3373,19.01,0.19,314.00554,-6.34714
205601.38-062049.7,55745.34371,18.83,0.17,314.00571,-6.34686
205601.38-062049.7,55715.40024,18.71,0.16,314.00591,-6.347
205601.38-062049.7,55715.40601,19.33,0.21,314.00564,-6.34721
205601.38-062049.7,55715.41183,18.69,0.16,314.0058,-6.347
205601.38-062049.7,55715.41763,18.48,0.14,314.00537,-6.34753
205601.38-062049.7,55733.38306,19.02,0.18,314.00572,-6.34748
205601.38-062049.7,55733.38771,19.54,0.24,314.00559,-6.34688
205601.38-062049.7,55733.3924,19.48,0.23,314.00557,-6.34677
205601.38-062049.7,55694.41455,18.91,0.19,314.00553,-6.34673
205601.38-062049.7,55694.4232,19.33,0.24,314.00527,-6.34753
205601.38-062049.7,55694.43158,19.19,0.22,314.00585,-6.347
205601.38-062049.7,55694.43991,18.96,0.2,314.00594,-6.34701
205601.38-062049.7,55706.45174,19.98,0.3,314.00584,-6.34685
205601.38-062049.7,55823.17033,18.7,0.15,314.00567,-6.34741
205601.38-062049.7,55823.1777,18.77,0.15,314.00581,-6.34698
205601.38-062049.7,55823.1851,19.05,0.17,314.00599,-6.34721
205601.38-062049.7,55823.1924,18.96,0.17,314.00595,-6.34744
205601.38-062049.7,55834.12177,20.14,0.31,314.00636,-6.34718
205601.38-062049.7,55834.12969,19.16,0.19,314.00609,-6.34725
205601.38-062049.7,55834.13768,18.93,0.17,314.00583,-6.34749
205601.38-062049.7,55834.14567,19.21,0.19,314.0059,-6.34724
205601.38-062049.7,55850.15842,18.48,0.19,314.00577,-6.34688
205601.38-062049.7,55850.16646,19.63,0.35,314.00528,-6.34828
205601.38-062049.7,55850.1744,19.34,0.3,314.00581,-6.34688
205601.38-062049.7,55850.18298,19.12,0.27,314.00569,-6.3474
205601.38-062049.7,56045.46304,18.94,0.18,314.00562,-6.34733
205601.38-062049.7,56045.46946,19.15,0.19,314.00577,-6.34706
205601.38-062049.7,56045.47588,19.36,0.22,314.00587,-6.34744
205601.38-062049.7,56061.44987,19.37,0.21,314.00577,-6.34721
205601.38-062049.7,56061.45478,19.36,0.21,314.00588,-6.34702
205601.38-062049.7,56061.45935,19.21,0.19,314.00588,-6.34687
205601.38-062049.7,56061.46405,19.0,0.17,314.00569,-6.34721
205601.38-062049.7,56068.404,19.29,0.2,314.00599,-6.3471
205601.38-062049.7,56068.40966,19.15,0.19,314.00568,-6.34755
205601.38-062049.7,56068.41531,18.9,0.17,314.00561,-6.34766
205601.38-062049.7,56068.42103,19.4,0.21,314.00605,-6.34712
205601.38-062049.7,56126.26108,20.38,0.31,314.00456,-6.34927
205601.38-062049.7,56126.26108,18.78,0.14,314.00599,-6.34703
205601.38-062049.7,56126.26923,19.1,0.16,314.0057,-6.34722
205601.38-062049.7,56126.27776,19.11,0.16,314.00578,-6.34771
205601.38-062049.7,56126.2859,18.79,0.14,314.00605,-6.34756
205601.38-062049.7,56151.25194,19.08,0.27,314.00535,-6.34725
205601.38-062049.7,56152.24891,20.08,0.33,314.00609,-6.34731
205601.38-062049.7,56152.25403,19.36,0.22,314.00572,-6.34683
205601.38-062049.7,56163.14209,19.87,0.31,314.00588,-6.34687
205601.38-062049.7,56163.14662,18.98,0.19,314.0054,-6.3468
205601.38-062049.7,56185.19911,19.0,0.15,314.00567,-6.34742
205601.38-062049.7,56185.20734,19.43,0.19,314.00589,-6.34715
205601.38-062049.7,56185.21571,18.98,0.15,314.00575,-6.34767
205601.38-062049.7,56185.22401,19.51,0.2,314.00558,-6.34702
205601.38-062049.7,56192.18704,19.01,0.18,314.00511,-6.34745
205601.38-062049.7,56192.19214,19.14,0.19,314.00585,-6.34732
205601.38-062049.7,56192.19726,19.5,0.23,314.00597,-6.34743
205601.38-062049.7,56192.20233,19.24,0.2,314.00592,-6.34719
205601.38-062049.7,56204.09344,19.67,0.25,314.00573,-6.34712
205601.38-062049.7,56204.10076,19.67,0.25,314.00566,-6.34679
205601.38-062049.7,56204.10812,18.7,0.16,314.00549,-6.34756
205601.38-062049.7,56204.11541,19.15,0.19,314.00546,-6.34783
205601.38-062049.7,56253.1064,19.49,0.23,314.00581,-6.34722
205601.38-062049.7,56253.11651,20.22,0.34,314.00566,-6.34716
205601.38-062049.7,56424.45833,19.01,0.18,314.00563,-6.34745
205601.38-062049.7,56424.4623,18.86,0.17,314.00559,-6.34747
205601.38-062049.7,56424.46629,19.22,0.2,314.00582,-6.34725
205601.38-062049.7,56424.47025,18.88,0.17,314.00553,-6.34718
205601.38-062049.7,56444.42698,18.89,0.17,314.00552,-6.34724
205601.38-062049.7,56444.43549,19.46,0.23,314.00577,-6.347
205601.38-062049.7,56444.44399,20.08,0.31,314.00601,-6.34705
205601.38-062049.7,56455.34376,19.34,0.23,314.00564,-6.34702
205601.38-062049.7,56455.34876,19.1,0.2,314.00572,-6.34724
205601.38-062049.7,56455.35387,19.08,0.2,314.00558,-6.34735
205601.38-062049.7,56455.35898,19.25,0.21,314.00584,-6.34688
205601.38-062049.7,56463.38794,18.84,0.17,314.00578,-6.34705
205601.38-062049.7,56463.39242,18.51,0.15,314.00538,-6.34731
205601.38-062049.7,56463.39689,19.02,0.18,314.00581,-6.34728
205601.38-062049.7,56463.40141,18.64,0.15,314.0055,-6.34727
205601.38-062049.7,56532.18955,19.12,0.2,314.00583,-6.34735
205601.38-062049.7,56532.19631,18.66,0.16,314.00557,-6.34733
205601.38-062049.7,56532.20307,18.98,0.19,314.00576,-6.34762
205601.38-062049.7,56532.20976,19.08,0.19,314.00565,-6.3471
205601.38-062049.7,56540.20995,19.43,0.23,314.00576,-6.34698
205601.38-062049.7,56540.21494,18.98,0.19,314.00573,-6.34745
205601.38-062049.7,56540.21994,19.06,0.19,314.00575,-6.34723
205601.38-062049.7,56540.22494,19.09,0.2,314.00556,-6.34687
205601.38-062049.7,56558.1953,18.92,0.17,314.00574,-6.34714
205601.38-062049.7,56558.20375,19.09,0.19,314.00558,-6.34738
205601.38-062049.7,56558.21222,19.09,0.19,314.00554,-6.34695
205601.38-062049.7,56558.22065,19.33,0.21,314.00566,-6.34697
205601.38-062049.7,56564.09974,19.43,0.18,314.00558,-6.34698
205601.38-062049.7,56564.10587,19.47,0.19,314.00607,-6.34704
205601.38-062049.7,56564.11196,18.77,0.14,314.0057,-6.34739
205601.38-062049.7,56564.11803,18.98,0.15,314.00585,-6.34718
205601.38-062049.7,56571.12316,18.78,0.16,314.00571,-6.34677
205601.38-062049.7,56571.12875,19.02,0.17,314.00565,-6.34749
205601.38-062049.7,56571.13437,18.97,0.17,314.00579,-6.34736
205601.38-062049.7,56571.13996,19.18,0.19,314.00591,-6.34717
205601.38-062049.7,56588.14074,18.92,0.17,314.00557,-6.34703
205601.38-062049.7,56588.1468,18.93,0.17,314.00567,-6.34741
205601.38-062049.7,56588.15286,19.26,0.2,314.00544,-6.34683
205601.38-062049.7,56588.15891,19.32,0.21,314.00581,-6.34722
205601.38-062049.7,56593.10919,18.93,0.17,314.00568,-6.34732
205601.38-062049.7,56593.1148,19.12,0.19,314.00569,-6.34704
205601.38-062049.7,56593.1204,18.63,0.15,314.00528,-6.34753
205601.38-062049.7,56593.12599,18.46,0.14,314.00577,-6.3479
090550.30+003948.1,54090.41685,19.2,0.18,136.46615,0.66322
090550.30+003948.1,54415.46608,20.03,0.27,136.46599,0.66284
090550.30+003948.1,54531.17902,21.1,0.5,136.4656,0.66238
090550.30+003948.1,54776.498,20.55,0.35,136.46449,0.66215
090550.30+003948.1,54849.35716,20.56,0.35,136.46588,0.6622
090550.30+003948.1,55588.34878,19.59,0.22,136.46595,0.66315
090550.30+003948.1,55626.2516,19.96,0.28,136.46614,0.66281
090550.30+003948.1,55683.18115,20.83,0.46,136.46223,0.66208
090550.30+003948.1,55968.28538,20.67,0.39,136.46588,0.66259
090550.30+003948.1,53464.19861,18.65,0.14,136.45945,0.66343
090550.30+003948.1,53464.20681,18.79,0.15,136.45952,0.66341
090550.30+003948.1,53464.21542,18.59,0.14,136.45953,0.66331
090550.30+003948.1,53464.22379,18.68,0.14,136.45957,0.66349
090550.30+003948.1,53710.44115,18.71,0.15,136.45968,0.66336
090550.30+003948.1,53710.44818,18.52,0.14,136.4596,0.66342
090550.30+003948.1,53710.45524,18.68,0.14,136.45964,0.66339
090550.30+003948.1,53710.46239,18.77,0.15,136.45951,0.66334
090550.30+003948.1,53726.38204,18.41,0.13,136.45956,0.6634
090550.30+003948.1,53726.39152,18.74,0.15,136.45947,0.66359
090550.30+003948.1,53726.40104,18.53,0.14,136.45962,0.66358
090550.30+003948.1,53726.41054,18.66,0.15,136.45957,0.66351
090550.30+003948.1,53732.46166,19.16,0.18,136.45949,0.66332
090550.30+003948.1,53732.4688,18.65,0.14,136.45949,0.66354
090550.30+003948.1,53732.47587,18.95,0.16,136.45951,0.66336
090550.30+003948.1,53732.48279,18.68,0.15,136.45978,0.66317
090550.30+003948.1,53494.17363,18.65,0.15,136.45951,0.66295
090550.30+003948.1,53494.18172,19.11,0.18,136.45911,0.66358
090550.30+003948.1,53494.19071,18.89,0.17,136.45956,0.66331
090550.30+003948.1,53494.19875,18.72,0.16,136.45938,0.66325
090550.30+003948.1,53679.47537,18.81,0.16,136.45956,0.66351
090550.30+003948.1,53679.48071,18.41,0.13,136.45961,0.66338
090550.30+003948.1,53679.48607,18.87,0.16,136.4596,0.66343
090550.30+003948.1,53679.49144,18.71,0.15,136.45971,0.6635
090550.30+003948.1,53703.42556,19.09,0.21,136.45957,0.66343
090550.30+003948.1,53703.43596,18.77,0.16,136.4597,0.66351
090550.30+003948.1,53703.44249,18.63,0.16,136.4594,0.66346
090550.30+003948.1,53703.44913,18.67,0.15,136.45964,0.66344
090550.30+003948.1,53845.16354,18.39,0.14,136.4593,0.66318
090550.30+003948.1,53845.17306,18.62,0.15,136.45953,0.66346
090550.30+003948.1,53845.19208,18.53,0.14,136.45962,0.66323
090550.30+003948.1,54082.45767,18.03,0.11,136.45953,0.66357
090550.30+003948.1,54082.46313,18.64,0.14,136.4596,0.66342
090550.30+003948.1,54082.46859,18.35,0.12,136.45923,0.66327
090550.30+003948.1,54082.47407,18.69,0.14,136.45966,0.66342
090550.30+003948.1,54090.41685,18.71,0.14,136.45965,0.66349
090550.30+003948.1,54090.42418,18.79,0.15,136.45958,0.66337
090550.30+003948.1,54090.43157,18.44,0.13,136.45969,0.66353
090550.30+003948.1,54090.43923,18.65,0.14,136.45967,0.66351
090550.30+003948.1,53788.26542,18.74,0.15,136.45943,0.66327
090550.30+003948.1,53788.27185,18.72,0.15,136.45948,0.66337
090550.30+003948.1,53788.27825,18.8,0.16,136.45927,0.66339
090550.30+003948.1,53788.28472,18.76,0.15,136.45951,0.66344
090550.30+003948.1,53739.35414,18.68,0.14,136.45962,0.66342
090550.30+003948.1,53739.36053,18.65,0.14,136.45958,0.66335
090550.30+003948.1,53739.36698,18.8,0.15,136.45951,0.66339
090550.30+003948.1,53739.37337,18.18,0.12,136.4595,0.66347
090550.30+003948.1,53745.38097,18.64,0.15,136.45951,0.66334
090550.30+003948.1,53745.38938,18.58,0.14,136.45959,0.66324
090550.30+003948.1,53745.3978,18.65,0.15,136.45906,0.66321
090550.30+003948.1,53745.40628,18.8,0.16,136.45942,0.66312
090550.30+003948.1,53758.26583,18.73,0.15,136.45953,0.66332
090550.30+003948.1,53758.27233,18.95,0.17,136.45945,0.66332
090550.30+003948.1,53758.27878,18.78,0.15,136.45945,0.66342
090550.30+003948.1,53758.28526,18.81,0.16,136.45958,0.66352
090550.30+003948.1,53765.27789,18.41,0.14,136.45995,0.66323
090550.30+003948.1,53765.28534,18.87,0.17,136.45948,0.66371
090550.30+003948.1,53765.29281,18.87,0.17,136.45967,0.66331
090550.30+003948.1,53765.30029,18.86,0.17,136.45944,0.6633
090550.30+003948.1,53798.24548,19.0,0.17,136.45967,0.66328
090550.30+003948.1,53798.25425,18.83,0.16,136.45973,0.66332
090550.30+003948.1,53798.2629,19.16,0.18,136.45958,0.66351
090550.30+003948.1,53798.27154,18.76,0.15,136.45953,0.66347
090550.30+003948.1,53856.1528,19.15,0.19,136.45944,0.66328
090550.30+003948.1,53856.15822,18.51,0.14,136.45965,0.66357
090550.30+003948.1,53856.16367,18.62,0.15,136.45952,0.66368
090550.30+003948.1,53856.16906,18.6,0.15,136.45962,0.66357
090550.30+003948.1,54056.42806,18.94,0.16,136.45953,0.66327
090550.30+003948.1,54056.43536,18.63,0.14,136.45951,0.66344
090550.30+003948.1,54056.44263,18.62,0.14,136.45965,0.66345
090550.30+003948.1,54056.44997,18.53,0.13,136.45959,0.66338
090550.30+003948.1,54038.48587,18.47,0.13,136.45964,0.66338
090550.30+003948.1,54038.4923,18.55,0.13,136.45965,0.66341
090550.30+003948.1,54038.49867,18.44,0.13,136.45963,0.66316
090550.30+003948.1,54038.50508,18.52,0.13,136.45962,0.66351
090550.30+003948.1,54212.15302,18.62,0.14,136.4597,0.66375
090550.30+003948.1,54212.16335,18.99,0.17,136.45953,0.66332
090550.30+003948.1,54212.17367,18.82,0.15,136.45949,0.66357
090550.30+003948.1,54212.18396,19.22,0.18,136.45942,0.66342
090550.30+003948.1,54213.14382,18.91,0.16,136.45947,0.66325
090550.30+003948.1,54213.1542,18.93,0.17,136.45936,0.66339
090550.30+003948.1,54213.16452,18.61,0.14,136.45956,0.66361
090550.30+003948.1,54213.1748,18.54,0.14,136.45947,0.66347
090550.30+003948.1,54439.37137,18.77,0.15,136.45951,0.66345
090550.30+003948.1,54439.37791,18.56,0.14,136.45959,0.66353
090550.30+003948.1,54439.3845,18.52,0.13,136.45964,0.66345
090550.30+003948.1,54439.39105,18.5,0.13,136.45948,0.66332
090550.30+003948.1,54454.44886,19.03,0.16,136.45956,0.66339
090550.30+003948.1,54454.45542,18.65,0.14,136.45953,0.66343
090550.30+003948.1,54454.46202,18.67,0.14,136.45938,0.66346
090550.30+003948.1,54454.46854,18.83,0.15,136.45953,0.66328
090550.30+003948.1,54141.27072,18.88,0.16,136.45964,0.66338
090550.30+003948.1,54141.27713,18.93,0.16,136.45956,0.66337
090550.30+003948.1,54141.28356,18.71,0.15,136.45964,0.66328
090550.30+003948.1,54141.29,18.88,0.16,136.45976,0.66344
090550.30+003948.1,54146.3365,18.64,0.14,136.45939,0.66324
090550.30+003948.1,54146.34278,18.55,0.13,136.45955,0.66316
090550.30+003948.1,54146.3491,18.99,0.16,136.45948,0.66333
090550.30+003948.1,54146.35536,18.43,0.13,136.45948,0.66325
090550.30+003948.1,54109.42698,18.99,0.18,136.4597,0.66332
090550.30+003948.1,54109.4329,18.71,0.15,136.45942,0.66347
090550.30+003948.1,54109.43883,18.94,0.16,136.45958,0.66338
090550.30+003948.1,54109.44475,19.39,0.2,136.45967,0.66335
090550.30+003948.1,54125.29986,18.98,0.16,136.45985,0.66345
090550.30+003948.1,54125.31008,18.75,0.15,136.45958,0.66348
090550.30+003948.1,54125.32031,18.81,0.15,136.45958,0.66336
090550.30+003948.1,54125.33053,18.74,0.15,136.45971,0.66333
090550.30+003948.1,54170.19295,18.74,0.15,136.45959,0.6635
090550.30+003948.1,54170.19942,18.61,0.14,136.45948,0.66326
090550.30+003948.1,54170.20598,18.56,0.14,136.45966,0.6633
090550.30+003948.1,54170.2125,18.77,0.15,136.45947,0.66332
090550.30+003948.1,54415.4574,18.67,0.14,136.45954,0.66341
090550.30+003948.1,54415.46608,18.49,0.13,136.45956,0.66347
090550.30+003948.1,54415.47465,18.52,0.13,136.45958,0.66362
090550.30+003948.1,54415.48329,18.76,0.15,136.45976,0.66351
090550.30+003948.1,54418.43492,18.65,0.14,136.4595,0.66341
090550.30+003948.1,54418.44029,18.74,0.15,136.45968,0.66354
090550.30+003948.1,54418.44564,18.17,0.12,136.45947,0.66323
090550.30+003948.1,54418.451,18.59,0.14,136.45999,0.66336
090550.30+003948.1,54425.40802,18.8,0.15,136.4595,0.6637
090550.30+003948.1,54425.41342,18.34,0.12,136.45937,0.66359
090550.30+003948.1,54425.41882,18.5,0.13,136.45956,0.66359
090550.30+003948.1,54425.4242,19.05,0.17,136.45964,0.66344
090550.30+003948.1,54385.48653,18.66,0.15,136.45979,0.66367
090550.30+003948.1,54385.49319,18.78,0.16,136.45957,0.66343
090550.30+003948.1,54385.49982,18.68,0.16,136.45989,0.66359
090550.30+003948.1,54385.50648,18.71,0.16,136.45953,0.66342
090550.30+003948.1,54563.17918,18.8,0.13,136.45951,0.66337
090550.30+003948.1,54563.18585,18.71,0.13,136.45944,0.66366
090550.30+003948.1,54563.19253,19.24,0.16,136.45937,0.66388
090550.30+003948.1,54563.19919,19.19,0.16,136.45936,0.66389
090550.30+003948.1,54574.13815,18.55,0.14,136.45945,0.66347
090550.30+003948.1,54574.14672,20.18,0.31,136.45943,0.6639
090550.30+003948.1,54574.15528,18.45,0.13,136.45945,0.6634
090550.30+003948.1,54574.16384,18.68,0.15,136.45888,0.66348
090550.30+003948.1,54801.43423,18.67,0.14,136.45958,0.66348
090550.30+003948.1,54801.44208,18.76,0.14,136.45956,0.66344
090550.30+003948.1,54801.44987,18.63,0.14,136.45946,0.6633
090550.30+003948.1,54801.45787,18.46,0.13,136.4595,0.66349
090550.30+003948.1,54829.34672,18.84,0.15,136.45971,0.66321
090550.30+003948.1,54829.35389,18.59,0.14,136.45954,0.66333
090550.30+003948.1,54829.3612,18.61,0.14,136.45935,0.66328
090550.30+003948.1,54829.36834,18.64,0.14,136.4596,0.66333
090550.30+003948.1,54499.26958,18.55,0.12,136.45958,0.66349
090550.30+003948.1,54499.27564,18.79,0.13,136.45954,0.66342
090550.30+003948.1,54499.28165,18.66,0.12,136.45959,0.66358
090550.30+003948.1,54499.28768,18.56,0.12,136.4596,0.66338
090550.30+003948.1,54505.30259,18.66,0.12,136.45969,0.6636
090550.30+003948.1,54505.31117,18.56,0.12,136.45957,0.66341
090550.30+003948.1,54505.31977,18.55,0.12,136.45958,0.66355
090550.30+003948.1,54505.32837,18.79,0.13,136.45963,0.66356
090550.30+003948.1,54524.21935,18.8,0.15,136.45955,0.66331
090550.30+003948.1,54524.22656,18.44,0.13,136.45941,0.66329
090550.30+003948.1,54524.23379,18.96,0.16,136.45961,0.66346
090550.30+003948.1,54524.24098,18.83,0.15,136.45972,0.66341
090550.30+003948.1,54466.40882,18.65,0.14,136.4594,0.66345
090550.30+003948.1,54466.41544,18.92,0.16,136.45949,0.66347
090550.30+003948.1,54466.42203,18.55,0.13,136.45959,0.66352
090550.30+003948.1,54466.42858,18.77,0.15,136.45946,0.66339
090550.30+003948.1,54477.28566,18.7,0.14,136.45954,0.6635
090550.30+003948.1,54477.2921,19.15,0.17,136.45958,0.66346
090550.30+003948.1,54477.29858,18.12,0.11,136.45955,0.66354
090550.30+003948.1,54477.30504,18.81,0.15,136.45958,0.66339
090550.30+003948.1,54531.1692,18.43,0.13,136.45967,0.66343
090550.30+003948.1,54531.17411,18.75,0.15,136.45949,0.66326
090550.30+003948.1,54531.17902,18.62,0.14,136.45946,0.66341
090550.30+003948.1,54531.18393,18.52,0.13,136.45937,0.66351
090550.30+003948.1,54537.25318,18.48,0.13,136.45957,0.6635
090550.30+003948.1,54537.25983,18.82,0.15,136.4596,0.66345
090550.30+003948.1,54537.26648,18.68,0.14,136.45951,0.66336
090550.30+003948.1,54537.27311,18.43,0.13,136.45966,0.66351
090550.30+003948.1,54555.1636,18.7,0.14,136.45952,0.66325
090550.30+003948.1,54555.17079,18.6,0.14,136.45944,0.66334
090550.30+003948.1,54555.17799,18.6,0.14,136.45944,0.66332
090550.30+003948.1,54555.18515,18.77,0.15,136.45974,0.66344
090550.30+003948.1,54588.15607,18.61,0.14,136.45959,0.6635
090550.30+003948.1,54588.16153,18.88,0.16,136.45944,0.66296
090550.30+003948.1,54588.16693,18.38,0.13,136.45953,0.66349
090550.30+003948.1,54588.17232,18.67,0.14,136.45929,0.66329
090550.30+003948.1,54776.498,18.69,0.14,136.45952,0.66337
090550.30+003948.1,54776.50532,18.7,0.14,136.45957,0.66352
090550.30+003948.1,54776.51257,18.6,0.13,136.45953,0.66348
090550.30+003948.1,54776.51974,18.85,0.15,136.4595,0.66348
090550.30+003948.1,54941.16329,18.96,0.16,136.45948,0.66344
090550.30+003948.1,54941.17054,18.76,0.15,136.45974,0.66334
090550.30+003948.1,54941.17774,18.58,0.14,136.45971,0.66337
090550.30+003948.1,54941.18495,18.53,0.14,136.45953,0.66358
090550.30+003948.1,54864.26707,18.75,0.14,136.45953,0.66325
090550.30+003948.1,54864.2734,18.7,0.14,136.45962,0.66356
090550.30+003948.1,54864.27979,18.72,0.14,136.4596,0.66343
090550.30+003948.1,54864.28608,18.74,0.14,136.45958,0.66351
090550.30+003948.1,54881.22208,18.59,0.14,136.45954,0.66351
090550.30+003948.1,54881.22819,18.65,0.14,136.45956,0.66335
090550.30+003948.1,54881.23422,18.72,0.14,136.45972,0.66328
090550.30+003948.1,54881.24026,18.65,0.14,136.45968,0.66333
090550.30+003948.1,54849.33523,18.99,0.16,136.45943,0.66338
090550.30+003948.1,54849.3425,18.67,0.14,136.45972,0.66349
090550.30+003948.1,54849.34983,18.81,0.15,136.4596,0.66337
090550.30+003948.1,54849.35716,18.74,0.14,136.4595,0.66337
090550.30+003948.1,54857.2308,18.82,0.15,136.45965,0.66342
090550.30+003948.1,54908.17945,18.68,0.14,136.45947,0.6633
090550.30+003948.1,54908.18685,18.51,0.14,136.45951,0.66356
090550.30+003948.1,54908.19419,18.94,0.16,136.45964,0.66345
090550.30+003948.1,54908.20162,19.15,0.19,136.4594,0.66328
090550.30+003948.1,54921.16831,18.75,0.15,136.45937,0.66364
090550.30+003948.1,54921.17565,18.56,0.14,136.45936,0.66351
090550.30+003948.1,54921.18303,18.84,0.15,136.4597,0.66322
090550.30+003948.1,54921.19034,18.71,0.15,136.45952,0.6634
090550.30+003948.1,55157.46965,18.82,0.15,136.45965,0.6633
090550.30+003948.1,55157.47624,19.08,0.17,136.45951,0.66341
090550.30+003948.1,55157.48298,18.77,0.15,136.45965,0.66333
090550.30+003948.1,55157.48967,18.78,0.15,136.45955,0.66319
090550.30+003948.1,55122.49728,18.35,0.14,136.45969,0.6632
090550.30+003948.1,55122.50103,18.42,0.14,136.45959,0.66316
090550.30+003948.1,55122.50486,18.5,0.15,136.45971,0.66335
090550.30+003948.1,55122.50875,18.86,0.17,136.45962,0.6635
090550.30+003948.1,55298.17047,18.7,0.15,136.45969,0.66341
090550.30+003948.1,55298.17734,18.89,0.16,136.45934,0.66337
090550.30+003948.1,55298.18418,18.69,0.15,136.45939,0.66331
090550.30+003948.1,55298.191,18.92,0.16,136.45954,0.66324
090550.30+003948.1,55533.47513,18.75,0.13,136.45966,0.66332
090550.30+003948.1,55533.49634,18.11,0.11,136.45953,0.6635
090550.30+003948.1,55533.50699,18.91,0.15,136.45952,0.6634
090550.30+003948.1,55236.29405,18.69,0.16,136.45955,0.66351
090550.30+003948.1,55243.21873,18.57,0.14,136.4596,0.66349
090550.30+003948.1,55243.22616,18.65,0.14,136.45976,0.66349
090550.30+003948.1,55243.2336,18.81,0.15,136.45959,0.66344
090550.30+003948.1,55243.24106,18.79,0.15,136.45961,0.66347
090550.30+003948.1,55204.36697,18.87,0.15,136.45933,0.66337
090550.30+003948.1,55204.37442,18.75,0.14,136.45951,0.66326
090550.30+003948.1,55204.38207,18.69,0.14,136.45949,0.66348
090550.30+003948.1,55204.38968,18.74,0.15,136.45975,0.66337
090550.30+003948.1,55270.20796,18.63,0.14,136.45973,0.66319
090550.30+003948.1,55270.21423,18.89,0.16,136.45958,0.66361
090550.30+003948.1,55270.22052,18.82,0.15,136.45959,0.66332
090550.30+003948.1,55270.22673,18.78,0.15,136.45943,0.6634
090550.30+003948.1,55333.16665,19.13,0.18,136.45951,0.66339
090550.30+003948.1,55333.17174,18.64,0.15,136.45928,0.66332
090550.30+003948.1,55333.17692,18.53,0.14,136.45897,0.66336
090550.30+003948.1,55333.18206,18.48,0.14,136.45945,0.66336
090550.30+003948.1,55512.49021,18.72,0.15,136.45954,0.6634
090550.30+003948.1,55512.50522,18.43,0.13,136.4597,0.66339
090550.30+003948.1,55512.51273,18.78,0.15,136.45964,0.66337
090550.30+003948.1,55598.34963,18.76,0.13,136.45982,0.66343
090550.30+003948.1,55598.35933,18.54,0.12,136.45953,0.66342
090550.30+003948.1,55598.36907,18.63,0.13,136.45942,0.66345
090550.30+003948.1,55598.37872,18.51,0.12,136.45961,0.66344
090550.30+003948.1,55617.25042,18.7,0.15,136.45958,0.66343
090550.30+003948.1,55617.25853,18.66,0.15,136.45965,0.66344
090550.30+003948.1,55617.26655,18.76,0.15,136.45961,0.66346
090550.30+003948.1,55617.27454,18.65,0.14,136.45959,0.66345
090550.30+003948.1,55565.42466,18.74,0.15,136.45956,0.6633
090550.30+003948.1,55565.43276,18.86,0.16,136.45961,0.66339
090550.30+003948.1,55565.44097,18.66,0.14,136.45965,0.6635
090550.30+003948.1,55565.44916,18.79,0.15,136.45944,0.66352
090550.30+003948.1,55574.32957,18.75,0.15,136.45945,0.6633
090550.30+003948.1,55574.33741,18.54,0.14,136.45964,0.66328
090550.30+003948.1,55574.34827,18.88,0.17,136.45943,0.66316
090550.30+003948.1,55574.35618,18.79,0.15,136.45963,0.66347
090550.30+003948.1,55586.34689,18.99,0.18,136.45947,0.66339
090550.30+003948.1,55586.35386,18.88,0.16,136.45969,0.66334
090550.30+003948.1,55586.36075,18.58,0.14,136.45975,0.66362
090550.30+003948.1,55586.36765,18.7,0.16,136.45982,0.66345
090550.30+003948.1,55588.34878,18.57,0.14,136.45966,0.6634
090550.30+003948.1,55588.35609,18.66,0.14,136.45958,0.66342
090550.30+003948.1,55588.36339,18.72,0.15,136.45955,0.66334
090550.30+003948.1,55588.37076,18.54,0.14,136.45967,0.66332
090550.30+003948.1,55626.22971,18.68,0.16,136.45966,0.66347
090550.30+003948.1,55626.23634,18.79,0.16,136.45949,0.66346
090550.30+003948.1,55626.24488,18.74,0.16,136.45972,0.66341
090550.30+003948.1,55626.2516,18.94,0.17,136.45943,0.66337
090550.30+003948.1,55633.23242,18.78,0.16,136.45978,0.66335
090550.30+003948.1,55633.23754,18.88,0.17,136.45974,0.66358
090550.30+003948.1,55646.16834,18.7,0.15,136.45942,0.66303
090550.30+003948.1,55646.17577,18.65,0.15,136.45955,0.66339
090550.30+003948.1,55646.1832,18.72,0.15,136.45937,0.66354
090550.30+003948.1,55646.1907,18.54,0.14,136.45936,0.66344
090550.30+003948.1,55683.17249,19.27,0.2,136.45919,0.66335
090550.30+003948.1,55683.18115,18.6,0.15,136.45972,0.66359
090550.30+003948.1,55683.18985,18.91,0.17,136.45968,0.66332
090550.30+003948.1,55683.19854,18.66,0.15,136.45965,0.66336
090550.30+003948.1,55695.16785,18.8,0.18,136.45954,0.66366
090550.30+003948.1,55695.19264,19.44,0.26,136.45943,0.66329
090550.30+003948.1,53765.34541,18.38,0.35,136.45957,0.66344
090550.30+003948.1,53765.3498,18.97,0.48,136.45957,0.66339
090550.30+003948.1,53765.35418,18.74,0.41,136.45982,0.66366
090550.30+003948.1,55867.50676,18.73,0.15,136.45955,0.66343
090550.30+003948.1,55867.51128,18.82,0.15,136.45953,0.66344
090550.30+003948.1,55867.51581,18.52,0.13,136.45953,0.66328
090550.30+003948.1,55867.5203,18.87,0.16,136.4594,0.66344
090550.30+003948.1,55922.36964,18.5,0.13,136.45939,0.66356
090550.30+003948.1,55922.37697,18.64,0.14,136.45971,0.66352
090550.30+003948.1,55922.38431,18.63,0.14,136.4599,0.66335
090550.30+003948.1,55922.39163,18.86,0.16,136.45949,0.66342
090550.30+003948.1,55929.30269,18.82,0.15,136.45958,0.66357
090550.30+003948.1,55929.31122,18.83,0.15,136.45949,0.66337
090550.30+003948.1,55929.31972,18.49,0.13,136.45934,0.66348
090550.30+003948.1,55929.32823,18.59,0.14,136.4596,0.6636
090550.30+003948.1,55958.2806,18.83,0.15,136.45956,0.66357
090550.30+003948.1,55958.28573,18.85,0.15,136.45979,0.66331
090550.30+003948.1,55958.2909,18.65,0.14,136.45961,0.66354
090550.30+003948.1,55958.29599,18.46,0.13,136.45957,0.66347
090550.30+003948.1,55968.26856,18.91,0.16,136.4595,0.66368
090550.30+003948.1,55968.27698,18.48,0.13,136.45969,0.66349
090550.30+003948.1,55968.28538,18.6,0.14,136.45942,0.66346
090550.30+003948.1,55968.29391,18.99,0.16,136.45979,0.66356
090550.30+003948.1,55982.27351,18.57,0.12,136.45961,0.66336
090550.30+003948.1,55982.28026,18.9,0.14,136.45964,0.66358
090550.30+003948.1,55982.28709,18.58,0.12,136.45972,0.6635
090550.30+003948.1,55982.29398,18.72,0.13,136.45952,0.66342
090550.30+003948.1,55988.16908,18.62,0.14,136.45966,0.66339
090550.30+003948.1,55988.17418,18.98,0.17,136.45952,0.66325
090550.30+003948.1,55988.17935,19.2,0.18,136.45942,0.66316
090550.30+003948.1,55988.18441,18.81,0.15,136.45955,0.66338
090550.30+003948.1,56001.18084,18.59,0.14,136.45943,0.66339
090550.30+003948.1,56001.18649,18.63,0.14,136.45948,0.66361
090550.30+003948.1,56001.19216,18.66,0.14,136.45934,0.66333
090550.30+003948.1,56001.19777,18.65,0.14,136.45952,0.66349
090550.30+003948.1,56015.19265,18.55,0.14,136.45944,0.66331
090550.30+003948.1,56015.20055,18.75,0.15,136.45936,0.66358
090550.30+003948.1,56015.20851,19.08,0.18,136.45932,0.66334
090550.30+003948.1,56015.21643,18.36,0.13,136.45979,0.66318
090550.30+003948.1,56038.15783,18.92,0.14,136.45938,0.66341
090550.30+003948.1,56038.16589,18.47,0.12,136.45936,0.66335
090550.30+003948.1,56038.174,18.94,0.15,136.45969,0.66335
090550.30+003948.1,56038.18214,18.74,0.13,136.45935,0.66352
090550.30+003948.1,56066.16307,19.57,0.22,136.45973,0.66306
090550.30+003948.1,56066.16814,18.78,0.16,136.45958,0.66322
090550.30+003948.1,56297.32456,18.9,0.16,136.45981,0.6634
090550.30+003948.1,56297.33195,18.51,0.14,136.45967,0.66338
090550.30+003948.1,56297.33938,18.56,0.14,136.45949,0.66349
090550.30+003948.1,56297.34669,18.59,0.14,136.45971,0.66325
090550.30+003948.1,56309.35683,18.58,0.14,136.45939,0.66334
090550.30+003948.1,56309.36197,18.57,0.14,136.45945,0.66336
090550.30+003948.1,56309.36707,18.58,0.14,136.45964,0.66341
090550.30+003948.1,56309.37217,18.83,0.16,136.45954,0.6634
090550.30+003948.1,56324.35213,18.57,0.14,136.45952,0.66336
090550.30+003948.1,56324.35725,18.82,0.15,136.45966,0.66333
090550.30+003948.1,56324.36235,18.91,0.16,136.45952,0.6634
090550.30+003948.1,56324.36746,18.4,0.13,136.45952,0.66346
090550.30+003948.1,56330.31266,18.65,0.15,136.45964,0.66347
090550.30+003948.1,56330.3183,18.67,0.15,136.45952,0.66334
090550.30+003948.1,56330.32398,18.29,0.13,136.45971,0.66357
090550.30+003948.1,56330.32961,18.56,0.14,136.45956,0.66344
090550.30+003948.1,56339.26636,18.71,0.15,136.45968,0.66338
090550.30+003948.1,56339.27194,18.87,0.16,136.45965,0.66327
090550.30+003948.1,56339.27759,19.01,0.17,136.45966,0.66352
090550.30+003948.1,56339.28321,18.73,0.15,136.45957,0.66347
090550.30+003948.1,56352.23989,18.41,0.13,136.45978,0.66333
090550.30+003948.1,56352.24557,18.93,0.17,136.45953,0.66351
090550.30+003948.1,56352.25121,18.61,0.14,136.45961,0.66322
090550.30+003948.1,56352.25688,18.75,0.15,136.45971,0.66359
090550.30+003948.1,56366.19421,18.7,0.15,136.4593,0.66324
090550.30+003948.1,56366.20052,18.65,0.15,136.45969,0.66359
090550.30+003948.1,56366.20682,18.71,0.15,136.45949,0.66347
090550.30+003948.1,56366.21311,18.51,0.14,136.45948,0.66341
090550.30+003948.1,55946.23326,18.8,0.15,136.45959,0.66334
090550.30+003948.1,55946.23777,18.68,0.14,136.45968,0.66354
090550.30+003948.1,55946.24235,18.84,0.16,136.45955,0.66341
090550.30+003948.1,55946.24683,18.64,0.14,136.45964,0.66346
090550.30+003948.1,56397.1598,18.67,0.15,136.45939,0.66362
090550.30+003948.1,56397.16759,18.64,0.15,136.45946,0.66373
090550.30+003948.1,56397.17537,18.89,0.16,136.45956,0.66338
090550.30+003948.1,56397.18326,18.82,0.16,136.45961,0.66344
140655.51+582200.0,53767.46833,18.07,0.12,211.7313,58.367
140655.51+582200.0,53767.47165,17.9,0.12,211.73095,58.36684
140655.51+582200.0,53767.47495,18.01,0.11,211.73132,58.3669
140655.51+582200.0,53767.47818,18.09,0.17,211.73126,58.36679
140655.51+582200.0,53902.35723,18.28,0.36,211.73196,58.36646
140655.51+582200.0,53860.37357,18.41,0.14,211.73118,58.36702
140655.51+582200.0,53860.38023,18.11,0.12,211.731,58.367
140655.51+582200.0,53860.38687,18.21,0.13,211.7309,58.36681
140655.51+582200.0,53884.29044,18.21,0.13,211.7317,58.36693
140655.51+582200.0,53884.29699,17.93,0.11,211.73101,58.36696
140655.51+582200.0,53884.30353,17.87,0.11,211.73142,58.36708
140655.51+582200.0,53884.3101,18.13,0.12,211.73118,58.36693
140655.51+582200.0,54210.40802,18.21,0.12,211.73122,58.36647
140655.51+582200.0,54210.41336,18.09,0.12,211.73169,58.36701
140655.51+582200.0,54210.41866,18.52,0.14,211.73168,58.36692
140655.51+582200.0,54210.42398,18.44,0.13,211.73153,58.36688
140655.51+582200.0,54158.3879,18.18,0.12,211.73154,58.36693
140655.51+582200.0,54158.39677,18.31,0.12,211.73135,58.36694
140655.51+582200.0,54158.40121,18.32,0.12,211.73178,58.36681
140655.51+582200.0,54274.2874,18.21,0.12,211.73137,58.36665
140655.51+582200.0,54274.30415,18.08,0.12,211.73159,58.36692
140655.51+582200.0,54240.19655,18.37,0.14,211.73121,58.36671
140655.51+582200.0,54240.20444,18.17,0.12,211.73123,58.36672
140655.51+582200.0,54240.21083,17.99,0.11,211.73137,58.36696
140655.51+582200.0,54240.21722,18.13,0.12,211.73144,58.36683
140655.51+582200.0,54630.27468,18.27,0.12,211.73139,58.36692
140655.51+582200.0,54630.27912,17.84,0.1,211.73148,58.36706
140655.51+582200.0,54630.28802,18.18,0.12,211.73122,58.36688
140655.51+582200.0,54946.40859,18.06,0.11,211.73135,58.36683
140655.51+582200.0,54946.41404,18.14,0.12,211.73133,58.36702
140655.51+582200.0,54946.41953,18.03,0.12,211.73134,58.3669
140655.51+582200.0,54946.42501,17.97,0.11,211.73116,58.36691
140655.51+582200.0,54865.38575,18.14,0.11,211.73153,58.36699
140655.51+582200.0,54865.39331,18.03,0.11,211.73124,58.36688
140655.51+582200.0,54865.40077,18.25,0.12,211.73142,58.36708
140655.51+582200.0,54865.40832,17.99,0.11,211.73147,58.36717
140655.51+582200.0,54913.33749,18.17,0.12,211.73164,58.36681
140655.51+582200.0,54920.31706,18.06,0.11,211.73116,58.36706
140655.51+582200.0,54920.32224,17.91,0.11,211.73115,58.36697
140655.51+582200.0,54920.32745,18.18,0.12,211.73093,58.36703
140655.51+582200.0,55300.36749,18.18,0.12,211.73128,58.36685
140655.51+582200.0,55300.37377,17.8,0.1,211.73093,58.36696
140655.51+582200.0,55300.38635,18.26,0.12,211.73135,58.367
140655.51+582200.0,55360.28222,18.33,0.13,211.73111,58.36681
140655.51+582200.0,55360.29569,18.26,0.12,211.7308,58.36689
140655.51+582200.0,55360.30247,17.94,0.11,211.73137,58.36707
140655.51+582200.0,55371.278,18.22,0.12,211.73079,58.36688
140655.51+582200.0,55371.28382,18.5,0.14,211.73102,58.36685
140655.51+582200.0,55281.36735,18.2,0.14,211.73132,58.36669
140655.51+582200.0,55281.37091,18.13,0.13,211.73168,58.36667
140655.51+582200.0,55281.37444,18.25,0.14,211.73134,58.36692
140655.51+582200.0,55281.37802,18.03,0.13,211.73121,58.3669
140655.51+582200.0,55328.37771,18.55,0.14,211.73113,58.36696
140655.51+582200.0,55328.3893,18.26,0.12,211.73126,58.36704
140655.51+582200.0,55635.38635,18.48,0.17,211.73147,58.36703
140655.51+582200.0,55635.39731,17.93,0.14,211.73155,58.36702
140655.51+582200.0,56044.33807,18.23,0.12,211.73134,58.36679
140655.51+582200.0,56044.34317,18.12,0.12,211.73126,58.36678
140655.51+582200.0,56044.35337,18.03,0.11,211.7315,58.36684
140655.51+582200.0,56076.28313,18.22,0.13,211.73169,58.36664
140655.51+582200.0,56076.28913,18.34,0.14,211.73151,58.36667
140655.51+582200.0,56076.29514,18.36,0.14,211.73174,58.36649
140655.51+582200.0,56076.30108,18.26,0.13,211.73171,58.36671
140655.51+582200.0,56092.31338,18.45,0.13,211.73204,58.36651
140655.51+582200.0,56092.32063,18.39,0.13,211.73204,58.36675
140655.51+582200.0,56092.32794,18.13,0.12,211.73208,58.36683
140655.51+582200.0,56092.33524,18.7,0.15,211.73161,58.36654
140655.51+582200.0,56369.40338,18.39,0.13,211.73109,58.36681
140655.51+582200.0,56369.40804,17.79,0.1,211.73114,58.36679
140655.51+582200.0,56369.41263,17.89,0.11,211.73159,58.36699
140655.51+582200.0,56400.35762,18.41,0.13,211.7311,58.36687
140655.51+582200.0,56400.36215,18.11,0.12,211.73112,58.36684
140655.51+582200.0,56441.24035,18.06,0.12,211.73161,58.36706
140655.51+582200.0,56441.25189,18.19,0.12,211.73151,58.36687
140655.51+582200.0,56441.25767,17.99,0.11,211.73147,58.3669
140655.51+582200.0,53767.47495,20.37,0.34,211.74059,58.36612
140655.51+582200.0,54210.41866,20.12,0.29,211.73948,58.36623
140655.51+582200.0,54158.40121,20.95,0.44,211.74001,58.3651
140655.51+582200.0,54946.40859,20.19,0.31,211.7408,58.36604
140655.51+582200.0,54946.42501,19.69,0.23,211.73913,58.3658
140655.51+582200.0,55300.38008,19.97,0.26,211.74063,58.36589
140655.51+582200.0,55300.38635,19.96,0.26,211.74016,58.36474
140655.51+582200.0,55360.30247,20.94,0.46,211.7402,58.3663
140655.51+582200.0,56076.28313,19.61,0.25,211.74023,58.36478
140655.51+582200.0,56092.31338,20.35,0.33,211.74125,58.36533
140655.51+582200.0,56092.32794,20.28,0.32,211.73997,58.36505
140655.51+582200.0,56400.35762,19.11,0.18,211.73931,58.36496
140655.51+582200.0,53505.21801,18.14,0.18,211.73039,58.3691
140655.51+582200.0,53767.46833,17.96,0.11,211.73002,58.36915
140655.51+582200.0,53767.47165,17.76,0.11,211.72997,58.36922
140655.51+582200.0,53767.47495,17.95,0.11,211.73006,58.36931
140655.51+582200.0,53767.47818,17.91,0.16,211.73001,58.3692
140655.51+582200.0,53902.35518,17.63,0.25,211.73052,58.36899
140655.51+582200.0,53902.35618,17.29,0.21,211.72995,58.36916
140655.51+582200.0,53902.35723,17.71,0.26,211.73031,58.36901
140655.51+582200.0,53902.35822,17.35,0.22,211.7301,58.3682
140655.51+582200.0,53860.36693,17.29,0.09,211.73057,58.36811
140655.51+582200.0,53860.37357,17.7,0.1,211.72992,58.36915
140655.51+582200.0,53860.38023,18.1,0.12,211.72969,58.36912
140655.51+582200.0,53860.38687,17.68,0.1,211.72985,58.36922
140655.51+582200.0,53884.29044,17.79,0.11,211.73006,58.36917
140655.51+582200.0,53884.29699,17.89,0.11,211.72983,58.36925
140655.51+582200.0,53884.30353,17.99,0.12,211.7301,58.3692
140655.51+582200.0,53884.3101,17.9,0.11,211.72992,58.36935
140655.51+582200.0,54210.40802,17.68,0.1,211.73,58.3692
140655.51+582200.0,54210.41336,18.03,0.11,211.72987,58.36913
140655.51+582200.0,54210.41866,17.59,0.1,211.73013,58.36903
140655.51+582200.0,54210.42398,17.7,0.1,211.73001,58.36902
140655.51+582200.0,54158.3879,17.94,0.11,211.72992,58.36915
140655.51+582200.0,54158.39235,17.26,0.09,211.73073,58.36805
140655.51+582200.0,54158.39677,17.82,0.1,211.73007,58.36905
140655.51+582200.0,54158.40121,17.83,0.1,211.73012,58.36918
140655.51+582200.0,54274.2874,17.82,0.11,211.7301,58.36908
140655.51+582200.0,54274.29299,17.23,0.09,211.73069,58.36798
140655.51+582200.0,54274.2986,17.36,0.09,211.73067,58.36821
140655.51+582200.0,54274.30415,17.91,0.11,211.73028,58.36903
140655.51+582200.0,54240.19655,17.74,0.11,211.72978,58.36922
140655.51+582200.0,54240.20444,17.8,0.11,211.72998,58.36916
140655.51+582200.0,54240.21083,17.82,0.11,211.73008,58.36934
140655.51+582200.0,54240.21722,17.9,0.11,211.72994,58.36926
140655.51+582200.0,54630.27468,17.74,0.1,211.73013,58.36925
140655.51+582200.0,54630.27912,17.93,0.11,211.73,58.36933
140655.51+582200.0,54630.28359,18.0,0.11,211.72988,58.36925
140655.51+582200.0,54630.28359,17.98,0.11,211.73116,58.3671
140655.51+582200.0,54630.28802,17.87,0.1,211.72986,58.36935
140655.51+582200.0,54946.40859,17.9,0.11,211.72983,58.36926
140655.51+582200.0,54946.41404,17.89,0.11,211.72968,58.36926
140655.51+582200.0,54946.41953,17.86,0.11,211.7298,58.3693
140655.51+582200.0,54946.42501,17.91,0.11,211.72965,58.36932
140655.51+582200.0,54865.38575,17.84,0.1,211.73028,58.36938
140655.51+582200.0,54865.39331,18.04,0.11,211.72977,58.36932
140655.51+582200.0,54865.40077,17.71,0.1,211.73014,58.36922
140655.51+582200.0,54865.40832,17.96,0.11,211.72966,58.3693
140655.51+582200.0,54913.33749,18.0,0.11,211.72996,58.36933
140655.51+582200.0,54913.34289,17.18,0.08,211.73057,58.36813
140655.51+582200.0,54913.34829,17.78,0.1,211.72985,58.36928
140655.51+582200.0,54913.34829,18.2,0.12,211.73073,58.36706
140655.51+582200.0,54913.35378,17.9,0.1,211.72972,58.36932
140655.51+582200.0,54913.35378,17.99,0.11,211.73087,58.36704
140655.51+582200.0,54920.31706,18.03,0.11,211.7299,58.36921
140655.51+582200.0,54920.32224,17.99,0.11,211.72993,58.36942
140655.51+582200.0,54920.32745,17.63,0.1,211.73002,58.36937
140655.51+582200.0,54920.3327,18.03,0.11,211.7301,58.36924
140655.51+582200.0,54920.3327,17.89,0.11,211.73139,58.36712
140655.51+582200.0,55300.36749,17.92,0.11,211.72981,58.36927
140655.51+582200.0,55300.37377,17.97,0.11,211.72978,58.36924
140655.51+582200.0,55300.38008,17.89,0.11,211.72997,58.36932
140655.51+582200.0,55300.38008,18.23,0.12,211.73096,58.36709
140655.51+582200.0,55300.38635,17.92,0.11,211.72968,58.36934
140655.51+582200.0,55360.28222,17.77,0.1,211.72983,58.36924
140655.51+582200.0,55360.28894,17.31,0.09,211.73038,58.36812
140655.51+582200.0,55360.29569,17.77,0.1,211.72961,58.36917
140655.51+582200.0,55360.30247,17.96,0.11,211.72984,58.3693
140655.51+582200.0,55371.278,17.76,0.1,211.73028,58.36922
140655.51+582200.0,55371.28088,17.13,0.09,211.73026,58.36805
140655.51+582200.0,55371.28382,17.49,0.1,211.72988,58.36912
140655.51+582200.0,55371.2867,17.87,0.11,211.72983,58.36923
140655.51+582200.0,55371.2867,18.02,0.12,211.73072,58.36724
140655.51+582200.0,55281.36735,17.89,0.12,211.72979,58.3691
140655.51+582200.0,55281.37091,17.62,0.11,211.72977,58.36899
140655.51+582200.0,55281.37444,17.65,0.11,211.72985,58.36904
140655.51+582200.0,55281.37802,18.06,0.13,211.72992,58.36904
140655.51+582200.0,55328.37771,17.72,0.1,211.72965,58.36925
140655.51+582200.0,55328.38353,17.31,0.09,211.73047,58.36826
140655.51+582200.0,55328.3893,17.88,0.11,211.72951,58.36932
140655.51+582200.0,55328.39514,17.1,0.08,211.73053,58.36831
140655.51+582200.0,55653.32915,17.11,0.08,211.73056,58.36819
140655.51+582200.0,55653.33496,17.23,0.09,211.7307,58.36814
140655.51+582200.0,55653.34079,17.17,0.09,211.7309,58.36824
140655.51+582200.0,55653.34664,17.25,0.09,211.73066,58.36804
140655.51+582200.0,55722.28654,17.16,0.09,211.7304,58.36808
140655.51+582200.0,55722.29348,17.27,0.09,211.73072,58.36801
140655.51+582200.0,55722.30042,17.3,0.09,211.73052,58.36815
140655.51+582200.0,55722.30745,17.22,0.09,211.73031,58.36829
140655.51+582200.0,55635.38635,17.48,0.11,211.72977,58.36939
140655.51+582200.0,55635.38999,17.76,0.13,211.7302,58.36962
140655.51+582200.0,55635.38999,17.9,0.14,211.73118,58.36718
140655.51+582200.0,55635.39366,17.45,0.12,211.72998,58.36951
140655.51+582200.0,55635.39366,18.27,0.16,211.73117,58.36719
140655.51+582200.0,55635.39731,17.97,0.14,211.73012,58.36957
140655.51+582200.0,55682.39127,17.96,0.11,211.73001,58.36927
140655.51+582200.0,55682.39127,18.01,0.11,211.73106,58.36707
140655.51+582200.0,55682.39648,17.1,0.09,211.73038,58.36806
140655.51+582200.0,55682.40167,17.26,0.09,211.73051,58.36809
140655.51+582200.0,55682.4069,17.16,0.09,211.73057,58.36811
140655.51+582200.0,56044.33807,17.65,0.1,211.73019,58.36921
140655.51+582200.0,56044.34317,17.95,0.11,211.73008,58.36906
140655.51+582200.0,56044.34831,17.23,0.09,211.73055,58.36796
140655.51+582200.0,56044.35337,17.69,0.1,211.72991,58.36907
140655.51+582200.0,56076.28313,17.7,0.11,211.73035,58.36897
140655.51+582200.0,56076.28913,17.7,0.11,211.73014,58.36884
140655.51+582200.0,56076.29514,17.68,0.11,211.73055,58.36878
140655.51+582200.0,56076.30108,17.72,0.11,211.73032,58.36905
140655.51+582200.0,56092.31338,17.71,0.1,211.73045,58.36876
140655.51+582200.0,56092.32063,17.64,0.1,211.73024,58.36903
140655.51+582200.0,56092.32794,17.64,0.1,211.73019,58.36892
140655.51+582200.0,56092.33524,17.53,0.1,211.73031,58.36879
140655.51+582200.0,56369.39886,17.94,0.11,211.73,58.36919
140655.51+582200.0,56369.39886,17.88,0.11,211.73127,58.36705
140655.51+582200.0,56369.40338,17.68,0.1,211.72991,58.36913
140655.51+582200.0,56369.40804,17.9,0.11,211.73007,58.36918
140655.51+582200.0,56369.41263,17.91,0.11,211.72976,58.36914
140655.51+582200.0,56400.35762,17.84,0.11,211.72995,58.3691
140655.51+582200.0,56400.36215,17.8,0.1,211.7299,58.36924
140655.51+582200.0,56400.36671,17.21,0.09,211.73058,58.36808
140655.51+582200.0,56400.37133,17.85,0.11,211.72994,58.36886
140655.51+582200.0,56400.37133,18.07,0.11,211.7312,58.36708
140655.51+582200.0,56441.24035,17.72,0.1,211.72978,58.36916
140655.51+582200.0,56441.24608,17.17,0.09,211.73058,58.36799
140655.51+582200.0,56441.25189,17.72,0.1,211.73001,58.3692
140655.51+582200.0,56441.25767,18.01,0.12,211.73019,58.36904
161742.53+322234.4,53479.37589,17.85,0.1,244.43189,32.37936
161742.53+322234.4,53479.38454,17.9,0.11,244.43168,32.37934
161742.53+322234.4,53479.39324,18.03,0.11,244.4317,32.37939
161742.53+322234.4,53479.40194,17.93,0.11,244.43184,32.37933
161742.53+322234.4,53562.21826,17.77,0.1,244.43167,32.37927
161742.53+322234.4,53562.22478,17.86,0.11,244.43175,32.37931
161742.53+322234.4,53562.23133,17.81,0.1,244.43167,32.37935
161742.53+322234.4,53562.23785,17.89,0.11,244.43197,32.37929
161742.53+322234.4,53527.36203,17.83,0.1,244.43172,32.3792
161742.53+322234.4,53527.37074,17.84,0.11,244.43176,32.37933
161742.53+322234.4,53527.37966,17.77,0.1,244.43182,32.37935
161742.53+322234.4,53527.38828,17.92,0.11,244.43178,32.37924
161742.53+322234.4,53549.25112,18.01,0.12,244.43172,32.37933
161742.53+322234.4,53549.2578,18.05,0.12,244.43168,32.3793
161742.53+322234.4,53549.26437,17.81,0.11,244.43181,32.37929
161742.53+322234.4,53549.27093,17.92,0.11,244.43169,32.37938
161742.53+322234.4,53656.10484,17.78,0.11,244.43186,32.3793
161742.53+322234.4,53656.10921,18.28,0.13,244.43176,32.37932
161742.53+322234.4,53656.11355,17.44,0.1,244.43168,32.37871
161742.53+322234.4,53656.11788,17.94,0.12,244.43182,32.37931
161742.53+322234.4,53851.42803,17.95,0.11,244.43179,32.37936
161742.53+322234.4,53851.43454,17.81,0.11,244.43177,32.37943
161742.53+322234.4,53851.44101,17.89,0.11,244.4317,32.37935
161742.53+322234.4,53851.44748,17.91,0.11,244.43168,32.37931
161742.53+322234.4,53770.47981,17.89,0.11,244.43192,32.37931
161742.53+322234.4,53770.48647,18.04,0.11,244.43185,32.37929
161742.53+322234.4,53770.49313,18.03,0.11,244.43183,32.37933
161742.53+322234.4,53770.49976,17.89,0.11,244.4318,32.37935
161742.53+322234.4,53900.27786,17.31,0.24,244.43191,32.37935
161742.53+322234.4,53900.27982,18.89,0.57,244.43187,32.37925
161742.53+322234.4,53797.47668,17.95,0.12,244.4317,32.3793
161742.53+322234.4,53797.48488,17.9,0.11,244.43194,32.37942
161742.53+322234.4,53797.49308,17.74,0.11,244.4318,32.37931
161742.53+322234.4,53797.50156,17.81,0.11,244.43182,32.37923
161742.53+322234.4,53862.34381,17.82,0.11,244.43175,32.37932
161742.53+322234.4,53862.35306,17.86,0.11,244.4318,32.37928
161742.53+322234.4,53862.3619,17.84,0.11,244.43185,32.37936
161742.53+322234.4,53862.37015,17.98,0.11,244.43184,32.37933
161742.53+322234.4,53874.38844,17.87,0.27,244.4319,32.3795
161742.53+322234.4,53874.3892,17.86,0.27,244.43173,32.37933
161742.53+322234.4,53874.38995,17.94,0.28,244.43159,32.37924
161742.53+322234.4,53874.39071,17.74,0.25,244.43172,32.37953
161742.53+322234.4,53886.25021,17.85,0.1,244.43187,32.37936
161742.53+322234.4,53886.26084,17.88,0.1,244.43191,32.3793
161742.53+322234.4,53886.27151,17.96,0.11,244.43184,32.37924
161742.53+322234.4,53886.28218,17.87,0.1,244.43188,32.37942
161742.53+322234.4,53995.11543,17.93,0.1,244.43189,32.37931
161742.53+322234.4,53995.12513,17.97,0.11,244.43179,32.37932
161742.53+322234.4,53995.13478,17.91,0.1,244.43178,32.37929
161742.53+322234.4,53995.14443,17.92,0.1,244.4317,32.37923
161742.53+322234.4,54003.12174,17.87,0.1,244.43171,32.37938
161742.53+322234.4,54003.12808,17.88,0.1,244.43178,32.37932
161742.53+322234.4,54003.13444,17.9,0.11,244.4316,32.37929
161742.53+322234.4,54003.14079,17.78,0.1,244.43175,32.37935
161742.53+322234.4,54209.43858,17.9,0.11,244.43187,32.37934
161742.53+322234.4,54209.444,17.91,0.11,244.43173,32.37921
161742.53+322234.4,54209.44948,17.91,0.11,244.43177,32.37933
161742.53+322234.4,54209.45495,17.8,0.1,244.43184,32.3793
161742.53+322234.4,54140.53804,18.17,0.35,244.43204,32.37923
161742.53+322234.4,54157.4435,17.86,0.1,244.43191,32.37942
161742.53+322234.4,54157.45274,17.91,0.11,244.43189,32.37932
161742.53+322234.4,54157.462,17.84,0.1,244.43181,32.37934
161742.53+322234.4,54157.47126,17.78,0.1,244.4317,32.37929
161742.53+322234.4,54295.20581,17.88,0.11,244.4318,32.37919
161742.53+322234.4,54295.21012,17.99,0.11,244.43179,32.37931
161742.53+322234.4,54295.21441,17.96,0.11,244.43185,32.37925
161742.53+322234.4,54295.21871,17.9,0.11,244.43187,32.37919
161742.53+322234.4,54258.32961,17.8,0.1,244.43179,32.37924
161742.53+322234.4,54258.33617,17.99,0.11,244.43177,32.37931
161742.53+322234.4,54258.3427,17.84,0.1,244.43188,32.37925
161742.53+322234.4,54258.34922,18.0,0.11,244.43175,32.37933
161742.53+322234.4,54270.35456,17.88,0.11,244.43185,32.37915
161742.53+322234.4,54270.36209,17.85,0.11,244.43173,32.37931
161742.53+322234.4,54270.36962,17.98,0.11,244.43175,32.37932
161742.53+322234.4,54270.37714,17.95,0.11,244.43175,32.37931
161742.53+322234.4,54176.51392,17.92,0.11,244.4319,32.37934
161742.53+322234.4,54176.51955,17.88,0.1,244.43171,32.37932
161742.53+322234.4,54176.52517,17.79,0.1,244.43184,32.37943
161742.53+322234.4,54176.53075,18.2,0.12,244.43153,32.3788
161742.53+322234.4,54234.33722,17.83,0.11,244.43174,32.37935
161742.53+322234.4,54234.34218,17.89,0.11,244.43179,32.37926
161742.53+322234.4,54234.34714,17.86,0.11,244.43173,32.37933
161742.53+322234.4,54234.35208,17.75,0.1,244.4317,32.37925
161742.53+322234.4,54245.36187,17.97,0.11,244.43187,32.37934
161742.53+322234.4,54245.36958,17.85,0.11,244.43191,32.37928
161742.53+322234.4,54245.37728,17.89,0.11,244.43178,32.37916
161742.53+322234.4,54245.385,17.92,0.11,244.43172,32.37941
161742.53+322234.4,54382.09625,17.98,0.11,244.43179,32.37944
161742.53+322234.4,54382.10059,17.96,0.11,244.43207,32.37946
161742.53+322234.4,54382.1049,17.87,0.11,244.43185,32.37941
161742.53+322234.4,54382.1092,17.93,0.11,244.43178,32.37944
161742.53+322234.4,54389.07958,17.68,0.12,244.43182,32.37929
161742.53+322234.4,54389.08341,17.71,0.12,244.43176,32.37931
161742.53+322234.4,54389.08721,18.13,0.14,244.43172,32.37927
161742.53+322234.4,54389.09099,17.96,0.13,244.43164,32.37932
161742.53+322234.4,54347.19709,18.1,0.1,244.43183,32.37955
161742.53+322234.4,54347.20438,18.23,0.11,244.43199,32.37957
161742.53+322234.4,54347.21166,18.02,0.1,244.43202,32.37937
161742.53+322234.4,54347.21891,18.16,0.11,244.43185,32.37947
161742.53+322234.4,54358.13751,17.95,0.11,244.43177,32.3795
161742.53+322234.4,54358.14406,18.04,0.11,244.43184,32.37946
161742.53+322234.4,54358.1506,17.79,0.1,244.43179,32.37937
161742.53+322234.4,54358.15714,17.89,0.11,244.43192,32.37936
161742.53+322234.4,54559.36727,17.96,0.11,244.43191,32.37946
161742.53+322234.4,54559.37595,18.01,0.11,244.43186,32.37942
161742.53+322234.4,54559.38456,17.98,0.11,244.4319,32.37937
161742.53+322234.4,54559.39328,17.91,0.11,244.43181,32.37933
161742.53+322234.4,54567.44589,18.0,0.11,244.43177,32.37941
161742.53+322234.4,54567.45371,17.96,0.11,244.43185,32.37937
161742.53+322234.4,54567.4615,18.02,0.11,244.4317,32.37938
161742.53+322234.4,54567.4693,18.05,0.11,244.43192,32.37934
161742.53+322234.4,54573.27657,18.09,0.11,244.43174,32.37936
161742.53+322234.4,54573.28415,17.87,0.11,244.43165,32.37926
161742.53+322234.4,54573.29173,18.0,0.11,244.43177,32.37941
161742.53+322234.4,54573.29929,17.57,0.1,244.43187,32.37947
161742.53+322234.4,54583.41913,18.02,0.11,244.43181,32.37931
161742.53+322234.4,54583.42343,17.99,0.11,244.43179,32.37942
161742.53+322234.4,54583.42779,18.04,0.11,244.43174,32.3793
161742.53+322234.4,54583.43212,17.71,0.1,244.43172,32.37935
161742.53+322234.4,54508.48504,18.05,0.11,244.4318,32.37935
161742.53+322234.4,54508.48995,17.86,0.1,244.43192,32.37938
161742.53+322234.4,54508.49486,17.77,0.1,244.43182,32.37928
161742.53+322234.4,54508.4998,17.8,0.1,244.4319,32.37934
161742.53+322234.4,54525.47743,17.59,0.14,244.43243,32.37963
161742.53+322234.4,54525.48672,17.83,0.14,244.43173,32.37922
161742.53+322234.4,54525.49262,18.02,0.14,244.43212,32.3794
161742.53+322234.4,54525.49854,18.11,0.13,244.43175,32.37942
161742.53+322234.4,54626.34342,17.94,0.11,244.43179,32.37942
161742.53+322234.4,54626.35068,18.04,0.11,244.43189,32.3793
161742.53+322234.4,54626.35795,17.88,0.11,244.43176,32.37933
161742.53+322234.4,54626.36522,17.78,0.1,244.43177,32.37932
161742.53+322234.4,54640.3277,17.93,0.11,244.43169,32.3793
161742.53+322234.4,54640.33422,17.77,0.1,244.43175,32.37936
161742.53+322234.4,54640.34079,17.65,0.1,244.43204,32.37925
161742.53+322234.4,54640.34735,17.78,0.1,244.4318,32.37935
161742.53+322234.4,54531.43603,17.98,0.11,244.43196,32.37942
161742.53+322234.4,54531.44511,17.95,0.11,244.43181,32.37943
161742.53+322234.4,54531.45418,17.94,0.11,244.43189,32.3794
161742.53+322234.4,54531.46322,17.81,0.1,244.43174,32.37932
161742.53+322234.4,54548.43854,17.87,0.1,244.43175,32.3792
161742.53+322234.4,54548.44526,17.88,0.1,244.43167,32.37911
161742.53+322234.4,54548.45196,17.76,0.1,244.43186,32.37933
161742.53+322234.4,54548.45875,17.94,0.11,244.43204,32.37943
161742.53+322234.4,54589.40185,17.94,0.11,244.4318,32.37938
161742.53+322234.4,54589.40622,17.84,0.1,244.43178,32.37937
161742.53+322234.4,54589.41063,17.8,0.1,244.43188,32.3793
161742.53+322234.4,54589.41502,17.76,0.1,244.43166,32.37933
161742.53+322234.4,54596.27277,17.93,0.11,244.43186,32.37944
161742.53+322234.4,54596.28041,17.81,0.11,244.43177,32.37935
161742.53+322234.4,54596.28811,18.11,0.12,244.43185,32.37929
161742.53+322234.4,54596.29582,17.81,0.11,244.43178,32.37935
161742.53+322234.4,54746.10971,17.82,0.1,244.4318,32.37943
161742.53+322234.4,54746.11452,18.09,0.11,244.43219,32.3795
161742.53+322234.4,54746.11939,18.1,0.11,244.43199,32.37969
161742.53+322234.4,54746.12418,17.8,0.1,244.43208,32.37963
161742.53+322234.4,54942.32681,17.85,0.1,244.43178,32.37937
161742.53+322234.4,54942.33233,17.99,0.11,244.43182,32.37933
161742.53+322234.4,54942.33783,17.94,0.11,244.43183,32.37932
161742.53+322234.4,54942.34324,17.91,0.11,244.43174,32.37941
161742.53+322234.4,55045.23661,18.06,0.14,244.43129,32.37913
161742.53+322234.4,55045.24202,17.71,0.12,244.43117,32.37911
161742.53+322234.4,55045.24746,17.8,0.12,244.43148,32.37896
161742.53+322234.4,55045.25289,17.68,0.12,244.4314,32.37903
161742.53+322234.4,54875.50334,18.0,0.12,244.43177,32.37915
161742.53+322234.4,54875.50877,17.93,0.11,244.43194,32.37935
161742.53+322234.4,54875.51417,17.92,0.11,244.43193,32.37941
161742.53+322234.4,54875.51954,17.86,0.11,244.43194,32.37927
161742.53+322234.4,54890.47357,17.84,0.11,244.43185,32.37931
161742.53+322234.4,54890.47961,17.97,0.13,244.43184,32.37931
161742.53+322234.4,54890.48565,17.89,0.11,244.43185,32.3794
161742.53+322234.4,54890.49176,17.88,0.11,244.43193,32.37935
161742.53+322234.4,54997.35057,18.04,0.11,244.4318,32.37928
161742.53+322234.4,54997.35656,17.85,0.1,244.43179,32.37941
161742.53+322234.4,54997.36267,17.94,0.11,244.43173,32.37942
161742.53+322234.4,54997.36858,17.81,0.1,244.43172,32.37928
161742.53+322234.4,54912.40072,17.95,0.11,244.43195,32.37924
161742.53+322234.4,54912.40558,18.27,0.2,244.43189,32.37941
161742.53+322234.4,54920.37543,17.84,0.1,244.43178,32.37935
161742.53+322234.4,54920.38334,17.85,0.1,244.4318,32.37936
161742.53+322234.4,54920.39129,17.84,0.1,244.43188,32.37936
161742.53+322234.4,54920.39922,17.91,0.11,244.43181,32.37938
161742.53+322234.4,54953.43161,17.95,0.11,244.43183,32.37926
161742.53+322234.4,54953.43881,17.94,0.11,244.4317,32.37933
161742.53+322234.4,54953.44611,17.88,0.11,244.43188,32.37931
161742.53+322234.4,54953.45336,17.92,0.11,244.4316,32.37933
161742.53+322234.4,54966.4508,18.01,0.11,244.4319,32.37935
161742.53+322234.4,54966.45859,17.73,0.1,244.4317,32.3794
161742.53+322234.4,54966.46654,17.91,0.11,244.43165,32.37951
161742.53+322234.4,54966.47446,17.86,0.11,244.43179,32.37933
161742.53+322234.4,54979.32227,18.02,0.11,244.43166,32.37928
161742.53+322234.4,54979.32963,17.86,0.11,244.43187,32.37923
161742.53+322234.4,54979.33688,17.82,0.1,244.43181,32.37933
161742.53+322234.4,54979.34416,17.81,0.1,244.43178,32.37931
161742.53+322234.4,55095.14818,17.92,0.11,244.43187,32.37945
161742.53+322234.4,55095.15371,17.93,0.11,244.43186,32.37919
161742.53+322234.4,55095.15915,17.81,0.11,244.43183,32.37944
161742.53+322234.4,55095.16462,17.93,0.11,244.43187,32.37932
161742.53+322234.4,55102.09539,17.95,0.13,244.43188,32.37932
161742.53+322234.4,55102.09935,18.19,0.14,244.43184,32.37924
161742.53+322234.4,55102.10331,17.64,0.12,244.43177,32.37925
161742.53+322234.4,55102.10729,17.89,0.13,244.4317,32.37931
161742.53+322234.4,55299.3757,17.9,0.11,244.43179,32.37919
161742.53+322234.4,55299.38265,17.94,0.11,244.43166,32.3793
161742.53+322234.4,55299.38964,18.01,0.11,244.43186,32.37937
161742.53+322234.4,55299.39659,17.82,0.1,244.43178,32.37925
161742.53+322234.4,55352.30841,17.8,0.09,244.4317,32.37931
161742.53+322234.4,55352.3166,17.86,0.09,244.43168,32.37938
161742.53+322234.4,55352.32477,17.99,0.09,244.43172,32.37925
161742.53+322234.4,55352.33295,17.86,0.09,244.43169,32.37939
161742.53+322234.4,55365.32358,17.92,0.11,244.43169,32.37934
161742.53+322234.4,55365.32888,18.06,0.11,244.43171,32.37929
161742.53+322234.4,55365.33421,18.02,0.11,244.43162,32.37915
161742.53+322234.4,55365.33946,17.87,0.11,244.43171,32.37926
161742.53+322234.4,55271.42947,18.05,0.11,244.43178,32.3793
161742.53+322234.4,55271.43698,17.9,0.11,244.43185,32.37932
161742.53+322234.4,55271.44448,18.04,0.11,244.43179,32.37942
161742.53+322234.4,55271.45204,17.96,0.11,244.43186,32.37918
161742.53+322234.4,55280.40638,17.88,0.11,244.43181,32.37933
161742.53+322234.4,55280.41323,18.0,0.11,244.43166,32.37941
161742.53+322234.4,55280.42012,17.84,0.1,244.43169,32.37927
161742.53+322234.4,55280.42706,17.89,0.11,244.43182,32.37932
161742.53+322234.4,55320.27712,18.03,0.11,244.43185,32.37931
161742.53+322234.4,55320.2829,17.75,0.1,244.43172,32.37929
161742.53+322234.4,55320.28867,17.98,0.11,244.4317,32.37922
161742.53+322234.4,55320.29449,18.0,0.11,244.43183,32.37929
161742.53+322234.4,55320.30033,17.78,0.1,244.43177,32.37931
161742.53+322234.4,55328.4025,18.02,0.11,244.43164,32.37932
161742.53+322234.4,55328.40883,17.91,0.11,244.43175,32.37918
161742.53+322234.4,55328.41522,17.86,0.1,244.43178,32.37929
161742.53+322234.4,55328.42162,17.89,0.11,244.43178,32.37921
161742.53+322234.4,55341.34843,17.93,0.11,244.43173,32.37924
161742.53+322234.4,55341.35418,17.72,0.1,244.43181,32.37925
161742.53+322234.4,55341.35996,17.99,0.11,244.43169,32.37922
161742.53+322234.4,55341.3657,17.93,0.11,244.43165,32.37922
161742.53+322234.4,55455.14927,18.0,0.11,244.43191,32.37918
161742.53+322234.4,55455.16503,18.14,0.12,244.43186,32.37885
161742.53+322234.4,55455.17241,17.98,0.11,244.43185,32.37925
161742.53+322234.4,55659.42781,17.86,0.11,244.43174,32.37934
161742.53+322234.4,55659.43297,17.99,0.11,244.4318,32.37949
161742.53+322234.4,55659.43819,17.99,0.11,244.43169,32.37928
161742.53+322234.4,55659.44334,18.1,0.12,244.43168,32.3793
161742.53+322234.4,55677.30437,17.96,0.11,244.4316,32.37927
161742.53+322234.4,55677.31136,18.11,0.12,244.43191,32.37946
161742.53+322234.4,55677.31829,18.08,0.12,244.43181,32.37932
161742.53+322234.4,55677.32527,17.88,0.11,244.43173,32.37932
161742.53+322234.4,55714.32058,17.92,0.11,244.43173,32.37941
161742.53+322234.4,55714.32509,17.95,0.11,244.4318,32.37936
161742.53+322234.4,55714.3296,18.08,0.12,244.43171,32.37922
161742.53+322234.4,55714.3341,17.93,0.12,244.43182,32.37939
161742.53+322234.4,55720.33535,18.1,0.12,244.43186,32.37932
161742.53+322234.4,55720.34115,17.9,0.11,244.43187,32.37933
161742.53+322234.4,55720.347,17.93,0.11,244.4316,32.37947
161742.53+322234.4,55720.35274,17.84,0.11,244.43175,32.37948
161742.53+322234.4,55628.44047,18.23,0.13,244.43195,32.3794
161742.53+322234.4,55628.44559,17.87,0.12,244.43194,32.37954
161742.53+322234.4,55628.45076,17.77,0.12,244.43174,32.37934
161742.53+322234.4,55628.45591,17.97,0.12,244.43172,32.37922
161742.53+322234.4,55648.38698,17.97,0.11,244.43169,32.37936
161742.53+322234.4,55648.39553,17.95,0.11,244.4317,32.37925
161742.53+322234.4,55648.40415,17.98,0.11,244.43177,32.3793
161742.53+322234.4,55648.41279,17.97,0.11,244.43174,32.37938
161742.53+322234.4,55688.34903,17.85,0.11,244.4318,32.37931
161742.53+322234.4,55688.35423,17.93,0.11,244.43167,32.37932
161742.53+322234.4,55688.35948,17.89,0.11,244.43187,32.37938
161742.53+322234.4,55688.36469,17.94,0.11,244.43175,32.37924
161742.53+322234.4,55701.41543,17.88,0.11,244.4318,32.3795
161742.53+322234.4,55701.42222,17.8,0.11,244.43171,32.37928
161742.53+322234.4,55701.42904,17.8,0.11,244.43161,32.37936
161742.53+322234.4,55701.43587,17.9,0.11,244.43176,32.37926
161742.53+322234.4,54912.42129,17.86,0.11,244.43179,32.37946
161742.53+322234.4,54912.4261,17.83,0.11,244.43186,32.37937
161742.53+322234.4,54912.43112,17.95,0.11,244.43183,32.37935
161742.53+322234.4,54912.43594,17.49,0.19,244.43215,32.37876
161742.53+322234.4,55830.13045,18.06,0.11,244.432,32.37895
161742.53+322234.4,55830.13857,18.15,0.12,244.43231,32.37905
161742.53+322234.4,55830.14594,18.15,0.12,244.43195,32.37913
161742.53+322234.4,55830.15335,18.41,0.13,244.4321,32.3791
161742.53+322234.4,56019.44721,17.91,0.11,244.43171,32.37936
161742.53+322234.4,56019.45608,17.91,0.11,244.43183,32.37925
161742.53+322234.4,56019.46511,18.08,0.11,244.43177,32.37938
161742.53+322234.4,56019.47419,18.05,0.11,244.43182,32.3792
161742.53+322234.4,56039.4357,18.02,0.11,244.43187,32.37918
161742.53+322234.4,56039.44191,18.01,0.11,244.43199,32.37918
161742.53+322234.4,56039.44811,17.95,0.11,244.43184,32.37926
161742.53+322234.4,56039.4543,18.08,0.12,244.4319,32.37911
161742.53+322234.4,56046.38124,17.85,0.11,244.43176,32.37941
161742.53+322234.4,56046.38813,17.97,0.11,244.43173,32.37925
161742.53+322234.4,56046.39501,17.97,0.11,244.43166,32.37936
161742.53+322234.4,56046.40177,17.92,0.11,244.43192,32.37943
161742.53+322234.4,56063.37637,18.02,0.11,244.43184,32.37934
161742.53+322234.4,56063.38318,17.99,0.11,244.43207,32.37926
161742.53+322234.4,56063.39001,17.99,0.11,244.43197,32.37926
161742.53+322234.4,56063.39676,17.91,0.11,244.43176,32.37936
161742.53+322234.4,56071.3483,18.18,0.1,244.43173,32.37937
161742.53+322234.4,56071.35582,18.46,0.11,244.43177,32.3791
161742.53+322234.4,56071.36325,17.99,0.1,244.43178,32.3792
161742.53+322234.4,56071.37076,17.89,0.09,244.43194,32.3793
161742.53+322234.4,56077.37563,17.84,0.11,244.43184,32.37912
161742.53+322234.4,56077.38366,18.1,0.12,244.43183,32.37928
161742.53+322234.4,56077.39166,17.89,0.11,244.43189,32.37932
161742.53+322234.4,56077.39976,17.77,0.11,244.43179,32.37924
161742.53+322234.4,56088.35802,18.09,0.11,244.43187,32.37922
161742.53+322234.4,56088.36306,18.05,0.11,244.43196,32.3793
161742.53+322234.4,56088.3675,17.85,0.1,244.43176,32.37926
161742.53+322234.4,56088.37201,18.06,0.11,244.43201,32.3793
161742.53+322234.4,56099.28305,17.82,0.11,244.43195,32.37931
161742.53+322234.4,56099.29032,17.92,0.11,244.4319,32.37922
161742.53+322234.4,56099.29769,18.09,0.12,244.43195,32.37923
161742.53+322234.4,56099.30501,17.92,0.11,244.43196,32.37929
161742.53+322234.4,56188.11066,17.79,0.09,244.43184,32.37929
161742.53+322234.4,56188.11547,17.96,0.1,244.43185,32.37947
161742.53+322234.4,56188.12033,17.86,0.1,244.43186,32.37941
161742.53+322234.4,56188.1252,17.85,0.1,244.43174,32.37934
161742.53+322234.4,56194.13162,17.77,0.1,244.43161,32.37934
161742.53+322234.4,56194.13438,17.85,0.1,244.43183,32.37941
161742.53+322234.4,56194.13718,17.91,0.1,244.43193,32.37931
161742.53+322234.4,56194.13991,18.15,0.11,244.43166,32.37917
161742.53+322234.4,56374.37513,17.96,0.11,244.43182,32.37948
161742.53+322234.4,56374.38333,17.89,0.11,244.43185,32.37926
161742.53+322234.4,56374.39168,17.95,0.11,244.43187,32.3793
161742.53+322234.4,56374.39996,18.06,0.12,244.43163,32.3793
161742.53+322234.4,55956.49768,17.86,0.11,244.43188,32.37933
161742.53+322234.4,55956.50388,17.94,0.11,244.43199,32.3793
161742.53+322234.4,55956.51012,17.88,0.11,244.43193,32.3793
161742.53+322234.4,55956.51631,17.77,0.1,244.43197,32.37931
161742.53+322234.4,56395.42676,18.05,0.12,244.43171,32.37927
161742.53+322234.4,56395.43355,17.95,0.11,244.43177,32.37935
161742.53+322234.4,56395.4404,17.92,0.11,244.43185,32.37935
161742.53+322234.4,56395.44727,17.9,0.11,244.43188,32.37936
161742.53+322234.4,56419.3689,17.85,0.11,244.43171,32.37933
161742.53+322234.4,56419.37746,17.91,0.11,244.43184,32.37929
161742.53+322234.4,56419.38598,17.87,0.11,244.43191,32.37932
161742.53+322234.4,56419.39454,17.9,0.11,244.4319,32.37926
161742.53+322234.4,56427.39039,18.01,0.12,244.43186,32.37945
161742.53+322234.4,56427.39715,17.85,0.11,244.43172,32.37922
161742.53+322234.4,56427.40394,17.86,0.11,244.43181,32.3794
161742.53+322234.4,56427.41075,17.92,0.11,244.43175,32.37935
161742.53+322234.4,56432.26652,17.85,0.11,244.43193,32.37931
161742.53+322234.4,56432.27164,17.9,0.11,244.43184,32.37943
161742.53+322234.4,56432.27675,17.96,0.11,244.43181,32.37935
161742.53+322234.4,56432.28185,17.89,0.11,244.43182,32.37935
161742.53+322234.4,56446.33519,17.85,0.11,244.43178,32.37935
161742.53+322234.4,56446.34201,17.91,0.11,244.43173,32.37936
161742.53+322234.4,56446.34879,17.95,0.11,244.43182,32.37945
161742.53+322234.4,56446.35556,17.99,0.11,244.43176,32.37927
161742.53+322234.4,56453.35759,17.95,0.11,244.43184,32.37929
161742.53+322234.4,56453.3627,17.93,0.11,244.43186,32.37932
161742.53+322234.4,56453.36782,17.98,0.12,244.43196,32.37923
161742.53+322234.4,56453.37296,17.89,0.11,244.43178,32.37938
161742.53+322234.4,56461.32208,17.81,0.11,244.43195,32.37932
161742.53+322234.4,56461.32716,17.79,0.11,244.43186,32.37937
161742.53+322234.4,56461.33228,17.94,0.11,244.43182,32.37931
161742.53+322234.4,56461.33741,17.86,0.11,244.4319,32.37935
161742.53+322234.4,56471.2478,17.85,0.14,244.43202,32.37923
161742.53+322234.4,56471.25447,17.59,0.11,244.43192,32.3793
161742.53+322234.4,56471.2612,17.8,0.13,244.43181,32.37939
161742.53+322234.4,56471.26802,17.93,0.13,244.43183,32.37928
161742.53+322234.4,56558.12293,17.92,0.11,244.43177,32.37935
161742.53+322234.4,56558.12737,17.95,0.11,244.43185,32.3793
161742.53+322234.4,56558.13183,17.92,0.11,244.43174,32.37932
161742.53+322234.4,56558.1363,17.96,0.11,244.4318,32.37925
161742.53+322234.4,53479.37589,16.07,0.07,244.42705,32.37631
161742.53+322234.4,53479.38454,16.07,0.07,244.42703,32.37626
161742.53+322234.4,53479.39324,16.02,0.07,244.42709,32.37631
161742.53+322234.4,53479.40194,16.09,0.07,244.42705,32.37631
161742.53+322234.4,53562.21826,16.1,0.07,244.42708,32.37622
161742.53+322234.4,53562.22478,16.08,0.07,244.42707,32.37624
161742.53+322234.4,53562.23133,16.08,0.07,244.42701,32.37629
161742.53+322234.4,53562.23785,16.03,0.07,244.4271,32.37626
161742.53+322234.4,53527.36203,16.13,0.07,244.42704,32.3763
161742.53+322234.4,53527.37074,16.04,0.07,244.42706,32.37631
161742.53+322234.4,53527.37966,16.1,0.07,244.42705,32.37629
161742.53+322234.4,53527.38828,16.09,0.07,244.42711,32.37621
161742.53+322234.4,53549.25112,16.12,0.07,244.42701,32.37629
161742.53+322234.4,53549.2578,16.07,0.07,244.42701,32.37631
161742.53+322234.4,53549.26437,16.09,0.07,244.4271,32.37627
161742.53+322234.4,53549.27093,16.08,0.07,244.427,32.37625
161742.53+322234.4,53656.10484,15.99,0.07,244.42709,32.37628
161742.53+322234.4,53656.10921,15.99,0.07,244.42714,32.37616
161742.53+322234.4,53656.11355,16.04,0.07,244.42704,32.37624
161742.53+322234.4,53656.11788,16.03,0.07,244.42705,32.37619
161742.53+322234.4,53851.42803,15.89,0.07,244.42707,32.37626
161742.53+322234.4,53851.43454,15.92,0.07,244.42707,32.37631
161742.53+322234.4,53851.44101,15.89,0.07,244.42708,32.37626
161742.53+322234.4,53851.44748,15.89,0.07,244.42708,32.37629
161742.53+322234.4,53770.47981,15.95,0.07,244.42714,32.37631
161742.53+322234.4,53770.48647,15.91,0.07,244.42709,32.37633
161742.53+322234.4,53770.49313,15.89,0.07,244.42706,32.37631
161742.53+322234.4,53770.49976,15.89,0.07,244.42709,32.37634
161742.53+322234.4,53900.27786,15.6,0.11,244.42722,32.37629
161742.53+322234.4,53900.27884,15.65,0.11,244.42727,32.37604
161742.53+322234.4,53900.27982,15.84,0.12,244.42737,32.37613
161742.53+322234.4,53900.28081,15.68,0.11,244.4273,32.37607
161742.53+322234.4,53797.47668,15.91,0.07,244.42713,32.3763
161742.53+322234.4,53797.48488,15.9,0.07,244.42709,32.37626
161742.53+322234.4,53797.49308,15.9,0.07,244.42709,32.37626
161742.53+322234.4,53797.50156,15.9,0.07,244.42708,32.37632
161742.53+322234.4,53862.34381,15.89,0.07,244.42703,32.37633
161742.53+322234.4,53862.35306,15.91,0.07,244.42713,32.3763
161742.53+322234.4,53862.3619,15.91,0.07,244.42713,32.37625
161742.53+322234.4,53862.37015,15.88,0.07,244.42713,32.37629
161742.53+322234.4,53874.38844,15.96,0.11,244.427,32.37622
161742.53+322234.4,53874.3892,15.77,0.11,244.42714,32.37629
161742.53+322234.4,53874.38995,15.84,0.11,244.42713,32.37634
161742.53+322234.4,53874.39071,15.82,0.11,244.42713,32.37618
161742.53+322234.4,53886.25021,15.83,0.06,244.4271,32.37629
161742.53+322234.4,53886.26084,15.85,0.06,244.42708,32.37627
161742.53+322234.4,53886.27151,15.85,0.06,244.4271,32.37634
161742.53+322234.4,53886.28218,15.84,0.06,244.42709,32.37631
161742.53+322234.4,53995.11543,15.72,0.06,244.42708,32.37631
161742.53+322234.4,53995.12513,15.74,0.06,244.4271,32.37626
161742.53+322234.4,53995.13478,15.74,0.06,244.4271,32.37623
161742.53+322234.4,53995.14443,15.78,0.06,244.42718,32.37613
161742.53+322234.4,54003.12174,15.72,0.06,244.42709,32.37621
161742.53+322234.4,54003.12808,15.71,0.06,244.42708,32.37626
161742.53+322234.4,54003.13444,15.8,0.06,244.42719,32.37615
161742.53+322234.4,54003.14079,15.75,0.06,244.42707,32.37628
161742.53+322234.4,54209.43858,15.68,0.06,244.42713,32.37628
161742.53+322234.4,54209.444,15.73,0.06,244.42719,32.37613
161742.53+322234.4,54209.44948,15.68,0.06,244.42715,32.37626
161742.53+322234.4,54209.45495,15.65,0.06,244.42712,32.37629
161742.53+322234.4,54140.53501,15.78,0.12,244.42728,32.3762
161742.53+322234.4,54140.53652,15.83,0.12,244.42732,32.37629
161742.53+322234.4,54140.53804,15.78,0.11,244.42714,32.37616
161742.53+322234.4,54140.53956,15.82,0.12,244.4272,32.37615
161742.53+322234.4,54157.4435,15.72,0.06,244.42711,32.37627
161742.53+322234.4,54157.45274,15.72,0.06,244.42711,32.3763
161742.53+322234.4,54157.462,15.71,0.06,244.42714,32.3763
161742.53+322234.4,54157.47126,15.7,0.06,244.42712,32.3763
161742.53+322234.4,54295.20581,15.62,0.06,244.42718,32.37625
161742.53+322234.4,54295.21012,15.66,0.06,244.42713,32.37625
161742.53+322234.4,54295.21441,15.66,0.06,244.42711,32.37625
161742.53+322234.4,54295.21871,15.62,0.06,244.42715,32.37625
161742.53+322234.4,54258.32961,15.66,0.06,244.42713,32.37625
161742.53+322234.4,54258.33617,15.66,0.06,244.42714,32.37626
161742.53+322234.4,54258.3427,15.63,0.06,244.42711,32.37628
161742.53+322234.4,54258.34922,15.65,0.06,244.42718,32.37621
161742.53+322234.4,54270.35456,15.68,0.06,244.42716,32.37628
161742.53+322234.4,54270.36209,15.71,0.06,244.42707,32.37624
161742.53+322234.4,54270.36962,15.71,0.06,244.42713,32.37625
161742.53+322234.4,54270.37714,15.69,0.06,244.42709,32.37628
161742.53+322234.4,54176.51392,15.7,0.06,244.42714,32.37628
161742.53+322234.4,54176.51955,15.7,0.06,244.42711,32.37622
161742.53+322234.4,54176.52517,15.72,0.06,244.42709,32.37629
161742.53+322234.4,54176.53075,15.87,0.06,244.42715,32.37625
161742.53+322234.4,54234.33722,15.7,0.06,244.42721,32.37616
161742.53+322234.4,54234.34218,15.67,0.06,244.42719,32.37625
161742.53+322234.4,54234.34714,15.65,0.06,244.42711,32.3763
161742.53+322234.4,54234.35208,15.65,0.06,244.42712,32.37628
161742.53+322234.4,54245.36187,15.66,0.06,244.42714,32.37623
161742.53+322234.4,54245.36958,15.61,0.06,244.4271,32.37629
161742.53+322234.4,54245.37728,15.64,0.06,244.42713,32.37624
161742.53+322234.4,54245.385,15.65,0.06,244.42709,32.37627
161742.53+322234.4,54382.09625,15.6,0.06,244.42713,32.3763
161742.53+322234.4,54382.10059,15.63,0.06,244.42714,32.37629
161742.53+322234.4,54382.1049,15.61,0.06,244.42713,32.37628
161742.53+322234.4,54382.1092,15.65,0.06,244.42709,32.37627
161742.53+322234.4,54389.07958,15.6,0.07,244.42718,32.37621
161742.53+322234.4,54389.08341,15.61,0.07,244.42717,32.37624
161742.53+322234.4,54389.08721,15.6,0.07,244.42716,32.37624
161742.53+322234.4,54389.09099,15.67,0.07,244.42709,32.37632
161742.53+322234.4,54347.19709,15.63,0.06,244.42711,32.37627
161742.53+322234.4,54347.20438,15.59,0.06,244.42714,32.37629
161742.53+322234.4,54347.21166,15.63,0.06,244.42716,32.37624
161742.53+322234.4,54347.21891,15.57,0.06,244.42712,32.37629
161742.53+322234.4,54358.13751,15.7,0.06,244.4272,32.37622
161742.53+322234.4,54358.14406,15.63,0.06,244.42711,32.37626
161742.53+322234.4,54358.1506,15.65,0.06,244.4271,32.37627
161742.53+322234.4,54358.15714,15.66,0.06,244.42716,32.37628
161742.53+322234.4,54559.36727,15.51,0.06,244.42717,32.37628
161742.53+322234.4,54559.37595,15.48,0.06,244.42717,32.37628
161742.53+322234.4,54559.38456,15.49,0.06,244.42713,32.37626
161742.53+322234.4,54559.39328,15.46,0.06,244.42717,32.37628
161742.53+322234.4,54567.44589,15.48,0.06,244.42714,32.37628
161742.53+322234.4,54567.45371,15.5,0.06,244.42713,32.37625
161742.53+322234.4,54567.4615,15.5,0.06,244.42715,32.37624
161742.53+322234.4,54567.4693,15.47,0.06,244.42717,32.37625
161742.53+322234.4,54573.27657,15.47,0.06,244.42714,32.37617
161742.53+322234.4,54573.28415,15.45,0.06,244.4272,32.37621
161742.53+322234.4,54573.29173,15.49,0.06,244.42719,32.37623
161742.53+322234.4,54573.29929,15.47,0.06,244.42718,32.37627
161742.53+322234.4,54583.41913,15.49,0.06,244.42712,32.37623
161742.53+322234.4,54583.42343,15.5,0.06,244.42711,32.37631
161742.53+322234.4,54583.42779,15.5,0.06,244.42716,32.37626
161742.53+322234.4,54583.43212,15.45,0.06,244.42716,32.37627
161742.53+322234.4,54508.48504,15.49,0.06,244.42718,32.37625
161742.53+322234.4,54508.48995,15.58,0.06,244.42721,32.37615
161742.53+322234.4,54508.49486,15.51,0.06,244.42712,32.37627
161742.53+322234.4,54508.4998,15.53,0.06,244.42709,32.37627
161742.53+322234.4,54525.47743,15.61,0.07,244.42722,32.37618
161742.53+322234.4,54525.48672,15.49,0.07,244.42716,32.37628
161742.53+322234.4,54525.49262,15.52,0.07,244.42717,32.37622
161742.53+322234.4,54525.49854,15.53,0.06,244.42709,32.37625
161742.53+322234.4,54626.34342,15.5,0.06,244.42712,32.3763
161742.53+322234.4,54626.35068,15.53,0.06,244.42715,32.37624
161742.53+322234.4,54626.35795,15.47,0.06,244.42713,32.37624
161742.53+322234.4,54626.36522,15.53,0.06,244.42718,32.37619
161742.53+322234.4,54640.3277,15.55,0.06,244.4272,32.37617
161742.53+322234.4,54640.33422,15.53,0.06,244.42712,32.37628
161742.53+322234.4,54640.34079,15.53,0.06,244.42712,32.37633
161742.53+322234.4,54640.34735,15.52,0.06,244.42713,32.37627
161742.53+322234.4,54531.43603,15.48,0.06,244.42712,32.37626
161742.53+322234.4,54531.44511,15.46,0.06,244.42715,32.37625
161742.53+322234.4,54531.45418,15.5,0.06,244.42714,32.37626
161742.53+322234.4,54531.46322,15.48,0.06,244.42715,32.37627
161742.53+322234.4,54548.43854,15.48,0.06,244.42718,32.37626
161742.53+322234.4,54548.44526,15.51,0.06,244.42711,32.3763
161742.53+322234.4,54548.45196,15.49,0.06,244.42718,32.37626
161742.53+322234.4,54548.45875,15.5,0.06,244.4271,32.37623
161742.53+322234.4,54589.40185,15.45,0.06,244.42715,32.37624
161742.53+322234.4,54589.40622,15.53,0.06,244.4272,32.3762
161742.53+322234.4,54589.41063,15.5,0.06,244.42721,32.37617
161742.53+322234.4,54589.41502,15.5,0.06,244.42719,32.3762
161742.53+322234.4,54596.27277,15.48,0.06,244.42716,32.37631
161742.53+322234.4,54596.28041,15.46,0.06,244.42714,32.37626
161742.53+322234.4,54596.28811,15.5,0.06,244.42711,32.37627
161742.53+322234.4,54596.29582,15.48,0.06,244.42718,32.37622
161742.53+322234.4,54746.10971,15.46,0.06,244.42723,32.37625
161742.53+322234.4,54746.11452,15.47,0.06,244.4272,32.37622
161742.53+322234.4,54746.11939,15.44,0.06,244.42717,32.3763
161742.53+322234.4,54746.12418,15.47,0.06,244.42716,32.37625
161742.53+322234.4,54942.32681,15.41,0.06,244.42719,32.37626
161742.53+322234.4,54942.33233,15.42,0.06,244.42713,32.37629
161742.53+322234.4,54942.33783,15.39,0.06,244.42715,32.37628
161742.53+322234.4,54942.34324,15.41,0.06,244.42713,32.37624
161742.53+322234.4,55045.23661,15.45,0.07,244.42709,32.37615
161742.53+322234.4,55045.24202,15.41,0.07,244.42704,32.37622
161742.53+322234.4,55045.24746,15.49,0.07,244.42712,32.37619
161742.53+322234.4,55045.25289,15.42,0.07,244.42704,32.37611
161742.53+322234.4,54875.50334,15.46,0.06,244.42721,32.37625
161742.53+322234.4,54875.50877,15.46,0.06,244.42718,32.37628
161742.53+322234.4,54875.51417,15.47,0.06,244.42713,32.37629
161742.53+322234.4,54875.51954,15.43,0.06,244.42714,32.37629
161742.53+322234.4,54890.47357,15.48,0.06,244.42717,32.37624
161742.53+322234.4,54890.47961,15.51,0.07,244.42722,32.37617
161742.53+322234.4,54890.48565,15.47,0.06,244.42718,32.37628
161742.53+322234.4,54890.49176,15.44,0.06,244.42719,32.37626
161742.53+322234.4,54997.35057,15.42,0.06,244.42714,32.37627
161742.53+322234.4,54997.35656,15.44,0.06,244.42714,32.37625
161742.53+322234.4,54997.36267,15.43,0.06,244.42714,32.37626
161742.53+322234.4,54997.36858,15.44,0.06,244.42712,32.37627
161742.53+322234.4,54912.40072,15.46,0.06,244.42715,32.37625
161742.53+322234.4,54912.40558,15.51,0.07,244.42719,32.37613
161742.53+322234.4,54920.37543,15.39,0.06,244.42711,32.37627
161742.53+322234.4,54920.38334,15.57,0.06,244.42699,32.37628
161742.53+322234.4,54920.39129,15.41,0.06,244.42713,32.37626
161742.53+322234.4,54920.39922,15.42,0.06,244.42716,32.3762
161742.53+322234.4,54953.43161,15.43,0.06,244.42715,32.37624
161742.53+322234.4,54953.43881,15.43,0.06,244.42711,32.37626
161742.53+322234.4,54953.44611,15.46,0.06,244.42715,32.37627
161742.53+322234.4,54953.45336,15.45,0.06,244.42719,32.37618
161742.53+322234.4,54966.4508,15.44,0.06,244.4271,32.37626
161742.53+322234.4,54966.45859,15.39,0.06,244.42718,32.37624
161742.53+322234.4,54966.46654,15.42,0.06,244.42712,32.37628
161742.53+322234.4,54966.47446,15.41,0.06,244.42715,32.37626
161742.53+322234.4,54979.32227,15.41,0.06,244.42714,32.37623
161742.53+322234.4,54979.32963,15.43,0.06,244.4271,32.37627
161742.53+322234.4,54979.33688,15.48,0.06,244.42716,32.37617
161742.53+322234.4,54979.34416,15.42,0.06,244.42713,32.37626
161742.53+322234.4,55095.14818,15.42,0.06,244.42713,32.37626
161742.53+322234.4,55095.15371,15.49,0.06,244.4272,32.37617
161742.53+322234.4,55095.15915,15.44,0.06,244.42716,32.37621
161742.53+322234.4,55095.16462,15.45,0.06,244.4271,32.37623
161742.53+322234.4,55102.09539,15.49,0.07,244.42713,32.37629
161742.53+322234.4,55102.09935,15.45,0.07,244.42717,32.37621
161742.53+322234.4,55102.10331,15.51,0.07,244.42715,32.37623
161742.53+322234.4,55102.10729,15.51,0.07,244.42718,32.37616
161742.53+322234.4,55299.3757,15.36,0.06,244.42713,32.37623
161742.53+322234.4,55299.38265,15.37,0.06,244.4271,32.37626
161742.53+322234.4,55299.38964,15.36,0.06,244.42712,32.37623
161742.53+322234.4,55299.39659,15.38,0.06,244.42711,32.37624
161742.53+322234.4,55352.30841,15.41,0.06,244.42716,32.37618
161742.53+322234.4,55352.3166,15.37,0.06,244.42713,32.37624
161742.53+322234.4,55352.32477,15.37,0.06,244.42716,32.37616
161742.53+322234.4,55352.33295,15.37,0.06,244.42713,32.37625
161742.53+322234.4,55365.32358,15.39,0.06,244.42713,32.37624
161742.53+322234.4,55365.32888,15.37,0.06,244.42713,32.37623
161742.53+322234.4,55365.33421,15.36,0.06,244.42714,32.37617
161742.53+322234.4,55365.33946,15.36,0.06,244.42715,32.37618
161742.53+322234.4,55271.42947,15.33,0.06,244.42714,32.37623
161742.53+322234.4,55271.43698,15.36,0.06,244.42714,32.37623
161742.53+322234.4,55271.44448,15.34,0.06,244.42712,32.37628
161742.53+322234.4,55271.45204,15.36,0.06,244.42713,32.37626
161742.53+322234.4,55280.40638,15.35,0.06,244.42716,32.37624
161742.53+322234.4,55280.41323,15.37,0.06,244.42714,32.37623
161742.53+322234.4,55280.42012,15.35,0.06,244.42713,32.37622
161742.53+322234.4,55280.42706,15.34,0.06,244.42715,32.37623
161742.53+322234.4,55320.27712,15.37,0.06,244.42714,32.37626
161742.53+322234.4,55320.2829,15.38,0.06,244.4271,32.37626
161742.53+322234.4,55320.28867,15.37,0.06,244.42715,32.37626
161742.53+322234.4,55320.29449,15.35,0.06,244.42712,32.37623
161742.53+322234.4,55320.30033,15.37,0.06,244.42715,32.37626
161742.53+322234.4,55328.4025,15.38,0.06,244.42711,32.37624
161742.53+322234.4,55328.40883,15.38,0.06,244.4272,32.37621
161742.53+322234.4,55328.41522,15.35,0.06,244.42714,32.37623
161742.53+322234.4,55328.42162,15.39,0.06,244.42716,32.37621
161742.53+322234.4,55341.34843,15.38,0.06,244.42712,32.37624
161742.53+322234.4,55341.35418,15.4,0.06,244.42709,32.37623
161742.53+322234.4,55341.35996,15.38,0.06,244.42711,32.37621
161742.53+322234.4,55341.3657,15.41,0.06,244.42712,32.37624
161742.53+322234.4,55455.14927,15.45,0.06,244.42722,32.37621
161742.53+322234.4,55455.16503,15.43,0.06,244.42712,32.37621
161742.53+322234.4,55455.17241,15.46,0.06,244.42716,32.3762
161742.53+322234.4,55659.42781,15.35,0.06,244.42714,32.37626
161742.53+322234.4,55659.43297,15.36,0.06,244.42712,32.3763
161742.53+322234.4,55659.43819,15.32,0.06,244.42714,32.37623
161742.53+322234.4,55659.44334,15.32,0.06,244.42713,32.37622
161742.53+322234.4,55677.30437,15.36,0.06,244.42716,32.37622
161742.53+322234.4,55677.31136,15.38,0.06,244.42714,32.37623
161742.53+322234.4,55677.31829,15.4,0.06,244.42714,32.37627
161742.53+322234.4,55677.32527,15.33,0.06,244.42714,32.37618
161742.53+322234.4,55714.32058,15.34,0.06,244.42716,32.37624
161742.53+322234.4,55714.32509,15.33,0.06,244.42713,32.37625
161742.53+322234.4,55714.3296,15.33,0.06,244.42716,32.37623
161742.53+322234.4,55714.3341,15.31,0.06,244.42717,32.37627
161742.53+322234.4,55720.33535,15.33,0.06,244.42712,32.37625
161742.53+322234.4,55720.34115,15.34,0.06,244.42718,32.37623
161742.53+322234.4,55720.347,15.33,0.06,244.42713,32.37629
161742.53+322234.4,55720.35274,15.35,0.06,244.42712,32.37627
161742.53+322234.4,55628.44047,15.41,0.06,244.42719,32.37623
161742.53+322234.4,55628.44559,15.39,0.06,244.42717,32.3763
161742.53+322234.4,55628.45076,15.37,0.06,244.42716,32.37624
161742.53+322234.4,55628.45591,15.37,0.06,244.42717,32.37627
161742.53+322234.4,55648.38698,15.36,0.06,244.42713,32.37623
161742.53+322234.4,55648.39553,15.36,0.06,244.42714,32.37624
161742.53+322234.4,55648.40415,15.36,0.06,244.42716,32.37623
161742.53+322234.4,55648.41279,15.38,0.06,244.42715,32.37625
161742.53+322234.4,55688.34903,15.4,0.06,244.42718,32.37621
161742.53+322234.4,55688.35423,15.37,0.06,244.42713,32.37626
161742.53+322234.4,55688.35948,15.37,0.06,244.42713,32.37624
161742.53+322234.4,55688.36469,15.36,0.06,244.42713,32.37629
161742.53+322234.4,55701.41543,15.39,0.06,244.42713,32.37627
161742.53+322234.4,55701.42222,15.35,0.06,244.4271,32.37624
161742.53+322234.4,55701.42904,15.38,0.06,244.42713,32.37622
161742.53+322234.4,55701.43587,15.42,0.06,244.42711,32.37631
161742.53+322234.4,54912.42129,15.4,0.06,244.42715,32.37625
161742.53+322234.4,54912.4261,15.44,0.06,244.42715,32.37629
161742.53+322234.4,54912.43112,15.47,0.06,244.42713,32.37631
161742.53+322234.4,54912.43594,15.34,0.08,244.42711,32.37623
161742.53+322234.4,55830.13045,15.28,0.06,244.42722,32.37626
161742.53+322234.4,55830.13857,15.29,0.06,244.42719,32.37623
161742.53+322234.4,55830.14594,15.3,0.06,244.42725,32.37622
161742.53+322234.4,55830.15335,15.3,0.06,244.4272,32.37624
161742.53+322234.4,56019.44721,15.35,0.06,244.42717,32.37625
161742.53+322234.4,56019.45608,15.32,0.06,244.4272,32.37627
161742.53+322234.4,56019.46511,15.34,0.06,244.42716,32.37619
161742.53+322234.4,56019.47419,15.35,0.06,244.42719,32.37624
161742.53+322234.4,56039.4357,15.35,0.06,244.42719,32.37624
161742.53+322234.4,56039.44191,15.35,0.06,244.42719,32.37618
161742.53+322234.4,56039.44811,15.36,0.06,244.4272,32.37622
161742.53+322234.4,56039.4543,15.35,0.06,244.42719,32.37623
161742.53+322234.4,56046.38124,15.36,0.06,244.42717,32.37624
161742.53+322234.4,56046.38813,15.36,0.06,244.42715,32.37624
161742.53+322234.4,56046.39501,15.34,0.06,244.4272,32.37623
161742.53+322234.4,56046.40177,15.35,0.06,244.42715,32.37629
161742.53+322234.4,56063.37637,15.35,0.06,244.42721,32.37622
161742.53+322234.4,56063.38318,15.36,0.06,244.42717,32.37622
161742.53+322234.4,56063.39001,15.34,0.06,244.42715,32.37627
161742.53+322234.4,56063.39676,15.33,0.06,244.42717,32.37622
161742.53+322234.4,56071.3483,15.35,0.06,244.42721,32.37624
161742.53+322234.4,56071.35582,15.3,0.06,244.42721,32.37625
161742.53+322234.4,56071.36325,15.35,0.06,244.42719,32.37624
161742.53+322234.4,56071.37076,15.37,0.06,244.42722,32.37621
161742.53+322234.4,56077.37563,15.31,0.06,244.42719,32.37621
161742.53+322234.4,56077.38366,15.38,0.06,244.42716,32.37622
161742.53+322234.4,56077.39166,15.33,0.06,244.42717,32.37621
161742.53+322234.4,56077.39976,15.37,0.06,244.42717,32.37622
161742.53+322234.4,56088.35802,15.37,0.06,244.42716,32.37624
161742.53+322234.4,56088.36306,15.35,0.06,244.42717,32.3762
161742.53+322234.4,56088.3675,15.39,0.06,244.42719,32.37624
161742.53+322234.4,56088.37201,15.39,0.06,244.42716,32.37627
161742.53+322234.4,56099.28305,15.35,0.06,244.42722,32.37625
161742.53+322234.4,56099.29032,15.36,0.06,244.42716,32.37624
161742.53+322234.4,56099.29769,15.33,0.06,244.4272,32.37618
161742.53+322234.4,56099.30501,15.34,0.06,244.42718,32.37624
161742.53+322234.4,56188.11066,15.36,0.06,244.42716,32.37627
161742.53+322234.4,56188.11547,15.36,0.06,244.42717,32.37625
161742.53+322234.4,56188.12033,15.36,0.06,244.42715,32.37629
161742.53+322234.4,56188.1252,15.32,0.06,244.42714,32.37628
161742.53+322234.4,56194.13162,15.37,0.06,244.42713,32.37628
161742.53+322234.4,56194.13438,15.23,0.06,244.42712,32.37629
161742.53+322234.4,56194.13718,15.37,0.06,244.42716,32.37628
161742.53+322234.4,56194.13991,15.38,0.06,244.4271,32.37622
161742.53+322234.4,56374.37513,15.31,0.06,244.42715,32.37627
161742.53+322234.4,56374.38333,15.32,0.06,244.4272,32.37625
161742.53+322234.4,56374.39168,15.31,0.06,244.42717,32.37626
161742.53+322234.4,56374.39996,15.26,0.06,244.42713,32.37624
161742.53+322234.4,55956.49768,15.38,0.06,244.42717,32.37626
161742.53+322234.4,55956.50388,15.34,0.06,244.42718,32.37625
161742.53+322234.4,55956.51012,15.33,0.06,244.42716,32.37625
161742.53+322234.4,55956.51631,15.33,0.06,244.42715,32.37627
161742.53+322234.4,56395.42676,15.26,0.06,244.42715,32.37623
161742.53+322234.4,56395.43355,15.28,0.06,244.42718,32.37623
161742.53+322234.4,56395.4404,15.27,0.06,244.42719,32.37627
161742.53+322234.4,56395.44727,15.26,0.06,244.42716,32.37627
161742.53+322234.4,56419.3689,15.26,0.06,244.42718,32.37623
161742.53+322234.4,56419.37746,15.23,0.06,244.42718,32.37627
161742.53+322234.4,56419.38598,15.25,0.06,244.42717,32.37626
161742.53+322234.4,56419.39454,15.28,0.06,244.42718,32.37627
161742.53+322234.4,56427.39039,15.25,0.06,244.42718,32.37621
161742.53+322234.4,56427.39715,15.24,0.06,244.42717,32.37625
161742.53+322234.4,56427.40394,15.24,0.06,244.42717,32.37624
161742.53+322234.4,56427.41075,15.26,0.06,244.42716,32.37622
161742.53+322234.4,56432.26652,15.24,0.06,244.42717,32.37622
161742.53+322234.4,56432.27164,15.27,0.06,244.42718,32.37625
161742.53+322234.4,56432.27675,15.24,0.06,244.42717,32.37623
161742.53+322234.4,56432.28185,15.25,0.06,244.42718,32.37625
161742.53+322234.4,56446.33519,15.26,0.06,244.42717,32.37621
161742.53+322234.4,56446.34201,15.25,0.06,244.42715,32.37627
161742.53+322234.4,56446.34879,15.25,0.06,244.42714,32.37626
161742.53+322234.4,56446.35556,15.24,0.06,244.42717,32.37625
161742.53+322234.4,56453.35759,15.24,0.06,244.42716,32.37628
161742.53+322234.4,56453.3627,15.26,0.06,244.42716,32.37623
161742.53+322234.4,56453.36782,15.23,0.06,244.42718,32.37625
161742.53+322234.4,56453.37296,15.24,0.06,244.42718,32.37623
161742.53+322234.4,56461.32208,15.23,0.06,244.42717,32.37626
161742.53+322234.4,56461.32716,15.25,0.06,244.42716,32.37626
161742.53+322234.4,56461.33228,15.24,0.06,244.42715,32.37625
161742.53+322234.4,56461.33741,15.24,0.06,244.42719,32.37624
161742.53+322234.4,56471.2478,15.3,0.07,244.42713,32.37628
161742.53+322234.4,56471.25447,15.28,0.06,244.42716,32.37627
161742.53+322234.4,56471.2612,15.25,0.06,244.4272,32.37624
161742.53+322234.4,56471.26802,15.3,0.06,244.42715,32.37628
161742.53+322234.4,56558.12293,15.29,0.06,244.4272,32.37627
161742.53+322234.4,56558.12737,15.3,0.06,244.42726,32.37622
161742.53+322234.4,56558.13183,15.31,0.06,244.42715,32.37628
161742.53+322234.4,56558.1363,15.3,0.06,244.42715,32.37625
153145.14+431933.8,53552.24906,18.92,0.12,232.93812,43.3256
153145.14+431933.8,53552.25982,18.92,0.12,232.93816,43.32599
153145.14+431933.8,53552.27055,18.72,0.11,232.9373,43.32576
153145.14+431933.8,53552.28131,18.68,0.13,232.93753,43.32594
153145.14+431933.8,53531.30493,18.59,0.15,232.93762,43.32584
153145.14+431933.8,53531.31166,19.14,0.2,232.93843,43.32593
153145.14+431933.8,53531.31839,19.05,0.19,232.93815,43.32577
153145.14+431933.8,53531.32508,18.58,0.15,232.93669,43.3259
153145.14+431933.8,53848.29212,18.7,0.15,232.93795,43.32584
153145.14+431933.8,53848.30031,18.85,0.16,232.93713,43.32566
153145.14+431933.8,53848.30847,19.12,0.18,232.93843,43.32562
153145.14+431933.8,53848.3169,19.71,0.24,232.9387,43.32601
153145.14+431933.8,53854.40782,19.58,0.24,232.93841,43.32492
153145.14+431933.8,53854.41432,19.14,0.19,232.93882,43.32599
153145.14+431933.8,53854.42087,19.01,0.18,232.9374,43.3258
153145.14+431933.8,53854.42742,19.6,0.24,232.93652,43.32547
153145.14+431933.8,53883.37253,18.85,0.16,232.93783,43.32592
153145.14+431933.8,54204.45301,18.76,0.15,232.93753,43.32545
153145.14+431933.8,54204.46114,19.36,0.2,232.93858,43.3261
153145.14+431933.8,54204.46934,19.03,0.17,232.93763,43.32574
153145.14+431933.8,54204.47755,19.39,0.2,232.93793,43.3259
153145.14+431933.8,54138.51514,18.53,0.14,232.93812,43.32623
153145.14+431933.8,54138.51946,19.44,0.2,232.93848,43.32569
153145.14+431933.8,54138.52376,20.43,0.36,232.93844,43.32622
153145.14+431933.8,54138.52807,18.55,0.14,232.93725,43.32554
153145.14+431933.8,54261.35909,19.16,0.18,232.93787,43.32549
153145.14+431933.8,54261.36591,19.43,0.21,232.9384,43.32626
153145.14+431933.8,54261.37269,18.83,0.16,232.93799,43.32586
153145.14+431933.8,54261.37951,18.6,0.14,232.93761,43.32587
153145.14+431933.8,54273.27683,18.96,0.17,232.93831,43.32594
153145.14+431933.8,54273.28341,19.21,0.19,232.93892,43.3258
153145.14+431933.8,54273.28998,18.89,0.16,232.93791,43.32562
153145.14+431933.8,54273.29655,19.6,0.23,232.93786,43.32564
153145.14+431933.8,54178.40311,19.39,0.2,232.93817,43.32568
153145.14+431933.8,54178.4091,19.31,0.19,232.93841,43.32573
153145.14+431933.8,54178.41517,19.48,0.21,232.93818,43.32583
153145.14+431933.8,54178.42124,19.16,0.19,232.93853,43.32594
153145.14+431933.8,54232.39699,19.0,0.18,232.93724,43.32543
153145.14+431933.8,54232.40398,18.72,0.15,232.93851,43.32554
153145.14+431933.8,54232.41101,19.32,0.2,232.93796,43.32614
153145.14+431933.8,54232.41805,19.06,0.18,232.93849,43.32583
153145.14+431933.8,54245.35636,19.77,0.25,232.93839,43.32604
153145.14+431933.8,54245.36413,19.18,0.18,232.93825,43.32575
153145.14+431933.8,54245.37186,19.22,0.19,232.93828,43.32569
153145.14+431933.8,54245.37954,19.23,0.19,232.93864,43.32597
153145.14+431933.8,54389.09268,19.11,0.22,232.93823,43.32577
153145.14+431933.8,54389.09537,19.84,0.32,232.9388,43.32627
153145.14+431933.8,54389.09804,18.85,0.19,232.93793,43.32585
153145.14+431933.8,54389.10073,19.4,0.25,232.93806,43.32587
153145.14+431933.8,54627.3709,18.53,0.14,232.93765,43.32577
153145.14+431933.8,54627.37959,18.63,0.14,232.93786,43.32609
153145.14+431933.8,54627.38833,18.81,0.16,232.93709,43.32603
153145.14+431933.8,54627.39701,19.04,0.18,232.93789,43.32567
153145.14+431933.8,54537.43101,19.03,0.17,232.93731,43.32581
153145.14+431933.8,54537.43764,18.79,0.16,232.93807,43.32584
153145.14+431933.8,54537.44446,18.82,0.16,232.93749,43.32599
153145.14+431933.8,54537.45131,18.52,0.16,232.93841,43.32588
153145.14+431933.8,54594.38916,18.75,0.15,232.93781,43.32588
153145.14+431933.8,54594.39594,18.83,0.16,232.93816,43.3259
153145.14+431933.8,54594.40266,18.5,0.13,232.93757,43.32572
153145.14+431933.8,54594.4094,18.71,0.15,232.93787,43.32584
153145.14+431933.8,54733.10441,19.16,0.22,232.93731,43.32599
153145.14+431933.8,54733.11027,18.73,0.18,232.93766,43.32578
153145.14+431933.8,54733.11618,18.41,0.15,232.93783,43.32577
153145.14+431933.8,54733.12199,18.25,0.14,232.93811,43.32605
153145.14+431933.8,54923.41961,18.6,0.14,232.93769,43.3259
153145.14+431933.8,54923.42459,18.8,0.15,232.93791,43.32586
153145.14+431933.8,54923.4296,18.91,0.16,232.93784,43.32585
153145.14+431933.8,54923.43483,18.79,0.15,232.93842,43.32575
153145.14+431933.8,54943.41824,18.57,0.14,232.93796,43.32581
153145.14+431933.8,54943.42372,18.42,0.13,232.93775,43.32589
153145.14+431933.8,54943.42921,18.84,0.15,232.93812,43.32596
153145.14+431933.8,54943.43464,18.81,0.15,232.93779,43.32583
153145.14+431933.8,55044.21213,18.85,0.19,232.9382,43.32568
153145.14+431933.8,55044.21915,18.56,0.17,232.93787,43.32605
153145.14+431933.8,55044.2261,18.6,0.17,232.93837,43.32605
153145.14+431933.8,55044.23295,19.29,0.24,232.93854,43.32602
153145.14+431933.8,54865.43598,18.83,0.15,232.93753,43.32564
153145.14+431933.8,54865.44575,18.69,0.14,232.93734,43.32571
153145.14+431933.8,54865.45564,18.66,0.14,232.93809,43.32604
153145.14+431933.8,54865.46547,18.98,0.16,232.93845,43.32583
153145.14+431933.8,54875.48188,18.58,0.15,232.93837,43.32558
153145.14+431933.8,54875.4868,18.82,0.17,232.93843,43.32579
153145.14+431933.8,54875.49162,18.68,0.16,232.93856,43.32605
153145.14+431933.8,54875.49655,18.84,0.17,232.93814,43.32571
153145.14+431933.8,55017.28451,18.76,0.18,232.9385,43.32604
153145.14+431933.8,55017.2919,18.94,0.2,232.93823,43.32582
153145.14+431933.8,55017.29931,17.95,0.13,232.93753,43.32538
153145.14+431933.8,55017.30664,18.18,0.14,232.93803,43.32594
153145.14+431933.8,55005.28071,19.05,0.17,232.9381,43.32612
153145.14+431933.8,55005.28915,18.73,0.15,232.93739,43.32595
153145.14+431933.8,55005.31246,19.06,0.18,232.93828,43.32602
153145.14+431933.8,55005.32091,18.75,0.16,232.93816,43.32593
153145.14+431933.8,54892.44381,18.57,0.15,232.93773,43.32581
153145.14+431933.8,54892.45141,18.42,0.14,232.93727,43.32575
153145.14+431933.8,54892.45908,18.75,0.16,232.93799,43.32576
153145.14+431933.8,54892.46667,18.51,0.15,232.93828,43.32585
153145.14+431933.8,54905.49023,20.06,0.27,232.93835,43.32613
153145.14+431933.8,54905.49516,18.8,0.15,232.93837,43.32602
153145.14+431933.8,54905.50007,18.98,0.16,232.93841,43.32564
153145.14+431933.8,54905.50497,19.15,0.17,232.93741,43.32576
153145.14+431933.8,54914.38086,18.43,0.13,232.93779,43.32584
153145.14+431933.8,54914.38933,19.03,0.16,232.93806,43.3259
153145.14+431933.8,54914.3978,18.49,0.13,232.9377,43.32581
153145.14+431933.8,54914.40644,18.61,0.14,232.93796,43.32593
153145.14+431933.8,54955.38626,19.08,0.17,232.93815,43.32598
153145.14+431933.8,54955.39359,19.02,0.17,232.93811,43.3259
153145.14+431933.8,54955.40087,18.5,0.13,232.93775,43.32577
153145.14+431933.8,54955.4081,18.87,0.16,232.93714,43.32613
153145.14+431933.8,54965.3779,18.24,0.13,232.93752,43.32612
153145.14+431933.8,54965.38357,18.78,0.17,232.93868,43.32594
153145.14+431933.8,54965.38948,18.85,0.18,232.93823,43.326
153145.14+431933.8,54965.39535,18.96,0.18,232.93817,43.3259
153145.14+431933.8,54981.2858,18.75,0.15,232.93769,43.32593
153145.14+431933.8,54981.30045,18.52,0.14,232.93843,43.326
153145.14+431933.8,55104.09629,18.15,0.14,232.93811,43.32569
153145.14+431933.8,55104.10122,19.05,0.22,232.93842,43.32582
153145.14+431933.8,55104.10616,18.69,0.18,232.93795,43.32596
153145.14+431933.8,55104.11113,18.92,0.2,232.93875,43.3256
153145.14+431933.8,55297.36104,19.12,0.18,232.93812,43.32611
153145.14+431933.8,55297.36749,18.78,0.15,232.93795,43.32582
153145.14+431933.8,55297.37392,18.85,0.16,232.93785,43.3259
153145.14+431933.8,55297.38034,18.87,0.16,232.93726,43.32564
153145.14+431933.8,55303.43632,18.43,0.13,232.93868,43.32601
153145.14+431933.8,55303.44506,18.5,0.14,232.93762,43.32577
153145.14+431933.8,55303.45375,18.91,0.17,232.93738,43.32567
153145.14+431933.8,55303.4625,18.75,0.15,232.93775,43.32569
153145.14+431933.8,55362.2966,18.75,0.15,232.9385,43.32594
153145.14+431933.8,55362.30474,18.23,0.12,232.93778,43.3258
153145.14+431933.8,55362.31286,18.85,0.16,232.93815,43.32586
153145.14+431933.8,55362.32112,18.17,0.12,232.93782,43.32572
153145.14+431933.8,55367.33928,18.5,0.14,232.93723,43.32556
153145.14+431933.8,55367.34392,18.85,0.16,232.93752,43.32598
153145.14+431933.8,55367.34857,18.77,0.15,232.93813,43.32592
153145.14+431933.8,55367.35324,18.76,0.15,232.93798,43.32591
153145.14+431933.8,55274.49259,18.96,0.17,232.93824,43.32588
153145.14+431933.8,55274.49899,19.02,0.17,232.93826,43.32594
153145.14+431933.8,55274.5054,18.79,0.15,232.93789,43.32589
153145.14+431933.8,55274.51178,18.43,0.13,232.93826,43.32552
153145.14+431933.8,55326.38918,18.96,0.16,232.938,43.32606
153145.14+431933.8,55326.39665,18.8,0.15,232.93813,43.32604
153145.14+431933.8,55326.40408,18.74,0.15,232.93805,43.32606
153145.14+431933.8,55326.41162,18.69,0.15,232.93812,43.32589
153145.14+431933.8,55347.36555,18.83,0.17,232.93755,43.3259
153145.14+431933.8,55347.37068,18.55,0.15,232.93794,43.32573
153145.14+431933.8,55347.37574,18.68,0.16,232.93865,43.32566
153145.14+431933.8,55347.38084,19.26,0.21,232.9385,43.32564
153145.14+431933.8,55457.13657,18.41,0.13,232.93758,43.32598
153145.14+431933.8,55457.15134,19.02,0.17,232.93831,43.32573
153145.14+431933.8,55457.15878,18.81,0.16,232.93797,43.32583
153145.14+431933.8,55652.45954,18.47,0.14,232.93803,43.32601
153145.14+431933.8,55652.46595,18.67,0.15,232.93791,43.32603
153145.14+431933.8,55652.47231,18.34,0.13,232.93754,43.32575
153145.14+431933.8,55652.47865,18.49,0.14,232.93766,43.32586
153145.14+431933.8,55678.28762,18.44,0.13,232.93804,43.32593
153145.14+431933.8,55678.29278,18.67,0.15,232.93817,43.32591
153145.14+431933.8,55678.29799,18.16,0.12,232.93834,43.32576
153145.14+431933.8,55678.30318,18.37,0.13,232.93766,43.32584
153145.14+431933.8,55719.32206,18.2,0.12,232.93802,43.32569
153145.14+431933.8,55719.33126,18.48,0.14,232.93755,43.32588
153145.14+431933.8,55719.34055,18.46,0.14,232.93826,43.32606
153145.14+431933.8,55719.34985,18.43,0.13,232.93781,43.32591
153145.14+431933.8,55725.29594,18.39,0.13,232.93819,43.32591
153145.14+431933.8,55725.30394,18.4,0.13,232.93792,43.32592
153145.14+431933.8,55725.31199,18.76,0.16,232.93794,43.3258
153145.14+431933.8,55725.32012,18.36,0.13,232.93838,43.32604
153145.14+431933.8,55688.41894,18.31,0.13,232.93783,43.32589
153145.14+431933.8,55688.42532,18.43,0.14,232.93809,43.32592
153145.14+431933.8,55688.43172,18.33,0.13,232.93783,43.32576
153145.14+431933.8,55688.43816,18.54,0.14,232.93817,43.3259
153145.14+431933.8,53883.37595,20.04,0.3,232.93766,43.32591
153145.14+431933.8,53883.38318,18.43,0.14,232.93723,43.32569
153145.14+431933.8,53883.39039,19.25,0.2,232.93808,43.32576
153145.14+431933.8,53883.3976,19.25,0.2,232.93865,43.32575
153145.14+431933.8,55850.09179,18.55,0.17,232.93808,43.3258
153145.14+431933.8,55850.0954,18.38,0.16,232.93846,43.32604
153145.14+431933.8,55850.09898,18.37,0.16,232.93729,43.32568
153145.14+431933.8,55850.10267,18.24,0.15,232.93825,43.32598
153145.14+431933.8,56064.39083,18.42,0.13,232.93782,43.32593
153145.14+431933.8,56064.39761,18.31,0.12,232.93795,43.32585
153145.14+431933.8,56064.40437,17.99,0.11,232.93768,43.32579
153145.14+431933.8,56064.4111,18.14,0.12,232.93828,43.32562
153145.14+431933.8,56076.33573,18.06,0.12,232.93787,43.32577
153145.14+431933.8,56076.34325,18.11,0.12,232.93768,43.32575
153145.14+431933.8,56076.35097,18.35,0.14,232.9381,43.32582
153145.14+431933.8,56076.35868,18.39,0.14,232.93813,43.32568
153145.14+431933.8,56090.29971,18.1,0.12,232.93852,43.32577
153145.14+431933.8,56090.30704,18.3,0.12,232.93762,43.32578
153145.14+431933.8,56090.31432,18.0,0.11,232.9377,43.32594
153145.14+431933.8,56090.32164,18.07,0.11,232.93797,43.32559
153145.14+431933.8,56192.10467,18.75,0.16,232.93828,43.32601
153145.14+431933.8,56192.10919,18.52,0.14,232.93839,43.32584
153145.14+431933.8,56192.11366,18.16,0.12,232.93814,43.32584
153145.14+431933.8,56192.11819,18.4,0.14,232.93815,43.32609
153145.14+431933.8,56375.40677,18.7,0.15,232.93765,43.3258
153145.14+431933.8,56375.41301,18.96,0.17,232.93765,43.326
153145.14+431933.8,56375.41926,19.06,0.17,232.93826,43.3259
153145.14+431933.8,56375.42554,18.88,0.16,232.93792,43.32578
153145.14+431933.8,56395.45859,18.61,0.14,232.93816,43.32582
153145.14+431933.8,56395.46605,18.89,0.16,232.93816,43.32578
153145.14+431933.8,56395.4735,18.5,0.14,232.93797,43.32594
153145.14+431933.8,56395.48105,18.74,0.15,232.93805,43.32595
153145.14+431933.8,56420.23342,18.49,0.14,232.93767,43.3258
153145.14+431933.8,56420.23966,18.9,0.16,232.93819,43.32594
153145.14+431933.8,56420.24596,18.82,0.16,232.93802,43.32601
153145.14+431933.8,56420.25226,18.42,0.13,232.93805,43.32585
153145.14+431933.8,56433.33386,18.97,0.17,232.93847,43.32624
153145.14+431933.8,56433.33959,18.81,0.16,232.93817,43.32603
153145.14+431933.8,56433.34531,18.64,0.15,232.93807,43.32577
153145.14+431933.8,56433.351,18.77,0.15,232.9379,43.32594
153145.14+431933.8,56448.28706,18.81,0.16,232.93827,43.32605
153145.14+431933.8,56448.29159,18.97,0.17,232.93793,43.32577
153145.14+431933.8,56448.29607,18.62,0.15,232.93813,43.32601
153145.14+431933.8,56448.30062,18.47,0.14,232.93796,43.32599
153145.14+431933.8,56455.29808,18.8,0.17,232.93859,43.32597
153145.14+431933.8,56455.30373,18.92,0.21,232.93856,43.3259
153145.14+431933.8,56455.30942,18.93,0.17,232.93779,43.32595
153145.14+431933.8,56455.31513,18.31,0.13,232.93734,43.32592
153145.14+431933.8,56463.23585,19.1,0.18,232.93836,43.32591
153145.14+431933.8,56463.24037,19.11,0.18,232.93772,43.3259
153145.14+431933.8,56463.2449,18.35,0.13,232.93712,43.3258
153145.14+431933.8,56463.24939,18.72,0.15,232.93836,43.32572
153145.14+431933.8,56563.10066,19.12,0.18,232.93795,43.32596
153145.14+431933.8,56563.10738,18.69,0.15,232.93857,43.32597
153145.14+431933.8,56563.11404,18.29,0.12,232.93758,43.3259
153145.14+431933.8,56563.12078,18.32,0.13,232.93769,43.3258
110104.14+062829.5,54124.44751,19.44,0.2,165.26499,6.47143
110104.14+062829.5,54475.4952,19.15,0.18,165.2651,6.47067
110104.14+062829.5,55540.50308,20.31,0.33,165.26423,6.4713
110104.14+062829.5,56046.16781,20.38,0.36,165.26559,6.47121
110104.14+062829.5,55947.44182,20.77,0.42,165.26415,6.47233
110104.14+062829.5,53729.47707,17.8,0.1,165.26694,6.47494
110104.14+062829.5,53729.48619,18.05,0.11,165.26722,6.47485
110104.14+062829.5,53729.49529,17.93,0.11,165.26708,6.47489
110104.14+062829.5,53729.50437,17.92,0.11,165.26723,6.47493
110104.14+062829.5,53528.1639,17.78,0.11,165.26753,6.47499
110104.14+062829.5,53528.1704,17.96,0.11,165.26713,6.47482
110104.14+062829.5,53528.17692,17.9,0.11,165.26731,6.47489
110104.14+062829.5,53528.18349,17.82,0.11,165.26738,6.47493
110104.14+062829.5,53497.26836,17.87,0.11,165.26721,6.4748
110104.14+062829.5,53497.27469,18.07,0.12,165.26708,6.47498
110104.14+062829.5,53497.28097,18.04,0.12,165.2671,6.47494
110104.14+062829.5,53497.28725,17.98,0.11,165.26712,6.47488
110104.14+062829.5,53677.49374,17.88,0.13,165.26742,6.47491
110104.14+062829.5,53704.46475,18.07,0.12,165.26721,6.47488
110104.14+062829.5,53704.47121,17.97,0.11,165.26709,6.47483
110104.14+062829.5,53704.47768,18.1,0.12,165.26716,6.47486
110104.14+062829.5,53704.48413,17.99,0.11,165.26707,6.47514
110104.14+062829.5,53832.25481,17.74,0.11,165.26722,6.47504
110104.14+062829.5,53832.26245,17.97,0.12,165.26715,6.47471
110104.14+062829.5,53832.27008,17.68,0.11,165.2672,6.47482
110104.14+062829.5,53832.27767,17.79,0.12,165.26712,6.47496
110104.14+062829.5,53843.20483,17.81,0.11,165.26697,6.47487
110104.14+062829.5,53843.21287,17.77,0.11,165.26716,6.47499
110104.14+062829.5,53843.22091,17.66,0.1,165.26712,6.47486
110104.14+062829.5,53843.22898,17.84,0.11,165.26712,6.47489
110104.14+062829.5,54085.41392,17.84,0.12,165.26712,6.47488
110104.14+062829.5,54085.42392,17.96,0.13,165.26718,6.47485
110104.14+062829.5,54085.43403,17.9,0.11,165.26725,6.47495
110104.14+062829.5,54085.44856,18.11,0.12,165.26722,6.47477
110104.14+062829.5,53772.37818,17.99,0.13,165.26722,6.47498
110104.14+062829.5,53772.38518,18.05,0.12,165.26725,6.4748
110104.14+062829.5,53772.3922,18.14,0.12,165.26728,6.47491
110104.14+062829.5,53772.3992,17.97,0.11,165.2672,6.47484
110104.14+062829.5,53773.35976,18.0,0.11,165.26705,6.47495
110104.14+062829.5,53773.3673,17.82,0.11,165.2672,6.47484
110104.14+062829.5,53773.37487,18.17,0.12,165.26729,6.47485
110104.14+062829.5,53773.38244,17.96,0.11,165.26722,6.47488
110104.14+062829.5,53786.26866,18.02,0.12,165.26715,6.47485
110104.14+062829.5,53786.27623,18.25,0.14,165.26717,6.47485
110104.14+062829.5,53786.28381,18.0,0.11,165.26718,6.47489
110104.14+062829.5,53786.29138,17.99,0.12,165.26731,6.47495
110104.14+062829.5,53744.40595,18.01,0.12,165.26719,6.47486
110104.14+062829.5,53744.41194,18.23,0.13,165.26722,6.47491
110104.14+062829.5,53744.41792,17.83,0.11,165.26717,6.47492
110104.14+062829.5,53744.42391,17.95,0.11,165.26717,6.47475
110104.14+062829.5,53758.34873,18.0,0.11,165.26737,6.47475
110104.14+062829.5,53758.35522,18.04,0.12,165.26726,6.47503
110104.14+062829.5,53758.36167,18.0,0.11,165.26719,6.47489
110104.14+062829.5,53758.36813,18.08,0.12,165.26728,6.4749
110104.14+062829.5,53905.18521,17.93,0.3,165.26717,6.47472
110104.14+062829.5,53905.18625,17.83,0.29,165.2672,6.47448
110104.14+062829.5,53905.18733,17.53,0.25,165.26707,6.47471
110104.14+062829.5,53905.18839,18.33,0.38,165.2675,6.47532
110104.14+062829.5,53797.31668,18.15,0.3,165.26729,6.47483
110104.14+062829.5,53797.31693,17.82,0.25,165.26725,6.47509
110104.14+062829.5,53797.31716,17.81,0.25,165.26747,6.47469
110104.14+062829.5,53797.3174,17.99,0.28,165.26716,6.47471
110104.14+062829.5,53817.23716,17.78,0.11,165.26729,6.47492
110104.14+062829.5,53817.24519,17.98,0.12,165.26724,6.47499
110104.14+062829.5,53817.25328,17.95,0.12,165.26734,6.47483
110104.14+062829.5,53817.26138,17.71,0.11,165.26721,6.47486
110104.14+062829.5,53873.22958,17.89,0.12,165.26724,6.47489
110104.14+062829.5,53873.23451,17.79,0.11,165.26728,6.47487
110104.14+062829.5,53873.23946,17.95,0.12,165.26715,6.47494
110104.14+062829.5,53873.24436,18.06,0.12,165.26707,6.47486
110104.14+062829.5,53879.17415,17.79,0.11,165.26722,6.47491
110104.14+062829.5,53879.17909,17.86,0.11,165.26719,6.47492
110104.14+062829.5,53879.18402,17.97,0.12,165.26721,6.47485
110104.14+062829.5,53879.18893,17.86,0.11,165.26704,6.47486
110104.14+062829.5,53886.16121,17.83,0.11,165.26719,6.47475
110104.14+062829.5,53886.17055,17.8,0.11,165.26724,6.47487
110104.14+062829.5,53886.1799,18.0,0.12,165.26719,6.47499
110104.14+062829.5,53886.18929,17.9,0.11,165.26729,6.47487
110104.14+062829.5,54050.49464,18.25,0.13,165.26713,6.47478
110104.14+062829.5,54050.50345,18.05,0.12,165.26715,6.47473
110104.14+062829.5,54050.51221,17.98,0.12,165.26717,6.4749
110104.14+062829.5,54050.521,18.04,0.12,165.26737,6.4749
110104.14+062829.5,54197.2224,17.91,0.11,165.2671,6.4748
110104.14+062829.5,54197.22888,18.04,0.11,165.26706,6.47481
110104.14+062829.5,54197.23534,17.0,0.08,165.26707,6.47517
110104.14+062829.5,54197.24181,17.77,0.1,165.26723,6.47485
110104.14+062829.5,54213.21691,17.82,0.11,165.26741,6.47491
110104.14+062829.5,54213.22648,18.15,0.12,165.26714,6.47491
110104.14+062829.5,54213.23606,18.04,0.12,165.26716,6.47483
110104.14+062829.5,54213.24564,18.01,0.12,165.26727,6.4749
110104.14+062829.5,54437.53309,17.74,0.1,165.2672,6.47488
110104.14+062829.5,54437.53532,17.69,0.1,165.26712,6.47484
110104.14+062829.5,54437.53755,17.78,0.1,165.26716,6.47488
110104.14+062829.5,54437.53979,17.76,0.1,165.26716,6.47498
110104.14+062829.5,54448.48023,17.79,0.1,165.26723,6.47491
110104.14+062829.5,54448.4862,17.5,0.17,165.26717,6.47495
110104.14+062829.5,54448.49215,17.54,0.16,165.26721,6.47511
110104.14+062829.5,54448.49809,17.58,0.12,165.26728,6.47513
110104.14+062829.5,54465.51698,17.85,0.1,165.26723,6.47489
110104.14+062829.5,54465.52426,17.69,0.1,165.26726,6.47493
110104.14+062829.5,54465.53158,17.76,0.1,165.26717,6.4749
110104.14+062829.5,54465.5388,17.86,0.11,165.26714,6.47493
110104.14+062829.5,54139.34931,18.2,0.13,165.26706,6.4749
110104.14+062829.5,54139.35469,18.1,0.13,165.26725,6.47485
110104.14+062829.5,54139.36013,18.34,0.16,165.26727,6.47488
110104.14+062829.5,54139.36555,18.22,0.14,165.26722,6.47468
110104.14+062829.5,54124.4334,17.93,0.11,165.2672,6.47481
110104.14+062829.5,54124.44045,18.02,0.11,165.26723,6.4749
110104.14+062829.5,54124.44751,17.38,0.09,165.26697,6.47502
110104.14+062829.5,54124.45459,17.97,0.11,165.26703,6.47477
110104.14+062829.5,54276.15311,17.59,0.12,165.26726,6.47446
110104.14+062829.5,54276.15529,17.27,0.11,165.26734,6.47475
110104.14+062829.5,54276.15745,17.8,0.13,165.26715,6.47507
110104.14+062829.5,54276.15962,17.75,0.13,165.26732,6.47484
110104.14+062829.5,54168.26237,17.77,0.1,165.26722,6.47471
110104.14+062829.5,54168.27052,17.79,0.1,165.26716,6.47481
110104.14+062829.5,54168.27864,17.66,0.1,165.26717,6.47489
110104.14+062829.5,54168.28675,17.86,0.11,165.26714,6.47497
110104.14+062829.5,54227.23449,17.92,0.11,165.2672,6.47477
110104.14+062829.5,54227.24424,17.77,0.1,165.26742,6.47474
110104.14+062829.5,54227.25398,17.96,0.11,165.26719,6.47479
110104.14+062829.5,54227.26372,17.96,0.11,165.26722,6.47489
110104.14+062829.5,54241.18695,17.94,0.11,165.2672,6.47488
110104.14+062829.5,54241.19611,18.06,0.12,165.26718,6.47498
110104.14+062829.5,54241.20525,17.96,0.11,165.26706,6.47484
110104.14+062829.5,54241.21443,17.91,0.11,165.26714,6.47481
110104.14+062829.5,54409.51384,17.61,0.1,165.26702,6.47497
110104.14+062829.5,54409.5166,17.56,0.1,165.26722,6.4749
110104.14+062829.5,54409.51945,17.66,0.1,165.26705,6.47488
110104.14+062829.5,54409.52223,17.68,0.1,165.26714,6.47476
110104.14+062829.5,54422.48179,17.61,0.1,165.26727,6.47495
110104.14+062829.5,54422.48831,17.73,0.1,165.26723,6.47492
110104.14+062829.5,54422.49499,17.73,0.1,165.26722,6.47495
110104.14+062829.5,54422.50172,17.64,0.1,165.26727,6.47488
110104.14+062829.5,54580.22112,17.81,0.1,165.2672,6.47487
110104.14+062829.5,54580.22756,17.76,0.1,165.26717,6.47484
110104.14+062829.5,54580.23399,17.82,0.1,165.26724,6.475
110104.14+062829.5,54580.24039,17.66,0.1,165.26719,6.47488
110104.14+062829.5,54829.411,17.6,0.1,165.26721,6.47499
110104.14+062829.5,54829.41827,17.69,0.1,165.2672,6.4749
110104.14+062829.5,54829.4256,17.66,0.1,165.26726,6.47496
110104.14+062829.5,54829.43291,17.66,0.1,165.26725,6.47488
110104.14+062829.5,54475.4887,17.75,0.1,165.26728,6.47498
110104.14+062829.5,54475.4952,17.7,0.1,165.26714,6.47504
110104.14+062829.5,54475.5017,17.8,0.1,165.26717,6.47496
110104.14+062829.5,54475.50826,17.61,0.1,165.26706,6.47496
110104.14+062829.5,54483.41703,17.76,0.1,165.26717,6.47491
110104.14+062829.5,54483.42358,17.93,0.11,165.26713,6.47489
110104.14+062829.5,54483.43018,17.87,0.1,165.26719,6.47498
110104.14+062829.5,54483.43674,17.77,0.1,165.26717,6.47497
110104.14+062829.5,54495.45015,17.58,0.1,165.26727,6.47501
110104.14+062829.5,54495.45786,17.74,0.1,165.26712,6.4749
110104.14+062829.5,54495.46549,17.68,0.1,165.2673,6.47492
110104.14+062829.5,54495.47312,17.7,0.1,165.26718,6.47483
110104.14+062829.5,54623.1588,17.75,0.09,165.26705,6.47499
110104.14+062829.5,54623.16612,17.75,0.09,165.26723,6.47501
110104.14+062829.5,54623.17343,17.8,0.09,165.2672,6.47485
110104.14+062829.5,54623.18073,17.66,0.09,165.26712,6.47499
110104.14+062829.5,54631.16204,17.8,0.13,165.2671,6.47475
110104.14+062829.5,54631.16789,17.98,0.13,165.26711,6.47506
110104.14+062829.5,54631.1738,18.01,0.14,165.26704,6.4748
110104.14+062829.5,54631.17967,17.72,0.12,165.26721,6.47505
110104.14+062829.5,54528.2786,17.62,0.1,165.26719,6.47479
110104.14+062829.5,54528.28908,17.73,0.1,165.26716,6.47493
110104.14+062829.5,54528.29959,17.69,0.1,165.26714,6.47493
110104.14+062829.5,54528.3101,17.7,0.1,165.26738,6.47492
110104.14+062829.5,54534.28851,17.66,0.1,165.26723,6.47496
110104.14+062829.5,54534.29537,17.57,0.1,165.26717,6.47488
110104.14+062829.5,54534.30218,17.84,0.13,165.26713,6.47494
110104.14+062829.5,54549.22802,17.78,0.1,165.26724,6.47487
110104.14+062829.5,54549.23467,17.83,0.11,165.26718,6.475
110104.14+062829.5,54549.24129,17.76,0.1,165.26712,6.47497
110104.14+062829.5,54549.24795,17.57,0.1,165.26707,6.47503
110104.14+062829.5,54591.1666,17.63,0.1,165.2672,6.47495
110104.14+062829.5,54591.17582,17.83,0.11,165.26719,6.47496
110104.14+062829.5,54591.18503,17.83,0.11,165.26719,6.47495
110104.14+062829.5,54591.19427,17.75,0.1,165.26714,6.47492
110104.14+062829.5,54764.50986,17.81,0.11,165.26736,6.47491
110104.14+062829.5,54764.5123,17.68,0.1,165.26729,6.47503
110104.14+062829.5,54764.51476,17.78,0.1,165.26722,6.47494
110104.14+062829.5,54764.51715,17.63,0.1,165.26733,6.47489
110104.14+062829.5,54922.2642,17.67,0.1,165.26715,6.47481
110104.14+062829.5,54922.27227,17.76,0.1,165.26713,6.47487
110104.14+062829.5,54922.28035,17.68,0.1,165.26712,6.47491
110104.14+062829.5,54922.28852,17.78,0.1,165.26726,6.47497
110104.14+062829.5,55180.49549,17.65,0.1,165.26726,6.47487
110104.14+062829.5,55180.5017,17.76,0.1,165.26723,6.47482
110104.14+062829.5,55180.50807,17.87,0.11,165.26709,6.47484
110104.14+062829.5,55180.51446,17.88,0.11,165.26726,6.47486
110104.14+062829.5,54878.37448,17.77,0.11,165.2672,6.47485
110104.14+062829.5,54878.3804,17.63,0.1,165.2672,6.47491
110104.14+062829.5,54878.38628,17.75,0.1,165.26722,6.47495
110104.14+062829.5,54878.39214,17.57,0.1,165.2671,6.4749
110104.14+062829.5,54889.29344,17.71,0.09,165.26729,6.47484
110104.14+062829.5,54889.30364,17.63,0.08,165.26722,6.47489
110104.14+062829.5,54889.31383,17.67,0.09,165.26719,6.47492
110104.14+062829.5,54889.32394,17.56,0.08,165.26753,6.47498
110104.14+062829.5,54905.23289,17.76,0.1,165.26717,6.47498
110104.14+062829.5,54905.23832,17.7,0.1,165.26726,6.47494
110104.14+062829.5,54905.24384,17.64,0.1,165.26727,6.47477
110104.14+062829.5,54905.24924,17.69,0.1,165.26712,6.47486
110104.14+062829.5,54979.17296,17.73,0.1,165.26721,6.47474
110104.14+062829.5,54979.17845,17.58,0.1,165.26716,6.47487
110104.14+062829.5,54979.18402,17.72,0.1,165.26716,6.47478
110104.14+062829.5,54979.18947,17.65,0.1,165.26705,6.47486
110104.14+062829.5,55150.46892,17.73,0.1,165.26744,6.47511
110104.14+062829.5,55150.47498,17.78,0.11,165.26731,6.47486
110104.14+062829.5,55150.48108,17.87,0.11,165.26718,6.47488
110104.14+062829.5,55150.48718,17.76,0.1,165.26734,6.47489
110104.14+062829.5,55130.50918,17.71,0.12,165.26724,6.47478
110104.14+062829.5,55130.51098,17.5,0.11,165.26741,6.47502
110104.14+062829.5,55130.51294,17.61,0.12,165.26746,6.47486
110104.14+062829.5,55130.51485,17.71,0.12,165.26725,6.4748
110104.14+062829.5,55291.27501,17.86,0.11,165.26726,6.47486
110104.14+062829.5,55291.28136,17.62,0.1,165.26715,6.475
110104.14+062829.5,55291.28777,17.62,0.1,165.26729,6.47494
110104.14+062829.5,55291.29423,17.85,0.11,165.26723,6.47484
110104.14+062829.5,55531.45179,17.86,0.11,165.2672,6.47497
110104.14+062829.5,55531.4645,17.77,0.1,165.26714,6.47487
110104.14+062829.5,55531.47084,17.68,0.1,165.26727,6.47498
110104.14+062829.5,55540.48918,17.69,0.1,165.26726,6.47487
110104.14+062829.5,55540.50308,17.75,0.1,165.26721,6.47491
110104.14+062829.5,55540.51006,17.66,0.1,165.26726,6.47478
110104.14+062829.5,55240.3608,17.88,0.11,165.26712,6.47482
110104.14+062829.5,55240.3682,17.78,0.11,165.26726,6.47496
110104.14+062829.5,55240.37575,17.81,0.11,165.26709,6.4748
110104.14+062829.5,55240.38328,17.79,0.11,165.26724,6.47479
110104.14+062829.5,55245.33974,17.66,0.1,165.26715,6.47475
110104.14+062829.5,55245.3467,17.89,0.11,165.26707,6.47485
110104.14+062829.5,55245.35356,17.72,0.1,165.26717,6.47483
110104.14+062829.5,55245.3605,17.6,0.1,165.26706,6.47481
110104.14+062829.5,55203.42066,17.94,0.11,165.26717,6.47479
110104.14+062829.5,55203.42519,17.81,0.1,165.26716,6.4749
110104.14+062829.5,55203.4298,17.76,0.1,165.26723,6.47475
110104.14+062829.5,55203.43444,17.7,0.1,165.2673,6.47475
110104.14+062829.5,55360.16771,17.71,0.1,165.26734,6.4749
110104.14+062829.5,55360.17229,17.88,0.11,165.26724,6.47484
110104.14+062829.5,55360.17686,17.76,0.11,165.26727,6.47481
110104.14+062829.5,55360.18143,17.74,0.11,165.26698,6.47472
110104.14+062829.5,55371.1592,17.63,0.12,165.26721,6.47479
110104.14+062829.5,55371.16324,18.07,0.15,165.26692,6.47486
110104.14+062829.5,55371.16731,17.32,0.11,165.26716,6.47485
110104.14+062829.5,55371.17141,17.57,0.12,165.2673,6.47491
110104.14+062829.5,55259.33348,17.82,0.1,165.26721,6.47485
110104.14+062829.5,55259.33987,17.68,0.1,165.26723,6.47493
110104.14+062829.5,55259.34635,17.62,0.1,165.26739,6.4749
110104.14+062829.5,55259.35278,17.87,0.11,165.2672,6.47487
110104.14+062829.5,55267.22254,17.79,0.11,165.26726,6.47492
110104.14+062829.5,55267.22832,17.7,0.1,165.26732,6.47491
110104.14+062829.5,55267.23636,17.76,0.1,165.26728,6.47497
110104.14+062829.5,55267.2421,17.76,0.1,165.26717,6.47494
110104.14+062829.5,55329.23614,17.67,0.1,165.26712,6.47483
110104.14+062829.5,55329.2424,17.52,0.1,165.26706,6.47479
110104.14+062829.5,55329.24871,17.52,0.1,165.26725,6.47478
110104.14+062829.5,55329.25506,17.67,0.1,165.26719,6.47475
110104.14+062829.5,55507.51633,17.72,0.1,165.26719,6.47491
110104.14+062829.5,55507.52094,17.83,0.11,165.26723,6.47495
110104.14+062829.5,55507.52326,17.82,0.11,165.26732,6.47489
110104.14+062829.5,55516.49109,17.82,0.11,165.26722,6.47491
110104.14+062829.5,55516.51212,17.89,0.11,165.26715,6.47497
110104.14+062829.5,55601.36027,17.62,0.1,165.26729,6.47494
110104.14+062829.5,55601.36658,17.62,0.1,165.26721,6.47489
110104.14+062829.5,55601.37289,17.57,0.1,165.26722,6.47495
110104.14+062829.5,55601.37923,17.65,0.1,165.26726,6.47496
110104.14+062829.5,55615.39848,17.63,0.1,165.26726,6.47486
110104.14+062829.5,55615.40591,17.46,0.1,165.26725,6.47487
110104.14+062829.5,55615.41344,17.63,0.1,165.2672,6.475
110104.14+062829.5,55615.42097,17.63,0.1,165.2672,6.47486
110104.14+062829.5,55572.47846,17.7,0.1,165.26715,6.47493
110104.14+062829.5,55572.48442,17.82,0.11,165.26718,6.4749
110104.14+062829.5,55572.49046,17.64,0.1,165.26722,6.47497
110104.14+062829.5,55572.49654,17.73,0.1,165.26721,6.47492
110104.14+062829.5,55587.49388,17.7,0.1,165.26723,6.47484
110104.14+062829.5,55587.50078,17.45,0.09,165.26724,6.4748
110104.14+062829.5,55587.50781,17.73,0.1,165.26719,6.47493
110104.14+062829.5,55587.5148,17.75,0.1,165.26726,6.47497
110104.14+062829.5,55624.30616,17.62,0.09,165.26713,6.47479
110104.14+062829.5,55624.31579,17.64,0.09,165.26724,6.47497
110104.14+062829.5,55624.32546,17.65,0.09,165.26714,6.47483
110104.14+062829.5,55624.33515,17.48,0.09,165.26715,6.47478
110104.14+062829.5,55688.15933,17.49,0.1,165.26729,6.47483
110104.14+062829.5,55688.16448,17.6,0.1,165.26717,6.47492
110104.14+062829.5,55688.16959,17.58,0.1,165.26726,6.47501
110104.14+062829.5,55688.17471,17.56,0.1,165.26719,6.47486
110104.14+062829.5,54549.2881,17.65,0.11,165.2672,6.47501
110104.14+062829.5,54549.2939,17.77,0.11,165.26719,6.47487
110104.14+062829.5,54549.2997,17.56,0.1,165.26744,6.47488
110104.14+062829.5,54549.30551,17.78,0.11,165.26715,6.47486
110104.14+062829.5,55717.17016,17.76,0.11,165.26741,6.47485
110104.14+062829.5,55717.17846,17.67,0.11,165.2672,6.47486
110104.14+062829.5,55717.18653,17.58,0.11,165.26729,6.47493
110104.14+062829.5,55717.19451,17.57,0.11,165.26756,6.47488
110104.14+062829.5,55887.49309,17.84,0.11,165.26723,6.47496
110104.14+062829.5,55887.50158,17.81,0.1,165.26724,6.47498
110104.14+062829.5,55887.51018,17.7,0.1,165.2673,6.47495
110104.14+062829.5,55887.51884,17.62,0.1,165.26726,6.4752
110104.14+062829.5,55999.24133,17.65,0.1,165.26728,6.47491
110104.14+062829.5,55999.24638,17.66,0.1,165.2672,6.4749
110104.14+062829.5,55999.2515,17.56,0.1,165.26731,6.47497
110104.14+062829.5,55999.25661,17.63,0.1,165.26718,6.47499
110104.14+062829.5,56007.23577,17.53,0.09,165.26726,6.47496
110104.14+062829.5,56007.24594,17.64,0.09,165.26722,6.475
110104.14+062829.5,56007.2562,17.75,0.09,165.26723,6.47488
110104.14+062829.5,56007.26636,17.66,0.09,165.26728,6.47485
110104.14+062829.5,56030.16321,17.51,0.1,165.26715,6.47494
110104.14+062829.5,56030.16834,17.68,0.1,165.26728,6.4749
110104.14+062829.5,56030.17337,17.6,0.1,165.26721,6.47489
110104.14+062829.5,56030.17854,17.58,0.1,165.26724,6.47498
110104.14+062829.5,56046.16781,17.5,0.1,165.26728,6.47491
110104.14+062829.5,56046.17632,17.67,0.1,165.26721,6.4751
110104.14+062829.5,56046.18491,17.54,0.1,165.26705,6.47488
110104.14+062829.5,56046.19348,17.59,0.1,165.26733,6.47499
110104.14+062829.5,56233.50904,17.82,0.12,165.26747,6.4751
110104.14+062829.5,56233.51207,17.8,0.12,165.26722,6.47508
110104.14+062829.5,56233.51506,17.55,0.12,165.26711,6.47488
110104.14+062829.5,56233.5181,17.83,0.12,165.26728,6.47481
110104.14+062829.5,56246.50716,17.7,0.12,165.26726,6.4749
110104.14+062829.5,56246.51075,17.78,0.12,165.26722,6.47491
110104.14+062829.5,56246.51432,17.72,0.12,165.26735,6.47494
110104.14+062829.5,56246.51787,17.64,0.12,165.26718,6.47485
110104.14+062829.5,56256.48599,17.53,0.09,165.26732,6.475
110104.14+062829.5,56256.49216,17.68,0.09,165.26733,6.47506
110104.14+062829.5,56256.49832,17.72,0.09,165.26724,6.47496
110104.14+062829.5,56256.50443,17.63,0.09,165.26715,6.47493
110104.14+062829.5,56269.42106,17.5,0.1,165.2673,6.47481
110104.14+062829.5,56269.42954,17.7,0.1,165.2672,6.47495
110104.14+062829.5,56269.43811,17.66,0.1,165.26724,6.47488
110104.14+062829.5,56269.44665,17.59,0.1,165.26723,6.47498
110104.14+062829.5,56281.4605,17.65,0.1,165.26736,6.47494
110104.14+062829.5,56281.46795,17.7,0.1,165.26727,6.47492
110104.14+062829.5,56281.47535,17.54,0.1,165.26725,6.47481
110104.14+062829.5,56281.48277,17.7,0.1,165.2672,6.47496
110104.14+062829.5,56298.35172,17.63,0.1,165.26729,6.4749
110104.14+062829.5,56298.35919,17.59,0.1,165.26723,6.47489
110104.14+062829.5,56298.36666,17.61,0.1,165.26719,6.4749
110104.14+062829.5,56298.37407,17.58,0.1,165.26726,6.47488
110104.14+062829.5,56328.3903,17.53,0.1,165.26716,6.47491
110104.14+062829.5,56328.39781,17.32,0.09,165.26726,6.47493
110104.14+062829.5,56328.40528,17.47,0.1,165.26734,6.47496
110104.14+062829.5,56328.4128,17.51,0.1,165.26727,6.4749
110104.14+062829.5,56353.29572,17.5,0.1,165.26738,6.47497
110104.14+062829.5,56353.30146,17.56,0.1,165.26728,6.475
110104.14+062829.5,56353.30723,17.66,0.1,165.26735,6.47489
110104.14+062829.5,56353.31298,17.45,0.09,165.26725,6.47478
110104.14+062829.5,56362.30203,17.53,0.1,165.26723,6.47493
110104.14+062829.5,56362.3065,17.58,0.1,165.26724,6.47492
110104.14+062829.5,56362.31098,17.58,0.1,165.26727,6.47493
110104.14+062829.5,56362.3155,17.54,0.1,165.26723,6.4749
110104.14+062829.5,55947.43675,17.85,0.11,165.26728,6.47495
110104.14+062829.5,55947.44182,17.63,0.1,165.26717,6.47489
110104.14+062829.5,55947.44692,17.59,0.1,165.26725,6.47507
110104.14+062829.5,55947.452,17.62,0.1,165.26728,6.47493
110104.14+062829.5,55956.46413,17.74,0.09,165.26723,6.47494
110104.14+062829.5,55956.47285,17.71,0.09,165.26738,6.47496
110104.14+062829.5,55956.4815,17.7,0.09,165.26734,6.47499
110104.14+062829.5,55956.49031,17.7,0.09,165.26727,6.47486
110104.14+062829.5,56383.19931,17.63,0.1,165.2673,6.47496
110104.14+062829.5,56383.2072,17.52,0.1,165.2673,6.47498
110104.14+062829.5,56383.21508,17.61,0.1,165.26735,6.47498
110104.14+062829.5,56383.223,17.7,0.1,165.26738,6.4749
110104.14+062829.5,56392.19217,17.63,0.1,165.26728,6.47499
110104.14+062829.5,56392.19495,17.68,0.1,165.26728,6.475
110104.14+062829.5,56392.19779,17.49,0.1,165.26725,6.47481
110104.14+062829.5,56392.20058,17.62,0.1,165.26723,6.47491
110104.14+062829.5,56411.23251,17.6,0.1,165.26733,6.475
110104.14+062829.5,56411.23757,17.57,0.1,165.26737,6.47502
110104.14+062829.5,56411.24263,17.62,0.1,165.26729,6.47485
110104.14+062829.5,56411.24771,17.54,0.1,165.26738,6.47497
110104.14+062829.5,56419.15675,17.56,0.1,165.26712,6.47496
110104.14+062829.5,56419.16572,17.68,0.1,165.26723,6.47501
110104.14+062829.5,56419.17469,17.49,0.1,165.26725,6.47488
110104.14+062829.5,56419.18367,17.47,0.1,165.26723,6.47495
110104.14+062829.5,56441.15124,17.5,0.1,165.26735,6.47493
110104.14+062829.5,56441.158,17.58,0.1,165.26722,6.475
110104.14+062829.5,56441.16474,17.39,0.1,165.26712,6.4749
110104.14+062829.5,56441.17145,17.48,0.1,165.26728,6.47495
110104.14+062829.5,56447.15684,17.56,0.1,165.26718,6.47493
110104.14+062829.5,56447.16133,17.51,0.1,165.26738,6.47486
110104.14+062829.5,56447.16585,17.68,0.11,165.26714,6.4749
110104.14+062829.5,56447.17036,17.66,0.1,165.26738,6.47492
110104.14+062829.5,53731.48388,18.03,0.07,165.26733,6.47499
110104.14+062829.5,53731.4899,18.0,0.07,165.26735,6.47495
110104.14+062829.5,53731.49591,17.85,0.07,165.26745,6.47497
110104.14+062829.5,53731.50194,17.98,0.07,165.26737,6.47493
110104.14+062829.5,53832.18904,17.93,0.07,165.26735,6.47497
110104.14+062829.5,53832.19553,17.89,0.07,165.26731,6.47498
110104.14+062829.5,53832.20203,17.9,0.07,165.2673,6.47496
110104.14+062829.5,53832.20853,17.92,0.07,165.26736,6.47498
110104.14+062829.5,53846.1637,17.86,0.07,165.26734,6.47495
110104.14+062829.5,53846.1716,17.89,0.07,165.26732,6.47493
110104.14+062829.5,53846.17934,17.9,0.07,165.26732,6.47494
110104.14+062829.5,53846.18696,17.9,0.07,165.26731,6.47495
110104.14+062829.5,54093.42246,18.04,0.07,165.26734,6.47492
110104.14+062829.5,54093.43057,17.98,0.07,165.26734,6.47494
110104.14+062829.5,54093.43873,18.06,0.07,165.26736,6.47495
110104.14+062829.5,54093.44697,17.92,0.07,165.26734,6.47494
110104.14+062829.5,53739.45843,18.0,0.07,165.26739,6.47497
110104.14+062829.5,53739.46589,17.97,0.07,165.26734,6.47495
110104.14+062829.5,53739.47331,18.02,0.07,165.26736,6.47494
110104.14+062829.5,53739.48073,17.96,0.07,165.26737,6.47495
110104.14+062829.5,53758.49225,18.01,0.07,165.26735,6.47493
110104.14+062829.5,53758.50123,17.98,0.07,165.26736,6.47496
110104.14+062829.5,53758.51023,18.03,0.07,165.26734,6.47495
110104.14+062829.5,53758.51922,18.0,0.07,165.26736,6.47494
110104.14+062829.5,53817.27955,17.86,0.07,165.26734,6.47496
110104.14+062829.5,53817.28698,17.92,0.07,165.26736,6.47495
110104.14+062829.5,53817.2944,17.9,0.07,165.26737,6.47499
110104.14+062829.5,53817.30185,17.89,0.07,165.26734,6.47499
110104.14+062829.5,53879.20516,17.88,0.07,165.26734,6.47494
110104.14+062829.5,53879.21256,17.92,0.07,165.26732,6.47495
110104.14+062829.5,53879.2197,17.86,0.07,165.26732,6.47491
110104.14+062829.5,53879.2269,17.89,0.07,165.26735,6.47498
110104.14+062829.5,54042.49999,17.92,0.09,165.26734,6.47492
110104.14+062829.5,54059.52832,18.01,0.07,165.26734,6.47495
110104.14+062829.5,54059.53061,18.02,0.07,165.2673,6.47493
110104.14+062829.5,54059.5328,17.97,0.07,165.26737,6.47494
110104.14+062829.5,54059.53499,18.08,0.07,165.26732,6.47494
110104.14+062829.5,54205.21818,17.98,0.07,165.26733,6.47493
110104.14+062829.5,54205.22654,17.93,0.07,165.26735,6.47496
110104.14+062829.5,54205.23488,17.96,0.07,165.26734,6.47497
110104.14+062829.5,54205.24327,18.0,0.07,165.26733,6.47496
110104.14+062829.5,54448.50644,17.77,0.07,165.26735,6.47496
110104.14+062829.5,54448.51436,17.75,0.07,165.26733,6.47497
110104.14+062829.5,54448.52223,17.79,0.07,165.26732,6.47494
110104.14+062829.5,54448.53014,17.77,0.07,165.26735,6.47494
110104.14+062829.5,54465.46542,17.83,0.07,165.26733,6.47495
110104.14+062829.5,54465.47196,17.79,0.07,165.26734,6.47491
110104.14+062829.5,54465.47853,17.78,0.07,165.26732,6.47496
110104.14+062829.5,54465.48513,17.81,0.07,165.2673,6.47493
110104.14+062829.5,54127.41009,18.02,0.07,165.26733,6.4749
110104.14+062829.5,54127.4174,18.06,0.07,165.26736,6.47492
110104.14+062829.5,54127.42474,18.03,0.07,165.26738,6.47491
110104.14+062829.5,54127.43204,18.04,0.07,165.26734,6.47492
110104.14+062829.5,54168.3737,18.0,0.07,165.26733,6.47495
110104.14+062829.5,54168.37998,17.93,0.07,165.26732,6.47494
110104.14+062829.5,54168.38636,17.96,0.07,165.26735,6.47496
110104.14+062829.5,54168.39271,17.96,0.07,165.26733,6.47493
110104.14+062829.5,54179.2528,17.94,0.07,165.26734,6.47496
110104.14+062829.5,54179.25913,17.97,0.07,165.26732,6.47492
110104.14+062829.5,54179.26543,17.94,0.07,165.26735,6.47496
110104.14+062829.5,54179.27178,17.99,0.07,165.26731,6.47496
110104.14+062829.5,54185.19544,17.9,0.07,165.26732,6.47496
110104.14+062829.5,54185.20263,17.89,0.07,165.26732,6.47494
110104.14+062829.5,54185.20973,17.97,0.07,165.26732,6.47493
110104.14+062829.5,54185.21692,17.99,0.07,165.26733,6.47492
110104.14+062829.5,54231.21212,17.94,0.07,165.26737,6.47495
110104.14+062829.5,54231.21995,18.01,0.07,165.26738,6.47494
110104.14+062829.5,54231.22784,17.98,0.07,165.26732,6.47493
110104.14+062829.5,54231.23563,17.96,0.07,165.26735,6.47493
110104.14+062829.5,54412.50549,17.63,0.07,165.26734,6.47495
110104.14+062829.5,54412.51037,17.62,0.07,165.26731,6.47495
110104.14+062829.5,54412.51532,17.68,0.07,165.26732,6.47496
110104.14+062829.5,54412.52028,17.73,0.07,165.26734,6.47497
110104.14+062829.5,54424.44613,17.75,0.07,165.26732,6.47493
110104.14+062829.5,54424.44996,17.74,0.07,165.26732,6.47494
110104.14+062829.5,54424.45385,17.75,0.07,165.26733,6.47495
110104.14+062829.5,54424.45769,17.75,0.07,165.26732,6.47498
110104.14+062829.5,54566.22424,17.7,0.07,165.26737,6.47496
110104.14+062829.5,54566.22923,17.62,0.08,165.26737,6.47494
110104.14+062829.5,54581.26113,17.76,0.07,165.26734,6.47494
110104.14+062829.5,54581.26669,17.75,0.07,165.26731,6.47491
110104.14+062829.5,54581.27227,17.82,0.07,165.26735,6.47493
110104.14+062829.5,54581.27785,17.8,0.07,165.26734,6.47495
110104.14+062829.5,54830.42962,17.67,0.07,165.26729,6.47493
110104.14+062829.5,54830.43631,17.62,0.07,165.26731,6.47496
110104.14+062829.5,54830.443,17.65,0.07,165.26734,6.47496
110104.14+062829.5,54830.4497,17.67,0.07,165.26733,6.47495
110104.14+062829.5,54831.41763,17.65,0.07,165.26731,6.47493
110104.14+062829.5,54831.42604,17.65,0.07,165.26729,6.47493
110104.14+062829.5,54831.43443,17.67,0.07,165.26732,6.47495
110104.14+062829.5,54831.44277,17.65,0.07,165.26731,6.47496
110104.14+062829.5,54480.45033,17.69,0.07,165.26739,6.47495
110104.14+062829.5,54480.45534,17.75,0.07,165.26734,6.47497
110104.14+062829.5,54480.46034,17.67,0.07,165.26734,6.47494
110104.14+062829.5,54480.46535,17.68,0.07,165.26736,6.47493
110104.14+062829.5,54495.44906,17.73,0.07,165.26734,6.47495
110104.14+062829.5,54495.45844,17.71,0.07,165.26732,6.47493
110104.14+062829.5,54495.46783,17.7,0.07,165.26734,6.47496
110104.14+062829.5,54495.47743,17.72,0.07,165.26731,6.47491
110104.14+062829.5,54530.31841,17.72,0.07,165.26734,6.47495
110104.14+062829.5,54530.32401,17.76,0.07,165.26733,6.47496
110104.14+062829.5,54530.32905,17.78,0.07,165.26733,6.47495
110104.14+062829.5,54530.33412,17.76,0.07,165.26734,6.47495
110104.14+062829.5,54551.27429,17.72,0.07,165.26733,6.47495
110104.14+062829.5,54551.28153,17.71,0.07,165.26738,6.47496
110104.14+062829.5,54551.28872,17.75,0.07,165.26733,6.47497
110104.14+062829.5,54551.29602,17.76,0.07,165.26735,6.47493
110104.14+062829.5,54793.51179,17.65,0.07,165.26732,6.47497
110104.14+062829.5,54793.51767,17.65,0.07,165.26731,6.47495
110104.14+062829.5,54793.52358,17.64,0.07,165.26731,6.47496
110104.14+062829.5,54793.52953,17.62,0.07,165.26731,6.47496
110104.14+062829.5,54923.18326,17.76,0.07,165.26735,6.47498
110104.14+062829.5,54923.19152,17.81,0.07,165.26734,6.47495
110104.14+062829.5,54923.19975,17.78,0.07,165.26732,6.47498
110104.14+062829.5,54923.20773,17.75,0.07,165.26735,6.47498
110104.14+062829.5,54939.27939,17.81,0.07,165.26737,6.47496
110104.14+062829.5,54939.2863,17.76,0.07,165.26734,6.47492
110104.14+062829.5,54939.29323,17.8,0.07,165.26734,6.47496
110104.14+062829.5,54939.30007,17.81,0.07,165.26735,6.47496
110104.14+062829.5,54889.37107,17.71,0.07,165.26734,6.47495
110104.14+062829.5,54889.37791,17.75,0.07,165.26731,6.47494
110104.14+062829.5,54889.3847,17.67,0.07,165.26736,6.47495
110104.14+062829.5,54889.39152,17.7,0.07,165.26732,6.47493
110104.14+062829.5,54848.51138,17.68,0.07,165.26729,6.4749
110104.14+062829.5,54848.51662,17.71,0.07,165.26733,6.47495
110104.14+062829.5,54848.52171,17.65,0.07,165.26733,6.47494
110104.14+062829.5,54848.52693,17.71,0.07,165.26732,6.47496
110104.14+062829.5,54849.38802,17.66,0.07,165.26732,6.47493
110104.14+062829.5,54849.39319,17.73,0.07,165.26731,6.47492
110104.14+062829.5,54849.39834,17.69,0.07,165.26732,6.47496
110104.14+062829.5,54849.40348,17.69,0.07,165.26731,6.47493
110104.14+062829.5,54997.15689,17.78,0.09,165.26732,6.47493
110104.14+062829.5,54997.16009,17.68,0.08,165.26734,6.47492
110104.14+062829.5,54997.16329,17.62,0.08,165.26734,6.47497
110104.14+062829.5,54997.16655,17.76,0.09,165.26736,6.47496
110104.14+062829.5,54905.28604,17.8,0.07,165.26734,6.47501
110104.14+062829.5,54905.29415,17.85,0.07,165.26738,6.47495
110104.14+062829.5,54905.30227,17.77,0.07,165.26732,6.47504
110104.14+062829.5,54905.31046,17.84,0.07,165.26737,6.47499
110104.14+062829.5,55143.50768,17.77,0.07,165.26735,6.47498
110104.14+062829.5,55143.51234,17.79,0.07,165.26733,6.47496
110104.14+062829.5,55143.51702,17.64,0.07,165.2673,6.47496
110104.14+062829.5,55143.52172,17.73,0.07,165.26733,6.47499
110104.14+062829.5,55159.48529,17.8,0.07,165.26735,6.47494
110104.14+062829.5,55159.49125,17.79,0.07,165.26733,6.47497
110104.14+062829.5,55159.49715,17.75,0.07,165.26735,6.47494
110104.14+062829.5,55159.5031,17.78,0.07,165.26729,6.47494
110104.14+062829.5,55295.22188,17.8,0.07,165.26735,6.47498
110104.14+062829.5,55295.22958,17.74,0.07,165.26736,6.47497
110104.14+062829.5,55295.23729,17.77,0.07,165.26736,6.47498
110104.14+062829.5,55295.24501,17.8,0.07,165.26736,6.475
110104.14+062829.5,55541.47332,17.74,0.07,165.26731,6.47492
110104.14+062829.5,55541.48033,17.73,0.07,165.26734,6.47496
110104.14+062829.5,55541.48736,17.73,0.07,165.26731,6.47497
110104.14+062829.5,55541.49434,17.76,0.07,165.26735,6.47497
110104.14+062829.5,55233.38549,17.86,0.09,165.26733,6.47498
110104.14+062829.5,55233.38716,17.81,0.09,165.26734,6.47495
110104.14+062829.5,55240.37958,17.81,0.07,165.26736,6.47501
110104.14+062829.5,55240.38843,17.87,0.07,165.26736,6.47499
110104.14+062829.5,55240.39732,17.83,0.07,165.26738,6.47498
110104.14+062829.5,55240.40616,17.8,0.07,165.26738,6.47499
110104.14+062829.5,55211.40833,17.86,0.07,165.26731,6.47494
110104.14+062829.5,55211.41546,17.85,0.07,165.26737,6.47494
110104.14+062829.5,55211.42264,17.84,0.07,165.26734,6.47494
110104.14+062829.5,55211.42975,17.85,0.07,165.26732,6.47495
110104.14+062829.5,55267.30694,17.73,0.07,165.26735,6.47499
110104.14+062829.5,55267.31466,17.77,0.07,165.26738,6.47504
110104.14+062829.5,55267.32246,17.77,0.07,165.26737,6.47501
110104.14+062829.5,55267.33024,17.81,0.07,165.26739,6.47503
110104.14+062829.5,55322.1434,17.65,0.07,165.26732,6.47497
110104.14+062829.5,55322.14751,17.66,0.07,165.26731,6.47497
110104.14+062829.5,55322.1499,17.69,0.07,165.26733,6.47496
110104.14+062829.5,55322.1684,17.64,0.07,165.26733,6.47493
110104.14+062829.5,55515.51233,17.76,0.07,165.2673,6.47494
110104.14+062829.5,55515.51667,17.76,0.07,165.26733,6.47497
110104.14+062829.5,55515.52096,17.75,0.07,165.26731,6.47495
110104.14+062829.5,55515.52528,17.71,0.07,165.26732,6.47497
110104.14+062829.5,55663.15882,17.73,0.07,165.26729,6.47491
110104.14+062829.5,55663.16799,17.67,0.07,165.26732,6.47495
110104.14+062829.5,55663.17728,17.66,0.07,165.26731,6.47495
110104.14+062829.5,55663.18651,17.71,0.07,165.26733,6.47496
110104.14+062829.5,55617.36848,17.63,0.07,165.26732,6.47492
110104.14+062829.5,55617.37496,17.63,0.07,165.26732,6.47493
110104.14+062829.5,55617.38154,17.64,0.07,165.26733,6.47493
110104.14+062829.5,55617.38807,17.61,0.07,165.26732,6.47493
110104.14+062829.5,55563.4708,17.69,0.06,165.2673,6.47494
110104.14+062829.5,55563.47913,17.68,0.06,165.26729,6.47492
110104.14+062829.5,55563.48745,17.71,0.06,165.26733,6.47494
110104.14+062829.5,55563.49577,17.74,0.06,165.26732,6.47494
110104.14+062829.5,55624.27417,17.64,0.07,165.26736,6.47494
110104.14+062829.5,55624.28182,17.68,0.07,165.26731,6.4749
110104.14+062829.5,55624.28948,17.66,0.07,165.26732,6.47494
110104.14+062829.5,55624.29713,17.68,0.07,165.26733,6.47494
110104.14+062829.5,55648.23829,17.7,0.07,165.26732,6.47496
110104.14+062829.5,55648.24349,17.67,0.07,165.26734,6.47495
110104.14+062829.5,55648.24873,17.69,0.07,165.26732,6.47498
110104.14+062829.5,55648.25396,17.76,0.07,165.26732,6.47497
110104.14+062829.5,55867.4908,17.83,0.07,165.26737,6.47504
110104.14+062829.5,55867.4966,17.85,0.07,165.26737,6.475
110104.14+062829.5,55867.50239,17.8,0.07,165.26739,6.47501
110104.14+062829.5,55867.50826,17.84,0.07,165.26735,6.47497
110104.14+062829.5,55893.44734,17.78,0.07,165.26738,6.47499
110104.14+062829.5,55893.45661,17.75,0.07,165.26734,6.47499
110104.14+062829.5,55893.46597,17.7,0.07,165.2674,6.47502
110104.14+062829.5,55893.47541,17.71,0.07,165.2674,6.475
110104.14+062829.5,55923.4853,17.76,0.07,165.26734,6.47499
110104.14+062829.5,55923.49385,17.79,0.07,165.26734,6.47497
110104.14+062829.5,55923.50255,17.74,0.07,165.26739,6.47496
110104.14+062829.5,55923.51126,17.78,0.07,165.26738,6.475
110104.14+062829.5,55980.32184,17.76,0.07,165.26736,6.47498
110104.14+062829.5,55980.33165,17.76,0.07,165.26736,6.47497
110104.14+062829.5,55980.3414,17.77,0.07,165.26738,6.47506
110104.14+062829.5,55980.35115,17.78,0.07,165.26738,6.47498
110104.14+062829.5,55987.3395,17.83,0.07,165.26739,6.47502
110104.14+062829.5,55987.3476,17.75,0.07,165.26737,6.47499
110104.14+062829.5,55987.35572,17.74,0.07,165.26738,6.47499
110104.14+062829.5,55987.36387,17.78,0.07,165.26734,6.47498
110104.14+062829.5,55999.21341,17.69,0.07,165.26735,6.47498
110104.14+062829.5,55999.22269,17.68,0.07,165.26736,6.47497
110104.14+062829.5,55999.23211,17.66,0.07,165.26736,6.47499
110104.14+062829.5,55999.24142,17.66,0.07,165.26735,6.475
110104.14+062829.5,56015.28031,17.61,0.07,165.26737,6.47501
110104.14+062829.5,56015.28616,17.64,0.07,165.26739,6.47499
110104.14+062829.5,56015.29197,17.62,0.07,165.26737,6.47499
110104.14+062829.5,56015.29779,17.61,0.07,165.26736,6.47499
110104.14+062829.5,56028.20738,17.62,0.07,165.26737,6.47499
110104.14+062829.5,56028.21439,17.61,0.07,165.26735,6.475
110104.14+062829.5,56028.22136,17.6,0.07,165.26741,6.47501
110104.14+062829.5,56028.22825,17.6,0.07,165.26737,6.47497
110104.14+062829.5,56087.18293,17.67,0.07,165.26735,6.47497
110104.14+062829.5,56087.18756,17.69,0.07,165.26738,6.47495
110104.14+062829.5,56087.19221,17.63,0.07,165.26735,6.47497
110104.14+062829.5,56087.19688,17.67,0.07,165.26739,6.47497
110104.14+062829.5,56251.50504,17.74,0.07,165.26735,6.47498
110104.14+062829.5,56251.50929,17.65,0.07,165.26734,6.47498
110104.14+062829.5,56251.51354,17.74,0.07,165.26737,6.47501
110104.14+062829.5,56251.51783,17.72,0.07,165.26737,6.47499
110104.14+062829.5,56263.46617,17.66,0.07,165.26736,6.47498
110104.14+062829.5,56263.47258,17.63,0.07,165.26731,6.47498
110104.14+062829.5,56263.47907,17.64,0.07,165.26739,6.47498
110104.14+062829.5,56263.48554,17.66,0.07,165.26739,6.475
110104.14+062829.5,56311.40411,17.56,0.07,165.26736,6.475
110104.14+062829.5,56311.40995,17.51,0.07,165.26734,6.475
110104.14+062829.5,56311.41579,17.49,0.07,165.26739,6.47502
110104.14+062829.5,56311.42171,17.52,0.07,165.26737,6.47501
110104.14+062829.5,56354.33236,17.59,0.07,165.26739,6.47499
110104.14+062829.5,56354.3359,17.53,0.07,165.26738,6.47501
110104.14+062829.5,56354.33948,17.5,0.07,165.26735,6.475
110104.14+062829.5,56354.343,17.57,0.07,165.26736,6.47502
110104.14+062829.5,56365.27152,17.54,0.07,165.26738,6.47502
110104.14+062829.5,56365.27622,17.57,0.07,165.26737,6.47501
110104.14+062829.5,56365.28083,17.57,0.07,165.2674,6.47501
110104.14+062829.5,56365.28558,17.56,0.07,165.26737,6.47502
110104.14+062829.5,56385.29142,17.61,0.07,165.26739,6.47501
110104.14+062829.5,56385.29785,17.62,0.07,165.26738,6.47499
110104.14+062829.5,56385.30429,17.59,0.07,165.26738,6.47498
110104.14+062829.5,56385.31067,17.62,0.07,165.26739,6.475
110104.14+062829.5,56397.13454,17.62,0.07,165.26739,6.475
110104.14+062829.5,56397.1404,17.62,0.07,165.2674,6.475
110104.14+062829.5,56397.14629,17.66,0.07,165.26739,6.475
110104.14+062829.5,56397.15219,17.64,0.07,165.26738,6.47502
110104.14+062829.5,56453.16895,17.58,0.07,165.26734,6.47493
110104.14+062829.5,56453.17405,17.55,0.07,165.26737,6.47495
110104.14+062829.5,56453.17885,17.6,0.07,165.26741,6.47501
110104.14+062829.5,56453.18359,17.56,0.07,165.26739,6.47502
110104.14+062829.5,56604.50424,17.73,0.07,165.26732,6.47496
110104.14+062829.5,56604.50798,17.79,0.07,165.26729,6.47496
110104.14+062829.5,56604.51171,17.76,0.07,165.26731,6.47496
110104.14+062829.5,56604.51543,17.74,0.07,165.26728,6.47496
110104.14+062829.5,56640.41754,17.74,0.07,165.26728,6.47496
110104.14+062829.5,56640.4262,17.87,0.07,165.26733,6.47496
110104.14+062829.5,56640.43487,17.76,0.07,165.26734,6.47498
110104.14+062829.5,56640.44353,17.69,0.07,165.26734,6.47493
110104.14+062829.5,56663.41099,17.73,0.07,165.26728,6.47494
110104.14+062829.5,56663.42003,17.77,0.07,165.26729,6.47495
110104.14+062829.5,56663.42909,17.76,0.07,165.26734,6.47499
110104.14+062829.5,56663.43814,17.77,0.07,165.26735,6.47494
110104.14+062829.5,53846.1716,22.36,0.45,165.26509,6.47734
110104.14+062829.5,53879.2269,22.04,0.36,165.26533,6.47725
110104.14+062829.5,54205.23488,21.79,0.29,165.26513,6.47752
110104.14+062829.5,54179.2528,22.77,0.5,165.26522,6.47718
110104.14+062829.5,54179.25913,21.86,0.3,165.26521,6.47727
110104.14+062829.5,54581.26113,22.03,0.37,165.26495,6.47732
110104.14+062829.5,54830.4497,22.57,0.47,165.26495,6.47728
110104.14+062829.5,54831.41763,21.7,0.3,165.2651,6.47736
110104.14+062829.5,54495.46783,22.42,0.42,165.26515,6.47729
110104.14+062829.5,54793.51179,22.43,0.44,165.26505,6.47733
110104.14+062829.5,54793.52358,21.58,0.28,165.26498,6.47716
110104.14+062829.5,55295.22188,21.53,0.3,165.26493,6.4773
110104.14+062829.5,55295.24501,21.58,0.31,165.26506,6.47733
110104.14+062829.5,55541.48736,21.67,0.3,165.26522,6.47714
110104.14+062829.5,55233.38549,21.43,0.43,165.26486,6.47752
110104.14+062829.5,55240.40616,21.66,0.34,165.26501,6.47686
110104.14+062829.5,55663.16799,22.15,0.44,165.26482,6.47733
110104.14+062829.5,55617.37496,21.13,0.22,165.26501,6.47746
110104.14+062829.5,55563.47913,21.95,0.29,165.26518,6.47749
110104.14+062829.5,55648.24349,21.71,0.31,165.2649,6.47731
110104.14+062829.5,55980.33165,21.98,0.36,165.26497,6.47734
110104.14+062829.5,56028.20738,21.8,0.33,165.26532,6.47757
110104.14+062829.5,56087.18293,21.97,0.36,165.26496,6.47721
110104.14+062829.5,56397.1404,22.44,0.54,165.26531,6.47747
110104.14+062829.5,53731.48388,22.38,0.44,165.26665,6.47035
110104.14+062829.5,54093.44697,21.92,0.35,165.26542,6.47047
110104.14+062829.5,53739.45843,21.56,0.28,165.26667,6.47054
110104.14+062829.5,53879.2269,22.1,0.37,165.26617,6.47079
110104.14+062829.5,54185.20263,22.32,0.4,165.26634,6.47039
110104.14+062829.5,54412.50549,21.77,0.31,165.26606,6.47074
110104.14+062829.5,54551.28872,21.79,0.31,165.26602,6.4708
110104.14+062829.5,55295.22188,20.98,0.23,165.26622,6.47072
110104.14+062829.5,55211.42975,22.11,0.4,165.26671,6.47041
110104.14+062829.5,55923.4853,21.07,0.22,165.26581,6.47073
110104.14+062829.5,56263.46617,20.14,0.17,165.26631,6.47066
110104.14+062829.5,56365.27622,21.57,0.32,165.26653,6.47053
110104.14+062829.5,56453.17405,22.12,0.47,165.26639,6.47043
110104.14+062829.5,56663.43814,21.84,0.35,165.26505,6.46987
110104.14+062829.5,53731.48388,21.56,0.28,165.26435,6.47199
110104.14+062829.5,53832.18904,21.37,0.26,165.26436,6.47219
110104.14+062829.5,53832.19553,21.21,0.24,165.26441,6.47207
110104.14+062829.5,53832.20203,20.82,0.2,165.26427,6.47235
110104.14+062829.5,53832.20853,21.57,0.29,165.26425,6.47232
110104.14+062829.5,53846.1637,21.45,0.28,165.26436,6.47223
110104.14+062829.5,53846.1716,21.15,0.23,165.26442,6.47222
110104.14+062829.5,53846.17934,21.2,0.24,165.26425,6.47219
110104.14+062829.5,53846.18696,21.22,0.24,165.26433,6.47223
110104.14+062829.5,54093.42246,21.24,0.24,165.26454,6.47239
110104.14+062829.5,54093.43873,21.27,0.25,165.26445,6.47235
110104.14+062829.5,53739.45843,21.48,0.27,165.26416,6.47226
110104.14+062829.5,53739.48073,21.22,0.24,165.26502,6.47197
110104.14+062829.5,53758.49225,20.49,0.15,165.26443,6.47228
110104.14+062829.5,53758.50123,22.53,0.41,165.26408,6.47231
110104.14+062829.5,53758.51023,21.1,0.19,165.26436,6.47211
110104.14+062829.5,53817.2944,21.12,0.25,165.26413,6.47219
110104.14+062829.5,53879.20516,21.73,0.3,165.26437,6.47223
110104.14+062829.5,53879.21256,20.95,0.2,165.26439,6.47208
110104.14+062829.5,53879.2197,20.49,0.16,165.26434,6.47226
110104.14+062829.5,53879.2269,21.32,0.24,165.26442,6.47227
110104.14+062829.5,54059.52832,20.74,0.19,165.26437,6.47208
110104.14+062829.5,54059.53061,21.75,0.32,165.2644,6.47207
110104.14+062829.5,54059.53499,21.44,0.27,165.26424,6.47209
110104.14+062829.5,54205.22654,21.05,0.2,165.26432,6.47229
110104.14+062829.5,54205.23488,21.33,0.23,165.26444,6.47219
110104.14+062829.5,54205.24327,21.74,0.29,165.26433,6.47223
110104.14+062829.5,54448.50644,21.31,0.23,165.26434,6.47212
110104.14+062829.5,54448.51436,21.37,0.24,165.26436,6.47205
110104.14+062829.5,54448.52223,21.3,0.23,165.26427,6.47212
110104.14+062829.5,54448.53014,21.47,0.25,165.26482,6.47181
110104.14+062829.5,54465.46542,21.34,0.24,165.26426,6.47205
110104.14+062829.5,54465.47853,21.54,0.27,165.2645,6.47219
110104.14+062829.5,54465.48513,21.32,0.24,165.26439,6.47214
110104.14+062829.5,54127.41009,21.25,0.25,165.26468,6.47217
110104.14+062829.5,54127.4174,22.57,0.51,165.26428,6.47196
110104.14+062829.5,54127.43204,22.16,0.41,165.26457,6.47211
110104.14+062829.5,54168.37998,21.52,0.26,165.26436,6.47211
110104.14+062829.5,54168.38636,21.92,0.32,165.26432,6.47241
110104.14+062829.5,54168.39271,21.07,0.2,165.26432,6.47218
110104.14+062829.5,54179.2528,21.41,0.24,165.26433,6.47225
110104.14+062829.5,54179.25913,21.03,0.2,165.26429,6.47222
110104.14+062829.5,54179.26543,21.28,0.22,165.26438,6.47208
110104.14+062829.5,54179.27178,21.59,0.26,165.26409,6.47227
110104.14+062829.5,54185.19544,21.58,0.27,165.2645,6.47213
110104.14+062829.5,54185.20973,20.82,0.18,165.26434,6.47223
110104.14+062829.5,54185.21692,21.58,0.27,165.26441,6.47228
110104.14+062829.5,54231.21212,21.63,0.28,165.26436,6.4721
110104.14+062829.5,54231.21995,20.22,0.14,165.26414,6.47206
110104.14+062829.5,54231.22784,21.22,0.23,165.26432,6.47216
110104.14+062829.5,54231.23563,21.1,0.21,165.26436,6.47214
110104.14+062829.5,54412.50549,21.43,0.26,165.26444,6.47214
110104.14+062829.5,54412.51037,21.06,0.23,165.26442,6.47233
110104.14+062829.5,54412.51532,21.29,0.25,165.26434,6.47233
110104.14+062829.5,54424.44613,21.12,0.22,165.26436,6.47214
110104.14+062829.5,54424.44996,21.88,0.33,165.26418,6.47219
110104.14+062829.5,54424.45385,21.9,0.33,165.26431,6.47213
110104.14+062829.5,54424.45769,21.13,0.22,165.2644,6.47216
110104.14+062829.5,54581.26113,21.4,0.26,165.26425,6.47236
110104.14+062829.5,54581.26669,21.6,0.29,165.26429,6.47222
110104.14+062829.5,54581.27227,21.79,0.32,165.26431,6.47208
110104.14+062829.5,54581.27785,21.13,0.23,165.26429,6.47204
110104.14+062829.5,54830.42962,21.54,0.27,165.26427,6.47212
110104.14+062829.5,54830.43631,21.46,0.26,165.26443,6.47211
110104.14+062829.5,54830.443,21.26,0.23,165.26442,6.47221
110104.14+062829.5,54830.4497,21.48,0.26,165.26417,6.47201
110104.14+062829.5,54831.41763,20.92,0.2,165.26432,6.47226
110104.14+062829.5,54831.42604,21.11,0.22,165.26446,6.47215
110104.14+062829.5,54831.43443,21.46,0.26,165.2644,6.47202
110104.14+062829.5,54831.44277,20.72,0.18,165.26413,6.47215
110104.14+062829.5,54480.45534,21.67,0.28,165.26413,6.47215
110104.14+062829.5,54495.44906,20.67,0.17,165.26426,6.47215
110104.14+062829.5,54495.45844,21.39,0.24,165.26441,6.47218
110104.14+062829.5,54495.47743,21.15,0.22,165.2644,6.47218
110104.14+062829.5,54530.31841,21.57,0.32,165.26443,6.47224
110104.14+062829.5,54530.32401,21.3,0.25,165.26428,6.47219
110104.14+062829.5,54530.32905,21.1,0.21,165.2644,6.47233
110104.14+062829.5,54530.33412,20.77,0.18,165.26426,6.47215
110104.14+062829.5,54551.28872,20.85,0.19,165.26425,6.47244
110104.14+062829.5,54551.29602,21.53,0.28,165.26444,6.47224
110104.14+062829.5,54793.51179,21.32,0.24,165.2644,6.47222
110104.14+062829.5,54793.51767,21.09,0.21,165.26439,6.4722
110104.14+062829.5,54793.52358,21.52,0.27,165.26435,6.47209
110104.14+062829.5,54793.52953,21.21,0.23,165.2644,6.47222
110104.14+062829.5,54923.18326,21.91,0.35,165.26434,6.4722
110104.14+062829.5,54923.19975,20.96,0.21,165.26451,6.47237
110104.14+062829.5,54939.27939,21.0,0.22,165.2642,6.47229
110104.14+062829.5,54939.2863,21.22,0.25,165.26441,6.47194
110104.14+062829.5,54939.29323,21.1,0.23,165.26428,6.47222
110104.14+062829.5,54939.30007,22.16,0.42,165.26431,6.47206
110104.14+062829.5,54889.37107,21.1,0.23,165.26427,6.47227
110104.14+062829.5,54889.37791,21.27,0.25,165.26432,6.47215
110104.14+062829.5,54889.3847,21.34,0.26,165.26441,6.47216
110104.14+062829.5,54889.39152,21.26,0.25,165.26432,6.47218
110104.14+062829.5,54848.51138,22.25,0.4,165.26433,6.47223
110104.14+062829.5,54848.51662,21.93,0.34,165.26431,6.47229
110104.14+062829.5,54848.52693,21.11,0.22,165.26431,6.47216
110104.14+062829.5,54849.38802,20.9,0.2,165.26429,6.4722
110104.14+062829.5,54849.39834,21.57,0.27,165.26422,6.47227
110104.14+062829.5,54849.40348,21.06,0.21,165.26429,6.47215
110104.14+062829.5,55143.51702,21.85,0.4,165.2642,6.4721
110104.14+062829.5,55143.52172,20.96,0.25,165.26416,6.47234
110104.14+062829.5,55159.48529,22.07,0.39,165.26459,6.47222
110104.14+062829.5,55159.49125,21.3,0.26,165.26443,6.47224
110104.14+062829.5,55159.49715,20.85,0.21,165.26439,6.47206
110104.14+062829.5,55159.5031,21.15,0.24,165.26438,6.47207
110104.14+062829.5,55295.22188,20.99,0.23,165.26425,6.47222
110104.14+062829.5,55295.22958,21.17,0.25,165.26438,6.47231
110104.14+062829.5,55295.23729,20.51,0.18,165.26435,6.47216
110104.14+062829.5,55295.24501,21.09,0.24,165.26436,6.47236
110104.14+062829.5,55541.47332,21.16,0.23,165.26439,6.4723
110104.14+062829.5,55541.48736,21.05,0.21,165.26433,6.47216
110104.14+062829.5,55541.49434,20.88,0.2,165.2644,6.47218
110104.14+062829.5,55240.37958,21.8,0.37,165.26421,6.47224
110104.14+062829.5,55240.38843,21.9,0.39,165.26432,6.47221
110104.14+062829.5,55240.39732,21.12,0.25,165.26439,6.47196
110104.14+062829.5,55240.40616,20.98,0.24,165.26437,6.47237
110104.14+062829.5,55211.41546,21.49,0.28,165.26404,6.47224
110104.14+062829.5,55211.42264,21.84,0.34,165.26438,6.47206
110104.14+062829.5,55267.30694,21.1,0.24,165.26424,6.47248
110104.14+062829.5,55267.32246,21.59,0.31,165.26432,6.47229
110104.14+062829.5,55267.33024,21.39,0.28,165.26427,6.47214
110104.14+062829.5,55322.1434,21.46,0.28,165.26434,6.47218
110104.14+062829.5,55322.14751,20.87,0.2,165.26433,6.47215
110104.14+062829.5,55322.1499,21.56,0.29,165.26427,6.47221
110104.14+062829.5,55322.1684,21.1,0.23,165.26439,6.47213
110104.14+062829.5,55515.51667,20.6,0.19,165.26419,6.47207
110104.14+062829.5,55515.52528,21.1,0.24,165.26411,6.47256
110104.14+062829.5,55663.16799,21.07,0.25,165.26429,6.47205
110104.14+062829.5,55663.17728,21.1,0.25,165.26414,6.47221
110104.14+062829.5,55617.36848,21.08,0.22,165.26427,6.47215
110104.14+062829.5,55617.37496,21.07,0.22,165.2642,6.47223
110104.14+062829.5,55617.38154,20.56,0.17,165.26443,6.47226
110104.14+062829.5,55617.38807,20.67,0.18,165.2643,6.47224
110104.14+062829.5,55563.4708,20.96,0.18,165.26435,6.47212
110104.14+062829.5,55563.47913,20.75,0.16,165.2642,6.47221
110104.14+062829.5,55563.48745,21.69,0.25,165.26441,6.4721
110104.14+062829.5,55563.49577,21.07,0.18,165.26445,6.47225
110104.14+062829.5,55624.27417,21.95,0.35,165.26429,6.47226
110104.14+062829.5,55624.28182,21.33,0.25,165.26434,6.47213
110104.14+062829.5,55624.28948,21.29,0.25,165.26427,6.47211
110104.14+062829.5,55624.29713,20.85,0.2,165.26423,6.4721
110104.14+062829.5,55648.23829,21.28,0.25,165.26433,6.47219
110104.14+062829.5,55648.24349,21.13,0.23,165.26455,6.47226
110104.14+062829.5,55648.24873,21.57,0.28,165.26461,6.47219
110104.14+062829.5,55648.25396,21.68,0.3,165.26399,6.47223
110104.14+062829.5,55867.4908,21.47,0.27,165.2648,6.4721
110104.14+062829.5,55867.50239,21.1,0.22,165.26446,6.47249
110104.14+062829.5,55867.50826,21.95,0.35,165.26452,6.47203
110104.14+062829.5,55893.44734,22.37,0.45,165.26566,6.47187
110104.14+062829.5,55923.49385,20.96,0.21,165.2644,6.47226
110104.14+062829.5,55980.32184,20.83,0.2,165.26456,6.47207
110104.14+062829.5,55980.33165,20.96,0.21,165.2643,6.47212
110104.14+062829.5,55980.3414,21.26,0.24,165.26445,6.47226
110104.14+062829.5,55980.35115,21.24,0.24,165.26422,6.47217
110104.14+062829.5,55987.3476,21.08,0.25,165.26436,6.4724
110104.14+062829.5,55987.36387,21.54,0.32,165.26438,6.47217
110104.14+062829.5,55999.21341,20.69,0.19,165.26427,6.47234
110104.14+062829.5,55999.22269,21.09,0.23,165.26436,6.47216
110104.14+062829.5,55999.23211,21.4,0.27,165.26441,6.47229
110104.14+062829.5,55999.24142,20.91,0.21,165.26439,6.47221
110104.14+062829.5,56015.28031,20.93,0.21,165.26439,6.47238
110104.14+062829.5,56015.28616,21.15,0.24,165.26431,6.47227
110104.14+062829.5,56015.29197,20.99,0.22,165.26432,6.47225
110104.14+062829.5,56015.29779,21.27,0.25,165.26449,6.47223
110104.14+062829.5,56028.20738,21.24,0.25,165.26422,6.47251
110104.14+062829.5,56028.22136,20.53,0.18,165.2642,6.47234
110104.14+062829.5,56028.22825,21.26,0.25,165.26436,6.47217
110104.14+062829.5,56087.18293,20.78,0.2,165.26436,6.47219
110104.14+062829.5,56087.18756,21.21,0.24,165.26435,6.47215
110104.14+062829.5,56087.19688,21.31,0.26,165.26436,6.47226
110104.14+062829.5,56251.50504,21.19,0.25,165.26442,6.47224
110104.14+062829.5,56251.50929,21.16,0.25,165.26434,6.47235
110104.14+062829.5,56251.51354,21.02,0.23,165.2643,6.47219
110104.14+062829.5,56251.51783,21.51,0.3,165.26449,6.47221
110104.14+062829.5,56263.47258,21.38,0.29,165.26425,6.4722
110104.14+062829.5,56263.48554,20.9,0.22,165.26424,6.47256
110104.14+062829.5,56311.40411,21.16,0.25,165.26448,6.47222
110104.14+062829.5,56311.40995,20.93,0.22,165.26443,6.47238
110104.14+062829.5,56311.41579,21.11,0.25,165.26435,6.47222
110104.14+062829.5,56311.42171,20.89,0.22,165.2643,6.47233
110104.14+062829.5,56354.33236,21.2,0.26,165.26435,6.47222
110104.14+062829.5,56354.3359,21.68,0.34,165.2643,6.4722
110104.14+062829.5,56354.343,21.38,0.3,165.26426,6.47242
110104.14+062829.5,56365.27152,21.46,0.3,165.26444,6.47226
110104.14+062829.5,56365.27622,21.09,0.25,165.26459,6.47213
110104.14+062829.5,56365.28083,21.55,0.32,165.2644,6.47234
110104.14+062829.5,56365.28558,21.58,0.32,165.26451,6.47225
110104.14+062829.5,56385.30429,20.91,0.23,165.2644,6.47217
110104.14+062829.5,56397.1404,21.67,0.34,165.2642,6.47227
110104.14+062829.5,56397.14629,21.55,0.32,165.26453,6.47227
110104.14+062829.5,56397.15219,20.92,0.23,165.26439,6.47211
110104.14+062829.5,56453.16895,20.78,0.23,165.26421,6.47228
110104.14+062829.5,56453.18359,21.39,0.31,165.26422,6.47246
110104.14+062829.5,56604.50798,20.83,0.21,165.26428,6.47215
110104.14+062829.5,56604.51171,21.21,0.26,165.26432,6.47215
110104.14+062829.5,56604.51543,21.08,0.24,165.26422,6.47222
110104.14+062829.5,56640.44353,20.13,0.15,165.26416,6.47204
110104.14+062829.5,56663.41099,21.24,0.26,165.26424,6.47227
110104.14+062829.5,56663.42003,20.6,0.19,165.26443,6.47216
110104.14+062829.5,56663.42909,21.41,0.28,165.26429,6.47229
110104.14+062829.5,56663.43814,21.56,0.3,165.26422,6.47245
133433.24-013825.3,53464.36394,17.79,0.1,203.6385,-1.64032
133433.24-013825.3,53464.37201,17.85,0.1,203.6385,-1.64047
133433.24-013825.3,53464.3801,17.84,0.1,203.63851,-1.64041
133433.24-013825.3,53464.38814,17.79,0.1,203.63849,-1.64044
133433.24-013825.3,53734.48966,17.7,0.1,203.63836,-1.64036
133433.24-013825.3,53734.49752,17.7,0.1,203.63852,-1.64034
133433.24-013825.3,53734.50542,17.83,0.11,203.63849,-1.6404
133433.24-013825.3,53734.5133,17.83,0.11,203.63847,-1.64032
133433.24-013825.3,53553.19151,17.53,0.1,203.63852,-1.64033
133433.24-013825.3,53553.19796,17.52,0.1,203.63851,-1.64035
133433.24-013825.3,53553.20443,17.51,0.1,203.63848,-1.64057
133433.24-013825.3,53553.21092,17.46,0.1,203.63861,-1.64015
133433.24-013825.3,53498.28886,17.88,0.11,203.63849,-1.64056
133433.24-013825.3,53498.29592,17.74,0.1,203.63848,-1.6404
133433.24-013825.3,53498.30299,17.74,0.1,203.63846,-1.64032
133433.24-013825.3,53498.31002,17.79,0.11,203.63848,-1.64032
133433.24-013825.3,53521.23203,17.72,0.11,203.63851,-1.64038
133433.24-013825.3,53521.24062,17.64,0.1,203.63852,-1.64037
133433.24-013825.3,53521.24921,17.74,0.1,203.63845,-1.6404
133433.24-013825.3,53521.25783,17.8,0.11,203.63837,-1.64043
133433.24-013825.3,53844.33764,17.85,0.11,203.63832,-1.64037
133433.24-013825.3,53844.34624,18.09,0.12,203.63836,-1.6404
133433.24-013825.3,53844.35486,17.78,0.11,203.63842,-1.64028
133433.24-013825.3,53844.36347,17.89,0.11,203.63849,-1.64035
133433.24-013825.3,54094.50778,17.77,0.1,203.63851,-1.64029
133433.24-013825.3,54094.51618,17.72,0.1,203.63852,-1.64043
133433.24-013825.3,54094.52456,17.68,0.1,203.63844,-1.64042
133433.24-013825.3,54094.533,17.63,0.1,203.6384,-1.6405
133433.24-013825.3,53773.50309,17.92,0.11,203.63847,-1.64041
133433.24-013825.3,53773.51017,17.95,0.11,203.63845,-1.64049
133433.24-013825.3,53773.51731,18.03,0.12,203.63829,-1.64047
133433.24-013825.3,53773.52442,18.07,0.12,203.63846,-1.64036
133433.24-013825.3,53786.49967,17.83,0.11,203.63847,-1.64046
133433.24-013825.3,53786.50512,17.52,0.1,203.63854,-1.64057
133433.24-013825.3,53786.51053,17.71,0.1,203.6386,-1.64038
133433.24-013825.3,53786.51585,17.95,0.11,203.63861,-1.64042
133433.24-013825.3,53744.47145,17.87,0.11,203.63839,-1.64031
133433.24-013825.3,53744.47948,17.7,0.1,203.63843,-1.64036
133433.24-013825.3,53744.48754,17.71,0.1,203.63846,-1.64028
133433.24-013825.3,53744.4956,17.78,0.11,203.63846,-1.64047
133433.24-013825.3,53761.44328,17.68,0.1,203.63852,-1.64031
133433.24-013825.3,53761.44915,17.89,0.11,203.63839,-1.64029
133433.24-013825.3,53761.45503,17.86,0.11,203.63841,-1.64032
133433.24-013825.3,53761.46092,17.85,0.11,203.63846,-1.64036
133433.24-013825.3,53937.15577,17.9,0.12,203.63846,-1.64042
133433.24-013825.3,53937.16106,17.77,0.11,203.63836,-1.6403
133433.24-013825.3,53937.16637,17.71,0.11,203.63848,-1.64042
133433.24-013825.3,53937.17165,17.79,0.12,203.63832,-1.64047
133433.24-013825.3,53903.27018,17.65,0.26,203.63859,-1.64043
133433.24-013825.3,53903.27115,17.98,0.31,203.63809,-1.64033
133433.24-013825.3,53903.27214,18.13,0.34,203.63828,-1.64091
133433.24-013825.3,53903.27311,17.86,0.29,203.63837,-1.64074
133433.24-013825.3,53803.41606,17.93,0.13,203.63848,-1.64021
133433.24-013825.3,53803.42245,17.8,0.13,203.63827,-1.64034
133433.24-013825.3,53803.42885,17.71,0.12,203.63842,-1.6403
133433.24-013825.3,53803.43521,18.03,0.14,203.63841,-1.64045
133433.24-013825.3,53875.27679,17.83,0.11,203.63841,-1.64026
133433.24-013825.3,53875.28422,17.79,0.11,203.63841,-1.64027
133433.24-013825.3,53875.29168,17.83,0.11,203.63837,-1.64037
133433.24-013825.3,53875.29912,17.79,0.11,203.63841,-1.64038
133433.24-013825.3,53881.23932,17.71,0.09,203.63852,-1.64047
133433.24-013825.3,53881.25052,17.8,0.1,203.63835,-1.64042
133433.24-013825.3,53881.26175,17.78,0.1,203.63841,-1.64032
133433.24-013825.3,53881.27294,17.8,0.1,203.63856,-1.64042
133433.24-013825.3,54205.32842,17.56,0.1,203.63848,-1.64034
133433.24-013825.3,54205.33483,17.58,0.1,203.63856,-1.64042
133433.24-013825.3,54205.34124,17.63,0.1,203.63843,-1.6404
133433.24-013825.3,54205.34762,17.62,0.1,203.63853,-1.64039
133433.24-013825.3,54260.22998,17.73,0.1,203.63851,-1.64039
133433.24-013825.3,54260.2375,17.6,0.1,203.63853,-1.64039
133433.24-013825.3,54260.24505,17.65,0.1,203.63855,-1.64047
133433.24-013825.3,54260.25259,17.58,0.1,203.6384,-1.64048
133433.24-013825.3,54267.19472,17.74,0.11,203.63847,-1.64041
133433.24-013825.3,54267.20389,17.91,0.12,203.63836,-1.64043
133433.24-013825.3,54267.21311,17.67,0.1,203.63854,-1.64035
133433.24-013825.3,54267.22232,17.72,0.11,203.63856,-1.64031
133433.24-013825.3,54171.37252,17.67,0.1,203.63847,-1.64041
133433.24-013825.3,54171.38027,17.65,0.1,203.63852,-1.6404
133433.24-013825.3,54171.38803,17.6,0.1,203.63855,-1.64034
133433.24-013825.3,54171.39575,17.81,0.1,203.63844,-1.64038
133433.24-013825.3,54237.2612,17.86,0.15,203.63844,-1.64047
133433.24-013825.3,54237.27331,17.86,0.12,203.63852,-1.64032
133433.24-013825.3,54237.28242,17.79,0.11,203.63834,-1.64043
133433.24-013825.3,54237.28783,17.69,0.11,203.63843,-1.64016
133433.24-013825.3,54243.21373,17.67,0.1,203.63855,-1.64033
133433.24-013825.3,54243.21968,17.72,0.1,203.63844,-1.64008
133433.24-013825.3,54243.22561,17.67,0.1,203.63844,-1.64032
133433.24-013825.3,54243.23156,17.68,0.1,203.63845,-1.6404
133433.24-013825.3,54568.38655,17.9,0.11,203.63834,-1.64049
133433.24-013825.3,54568.39207,17.9,0.11,203.63851,-1.64028
133433.24-013825.3,54568.39766,17.9,0.11,203.63856,-1.64024
133433.24-013825.3,54568.40322,18.09,0.11,203.63842,-1.64031
133433.24-013825.3,54580.36352,17.73,0.1,203.63857,-1.64044
133433.24-013825.3,54580.37048,17.94,0.11,203.63838,-1.64035
133433.24-013825.3,54580.37748,17.8,0.1,203.63837,-1.64045
133433.24-013825.3,54580.3845,17.97,0.11,203.63825,-1.64049
133433.24-013825.3,54502.48074,17.93,0.11,203.63834,-1.64036
133433.24-013825.3,54502.49102,17.89,0.1,203.63849,-1.64034
133433.24-013825.3,54502.50133,17.86,0.1,203.63852,-1.64041
133433.24-013825.3,54502.5116,17.71,0.1,203.63833,-1.64045
133433.24-013825.3,54524.51394,17.81,0.1,203.63833,-1.64029
133433.24-013825.3,54524.52184,17.85,0.1,203.63846,-1.64025
133433.24-013825.3,54524.52967,17.93,0.11,203.63841,-1.64052
133433.24-013825.3,54524.53749,17.83,0.1,203.63847,-1.6404
133433.24-013825.3,54496.47597,17.79,0.1,203.63849,-1.64051
133433.24-013825.3,54496.48035,17.66,0.1,203.63837,-1.6405
133433.24-013825.3,54496.48468,17.89,0.1,203.63846,-1.64039
133433.24-013825.3,54496.48902,17.87,0.1,203.63834,-1.64031
133433.24-013825.3,54624.23533,17.98,0.1,203.63841,-1.6403
133433.24-013825.3,54624.24195,18.06,0.1,203.63831,-1.64029
133433.24-013825.3,54624.24855,17.82,0.1,203.63853,-1.64043
133433.24-013825.3,54624.25514,17.82,0.1,203.63848,-1.64045
133433.24-013825.3,54538.36558,17.81,0.09,203.63855,-1.64044
133433.24-013825.3,54538.3743,17.89,0.1,203.63848,-1.64044
133433.24-013825.3,54538.38304,17.88,0.1,203.63829,-1.64058
133433.24-013825.3,54538.39182,18.02,0.1,203.63846,-1.64038
133433.24-013825.3,54938.23824,17.91,0.11,203.63841,-1.64051
133433.24-013825.3,54938.2431,18.15,0.12,203.63833,-1.6404
133433.24-013825.3,54938.24791,17.99,0.11,203.63838,-1.64029
133433.24-013825.3,54938.2527,17.79,0.1,203.63844,-1.64052
133433.24-013825.3,54881.47935,17.84,0.1,203.63831,-1.64037
133433.24-013825.3,54881.48537,18.0,0.11,203.63849,-1.64035
133433.24-013825.3,54881.49139,17.68,0.1,203.63869,-1.64014
133433.24-013825.3,54881.49738,17.79,0.1,203.63847,-1.6406
133433.24-013825.3,54862.45078,17.91,0.11,203.63823,-1.64029
133433.24-013825.3,54862.46107,17.87,0.1,203.63833,-1.64029
133433.24-013825.3,54862.47142,17.91,0.11,203.63847,-1.64036
133433.24-013825.3,54862.48194,17.97,0.11,203.63844,-1.64029
133433.24-013825.3,54997.18261,18.14,0.12,203.63847,-1.6404
133433.24-013825.3,54997.18808,17.91,0.11,203.63858,-1.64048
133433.24-013825.3,54997.19349,18.0,0.11,203.63839,-1.64039
133433.24-013825.3,54997.1989,18.04,0.11,203.63831,-1.64042
133433.24-013825.3,54966.28965,18.06,0.11,203.63836,-1.64035
133433.24-013825.3,54966.29809,17.95,0.11,203.63851,-1.64051
133433.24-013825.3,54966.30648,18.0,0.11,203.6385,-1.64036
133433.24-013825.3,54966.31504,17.71,0.1,203.63839,-1.64048
133433.24-013825.3,54979.22672,17.88,0.11,203.63854,-1.64046
133433.24-013825.3,54979.23404,17.93,0.11,203.63854,-1.64029
133433.24-013825.3,54979.24137,17.88,0.11,203.63843,-1.64053
133433.24-013825.3,54979.24877,17.88,0.11,203.63845,-1.64029
133433.24-013825.3,55290.34629,18.22,0.12,203.63843,-1.64036
133433.24-013825.3,55290.35322,18.01,0.11,203.63854,-1.64037
133433.24-013825.3,55290.36018,18.1,0.12,203.63829,-1.64037
133433.24-013825.3,55290.36717,17.81,0.1,203.63846,-1.64053
133433.24-013825.3,55301.35754,17.77,0.1,203.63827,-1.6404
133433.24-013825.3,55301.36443,18.04,0.11,203.6383,-1.64037
133433.24-013825.3,55301.37146,18.09,0.12,203.63837,-1.64043
133433.24-013825.3,55301.37851,18.02,0.11,203.63837,-1.64048
133433.24-013825.3,55241.40888,18.0,0.11,203.63848,-1.64052
133433.24-013825.3,55241.41701,18.05,0.12,203.63845,-1.64037
133433.24-013825.3,55241.42522,17.83,0.11,203.63851,-1.64044
133433.24-013825.3,55241.43336,18.0,0.11,203.63828,-1.6404
133433.24-013825.3,55352.23049,17.9,0.11,203.63831,-1.64038
133433.24-013825.3,55352.23793,18.07,0.11,203.63844,-1.64032
133433.24-013825.3,55352.24533,17.83,0.11,203.63824,-1.64062
133433.24-013825.3,55352.25268,17.92,0.11,203.63848,-1.64033
133433.24-013825.3,55364.15896,18.02,0.13,203.6385,-1.64044
133433.24-013825.3,55364.16392,18.01,0.13,203.63828,-1.6404
133433.24-013825.3,55364.16893,18.08,0.14,203.63865,-1.64056
133433.24-013825.3,55364.17388,18.03,0.13,203.63839,-1.64042
133433.24-013825.3,55268.40052,18.15,0.12,203.63838,-1.64057
133433.24-013825.3,55268.40628,17.76,0.1,203.63858,-1.64038
133433.24-013825.3,55268.41209,17.95,0.11,203.63845,-1.64041
133433.24-013825.3,55268.41784,18.01,0.11,203.63843,-1.64049
133433.24-013825.3,55323.23682,17.88,0.1,203.63841,-1.64037
133433.24-013825.3,55323.24506,17.85,0.1,203.6384,-1.64052
133433.24-013825.3,55323.25334,18.08,0.1,203.63848,-1.64045
133433.24-013825.3,55323.26164,18.1,0.1,203.63838,-1.64049
133433.24-013825.3,55336.2627,18.05,0.11,203.63834,-1.6404
133433.24-013825.3,55336.27067,18.11,0.12,203.63847,-1.64045
133433.24-013825.3,55336.27875,17.85,0.11,203.63845,-1.6404
133433.24-013825.3,55336.28682,17.97,0.11,203.63837,-1.64041
133433.24-013825.3,55662.40004,17.75,0.1,203.63848,-1.64033
133433.24-013825.3,55662.40769,17.62,0.1,203.63842,-1.64045
133433.24-013825.3,55662.41546,17.77,0.11,203.63862,-1.6405
133433.24-013825.3,55662.42294,17.96,0.11,203.63839,-1.64029
133433.24-013825.3,55675.24519,17.74,0.12,203.63847,-1.64027
133433.24-013825.3,55675.25257,17.79,0.11,203.63849,-1.6402
133433.24-013825.3,55675.25994,17.8,0.12,203.63858,-1.6404
133433.24-013825.3,55675.26732,17.71,0.11,203.63849,-1.64044
133433.24-013825.3,55601.43707,17.85,0.11,203.63842,-1.64048
133433.24-013825.3,55601.44233,17.74,0.1,203.63856,-1.64035
133433.24-013825.3,55601.44753,17.94,0.11,203.63833,-1.64042
133433.24-013825.3,55601.45276,17.86,0.11,203.63854,-1.64037
133433.24-013825.3,55569.46945,17.92,0.11,203.63843,-1.64035
133433.24-013825.3,55569.47736,17.63,0.1,203.63839,-1.6404
133433.24-013825.3,55569.48533,17.93,0.11,203.6384,-1.64029
133433.24-013825.3,55569.4933,17.68,0.1,203.6384,-1.64034
133433.24-013825.3,55718.23984,17.82,0.11,203.6385,-1.6404
133433.24-013825.3,55718.24939,17.86,0.11,203.63834,-1.64039
133433.24-013825.3,55718.25934,17.83,0.11,203.63832,-1.64037
133433.24-013825.3,55718.26887,17.85,0.12,203.63834,-1.64039
133433.24-013825.3,55736.15147,17.94,0.11,203.63832,-1.64028
133433.24-013825.3,55736.15717,17.9,0.11,203.63831,-1.64041
133433.24-013825.3,55736.16288,17.86,0.11,203.63845,-1.64032
133433.24-013825.3,55736.16859,17.85,0.11,203.63844,-1.64051
133433.24-013825.3,55622.40333,17.71,0.09,203.6385,-1.64044
133433.24-013825.3,55622.41371,17.71,0.09,203.63852,-1.64044
133433.24-013825.3,55622.42418,17.81,0.1,203.63854,-1.64046
133433.24-013825.3,55622.43457,17.77,0.09,203.63853,-1.64042
133433.24-013825.3,55682.30748,17.8,0.09,203.63847,-1.64027
133433.24-013825.3,55682.31646,17.92,0.1,203.63841,-1.64044
133433.24-013825.3,55682.32554,17.73,0.09,203.6386,-1.64023
133433.24-013825.3,55682.33459,17.78,0.09,203.63853,-1.64049
133433.24-013825.3,55706.25706,17.87,0.11,203.63837,-1.64033
133433.24-013825.3,55706.26629,17.84,0.11,203.6385,-1.64048
133433.24-013825.3,55706.27558,17.78,0.11,203.63848,-1.64045
133433.24-013825.3,55706.28487,17.8,0.11,203.63852,-1.64046
133433.24-013825.3,55929.45313,17.79,0.11,203.63841,-1.64042
133433.24-013825.3,55929.46164,17.62,0.1,203.63867,-1.64052
133433.24-013825.3,55929.47027,17.73,0.1,203.63866,-1.64036
133433.24-013825.3,55929.47895,17.83,0.11,203.63841,-1.64022
133433.24-013825.3,55980.44492,17.88,0.1,203.63841,-1.64038
133433.24-013825.3,55980.45301,17.83,0.09,203.63844,-1.64042
133433.24-013825.3,55980.46118,17.86,0.1,203.6384,-1.64042
133433.24-013825.3,55980.46935,17.75,0.09,203.63839,-1.64032
133433.24-013825.3,55986.42118,17.64,0.1,203.63841,-1.6405
133433.24-013825.3,55986.4278,17.76,0.11,203.63844,-1.64052
133433.24-013825.3,55986.43454,17.72,0.11,203.63853,-1.64039
133433.24-013825.3,55986.44129,17.83,0.11,203.63849,-1.64039
133433.24-013825.3,55999.41288,17.58,0.1,203.63841,-1.64037
133433.24-013825.3,55999.41796,17.81,0.1,203.63857,-1.64032
133433.24-013825.3,55999.42304,17.83,0.11,203.63843,-1.64033
133433.24-013825.3,55999.42821,17.69,0.1,203.63848,-1.6404
133433.24-013825.3,56016.33399,17.92,0.11,203.63842,-1.64052
133433.24-013825.3,56016.34083,17.83,0.11,203.6384,-1.64044
133433.24-013825.3,56016.34778,17.77,0.1,203.63836,-1.64058
133433.24-013825.3,56016.35478,17.89,0.11,203.63838,-1.64039
133433.24-013825.3,56030.30075,17.9,0.13,203.63853,-1.64037
133433.24-013825.3,56030.30886,17.86,0.12,203.63838,-1.64051
133433.24-013825.3,56030.31224,17.82,0.11,203.63847,-1.64047
133433.24-013825.3,56030.31565,18.17,0.18,203.63853,-1.64043
133433.24-013825.3,56034.26937,17.57,0.1,203.63841,-1.64019
133433.24-013825.3,56034.27496,17.8,0.11,203.63853,-1.64031
133433.24-013825.3,56034.28066,17.81,0.11,203.63834,-1.64033
133433.24-013825.3,56034.28633,17.78,0.11,203.63838,-1.64037
133433.24-013825.3,56059.25306,17.64,0.1,203.6385,-1.64048
133433.24-013825.3,56059.2598,17.98,0.11,203.63841,-1.6404
133433.24-013825.3,56059.26665,17.83,0.1,203.63856,-1.64036
133433.24-013825.3,56059.2735,17.82,0.1,203.63836,-1.6405
133433.24-013825.3,56068.31276,17.91,0.11,203.63861,-1.64039
133433.24-013825.3,56068.32009,17.98,0.11,203.63851,-1.64034
133433.24-013825.3,56068.32748,17.92,0.11,203.63839,-1.64061
133433.24-013825.3,56068.3348,17.71,0.1,203.63845,-1.64058
133433.24-013825.3,56099.18103,17.83,0.11,203.63854,-1.64049
133433.24-013825.3,56099.18779,17.95,0.11,203.63854,-1.64032
133433.24-013825.3,56099.19453,17.75,0.11,203.63854,-1.64058
133433.24-013825.3,56099.20139,17.86,0.11,203.63853,-1.64039
133433.24-013825.3,56301.47209,17.93,0.11,203.63846,-1.64058
133433.24-013825.3,56301.47717,17.67,0.1,203.6384,-1.64027
133433.24-013825.3,56301.48224,17.82,0.11,203.63836,-1.64043
133433.24-013825.3,56301.48729,17.79,0.1,203.63838,-1.64037
133433.24-013825.3,56314.45437,17.87,0.11,203.6384,-1.64027
133433.24-013825.3,56314.46407,17.91,0.11,203.63845,-1.64042
133433.24-013825.3,56314.47372,17.83,0.11,203.63838,-1.64036
133433.24-013825.3,56314.48344,17.61,0.1,203.63838,-1.64032
133433.24-013825.3,56384.37442,17.94,0.11,203.63838,-1.64021
133433.24-013825.3,56384.38183,17.87,0.11,203.63841,-1.64058
133433.24-013825.3,56384.38916,17.83,0.11,203.63836,-1.64035
133433.24-013825.3,56384.3965,17.85,0.11,203.6385,-1.64048
133433.24-013825.3,56411.34807,17.88,0.11,203.63843,-1.6404
133433.24-013825.3,56411.35549,17.78,0.1,203.63846,-1.64015
133433.24-013825.3,56411.36294,17.77,0.1,203.63843,-1.64045
133433.24-013825.3,56411.37038,17.95,0.11,203.63845,-1.64039
133433.24-013825.3,56442.20689,17.88,0.11,203.63864,-1.64042
133433.24-013825.3,56442.21362,17.97,0.12,203.63847,-1.64052
133433.24-013825.3,56442.2204,17.61,0.1,203.63857,-1.64053
133433.24-013825.3,56442.22717,17.95,0.11,203.63842,-1.64028
133433.24-013825.3,56449.22049,17.68,0.1,203.63856,-1.64052
133433.24-013825.3,56449.22717,17.92,0.11,203.63845,-1.64038
133433.24-013825.3,56449.23394,17.82,0.11,203.63852,-1.64048
133433.24-013825.3,56449.2407,17.9,0.11,203.63836,-1.64034
133433.24-013825.3,54173.37772,22.2,0.37,203.63718,-1.64415
133433.24-013825.3,55665.26914,21.83,0.39,203.6374,-1.644
133433.24-013825.3,54173.36993,21.56,0.26,203.64027,-1.63713
133433.24-013825.3,54173.37772,22.45,0.42,203.64034,-1.63702
133433.24-013825.3,54173.38545,22.18,0.36,203.6404,-1.63715
133433.24-013825.3,54173.39329,21.7,0.28,203.64032,-1.63715
133433.24-013825.3,54585.25004,21.57,0.27,203.64038,-1.63708
133433.24-013825.3,54585.25618,22.11,0.36,203.6405,-1.637
133433.24-013825.3,54585.26852,22.19,0.38,203.64025,-1.63707
133433.24-013825.3,54617.25127,22.18,0.39,203.6403,-1.63711
133433.24-013825.3,54617.25883,21.39,0.25,203.64046,-1.63728
133433.24-013825.3,55688.27855,21.22,0.24,203.64043,-1.63713
133433.24-013825.3,56037.32298,21.82,0.36,203.64039,-1.63697
133433.24-013825.3,56068.25875,21.62,0.3,203.64043,-1.63712
133433.24-013825.3,56068.27382,21.98,0.37,203.64054,-1.63704
133433.24-013825.3,54450.53654,17.9,0.08,203.63845,-1.64043
133433.24-013825.3,54450.54182,17.93,0.08,203.63846,-1.6404
133433.24-013825.3,54450.54702,18.01,0.08,203.63843,-1.64041
133433.24-013825.3,54450.55227,18.01,0.08,203.63854,-1.64042
133433.24-013825.3,54173.36993,17.7,0.07,203.63848,-1.64038
133433.24-013825.3,54173.37772,17.72,0.07,203.63846,-1.64037
133433.24-013825.3,54173.38545,17.75,0.07,203.63847,-1.6404
133433.24-013825.3,54173.39329,17.72,0.07,203.63849,-1.6404
133433.24-013825.3,54585.25004,18.04,0.07,203.63849,-1.64038
133433.24-013825.3,54585.25618,17.98,0.07,203.63849,-1.64036
133433.24-013825.3,54585.26242,18.01,0.07,203.63852,-1.64039
133433.24-013825.3,54585.26852,17.99,0.07,203.63852,-1.64039
133433.24-013825.3,54529.41319,17.94,0.07,203.63845,-1.64038
133433.24-013825.3,54529.41975,17.94,0.07,203.63849,-1.64036
133433.24-013825.3,54529.42632,17.97,0.07,203.63848,-1.6404
133433.24-013825.3,54529.43287,17.96,0.07,203.63846,-1.64039
133433.24-013825.3,54617.2361,18.0,0.07,203.63844,-1.64036
133433.24-013825.3,54617.24365,18.05,0.08,203.63845,-1.6404
133433.24-013825.3,54617.25127,18.03,0.07,203.63844,-1.64035
133433.24-013825.3,54617.25883,17.99,0.07,203.63844,-1.64038
133433.24-013825.3,55665.24706,17.99,0.08,203.63845,-1.6404
133433.24-013825.3,55665.2544,17.97,0.08,203.63848,-1.64042
133433.24-013825.3,55665.26177,17.87,0.08,203.63849,-1.64043
133433.24-013825.3,55665.26914,17.94,0.08,203.63846,-1.64036
133433.24-013825.3,55648.40102,17.85,0.07,203.63849,-1.6404
133433.24-013825.3,55648.40628,17.88,0.07,203.63849,-1.64041
133433.24-013825.3,55648.41153,17.96,0.07,203.63851,-1.64038
133433.24-013825.3,55648.41676,17.9,0.07,203.63842,-1.64038
133433.24-013825.3,55688.25607,17.95,0.07,203.63848,-1.64033
133433.24-013825.3,55688.26363,17.96,0.07,203.6385,-1.64035
133433.24-013825.3,55688.27106,17.89,0.07,203.6385,-1.64037
133433.24-013825.3,55688.27855,17.89,0.07,203.63853,-1.64035
133433.24-013825.3,56037.30199,17.91,0.07,203.63851,-1.64037
133433.24-013825.3,56037.30896,17.86,0.07,203.63847,-1.64038
133433.24-013825.3,56037.31597,17.85,0.07,203.63848,-1.64041
133433.24-013825.3,56037.32298,17.98,0.08,203.63854,-1.64037
133433.24-013825.3,56068.25123,17.97,0.07,203.63848,-1.64039
133433.24-013825.3,56068.25875,17.94,0.07,203.63846,-1.64039
133433.24-013825.3,56068.26631,17.9,0.07,203.6385,-1.64039
133433.24-013825.3,56068.27382,18.01,0.07,203.63845,-1.64038
012715.48-001115.1,53710.1328,19.89,0.26,21.81471,-0.18729
012715.48-001115.1,53710.13928,18.97,0.17,21.81444,-0.18705
012715.48-001115.1,53710.14575,19.29,0.19,21.81454,-0.18735
012715.48-001115.1,53710.15224,19.12,0.18,21.8146,-0.18697
012715.48-001115.1,53729.13346,19.12,0.18,21.81489,-0.18754
012715.48-001115.1,53729.13964,19.55,0.22,21.81448,-0.1872
012715.48-001115.1,53729.14582,19.65,0.23,21.81473,-0.18709
012715.48-001115.1,53729.15201,19.09,0.18,21.81409,-0.18732
012715.48-001115.1,53675.24332,19.1,0.18,21.81449,-0.1873
012715.48-001115.1,53675.2492,19.18,0.19,21.8144,-0.18725
012715.48-001115.1,53675.25505,20.04,0.29,21.8145,-0.18696
012715.48-001115.1,53675.26093,19.06,0.18,21.81463,-0.18753
012715.48-001115.1,53703.09238,19.37,0.21,21.81475,-0.18733
012715.48-001115.1,53703.09895,19.61,0.23,21.81429,-0.18737
012715.48-001115.1,53703.10545,19.59,0.23,21.81466,-0.18729
012715.48-001115.1,53703.1119,19.2,0.19,21.81499,-0.18758
012715.48-001115.1,53646.35304,18.98,0.18,21.81453,-0.18745
012715.48-001115.1,53646.35962,19.35,0.21,21.81477,-0.18766
012715.48-001115.1,53646.36621,19.12,0.19,21.81476,-0.18722
012715.48-001115.1,53646.37278,19.29,0.21,21.81457,-0.18727
012715.48-001115.1,53651.30967,19.93,0.45,21.81468,-0.18694
012715.48-001115.1,53651.3228,19.21,0.2,21.81432,-0.18739
012715.48-001115.1,53651.32941,19.44,0.23,21.81441,-0.18728
012715.48-001115.1,53667.26289,19.45,0.21,21.8145,-0.18749
012715.48-001115.1,53667.27456,19.47,0.21,21.8146,-0.18734
012715.48-001115.1,53667.28595,19.45,0.21,21.81464,-0.18744
012715.48-001115.1,53667.29747,19.41,0.21,21.81463,-0.18714
012715.48-001115.1,53627.28384,19.83,0.3,21.81495,-0.18733
012715.48-001115.1,53627.29195,19.9,0.31,21.8145,-0.18758
012715.48-001115.1,53627.30808,19.95,0.32,21.81411,-0.18731
012715.48-001115.1,53637.4415,19.55,0.23,21.81463,-0.1876
012715.48-001115.1,53637.44988,19.93,0.28,21.81424,-0.18717
012715.48-001115.1,53637.4583,19.54,0.23,21.8144,-0.18719
012715.48-001115.1,53637.46678,19.18,0.2,21.81466,-0.1873
012715.48-001115.1,54090.14963,19.21,0.18,21.81447,-0.18728
012715.48-001115.1,54090.15739,19.29,0.19,21.81424,-0.18733
012715.48-001115.1,54090.16514,19.62,0.22,21.81423,-0.18731
012715.48-001115.1,54090.1729,19.05,0.17,21.81421,-0.18697
012715.48-001115.1,54055.235,19.59,0.2,21.8144,-0.18727
012715.48-001115.1,54055.24693,19.29,0.17,21.81453,-0.18721
012715.48-001115.1,54055.25889,19.45,0.18,21.81455,-0.18717
012715.48-001115.1,54055.27084,18.89,0.14,21.81443,-0.18685
012715.48-001115.1,54024.23546,19.44,0.2,21.81417,-0.18715
012715.48-001115.1,54024.24351,19.72,0.23,21.81459,-0.18727
012715.48-001115.1,54024.2596,19.12,0.17,21.81481,-0.18733
012715.48-001115.1,54030.30728,19.17,0.18,21.81407,-0.18758
012715.48-001115.1,54030.31372,20.11,0.28,21.81484,-0.18721
012715.48-001115.1,54030.3267,19.57,0.21,21.81456,-0.18716
012715.48-001115.1,53990.47475,19.15,0.18,21.81428,-0.18743
012715.48-001115.1,53990.47902,19.57,0.22,21.81486,-0.18728
012715.48-001115.1,53990.48328,18.54,0.14,21.81417,-0.18663
012715.48-001115.1,53990.48753,19.41,0.2,21.81439,-0.18738
012715.48-001115.1,53996.30766,19.52,0.21,21.81425,-0.18743
012715.48-001115.1,53996.31409,19.53,0.21,21.81466,-0.18719
012715.48-001115.1,53996.32052,19.35,0.19,21.81444,-0.18729
012715.48-001115.1,53996.327,19.16,0.17,21.81456,-0.18703
012715.48-001115.1,54004.38474,19.67,0.22,21.81428,-0.18719
012715.48-001115.1,54004.39351,18.96,0.16,21.81421,-0.18717
012715.48-001115.1,54004.40228,19.37,0.19,21.81456,-0.18731
012715.48-001115.1,54004.41106,19.55,0.21,21.81449,-0.18699
012715.48-001115.1,54440.08752,19.02,0.17,21.81481,-0.18763
012715.48-001115.1,54440.09403,19.51,0.21,21.81458,-0.18758
012715.48-001115.1,54440.10054,19.51,0.21,21.81482,-0.18747
012715.48-001115.1,54440.10701,19.31,0.19,21.81444,-0.18735
012715.48-001115.1,54127.09756,20.45,0.39,21.8147,-0.18785
012715.48-001115.1,54127.10577,19.45,0.23,21.81409,-0.18718
012715.48-001115.1,54127.11399,19.66,0.25,21.81489,-0.18732
012715.48-001115.1,54411.2021,19.27,0.19,21.81465,-0.18774
012715.48-001115.1,54411.21071,19.51,0.21,21.81463,-0.18733
012715.48-001115.1,54411.21928,19.19,0.18,21.81458,-0.18707
012715.48-001115.1,54411.22786,19.33,0.19,21.81444,-0.18709
012715.48-001115.1,54421.2545,18.9,0.16,21.81459,-0.18714
012715.48-001115.1,54421.2637,19.32,0.19,21.81466,-0.18729
012715.48-001115.1,54421.27299,19.02,0.17,21.81466,-0.18732
012715.48-001115.1,54421.28218,19.64,0.23,21.81424,-0.18724
012715.48-001115.1,54377.35968,19.4,0.2,21.81424,-0.18715
012715.48-001115.1,54377.36617,19.66,0.23,21.8147,-0.18703
012715.48-001115.1,54377.37699,19.42,0.21,21.81469,-0.18696
012715.48-001115.1,54384.23592,19.79,0.24,21.81431,-0.18722
012715.48-001115.1,54384.24387,19.86,0.25,21.81481,-0.18709
012715.48-001115.1,54384.25115,19.54,0.21,21.81472,-0.18691
012715.48-001115.1,54384.25828,19.43,0.2,21.81498,-0.1869
012715.48-001115.1,54392.24467,19.38,0.2,21.81463,-0.18695
012715.48-001115.1,54392.25126,19.41,0.2,21.81482,-0.18718
012715.48-001115.1,54392.25784,19.49,0.21,21.81481,-0.18725
012715.48-001115.1,54392.26441,19.58,0.22,21.81489,-0.18702
012715.48-001115.1,54404.23934,19.76,0.24,21.81474,-0.18721
012715.48-001115.1,54404.2458,19.64,0.23,21.8144,-0.1873
012715.48-001115.1,54404.25443,19.16,0.18,21.81479,-0.18701
012715.48-001115.1,54404.26088,19.64,0.22,21.81508,-0.18721
012715.48-001115.1,54348.41655,19.27,0.2,21.81417,-0.18729
012715.48-001115.1,54348.42471,19.48,0.22,21.81467,-0.18733
012715.48-001115.1,54348.43302,19.71,0.25,21.81446,-0.18736
012715.48-001115.1,54348.44133,19.6,0.23,21.81441,-0.18727
012715.48-001115.1,54355.35338,19.17,0.18,21.81465,-0.18733
012715.48-001115.1,54355.36098,19.63,0.22,21.81463,-0.18727
012715.48-001115.1,54355.36848,19.22,0.18,21.8148,-0.18689
012715.48-001115.1,54355.37605,19.35,0.19,21.81425,-0.18743
012715.48-001115.1,54831.11962,19.5,0.21,21.81446,-0.18694
012715.48-001115.1,54831.12817,19.22,0.18,21.81406,-0.18716
012715.48-001115.1,54831.13664,19.6,0.22,21.81469,-0.18747
012715.48-001115.1,54831.14511,19.3,0.19,21.81493,-0.18685
012715.48-001115.1,54466.14262,19.05,0.17,21.81435,-0.18698
012715.48-001115.1,54466.14908,19.57,0.21,21.81451,-0.18721
012715.48-001115.1,54466.15558,19.57,0.21,21.81433,-0.18744
012715.48-001115.1,54466.16207,19.64,0.22,21.81481,-0.18729
012715.48-001115.1,54483.1465,18.83,0.16,21.81459,-0.1871
012715.48-001115.1,54483.1616,19.83,0.26,21.81516,-0.18745
012715.48-001115.1,54773.24574,19.41,0.2,21.81467,-0.18745
012715.48-001115.1,54773.25168,19.47,0.2,21.81494,-0.18756
012715.48-001115.1,54773.25771,19.21,0.18,21.8146,-0.18718
012715.48-001115.1,54773.26356,19.52,0.21,21.8146,-0.1871
012715.48-001115.1,54789.18522,19.05,0.17,21.81458,-0.18738
012715.48-001115.1,54789.19345,19.68,0.22,21.81455,-0.1871
012715.48-001115.1,54789.20171,19.6,0.22,21.81456,-0.18714
012715.48-001115.1,54789.20991,19.09,0.17,21.81464,-0.18738
012715.48-001115.1,54747.35202,19.51,0.2,21.81477,-0.18733
012715.48-001115.1,54747.36175,19.19,0.17,21.81495,-0.18731
012715.48-001115.1,54747.37141,19.52,0.2,21.81448,-0.18699
012715.48-001115.1,54747.38124,20.36,0.32,21.81494,-0.18756
012715.48-001115.1,54768.28827,19.15,0.17,21.81495,-0.18708
012715.48-001115.1,54768.29493,19.48,0.2,21.81477,-0.18722
012715.48-001115.1,54768.30164,20.28,0.31,21.8151,-0.18726
012715.48-001115.1,54768.30827,19.51,0.21,21.81489,-0.18702
012715.48-001115.1,54715.37752,19.2,0.18,21.81452,-0.18703
012715.48-001115.1,54715.38579,19.57,0.22,21.81467,-0.18759
012715.48-001115.1,54715.39412,19.36,0.19,21.81489,-0.18691
012715.48-001115.1,54715.40247,19.55,0.21,21.81478,-0.18704
012715.48-001115.1,54730.44463,18.47,0.13,21.81466,-0.18704
012715.48-001115.1,54730.45101,20.35,0.32,21.81451,-0.18695
012715.48-001115.1,54730.45745,19.04,0.17,21.81501,-0.18775
012715.48-001115.1,54730.46384,19.14,0.18,21.81525,-0.18726
012715.48-001115.1,54738.32135,19.8,0.24,21.81483,-0.18684
012715.48-001115.1,54738.32789,19.42,0.19,21.81486,-0.18707
012715.48-001115.1,54738.33446,18.79,0.15,21.81433,-0.18731
012715.48-001115.1,54738.3411,19.56,0.21,21.81447,-0.18673
012715.48-001115.1,55060.42103,19.48,0.21,21.81455,-0.18698
012715.48-001115.1,55060.42682,19.27,0.19,21.81463,-0.18703
012715.48-001115.1,55060.43276,19.49,0.21,21.81471,-0.18718
012715.48-001115.1,55060.4388,19.39,0.2,21.81462,-0.18715
012715.48-001115.1,55073.32623,20.09,0.4,21.81323,-0.18645
012715.48-001115.1,55073.33017,19.92,0.36,21.81442,-0.18705
012715.48-001115.1,55073.33396,18.94,0.22,21.81469,-0.18688
012715.48-001115.1,55073.33792,19.56,0.32,21.81438,-0.18686
012715.48-001115.1,55182.10251,19.91,0.26,21.81492,-0.1872
012715.48-001115.1,55182.10817,19.33,0.19,21.81472,-0.18705
012715.48-001115.1,55182.11388,19.07,0.17,21.81398,-0.18759
012715.48-001115.1,55182.11961,19.74,0.24,21.81462,-0.18723
012715.48-001115.1,55153.18041,19.18,0.18,21.8147,-0.18713
012715.48-001115.1,55153.18859,19.73,0.24,21.8142,-0.18735
012715.48-001115.1,55153.1968,19.31,0.19,21.8148,-0.18726
012715.48-001115.1,55153.20504,19.43,0.21,21.81497,-0.18744
012715.48-001115.1,55113.29632,20.09,0.29,21.8145,-0.18771
012715.48-001115.1,55113.30356,19.83,0.26,21.81482,-0.18716
012715.48-001115.1,55113.31078,19.48,0.21,21.81498,-0.18709
012715.48-001115.1,55113.31792,19.22,0.19,21.81536,-0.18696
012715.48-001115.1,55119.27716,19.41,0.18,21.81417,-0.18714
012715.48-001115.1,55119.28515,18.94,0.14,21.81459,-0.18739
012715.48-001115.1,55119.29314,19.61,0.19,21.81456,-0.18706
012715.48-001115.1,55119.30107,19.73,0.2,21.81468,-0.18685
012715.48-001115.1,55084.41083,19.16,0.23,21.81459,-0.18716
012715.48-001115.1,55084.42851,19.53,0.27,21.81405,-0.18687
012715.48-001115.1,55090.32697,19.43,0.21,21.8149,-0.18763
012715.48-001115.1,55090.3374,19.56,0.22,21.81458,-0.18744
012715.48-001115.1,55090.34775,19.94,0.27,21.81292,-0.18751
012715.48-001115.1,55090.34775,19.37,0.2,21.81465,-0.18681
012715.48-001115.1,55090.3582,19.82,0.25,21.81441,-0.18692
012715.48-001115.1,55101.30174,19.77,0.25,21.81432,-0.18705
012715.48-001115.1,55101.3092,19.44,0.21,21.81463,-0.18721
012715.48-001115.1,55101.31646,19.67,0.23,21.81419,-0.18714
012715.48-001115.1,55101.3238,19.09,0.18,21.8151,-0.18725
012715.48-001115.1,55212.09661,19.14,0.18,21.81434,-0.18756
012715.48-001115.1,55212.10341,19.01,0.17,21.81424,-0.18706
012715.48-001115.1,55212.11077,20.07,0.28,21.81448,-0.18728
012715.48-001115.1,55212.11767,20.16,0.29,21.81439,-0.18709
012715.48-001115.1,55506.28531,19.19,0.15,21.81473,-0.18737
012715.48-001115.1,55506.3035,19.43,0.17,21.81477,-0.187
012715.48-001115.1,55506.31258,19.57,0.18,21.81426,-0.18729
012715.48-001115.1,55514.21999,19.46,0.21,21.81442,-0.18736
012715.48-001115.1,55514.23493,20.39,0.35,21.81408,-0.18702
012715.48-001115.1,55514.24245,19.86,0.26,21.81419,-0.18687
012715.48-001115.1,55530.19691,19.85,0.25,21.81487,-0.18626
012715.48-001115.1,55472.36057,20.21,0.32,21.81449,-0.18722
012715.48-001115.1,55472.37223,19.86,0.27,21.81469,-0.18693
012715.48-001115.1,55480.28252,19.62,0.23,21.81498,-0.18709
012715.48-001115.1,55480.29641,19.6,0.23,21.81477,-0.18694
012715.48-001115.1,55480.3034,20.55,0.37,21.81426,-0.18696
012715.48-001115.1,55498.25944,19.08,0.18,21.81455,-0.18713
012715.48-001115.1,55498.28209,19.77,0.25,21.81466,-0.18707
012715.48-001115.1,55455.36612,19.31,0.19,21.81411,-0.18743
012715.48-001115.1,55455.38213,19.73,0.24,21.81436,-0.18737
012715.48-001115.1,55455.3896,18.85,0.16,21.81467,-0.18719
012715.48-001115.1,55588.11776,20.09,0.3,21.81486,-0.18692
012715.48-001115.1,55588.12931,19.42,0.21,21.81419,-0.18684
012715.48-001115.1,55824.42049,18.83,0.15,21.81432,-0.1877
012715.48-001115.1,55824.42729,20.09,0.29,21.81457,-0.18755
012715.48-001115.1,55824.43408,19.71,0.24,21.8147,-0.1873
012715.48-001115.1,55824.44076,19.7,0.23,21.81492,-0.18736
012715.48-001115.1,55861.25268,19.31,0.2,21.81463,-0.18718
012715.48-001115.1,55861.25963,20.29,0.33,21.81463,-0.18736
012715.48-001115.1,55861.26653,19.7,0.24,21.81457,-0.18755
012715.48-001115.1,55861.27343,19.48,0.21,21.81494,-0.18729
012715.48-001115.1,55834.2862,19.03,0.17,21.81498,-0.18708
012715.48-001115.1,55834.29365,20.18,0.31,21.81464,-0.18732
012715.48-001115.1,55882.21163,19.11,0.18,21.81442,-0.18759
012715.48-001115.1,55882.21784,19.04,0.17,21.81433,-0.18754
012715.48-001115.1,55882.22409,19.8,0.25,21.81436,-0.1874
012715.48-001115.1,55882.23033,19.3,0.19,21.81445,-0.18722
012715.48-001115.1,55850.29065,19.33,0.29,21.81448,-0.18759
012715.48-001115.1,55850.29065,19.3,0.29,21.81448,-0.18759
012715.48-001115.1,55895.15804,19.8,0.25,21.81402,-0.18746
012715.48-001115.1,55895.16619,20.15,0.3,21.8143,-0.18711
012715.48-001115.1,55895.17424,19.43,0.2,21.81474,-0.18733
012715.48-001115.1,55895.18238,19.34,0.2,21.81464,-0.18735
012715.48-001115.1,56184.41052,19.61,0.23,21.81476,-0.18736
012715.48-001115.1,56184.41722,19.4,0.21,21.8144,-0.18703
012715.48-001115.1,56184.42399,19.12,0.18,21.81467,-0.18742
012715.48-001115.1,56184.43084,19.74,0.25,21.81404,-0.18728
012715.48-001115.1,56191.35107,19.53,0.23,21.81457,-0.1873
012715.48-001115.1,56191.3561,19.27,0.2,21.81434,-0.18725
012715.48-001115.1,56191.36116,19.8,0.26,21.81445,-0.18722
012715.48-001115.1,56191.36625,19.54,0.23,21.81439,-0.18741
012715.48-001115.1,56213.30872,19.98,0.28,21.81456,-0.18706
012715.48-001115.1,56213.31783,19.14,0.18,21.81454,-0.18719
012715.48-001115.1,56213.32695,19.03,0.17,21.81455,-0.18712
012715.48-001115.1,56213.33598,19.86,0.26,21.81473,-0.18681
012715.48-001115.1,56223.19918,19.22,0.19,21.81473,-0.18761
012715.48-001115.1,56223.20598,18.95,0.17,21.81482,-0.18723
012715.48-001115.1,56223.21107,19.78,0.25,21.81372,-0.18725
012715.48-001115.1,56223.21617,18.25,0.12,21.81456,-0.18772
012715.48-001115.1,56233.22661,20.65,0.4,21.81284,-0.18915
012715.48-001115.1,56233.22661,19.65,0.23,21.8149,-0.18718
012715.48-001115.1,56233.23678,19.47,0.21,21.81447,-0.18694
012715.48-001115.1,56233.24694,19.87,0.26,21.81454,-0.18728
012715.48-001115.1,56233.25711,19.02,0.17,21.8147,-0.18764
012715.48-001115.1,56273.13988,19.38,0.18,21.8145,-0.18743
012715.48-001115.1,56273.1466,19.46,0.18,21.81455,-0.18702
012715.48-001115.1,56273.15343,19.24,0.16,21.81463,-0.18736
012715.48-001115.1,56273.16023,19.37,0.17,21.81462,-0.18717
012715.48-001115.1,56297.11822,18.69,0.15,21.81461,-0.18734
012715.48-001115.1,56297.12496,19.89,0.26,21.81467,-0.18724
012715.48-001115.1,56297.13164,18.96,0.17,21.81454,-0.18737
012715.48-001115.1,56297.13834,19.04,0.17,21.81477,-0.18736
012715.48-001115.1,56540.36616,19.34,0.21,21.81464,-0.18743
012715.48-001115.1,56540.37165,19.38,0.22,21.81415,-0.18739
012715.48-001115.1,56540.37727,19.43,0.22,21.81485,-0.18774
012715.48-001115.1,56540.38292,19.38,0.22,21.81509,-0.18745
012715.48-001115.1,56560.2722,19.39,0.2,21.81452,-0.18774
012715.48-001115.1,56560.28055,20.13,0.3,21.81488,-0.18733
012715.48-001115.1,56560.29735,19.55,0.22,21.81482,-0.18711
012715.48-001115.1,56570.26918,19.9,0.26,21.81424,-0.18723
012715.48-001115.1,56570.27478,19.68,0.24,21.81459,-0.18727
012715.48-001115.1,56570.2804,19.19,0.19,21.81465,-0.18729
012715.48-001115.1,56570.28596,19.16,0.18,21.81459,-0.18719
012715.48-001115.1,56580.26648,19.49,0.21,21.81457,-0.18734
012715.48-001115.1,56580.27267,18.53,0.14,21.81528,-0.18778
012715.48-001115.1,56580.27886,19.37,0.2,21.8143,-0.18719
012715.48-001115.1,56580.28494,18.93,0.16,21.81408,-0.1877
012715.48-001115.1,56591.28703,19.55,0.22,21.81461,-0.18757
012715.48-001115.1,56591.29468,18.89,0.16,21.81409,-0.18809
012715.48-001115.1,56591.30232,19.13,0.18,21.81452,-0.18745
012715.48-001115.1,56591.30994,19.1,0.18,21.81413,-0.18711
012715.48-001115.1,54012.28027,19.44,0.11,21.81453,-0.18756
012715.48-001115.1,54012.28604,19.45,0.11,21.81458,-0.18756
012715.48-001115.1,54012.29159,19.56,0.12,21.81455,-0.18759
012715.48-001115.1,54012.2974,19.31,0.11,21.81456,-0.18753
012715.48-001115.1,54394.25492,19.5,0.13,21.81452,-0.18751
012715.48-001115.1,54394.26009,19.38,0.12,21.81457,-0.18753
012715.48-001115.1,54394.26525,19.49,0.13,21.81456,-0.1875
012715.48-001115.1,54394.27051,19.47,0.13,21.81456,-0.18759
012715.48-001115.1,54468.09082,19.38,0.1,21.81458,-0.1876
012715.48-001115.1,54468.09738,19.25,0.1,21.81454,-0.18749
012715.48-001115.1,54468.10394,19.54,0.11,21.81451,-0.18752
012715.48-001115.1,54468.11051,19.42,0.1,21.81453,-0.18755
012715.48-001115.1,54746.30091,19.45,0.11,21.81455,-0.18755
012715.48-001115.1,54746.30885,19.37,0.1,21.81456,-0.18758
012715.48-001115.1,54746.31673,19.48,0.11,21.8146,-0.18753
012715.48-001115.1,54746.32477,19.42,0.11,21.81459,-0.18756
012715.48-001115.1,54761.29278,19.48,0.13,21.8146,-0.18754
012715.48-001115.1,54761.29782,19.36,0.12,21.81462,-0.18754
012715.48-001115.1,54761.30285,19.34,0.12,21.8146,-0.18758
012715.48-001115.1,54761.30789,19.42,0.13,21.81462,-0.18763
012715.48-001115.1,55126.29012,19.49,0.12,21.81463,-0.18753
012715.48-001115.1,55126.29723,19.32,0.11,21.8146,-0.18752
012715.48-001115.1,55126.30435,19.5,0.12,21.81464,-0.18748
012715.48-001115.1,55126.31166,19.28,0.11,21.81457,-0.18754
012715.48-001115.1,55866.17608,19.5,0.11,21.81457,-0.18754
012715.48-001115.1,55866.18346,19.37,0.11,21.81457,-0.18748
012715.48-001115.1,55866.19099,19.42,0.11,21.81454,-0.18755
012715.48-001115.1,55866.19847,19.19,0.1,21.81449,-0.18755
012715.48-001115.1,55959.09661,19.38,0.11,21.81459,-0.18759
012715.48-001115.1,55959.10983,19.36,0.11,21.81456,-0.18757
012715.48-001115.1,55959.11917,19.35,0.11,21.81447,-0.18758
012715.48-001115.1,55959.12843,19.37,0.11,21.81453,-0.18752
012715.48-001115.1,56578.2667,19.33,0.11,21.81449,-0.18761
012715.48-001115.1,56578.2773,19.52,0.12,21.81452,-0.18752
012715.48-001115.1,54012.28027,21.73,0.32,21.81663,-0.18967
012715.48-001115.1,54012.2974,21.25,0.25,21.81662,-0.18987
012715.48-001115.1,54468.09082,21.57,0.27,21.81663,-0.18951
012715.48-001115.1,54746.30885,21.71,0.3,21.81674,-0.18965
012715.48-001115.1,54761.30285,21.18,0.29,21.81673,-0.18961
012715.48-001115.1,55126.29012,22.3,0.46,21.81653,-0.18947
012715.48-001115.1,55126.30435,22.34,0.46,21.81671,-0.18971
012715.48-001115.1,55866.17608,21.58,0.29,21.81666,-0.18946
012715.48-001115.1,55866.18346,21.7,0.31,21.81663,-0.18965
012715.48-001115.1,55866.19099,21.42,0.26,21.81657,-0.1897
012715.48-001115.1,55959.09661,21.41,0.27,21.81674,-0.18967
012715.48-001115.1,56578.2773,21.94,0.38,21.81654,-0.1897
134406.11+392817.4,53480.26263,17.68,0.1,206.02557,39.4718
134406.11+392817.4,53480.27085,17.75,0.1,206.02585,39.47161
134406.11+392817.4,53480.27917,17.91,0.11,206.02568,39.47171
134406.11+392817.4,53480.28762,17.85,0.1,206.02548,39.47184
134406.11+392817.4,53526.23333,17.75,0.1,206.02549,39.47177
134406.11+392817.4,53526.24156,17.75,0.1,206.0256,39.47184
134406.11+392817.4,53526.24973,17.77,0.1,206.02561,39.47182
134406.11+392817.4,53526.25791,17.59,0.1,206.02535,39.47168
134406.11+392817.4,53534.20125,17.78,0.1,206.02557,39.47179
134406.11+392817.4,53534.20999,17.67,0.1,206.02563,39.47181
134406.11+392817.4,53534.2187,17.66,0.1,206.02573,39.47173
134406.11+392817.4,53534.2275,17.7,0.1,206.0256,39.47179
134406.11+392817.4,53549.15921,18.28,0.16,206.02728,39.47181
134406.11+392817.4,53834.23734,17.77,0.12,206.0256,39.47161
134406.11+392817.4,53852.38578,17.79,0.11,206.02546,39.47169
134406.11+392817.4,53852.39338,17.66,0.1,206.02562,39.47174
134406.11+392817.4,53852.401,17.84,0.11,206.0255,39.4718
134406.11+392817.4,53852.40868,17.67,0.1,206.02538,39.47182
134406.11+392817.4,53900.33702,18.15,0.35,206.02615,39.4713
134406.11+392817.4,53900.33813,18.76,0.5,206.02634,39.47187
134406.11+392817.4,53796.38075,17.58,0.1,206.02558,39.47174
134406.11+392817.4,53796.38771,17.58,0.1,206.0255,39.4717
134406.11+392817.4,53796.39466,17.68,0.1,206.02559,39.47168
134406.11+392817.4,53796.40171,17.65,0.1,206.02555,39.4716
134406.11+392817.4,53861.26307,17.72,0.1,206.02551,39.47171
134406.11+392817.4,53861.27018,17.75,0.1,206.02551,39.47175
134406.11+392817.4,53861.277,17.65,0.1,206.02543,39.47167
134406.11+392817.4,53861.28369,17.71,0.1,206.02554,39.47162
134406.11+392817.4,53883.21432,17.89,0.11,206.0257,39.47176
134406.11+392817.4,53883.22092,17.87,0.11,206.02541,39.47178
134406.11+392817.4,53883.22749,17.77,0.11,206.02551,39.47174
134406.11+392817.4,53883.234,17.73,0.1,206.02547,39.47172
134406.11+392817.4,54209.35694,17.82,0.1,206.02557,39.47181
134406.11+392817.4,54209.36398,17.71,0.1,206.02561,39.47179
134406.11+392817.4,54209.37105,17.75,0.1,206.02564,39.47173
134406.11+392817.4,54209.37805,17.74,0.1,206.02552,39.47182
134406.11+392817.4,54265.23815,17.75,0.1,206.02553,39.47179
134406.11+392817.4,54265.24741,17.74,0.1,206.02558,39.47173
134406.11+392817.4,54265.25668,17.87,0.11,206.02594,39.4718
134406.11+392817.4,54265.26594,17.67,0.1,206.02573,39.47181
134406.11+392817.4,54272.21841,17.67,0.1,206.02576,39.47182
134406.11+392817.4,54272.22495,17.69,0.1,206.02564,39.47168
134406.11+392817.4,54272.23146,17.77,0.1,206.02566,39.4719
134406.11+392817.4,54272.238,17.72,0.1,206.02566,39.47171
134406.11+392817.4,54273.22351,17.74,0.1,206.02561,39.47171
134406.11+392817.4,54273.22952,17.77,0.1,206.02566,39.47177
134406.11+392817.4,54273.23549,17.89,0.11,206.02577,39.47167
134406.11+392817.4,54273.2415,17.66,0.1,206.02561,39.47174
134406.11+392817.4,54169.38639,17.72,0.1,206.02554,39.47167
134406.11+392817.4,54169.38962,17.73,0.1,206.0255,39.4717
134406.11+392817.4,54169.39283,17.75,0.1,206.02577,39.47179
134406.11+392817.4,54177.30733,17.73,0.1,206.02552,39.47163
134406.11+392817.4,54232.33485,17.68,0.1,206.0255,39.47184
134406.11+392817.4,54232.34193,17.79,0.1,206.0256,39.47175
134406.11+392817.4,54232.34903,17.84,0.11,206.02556,39.47177
134406.11+392817.4,54232.3561,17.67,0.1,206.02543,39.47163
134406.11+392817.4,54240.26675,17.88,0.11,206.0256,39.47166
134406.11+392817.4,54240.27647,17.7,0.1,206.02557,39.4716
134406.11+392817.4,54240.28614,17.72,0.1,206.02563,39.47178
134406.11+392817.4,54240.29569,17.74,0.1,206.02558,39.47181
134406.11+392817.4,54560.42939,17.66,0.1,206.02543,39.47165
134406.11+392817.4,54560.43443,17.71,0.1,206.02558,39.47182
134406.11+392817.4,54560.43949,17.73,0.1,206.02552,39.47178
134406.11+392817.4,54560.44453,17.74,0.1,206.0256,39.47166
134406.11+392817.4,54626.26848,17.69,0.1,206.02542,39.47174
134406.11+392817.4,54626.27583,17.64,0.1,206.0256,39.47173
134406.11+392817.4,54626.28321,17.65,0.1,206.02548,39.47169
134406.11+392817.4,54626.29054,17.76,0.1,206.02566,39.47182
134406.11+392817.4,54549.45213,17.74,0.11,206.02575,39.47185
134406.11+392817.4,54549.45906,17.71,0.11,206.0258,39.47174
134406.11+392817.4,54549.46625,17.38,0.1,206.02545,39.47165
134406.11+392817.4,54549.4732,17.81,0.11,206.02571,39.47193
134406.11+392817.4,54593.43222,17.63,0.1,206.02559,39.47197
134406.11+392817.4,54593.43707,17.75,0.1,206.02544,39.47187
134406.11+392817.4,54593.44192,17.72,0.1,206.02553,39.47186
134406.11+392817.4,54593.4468,17.62,0.1,206.02554,39.47168
134406.11+392817.4,55045.18845,17.86,0.13,206.02552,39.47184
134406.11+392817.4,55045.19337,17.29,0.1,206.02565,39.47176
134406.11+392817.4,55045.19822,17.58,0.12,206.02553,39.47179
134406.11+392817.4,55045.20317,17.18,0.1,206.0254,39.47159
134406.11+392817.4,54861.45425,17.77,0.1,206.02553,39.47187
134406.11+392817.4,54861.46541,17.54,0.09,206.02548,39.47171
134406.11+392817.4,54861.47652,17.82,0.1,206.0255,39.47169
134406.11+392817.4,55017.17622,17.92,0.15,206.02579,39.4719
134406.11+392817.4,55017.17955,17.47,0.12,206.02495,39.47193
134406.11+392817.4,55017.1829,17.4,0.12,206.02521,39.47173
134406.11+392817.4,55017.1862,17.5,0.12,206.02555,39.47155
134406.11+392817.4,54891.39674,17.53,0.09,206.02551,39.47169
134406.11+392817.4,54891.40405,17.93,0.1,206.0256,39.47182
134406.11+392817.4,54891.4114,17.73,0.1,206.02555,39.4718
134406.11+392817.4,54906.45403,17.72,0.1,206.02553,39.47169
134406.11+392817.4,54906.45964,17.78,0.1,206.02557,39.4719
134406.11+392817.4,54906.46524,17.79,0.1,206.02554,39.47191
134406.11+392817.4,54906.47083,17.71,0.1,206.02582,39.47188
134406.11+392817.4,54914.4171,17.66,0.1,206.02573,39.47177
134406.11+392817.4,54914.4288,17.69,0.1,206.02529,39.47176
134406.11+392817.4,54914.44047,17.84,0.1,206.02569,39.47187
134406.11+392817.4,54914.45194,17.61,0.09,206.02538,39.47163
134406.11+392817.4,54968.33055,17.86,0.11,206.02562,39.47195
134406.11+392817.4,54968.33979,17.73,0.1,206.02553,39.47179
134406.11+392817.4,54968.34897,17.75,0.11,206.02557,39.4721
134406.11+392817.4,54968.35805,17.61,0.1,206.02546,39.47168
134406.11+392817.4,55297.25587,17.51,0.09,206.02551,39.47154
134406.11+392817.4,55369.2737,17.71,0.1,206.02558,39.47167
134406.11+392817.4,55369.27893,17.67,0.1,206.02536,39.47179
134406.11+392817.4,55369.28414,17.82,0.1,206.02547,39.47158
134406.11+392817.4,55369.28936,17.55,0.1,206.02541,39.47126
134406.11+392817.4,55273.43204,17.68,0.1,206.02549,39.47162
134406.11+392817.4,55273.4378,17.78,0.1,206.02547,39.47166
134406.11+392817.4,55273.44363,17.58,0.09,206.02543,39.47156
134406.11+392817.4,55273.44942,17.46,0.09,206.02544,39.4714
134406.11+392817.4,55326.31487,17.6,0.1,206.02549,39.47154
134406.11+392817.4,55326.32233,17.74,0.1,206.02543,39.47172
134406.11+392817.4,55326.32977,17.67,0.1,206.0255,39.47163
134406.11+392817.4,55326.33732,17.78,0.1,206.02552,39.47168
134406.11+392817.4,55333.33866,17.73,0.1,206.02541,39.47164
134406.11+392817.4,55333.34443,17.55,0.09,206.02562,39.47159
134406.11+392817.4,55333.35024,17.66,0.1,206.02544,39.47143
134406.11+392817.4,55333.35607,17.75,0.1,206.02555,39.47153
134406.11+392817.4,55659.33178,17.77,0.1,206.02539,39.47176
134406.11+392817.4,55659.33851,17.79,0.1,206.02535,39.47177
134406.11+392817.4,55659.34554,17.84,0.11,206.02545,39.47173
134406.11+392817.4,55659.35247,17.75,0.1,206.02542,39.47187
134406.11+392817.4,55678.23681,17.87,0.11,206.02555,39.4719
134406.11+392817.4,55678.24241,17.86,0.11,206.02543,39.47159
134406.11+392817.4,55678.24813,17.64,0.1,206.02532,39.47183
134406.11+392817.4,55678.25387,17.74,0.1,206.02544,39.47167
134406.11+392817.4,55615.50367,18.1,0.13,206.02561,39.47194
134406.11+392817.4,55615.50875,17.66,0.11,206.02538,39.47199
134406.11+392817.4,55615.51388,17.75,0.11,206.02546,39.47194
134406.11+392817.4,55615.51896,17.77,0.11,206.02532,39.47191
134406.11+392817.4,55722.23387,17.86,0.11,206.02578,39.47178
134406.11+392817.4,55722.2407,17.66,0.1,206.02582,39.47201
134406.11+392817.4,55722.24763,17.86,0.11,206.02566,39.47173
134406.11+392817.4,55722.2545,17.79,0.11,206.02552,39.47185
134406.11+392817.4,55630.46352,17.77,0.1,206.02571,39.47185
134406.11+392817.4,55630.47103,17.9,0.11,206.02575,39.47208
134406.11+392817.4,55630.47865,17.81,0.1,206.02561,39.47199
134406.11+392817.4,55630.48621,17.71,0.1,206.02583,39.47187
134406.11+392817.4,55685.2685,17.91,0.12,206.02527,39.47184
134406.11+392817.4,55685.27517,17.58,0.1,206.0259,39.47196
134406.11+392817.4,55685.28161,17.85,0.13,206.02563,39.47183
134406.11+392817.4,55685.28791,18.01,0.15,206.02609,39.47211
134406.11+392817.4,53549.16425,17.71,0.1,206.02574,39.47173
134406.11+392817.4,53549.1708,17.62,0.1,206.02572,39.47167
134406.11+392817.4,53549.17733,17.64,0.1,206.02551,39.47184
134406.11+392817.4,53549.18383,17.85,0.11,206.02544,39.47179
134406.11+392817.4,54169.40349,17.72,0.11,206.02556,39.47184
134406.11+392817.4,54169.40605,17.7,0.1,206.02559,39.47158
134406.11+392817.4,54169.40872,17.69,0.1,206.02579,39.47176
134406.11+392817.4,54169.4115,17.76,0.1,206.02553,39.47173
134406.11+392817.4,56009.41237,17.69,0.09,206.02536,39.47152
134406.11+392817.4,56009.42056,17.8,0.09,206.02558,39.47166
134406.11+392817.4,56009.42873,17.69,0.09,206.02545,39.47169
134406.11+392817.4,56009.4369,17.75,0.09,206.02566,39.47157
134406.11+392817.4,56016.37643,17.72,0.1,206.02566,39.47167
134406.11+392817.4,56016.38399,17.83,0.1,206.02544,39.47164
134406.11+392817.4,56016.3914,17.8,0.1,206.02574,39.47163
134406.11+392817.4,56016.3987,17.76,0.11,206.02565,39.47164
134406.11+392817.4,56039.38154,17.81,0.1,206.02542,39.47164
134406.11+392817.4,56039.38829,17.73,0.1,206.02555,39.47173
134406.11+392817.4,56039.39508,17.73,0.1,206.02529,39.47148
134406.11+392817.4,56039.40182,17.7,0.1,206.02576,39.47171
134406.11+392817.4,56065.29441,17.72,0.1,206.02558,39.47149
134406.11+392817.4,56065.30165,17.75,0.1,206.02576,39.47174
134406.11+392817.4,56065.30895,17.75,0.1,206.02574,39.47146
134406.11+392817.4,56065.3162,17.71,0.1,206.02532,39.47152
134406.11+392817.4,56092.24043,17.76,0.1,206.0257,39.47158
134406.11+392817.4,56092.25009,17.89,0.1,206.02559,39.47135
134406.11+392817.4,56092.25978,17.79,0.1,206.02563,39.47142
134406.11+392817.4,56092.26952,17.79,0.1,206.02565,39.47156
134406.11+392817.4,56097.24304,17.72,0.1,206.02547,39.47171
134406.11+392817.4,56097.25109,17.65,0.1,206.02545,39.47162
134406.11+392817.4,56097.25915,17.71,0.1,206.02553,39.47156
134406.11+392817.4,56097.2672,17.81,0.1,206.02572,39.47161
134406.11+392817.4,56353.50131,17.88,0.11,206.0256,39.47174
134406.11+392817.4,56353.50698,17.72,0.1,206.02549,39.47166
134406.11+392817.4,56353.51261,17.89,0.11,206.02579,39.4716
134406.11+392817.4,56353.5183,17.63,0.1,206.02557,39.47157
134406.11+392817.4,56371.43235,16.93,0.12,206.02552,39.4717
134406.11+392817.4,56371.43633,17.62,0.15,206.02537,39.47181
134406.11+392817.4,56371.44028,17.47,0.14,206.02558,39.47191
134406.11+392817.4,56371.4442,17.27,0.12,206.02564,39.47167
134406.11+392817.4,56397.24055,17.5,0.09,206.0256,39.47158
134406.11+392817.4,56397.24784,17.56,0.1,206.02563,39.47158
134406.11+392817.4,56397.25513,17.54,0.09,206.02569,39.47167
134406.11+392817.4,56397.26247,17.7,0.1,206.02555,39.47176
134406.11+392817.4,56419.30246,17.59,0.1,206.02548,39.4718
134406.11+392817.4,56419.30987,17.59,0.1,206.0255,39.47156
134406.11+392817.4,56419.31732,17.69,0.1,206.02534,39.47172
134406.11+392817.4,56419.32484,17.58,0.1,206.02547,39.47171
134406.11+392817.4,56434.23162,17.67,0.1,206.02562,39.47181
134406.11+392817.4,56434.23499,17.66,0.1,206.02559,39.47158
134406.11+392817.4,56434.23836,17.36,0.09,206.02535,39.47176
134406.11+392817.4,56434.24174,17.43,0.09,206.02578,39.47188
134406.11+392817.4,56449.28443,17.54,0.1,206.02556,39.47165
134406.11+392817.4,56449.28891,17.61,0.1,206.02563,39.47167
134406.11+392817.4,56449.29338,17.52,0.1,206.02552,39.47156
134406.11+392817.4,56449.29784,17.52,0.1,206.02548,39.4716
134406.11+392817.4,56462.23847,17.45,0.09,206.02548,39.47155
134406.11+392817.4,56462.24352,17.43,0.09,206.02558,39.47169
134406.11+392817.4,56462.24859,17.62,0.1,206.02555,39.47166
134406.11+392817.4,56462.25367,17.49,0.1,206.02551,39.47172
121028.83+025454.2,53732.43409,18.91,0.17,182.62025,2.91527
121028.83+025454.2,53732.44062,18.55,0.14,182.62041,2.91507
121028.83+025454.2,53732.44724,18.7,0.15,182.6204,2.915
121028.83+025454.2,53732.454,18.65,0.15,182.62035,2.91505
121028.83+025454.2,53533.19974,18.55,0.15,182.62017,2.91493
121028.83+025454.2,53533.20742,18.76,0.16,182.62022,2.91524
121028.83+025454.2,53533.21487,18.71,0.16,182.62074,2.91519
121028.83+025454.2,53533.22241,18.38,0.14,182.62017,2.91497
121028.83+025454.2,53551.16616,18.66,0.15,182.62022,2.91509
121028.83+025454.2,53551.17255,18.73,0.16,182.62018,2.9151
121028.83+025454.2,53551.17898,18.9,0.17,182.61996,2.91482
121028.83+025454.2,53551.18538,18.71,0.16,182.62048,2.91529
121028.83+025454.2,53498.16573,18.35,0.13,182.62022,2.91521
121028.83+025454.2,53498.17223,18.49,0.14,182.62014,2.91524
121028.83+025454.2,53498.17876,18.48,0.14,182.61997,2.91515
121028.83+025454.2,53498.18527,18.65,0.15,182.62017,2.91501
121028.83+025454.2,53521.19284,18.98,0.17,182.62019,2.91485
121028.83+025454.2,53521.20093,18.98,0.17,182.62022,2.9151
121028.83+025454.2,53521.20904,18.95,0.17,182.62011,2.91516
121028.83+025454.2,53521.21712,18.59,0.15,182.62024,2.91495
121028.83+025454.2,53704.49163,18.51,0.14,182.62029,2.9151
121028.83+025454.2,53704.49813,18.55,0.15,182.62014,2.91514
121028.83+025454.2,53704.50468,18.95,0.18,182.62017,2.91485
121028.83+025454.2,53704.51127,18.56,0.15,182.61996,2.91497
121028.83+025454.2,53845.26706,18.97,0.18,182.62009,2.91496
121028.83+025454.2,53845.27456,18.65,0.15,182.62011,2.91494
121028.83+025454.2,53845.2821,18.83,0.17,182.62017,2.9149
121028.83+025454.2,53845.28962,18.69,0.16,182.62007,2.915
121028.83+025454.2,54094.46246,18.65,0.14,182.62022,2.915
121028.83+025454.2,54094.47349,18.55,0.13,182.62006,2.9154
121028.83+025454.2,54094.48355,18.43,0.13,182.62032,2.91493
121028.83+025454.2,54094.49359,18.74,0.15,182.62025,2.91512
121028.83+025454.2,53788.3629,18.69,0.15,182.62024,2.91497
121028.83+025454.2,53788.37327,18.72,0.15,182.62009,2.91502
121028.83+025454.2,53788.38981,18.57,0.14,182.62041,2.9151
121028.83+025454.2,53788.40637,18.35,0.13,182.62036,2.915
121028.83+025454.2,53742.47743,18.48,0.13,182.62003,2.91501
121028.83+025454.2,53742.48612,18.54,0.14,182.62024,2.91516
121028.83+025454.2,53742.49476,18.44,0.13,182.62023,2.91502
121028.83+025454.2,53742.50341,18.45,0.13,182.62031,2.91511
121028.83+025454.2,53765.47063,18.33,0.13,182.62007,2.9151
121028.83+025454.2,53765.47657,18.75,0.15,182.62019,2.91512
121028.83+025454.2,53765.48863,18.52,0.14,182.62001,2.9149
121028.83+025454.2,53904.21509,18.54,0.41,182.62011,2.91529
121028.83+025454.2,53907.17946,18.69,0.16,182.62018,2.9147
121028.83+025454.2,53907.18753,18.56,0.15,182.62033,2.91513
121028.83+025454.2,53907.19556,18.36,0.14,182.62041,2.91496
121028.83+025454.2,53907.20361,18.36,0.14,182.62024,2.91528
121028.83+025454.2,53816.43681,18.69,0.19,182.62031,2.91499
121028.83+025454.2,53816.44187,18.67,0.19,182.62017,2.91515
121028.83+025454.2,53816.44694,18.46,0.17,182.62011,2.91529
121028.83+025454.2,53816.45205,18.28,0.16,182.62006,2.91516
121028.83+025454.2,53874.20784,18.31,0.13,182.62038,2.9152
121028.83+025454.2,53874.21483,18.8,0.17,182.62035,2.91519
121028.83+025454.2,53874.22185,18.51,0.15,182.62009,2.91507
121028.83+025454.2,53874.22886,18.45,0.14,182.62012,2.91518
121028.83+025454.2,53880.17829,18.62,0.15,182.62013,2.91512
121028.83+025454.2,53880.18698,18.64,0.15,182.62,2.91497
121028.83+025454.2,53880.19572,18.35,0.13,182.62023,2.91516
121028.83+025454.2,53880.20442,18.49,0.14,182.62005,2.91495
121028.83+025454.2,53886.20219,18.3,0.13,182.62016,2.91505
121028.83+025454.2,53886.21128,18.3,0.13,182.62011,2.91492
121028.83+025454.2,53886.22036,18.6,0.15,182.62022,2.91501
121028.83+025454.2,53886.22947,18.5,0.14,182.62023,2.91476
121028.83+025454.2,54063.50401,18.8,0.15,182.62005,2.91509
121028.83+025454.2,54063.51057,18.59,0.14,182.62027,2.91501
121028.83+025454.2,54063.51711,18.5,0.13,182.62023,2.9152
121028.83+025454.2,54063.52362,18.62,0.14,182.6199,2.91521
121028.83+025454.2,54197.25699,18.66,0.14,182.61984,2.915
121028.83+025454.2,54197.26352,18.69,0.15,182.62017,2.91501
121028.83+025454.2,54197.27004,18.6,0.14,182.62009,2.91476
121028.83+025454.2,54197.27655,18.56,0.14,182.62025,2.9151
121028.83+025454.2,54140.45766,18.06,0.29,182.62058,2.91473
121028.83+025454.2,54140.45866,18.88,0.46,182.61996,2.91566
121028.83+025454.2,54140.46066,17.97,0.29,182.61953,2.91541
121028.83+025454.2,54146.43904,18.51,0.14,182.62023,2.91485
121028.83+025454.2,54146.445,19.07,0.18,182.61993,2.91503
121028.83+025454.2,54146.45095,18.46,0.14,182.62031,2.91503
121028.83+025454.2,54146.45695,18.46,0.14,182.62003,2.91485
121028.83+025454.2,54115.3901,18.84,0.15,182.62034,2.91482
121028.83+025454.2,54115.40036,18.53,0.13,182.62022,2.91496
121028.83+025454.2,54115.41069,18.74,0.15,182.62015,2.9151
121028.83+025454.2,54115.42105,18.52,0.13,182.62014,2.91491
121028.83+025454.2,54124.46145,18.57,0.14,182.62,2.91493
121028.83+025454.2,54124.46848,18.53,0.13,182.62027,2.91529
121028.83+025454.2,54124.47552,18.54,0.14,182.62014,2.915
121028.83+025454.2,54124.48267,18.62,0.14,182.62026,2.91495
121028.83+025454.2,54261.17622,18.75,0.15,182.62016,2.91485
121028.83+025454.2,54261.18261,18.95,0.17,182.6202,2.91467
121028.83+025454.2,54261.18901,18.59,0.14,182.62011,2.91485
121028.83+025454.2,54261.19541,18.3,0.13,182.62012,2.91508
121028.83+025454.2,54229.18556,18.59,0.15,182.62014,2.91513
121028.83+025454.2,54242.1459,18.56,0.14,182.62026,2.91531
121028.83+025454.2,54242.14969,18.8,0.16,182.62017,2.91485
121028.83+025454.2,54242.15347,18.51,0.14,182.6201,2.91527
121028.83+025454.2,54242.15725,18.4,0.13,182.62004,2.91498
121028.83+025454.2,54562.26959,18.72,0.13,182.62025,2.91496
121028.83+025454.2,54562.27493,18.56,0.12,182.62018,2.91516
121028.83+025454.2,54562.28023,18.53,0.12,182.62019,2.91527
121028.83+025454.2,54562.28553,18.52,0.12,182.62016,2.91495
121028.83+025454.2,54568.3218,18.77,0.15,182.62014,2.91496
121028.83+025454.2,54568.32795,18.57,0.14,182.62033,2.91513
121028.83+025454.2,54568.3341,18.53,0.14,182.62017,2.91509
121028.83+025454.2,54568.34022,18.81,0.15,182.62009,2.91522
121028.83+025454.2,54830.46647,18.93,0.16,182.62034,2.91474
121028.83+025454.2,54830.47176,18.61,0.14,182.62007,2.91505
121028.83+025454.2,54830.47704,18.41,0.13,182.62005,2.91519
121028.83+025454.2,54830.48226,18.6,0.14,182.6202,2.91501
121028.83+025454.2,54483.44917,18.42,0.13,182.62027,2.91523
121028.83+025454.2,54483.45574,18.63,0.14,182.62006,2.91492
121028.83+025454.2,54483.46234,18.6,0.14,182.62012,2.91514
121028.83+025454.2,54483.469,18.4,0.13,182.62033,2.91511
121028.83+025454.2,54495.48834,18.63,0.14,182.62007,2.9151
121028.83+025454.2,54495.49501,18.48,0.13,182.62014,2.91525
121028.83+025454.2,54495.5017,18.68,0.14,182.61993,2.91511
121028.83+025454.2,54495.50831,18.38,0.13,182.62036,2.91536
121028.83+025454.2,54625.18072,18.33,0.13,182.61994,2.91504
121028.83+025454.2,54625.18793,18.99,0.17,182.62026,2.91499
121028.83+025454.2,54625.1951,18.83,0.16,182.62005,2.91488
121028.83+025454.2,54625.20223,18.5,0.14,182.62039,2.91524
121028.83+025454.2,54587.15607,18.87,0.16,182.62025,2.91494
121028.83+025454.2,54587.16145,18.63,0.14,182.62029,2.91515
121028.83+025454.2,54587.16683,18.46,0.13,182.62027,2.91514
121028.83+025454.2,54587.17221,18.42,0.13,182.62026,2.91507
121028.83+025454.2,54800.48902,18.62,0.14,182.62025,2.91498
121028.83+025454.2,54800.49585,18.58,0.14,182.62044,2.91458
121028.83+025454.2,54800.50264,18.44,0.13,182.62033,2.91483
121028.83+025454.2,54800.50946,18.63,0.14,182.62033,2.91515
121028.83+025454.2,54924.24169,18.72,0.15,182.62026,2.9151
121028.83+025454.2,54924.24893,18.65,0.14,182.62002,2.91509
121028.83+025454.2,54924.25625,18.71,0.15,182.6201,2.91509
121028.83+025454.2,54924.26352,18.46,0.13,182.61994,2.91512
121028.83+025454.2,54948.25822,18.78,0.15,182.62019,2.91518
121028.83+025454.2,54948.26545,18.67,0.15,182.62024,2.91508
121028.83+025454.2,54948.27275,18.5,0.14,182.62019,2.91519
121028.83+025454.2,54948.28009,18.63,0.14,182.62016,2.9152
121028.83+025454.2,54863.4413,18.26,0.11,182.62016,2.91499
121028.83+025454.2,54863.44783,18.77,0.13,182.62024,2.91507
121028.83+025454.2,54863.45436,18.41,0.11,182.62021,2.91512
121028.83+025454.2,54863.46093,18.42,0.11,182.61991,2.91527
121028.83+025454.2,54997.16084,18.56,0.17,182.62031,2.91502
121028.83+025454.2,54997.16561,18.74,0.19,182.62019,2.91506
121028.83+025454.2,54997.17045,18.92,0.2,182.61993,2.91497
121028.83+025454.2,54997.17532,18.35,0.16,182.62015,2.91509
121028.83+025454.2,54905.32307,18.38,0.13,182.62029,2.91483
121028.83+025454.2,54905.32848,18.53,0.14,182.62007,2.91526
121028.83+025454.2,54905.33384,18.67,0.14,182.62015,2.91496
121028.83+025454.2,54905.33927,18.49,0.13,182.6203,2.91493
121028.83+025454.2,54966.25043,18.57,0.14,182.62033,2.91513
121028.83+025454.2,54966.25835,18.39,0.13,182.62026,2.91519
121028.83+025454.2,54966.26629,18.5,0.14,182.62039,2.91499
121028.83+025454.2,54966.27424,18.55,0.14,182.62031,2.91531
121028.83+025454.2,54978.21415,18.42,0.13,182.62037,2.9149
121028.83+025454.2,54978.22197,18.54,0.14,182.62029,2.91499
121028.83+025454.2,54978.22981,18.48,0.14,182.62035,2.91489
121028.83+025454.2,54979.22082,18.31,0.13,182.61986,2.91524
121028.83+025454.2,54979.22803,18.55,0.14,182.62032,2.91481
121028.83+025454.2,54979.23535,18.55,0.14,182.62008,2.91523
121028.83+025454.2,54979.24267,19.0,0.18,182.62018,2.91483
121028.83+025454.2,55533.50958,18.82,0.19,182.6202,2.91485
121028.83+025454.2,55533.51891,18.72,0.16,182.62033,2.91494
121028.83+025454.2,55533.52354,18.82,0.17,182.62008,2.91508
121028.83+025454.2,55539.47274,18.74,0.18,182.6198,2.91504
121028.83+025454.2,55539.48436,18.62,0.14,182.62044,2.91481
121028.83+025454.2,55539.49018,18.6,0.14,182.62007,2.91518
121028.83+025454.2,55545.48295,18.54,0.14,182.62027,2.91528
121028.83+025454.2,55545.49928,18.66,0.15,182.62041,2.91517
121028.83+025454.2,55545.50744,18.76,0.15,182.62017,2.91511
121028.83+025454.2,55241.37286,18.76,0.15,182.62018,2.91493
121028.83+025454.2,55241.38131,18.65,0.15,182.62039,2.91515
121028.83+025454.2,55241.38967,18.43,0.13,182.62009,2.91506
121028.83+025454.2,55241.39812,18.72,0.15,182.61998,2.91504
121028.83+025454.2,55245.53132,18.27,0.13,182.62038,2.91496
121028.83+025454.2,55245.53345,18.41,0.13,182.62012,2.91482
121028.83+025454.2,55245.53557,18.46,0.14,182.62041,2.9151
121028.83+025454.2,55245.53768,18.04,0.12,182.61992,2.91501
121028.83+025454.2,55260.34308,18.33,0.13,182.62038,2.91483
121028.83+025454.2,55260.34981,18.29,0.12,182.61971,2.91505
121028.83+025454.2,55260.35651,18.32,0.13,182.6201,2.91509
121028.83+025454.2,55260.36318,18.79,0.15,182.61988,2.91499
121028.83+025454.2,55267.40657,18.52,0.14,182.62004,2.91486
121028.83+025454.2,55267.41322,18.41,0.13,182.61999,2.91503
121028.83+025454.2,55267.41981,18.47,0.13,182.62008,2.91499
121028.83+025454.2,55267.42642,18.63,0.14,182.62033,2.91502
121028.83+025454.2,55527.53192,18.19,0.15,182.61997,2.91521
121028.83+025454.2,55527.53658,18.65,0.18,182.6203,2.91543
121028.83+025454.2,55655.30653,18.42,0.12,182.62031,2.91504
121028.83+025454.2,55655.31345,18.47,0.12,182.62006,2.91496
121028.83+025454.2,55655.32037,18.65,0.13,182.6201,2.91508
121028.83+025454.2,55655.3273,18.51,0.12,182.62029,2.91514
121028.83+025454.2,55663.16386,18.78,0.16,182.62019,2.91507
121028.83+025454.2,55663.16897,18.77,0.16,182.62028,2.91509
121028.83+025454.2,55663.17414,18.48,0.14,182.62041,2.91499
121028.83+025454.2,55663.17936,18.57,0.15,182.62015,2.91496
121028.83+025454.2,55596.40324,18.64,0.13,182.62026,2.91513
121028.83+025454.2,55596.41163,18.68,0.13,182.62017,2.91503
121028.83+025454.2,55596.42001,18.59,0.12,182.62025,2.9149
121028.83+025454.2,55596.42839,18.65,0.13,182.62018,2.91518
121028.83+025454.2,55601.41571,18.76,0.15,182.62018,2.91522
121028.83+025454.2,55601.42089,18.37,0.13,182.62005,2.91541
121028.83+025454.2,55601.42609,18.74,0.15,182.62033,2.91522
121028.83+025454.2,55601.43129,18.46,0.14,182.62026,2.91515
121028.83+025454.2,55563.4659,18.72,0.15,182.6202,2.91501
121028.83+025454.2,55563.47341,18.39,0.13,182.62006,2.91482
121028.83+025454.2,55563.48158,18.42,0.13,182.62016,2.91507
121028.83+025454.2,55563.48919,18.83,0.16,182.61999,2.91496
121028.83+025454.2,55574.51563,18.32,0.13,182.62037,2.91528
121028.83+025454.2,55574.52142,18.4,0.13,182.62032,2.91504
121028.83+025454.2,55574.52724,18.81,0.15,182.62007,2.91501
121028.83+025454.2,55574.53309,18.33,0.13,182.62036,2.91508
121028.83+025454.2,55588.49352,18.61,0.14,182.61994,2.91517
121028.83+025454.2,55588.4987,18.65,0.15,182.62016,2.91499
121028.83+025454.2,55588.50393,18.38,0.13,182.62006,2.91521
121028.83+025454.2,55588.50917,18.57,0.14,182.62023,2.91499
121028.83+025454.2,55624.38446,18.67,0.13,182.62006,2.91518
121028.83+025454.2,55624.39554,18.42,0.12,182.62003,2.91534
121028.83+025454.2,55624.4066,18.75,0.14,182.62021,2.91514
121028.83+025454.2,55624.41772,18.57,0.13,182.62013,2.91508
121028.83+025454.2,55644.22577,18.83,0.16,182.62017,2.91503
121028.83+025454.2,55644.23206,18.48,0.14,182.62014,2.9149
121028.83+025454.2,55644.23837,18.65,0.15,182.6204,2.91507
121028.83+025454.2,55644.24472,18.68,0.15,182.62009,2.91503
121028.83+025454.2,55688.18095,18.46,0.14,182.62009,2.91489
121028.83+025454.2,55688.18615,18.58,0.15,182.62029,2.91522
121028.83+025454.2,55688.19132,18.67,0.15,182.62009,2.91511
121028.83+025454.2,55688.1965,18.54,0.14,182.62021,2.91503
121028.83+025454.2,53464.30489,18.56,0.14,182.62025,2.91499
121028.83+025454.2,53464.31298,18.68,0.14,182.62019,2.91512
121028.83+025454.2,53464.32115,18.54,0.14,182.62033,2.91505
121028.83+025454.2,53464.32921,18.48,0.13,182.62026,2.91514
121028.83+025454.2,54229.24247,18.59,0.14,182.62013,2.91501
121028.83+025454.2,54229.25305,18.43,0.13,182.62047,2.91494
121028.83+025454.2,54229.26231,18.63,0.15,182.62001,2.91496
121028.83+025454.2,54229.27157,18.92,0.17,182.62027,2.91504
121028.83+025454.2,55920.45177,18.55,0.14,182.62005,2.91498
121028.83+025454.2,55920.46095,18.45,0.13,182.62024,2.91506
121028.83+025454.2,55920.47022,18.6,0.14,182.61999,2.91496
121028.83+025454.2,55920.47945,18.5,0.14,182.62036,2.91519
121028.83+025454.2,55927.48181,18.37,0.13,182.62033,2.91521
121028.83+025454.2,55927.49091,18.63,0.14,182.62018,2.91494
121028.83+025454.2,55927.50026,18.59,0.14,182.62044,2.91497
121028.83+025454.2,55927.50945,18.48,0.13,182.62005,2.91521
121028.83+025454.2,55959.4233,18.61,0.14,182.6204,2.9151
121028.83+025454.2,55959.42899,18.69,0.15,182.62036,2.91498
121028.83+025454.2,55959.43471,18.51,0.14,182.62006,2.91505
121028.83+025454.2,55959.44043,18.83,0.16,182.62002,2.91508
121028.83+025454.2,55999.31358,18.74,0.15,182.62035,2.91516
121028.83+025454.2,55999.31957,18.5,0.14,182.62023,2.91525
121028.83+025454.2,55999.32565,18.48,0.14,182.62014,2.91477
121028.83+025454.2,55999.33163,18.53,0.14,182.62015,2.91513
121028.83+025454.2,56003.28428,18.3,0.11,182.62017,2.91505
121028.83+025454.2,56003.29308,18.56,0.12,182.62023,2.91493
121028.83+025454.2,56003.30191,18.55,0.12,182.62027,2.91516
121028.83+025454.2,56003.31082,18.49,0.12,182.62003,2.91502
121028.83+025454.2,56007.28405,18.63,0.13,182.62023,2.91489
121028.83+025454.2,56007.29433,18.5,0.12,182.62011,2.91496
121028.83+025454.2,56007.3047,18.6,0.13,182.62018,2.91498
121028.83+025454.2,56007.31498,18.67,0.13,182.62022,2.91526
121028.83+025454.2,56013.22016,18.69,0.15,182.62043,2.91506
121028.83+025454.2,56013.22606,18.41,0.14,182.62036,2.91514
121028.83+025454.2,56013.23195,18.4,0.13,182.62018,2.91503
121028.83+025454.2,56013.2379,18.51,0.14,182.62031,2.91511
121028.83+025454.2,56028.2326,18.23,0.12,182.62012,2.91511
121028.83+025454.2,56028.2371,18.41,0.13,182.62004,2.91519
121028.83+025454.2,56028.24161,18.26,0.13,182.62014,2.9152
121028.83+025454.2,56028.24615,18.7,0.15,182.62017,2.91494
121028.83+025454.2,56035.24615,18.49,0.14,182.62016,2.91522
121028.83+025454.2,56035.2512,18.42,0.13,182.62019,2.91493
121028.83+025454.2,56035.25629,18.55,0.14,182.62005,2.91509
121028.83+025454.2,56035.26129,18.7,0.15,182.62035,2.91523
121028.83+025454.2,56046.23658,18.52,0.14,182.62016,2.91496
121028.83+025454.2,56046.24334,18.47,0.14,182.61998,2.9151
121028.83+025454.2,56046.25013,18.5,0.14,182.62017,2.91515
121028.83+025454.2,56046.25694,18.38,0.13,182.62006,2.91525
121028.83+025454.2,56062.26717,18.61,0.14,182.61999,2.91509
121028.83+025454.2,56062.27488,18.34,0.13,182.62034,2.9149
121028.83+025454.2,56062.28377,18.51,0.14,182.61974,2.91477
121028.83+025454.2,56062.29127,18.52,0.14,182.62023,2.9152
121028.83+025454.2,56068.27616,18.42,0.13,182.62011,2.91513
121028.83+025454.2,56068.28404,18.75,0.15,182.62044,2.91511
121028.83+025454.2,56068.29197,18.55,0.14,182.62025,2.91493
121028.83+025454.2,56068.2999,18.27,0.13,182.62042,2.91509
121028.83+025454.2,56075.15757,18.73,0.16,182.6202,2.91479
121028.83+025454.2,56075.16446,18.43,0.14,182.62012,2.91511
121028.83+025454.2,56075.17149,18.62,0.16,182.62028,2.9149
121028.83+025454.2,56075.17845,18.82,0.17,182.62045,2.91521
121028.83+025454.2,56093.19046,18.52,0.14,182.62038,2.91508
121028.83+025454.2,56093.19606,18.2,0.12,182.6201,2.91522
121028.83+025454.2,56093.20166,18.67,0.15,182.62026,2.91483
121028.83+025454.2,56093.20736,18.56,0.14,182.62038,2.91499
121028.83+025454.2,56101.15759,19.18,0.2,182.62024,2.91557
121028.83+025454.2,56101.169,18.31,0.13,182.62021,2.9156
121028.83+025454.2,56101.17477,18.3,0.14,182.62026,2.91482
121028.83+025454.2,56263.49074,18.21,0.12,182.62033,2.9147
121028.83+025454.2,56263.49584,19.31,0.2,182.62045,2.9148
121028.83+025454.2,56263.50097,18.84,0.16,182.62019,2.91514
121028.83+025454.2,56263.50918,18.53,0.14,182.62044,2.915
121028.83+025454.2,56271.47379,18.71,0.15,182.61956,2.91483
121028.83+025454.2,56271.48172,18.28,0.12,182.62036,2.91513
121028.83+025454.2,56271.48969,18.59,0.14,182.62028,2.91508
121028.83+025454.2,56271.4977,18.83,0.16,182.62028,2.91519
121028.83+025454.2,56299.50542,18.74,0.15,182.6203,2.91494
121028.83+025454.2,56299.51009,18.39,0.13,182.62017,2.915
121028.83+025454.2,56299.51471,18.56,0.14,182.62027,2.9151
121028.83+025454.2,56299.51928,18.74,0.15,182.62019,2.91501
121028.83+025454.2,56311.46568,18.7,0.15,182.61998,2.91521
121028.83+025454.2,56311.47078,18.72,0.15,182.62016,2.91487
121028.83+025454.2,56311.47594,18.48,0.14,182.61997,2.91502
121028.83+025454.2,56311.48103,18.61,0.15,182.62012,2.91508
121028.83+025454.2,56339.37482,18.57,0.14,182.62031,2.91515
121028.83+025454.2,56339.37982,18.51,0.14,182.62018,2.91501
121028.83+025454.2,56339.38497,18.59,0.14,182.62008,2.91516
121028.83+025454.2,56339.39001,18.59,0.14,182.62011,2.91515
121028.83+025454.2,56356.28056,18.44,0.14,182.6202,2.91505
121028.83+025454.2,56356.28956,18.5,0.14,182.62021,2.91519
121028.83+025454.2,56356.29867,18.4,0.13,182.62047,2.91509
121028.83+025454.2,56356.30773,18.42,0.13,182.62048,2.9152
121028.83+025454.2,55947.5029,18.38,0.13,182.62026,2.91502
121028.83+025454.2,55947.50816,18.62,0.14,182.62017,2.9152
121028.83+025454.2,55947.51341,18.48,0.13,182.62016,2.91506
121028.83+025454.2,55947.51865,18.3,0.13,182.62018,2.91506
121028.83+025454.2,56383.23718,18.8,0.16,182.62029,2.91516
121028.83+025454.2,56383.24554,18.57,0.14,182.62042,2.91529
121028.83+025454.2,56383.25399,18.75,0.15,182.62013,2.91516
121028.83+025454.2,56383.26249,18.55,0.14,182.62005,2.91518
121028.83+025454.2,56393.24214,18.47,0.14,182.61998,2.91506
121028.83+025454.2,56393.24718,18.51,0.14,182.62013,2.91507
121028.83+025454.2,56393.25226,18.22,0.12,182.61987,2.9151
121028.83+025454.2,56393.25731,18.53,0.14,182.6202,2.91513
121028.83+025454.2,56425.13908,18.54,0.14,182.62024,2.91528
121028.83+025454.2,56425.14412,18.53,0.14,182.62017,2.91524
121028.83+025454.2,56425.14917,18.7,0.15,182.62035,2.91506
121028.83+025454.2,56425.15427,18.49,0.14,182.62002,2.91517
121028.83+025454.2,56444.15212,18.64,0.15,182.6203,2.91512
121028.83+025454.2,56444.15891,18.65,0.15,182.62041,2.91484
121028.83+025454.2,56444.16564,18.38,0.13,182.62029,2.91498
121028.83+025454.2,56444.17242,18.56,0.14,182.62004,2.91487
121028.83+025454.2,54584.17293,22.13,0.37,182.62429,2.91268
121028.83+025454.2,54584.18948,22.68,0.5,182.62415,2.91282
121028.83+025454.2,55300.22042,21.41,0.29,182.62432,2.91233
121028.83+025454.2,56007.31889,21.62,0.3,182.62462,2.91247
121028.83+025454.2,54157.30494,21.69,0.25,182.6221,2.91198
121028.83+025454.2,54524.40787,22.36,0.42,182.62184,2.91172
121028.83+025454.2,56007.3073,22.58,0.51,182.62245,2.91203
121028.83+025454.2,56007.31308,21.93,0.36,182.62273,2.9108
121028.83+025454.2,53798.3169,22.01,0.37,182.61745,2.91732
121028.83+025454.2,53820.29325,20.95,0.21,182.6174,2.91711
121028.83+025454.2,53820.30825,19.65,0.12,182.6161,2.91723
121028.83+025454.2,53820.31565,21.07,0.23,182.61741,2.917
121028.83+025454.2,54213.24549,22.05,0.35,182.61721,2.91698
121028.83+025454.2,54213.26511,21.61,0.28,182.61716,2.91719
121028.83+025454.2,54157.30494,20.77,0.16,182.61722,2.91741
121028.83+025454.2,54157.31369,21.57,0.23,182.61739,2.9172
121028.83+025454.2,54242.17704,21.97,0.33,182.61733,2.91713
121028.83+025454.2,54242.18469,21.75,0.29,182.61747,2.91709
121028.83+025454.2,54242.19235,22.31,0.4,182.61715,2.91727
121028.83+025454.2,54562.27626,21.23,0.23,182.61733,2.91737
121028.83+025454.2,54562.2851,21.62,0.28,182.61747,2.91727
121028.83+025454.2,54562.29401,21.84,0.32,182.61739,2.91717
121028.83+025454.2,54562.30281,21.25,0.23,182.61743,2.91731
121028.83+025454.2,54584.17293,21.76,0.3,182.61742,2.91713
121028.83+025454.2,54584.17842,21.24,0.23,182.61725,2.91707
121028.83+025454.2,54584.18393,21.27,0.23,182.61716,2.91708
121028.83+025454.2,54524.40787,21.83,0.31,182.6174,2.91727
121028.83+025454.2,54524.41859,21.8,0.31,182.6172,2.91715
121028.83+025454.2,54553.2882,21.4,0.39,182.61751,2.91716
121028.83+025454.2,54553.29322,21.22,0.35,182.61712,2.91723
121028.83+025454.2,54951.24156,21.75,0.33,182.61711,2.91714
121028.83+025454.2,54917.39529,21.9,0.36,182.61707,2.91683
121028.83+025454.2,55246.4085,21.82,0.47,182.61752,2.91745
121028.83+025454.2,55246.42588,21.19,0.33,182.61742,2.91714
121028.83+025454.2,55327.15304,21.15,0.24,182.61743,2.91727
121028.83+025454.2,55327.16085,20.97,0.22,182.61715,2.91727
121028.83+025454.2,55327.16865,21.93,0.36,182.61727,2.91715
121028.83+025454.2,55676.21015,22.37,0.48,182.61725,2.91702
121028.83+025454.2,55676.21714,21.94,0.36,182.61738,2.91701
121028.83+025454.2,53798.33561,21.68,0.31,182.61727,2.91725
121028.83+025454.2,53798.34304,21.66,0.3,182.61732,2.91735
121028.83+025454.2,55888.52319,21.46,0.27,182.61732,2.91725
121028.83+025454.2,56003.37723,20.65,0.18,182.61732,2.91737
121028.83+025454.2,56003.39113,21.43,0.27,182.61721,2.91724
121028.83+025454.2,56003.39813,21.08,0.23,182.61735,2.91729
121028.83+025454.2,56007.31308,21.48,0.28,182.61753,2.91725
121028.83+025454.2,56007.31889,21.91,0.35,182.61742,2.91743
121028.83+025454.2,56007.32467,22.11,0.39,182.61741,2.91694
121028.83+025454.2,56018.23235,21.27,0.26,182.61737,2.91723
121028.83+025454.2,56018.2398,21.67,0.32,182.61721,2.91728
121028.83+025454.2,56366.35385,21.49,0.31,182.61723,2.91719
121028.83+025454.2,56366.35926,20.95,0.24,182.61728,2.91721
121028.83+025454.2,56366.36475,21.35,0.29,182.61749,2.91731
121028.83+025454.2,56366.37026,21.43,0.3,182.61737,2.91733
121028.83+025454.2,56395.29846,21.17,0.27,182.61725,2.91716
121028.83+025454.2,56395.30572,21.71,0.37,182.61737,2.91725
121028.83+025454.2,53798.3169,22.54,0.5,182.61719,2.91923
121028.83+025454.2,53820.30089,20.81,0.2,182.61708,2.91892
121028.83+025454.2,53820.30825,19.94,0.13,182.61605,2.91879
121028.83+025454.2,54213.24549,21.17,0.22,182.61687,2.91903
121028.83+025454.2,54213.25855,22.33,0.41,182.6171,2.91897
121028.83+025454.2,54157.30494,21.45,0.22,182.61725,2.91896
121028.83+025454.2,54562.29401,22.29,0.41,182.61707,2.91895
121028.83+025454.2,54562.30281,21.83,0.32,182.61708,2.91896
121028.83+025454.2,54584.17293,21.73,0.3,182.61726,2.91913
121028.83+025454.2,54524.41859,22.22,0.39,182.61719,2.91909
121028.83+025454.2,54553.28318,21.83,0.49,182.6169,2.91893
121028.83+025454.2,54553.2882,22.16,0.6,182.61707,2.91882
121028.83+025454.2,54553.29322,21.8,0.48,182.6173,2.91909
121028.83+025454.2,55300.21339,21.53,0.31,182.61712,2.91862
121028.83+025454.2,53798.35747,22.05,0.37,182.61722,2.9192
121028.83+025454.2,56003.39113,21.94,0.36,182.61718,2.91922
121028.83+025454.2,56018.25481,21.06,0.23,182.61721,2.91916
121028.83+025454.2,53798.3169,17.89,0.07,182.61995,2.91563
121028.83+025454.2,53820.29325,18.67,0.09,182.62016,2.91505
121028.83+025454.2,53820.30089,18.66,0.09,182.62018,2.91507
121028.83+025454.2,53820.30825,18.67,0.09,182.62014,2.91507
121028.83+025454.2,53820.31565,18.7,0.09,182.62015,2.91507
121028.83+025454.2,54213.24549,18.66,0.08,182.62013,2.91505
121028.83+025454.2,54213.25199,18.66,0.09,182.62019,2.91514
121028.83+025454.2,54213.25855,18.63,0.08,182.62016,2.91503
121028.83+025454.2,54213.26511,18.71,0.08,182.62017,2.91506
121028.83+025454.2,54157.29622,18.63,0.08,182.62014,2.91505
121028.83+025454.2,54157.30494,18.61,0.08,182.62012,2.91501
121028.83+025454.2,54157.31369,18.62,0.08,182.62014,2.91508
121028.83+025454.2,54157.32243,18.75,0.08,182.62015,2.91505
121028.83+025454.2,54242.17704,18.63,0.08,182.62016,2.91507
121028.83+025454.2,54242.18469,18.67,0.08,182.62016,2.91505
121028.83+025454.2,54242.19235,18.67,0.08,182.62015,2.91507
121028.83+025454.2,54242.19994,18.71,0.08,182.62009,2.91506
121028.83+025454.2,54562.27626,18.66,0.08,182.62016,2.91505
121028.83+025454.2,54562.2851,18.63,0.08,182.62011,2.91503
121028.83+025454.2,54562.29401,18.65,0.08,182.62014,2.91506
121028.83+025454.2,54562.30281,18.61,0.08,182.6201,2.91507
121028.83+025454.2,54584.17293,18.65,0.08,182.62016,2.91508
121028.83+025454.2,54584.17842,18.63,0.08,182.62015,2.91506
121028.83+025454.2,54584.18393,18.6,0.08,182.62018,2.91507
121028.83+025454.2,54584.18948,18.64,0.08,182.62014,2.91503
121028.83+025454.2,54524.40787,18.69,0.08,182.62014,2.91507
121028.83+025454.2,54524.41859,18.6,0.08,182.62013,2.91503
121028.83+025454.2,54524.4293,18.65,0.08,182.62016,2.91509
121028.83+025454.2,54524.43992,18.67,0.08,182.6201,2.91505
121028.83+025454.2,54553.27813,18.61,0.1,182.62016,2.91509
121028.83+025454.2,54553.28318,18.57,0.1,182.62007,2.91505
121028.83+025454.2,54553.2882,18.67,0.11,182.62016,2.91508
121028.83+025454.2,54553.29322,18.59,0.1,182.62012,2.91508
121028.83+025454.2,54951.21711,18.63,0.09,182.62013,2.91504
121028.83+025454.2,54951.22519,18.71,0.09,182.62017,2.91508
121028.83+025454.2,54951.23335,18.59,0.09,182.62013,2.91503
121028.83+025454.2,54951.24156,18.65,0.09,182.62012,2.91506
121028.83+025454.2,54917.36989,18.69,0.09,182.62012,2.91503
121028.83+025454.2,54917.3783,18.64,0.09,182.62009,2.91503
121028.83+025454.2,54917.3868,18.74,0.09,182.62014,2.91504
121028.83+025454.2,54917.39529,18.67,0.09,182.62013,2.91506
121028.83+025454.2,55300.2064,18.66,0.09,182.62018,2.91503
121028.83+025454.2,55300.21339,18.62,0.09,182.62015,2.91506
121028.83+025454.2,55300.22042,18.71,0.09,182.62014,2.91507
121028.83+025454.2,55300.22747,18.66,0.09,182.62016,2.91507
121028.83+025454.2,55246.4085,18.63,0.1,182.62021,2.91506
121028.83+025454.2,55246.41278,18.55,0.1,182.62015,2.91508
121028.83+025454.2,55246.41713,18.57,0.1,182.62017,2.91508
121028.83+025454.2,55246.42149,18.58,0.1,182.62018,2.91509
121028.83+025454.2,55246.42588,18.67,0.1,182.62018,2.91506
121028.83+025454.2,55327.15304,18.63,0.09,182.62015,2.91506
121028.83+025454.2,55327.16085,18.66,0.09,182.62015,2.91507
121028.83+025454.2,55327.16865,18.61,0.09,182.62017,2.91504
121028.83+025454.2,55327.17641,18.63,0.09,182.62013,2.91505
121028.83+025454.2,55676.20321,18.67,0.09,182.62011,2.91506
121028.83+025454.2,55676.21015,18.61,0.09,182.62011,2.91504
121028.83+025454.2,55676.21714,18.79,0.09,182.62008,2.91506
121028.83+025454.2,55676.22413,18.63,0.09,182.62012,2.91505
121028.83+025454.2,55649.31448,18.63,0.09,182.62016,2.91507
121028.83+025454.2,55649.31855,18.7,0.09,182.62015,2.91508
121028.83+025454.2,55649.32262,18.74,0.09,182.62016,2.91508
121028.83+025454.2,55649.32669,18.6,0.08,182.62016,2.91505
121028.83+025454.2,53798.33561,18.68,0.09,182.62015,2.91504
121028.83+025454.2,53798.34304,18.7,0.09,182.62014,2.9151
121028.83+025454.2,53798.35017,18.7,0.09,182.62012,2.9151
121028.83+025454.2,53798.35747,18.57,0.08,182.62014,2.91508
121028.83+025454.2,55888.50746,18.59,0.08,182.62014,2.91508
121028.83+025454.2,55888.51271,18.67,0.09,182.62017,2.91508
121028.83+025454.2,55888.51796,18.52,0.08,182.6202,2.91506
121028.83+025454.2,55888.52319,18.61,0.08,182.62021,2.91509
121028.83+025454.2,56003.37723,18.69,0.09,182.62017,2.91509
121028.83+025454.2,56003.38415,18.48,0.1,182.62015,2.91408
121028.83+025454.2,56003.39113,18.65,0.09,182.62017,2.91512
121028.83+025454.2,56003.39813,18.67,0.09,182.62017,2.91507
121028.83+025454.2,56007.3073,18.62,0.09,182.6202,2.91511
121028.83+025454.2,56007.31308,18.72,0.09,182.62016,2.91508
121028.83+025454.2,56007.31889,18.65,0.09,182.62023,2.91507
121028.83+025454.2,56007.32467,18.67,0.09,182.62018,2.91508
121028.83+025454.2,56018.23235,18.6,0.09,182.62018,2.91506
121028.83+025454.2,56018.2398,18.65,0.09,182.62018,2.91507
121028.83+025454.2,56018.24731,18.71,0.09,182.62016,2.91507
121028.83+025454.2,56018.25481,18.63,0.09,182.62022,2.91506
121028.83+025454.2,56366.35385,18.67,0.09,182.62019,2.9151
121028.83+025454.2,56366.35926,18.64,0.09,182.62019,2.91507
121028.83+025454.2,56366.36475,18.63,0.09,182.62019,2.91505
121028.83+025454.2,56366.37026,18.62,0.09,182.62019,2.91507
121028.83+025454.2,56395.29846,18.62,0.09,182.6202,2.91509
121028.83+025454.2,56395.30572,18.71,0.1,182.62019,2.91506
121028.83+025454.2,56395.31309,18.6,0.09,182.62022,2.9151
121028.83+025454.2,56395.32046,18.52,0.09,182.62013,2.9151
121028.83+025454.2,56464.17588,18.59,0.09,182.62021,2.9151
121028.83+025454.2,56464.18057,18.73,0.1,182.62016,2.91506
121028.83+025454.2,56464.1856,18.72,0.1,182.62016,2.91511
121028.83+025454.2,56464.19038,18.75,0.1,182.62018,2.91509
143947.10+421317.3,53552.2455,18.7,0.11,219.94616,42.22148
143947.10+421317.3,53552.25626,18.5,0.11,219.94608,42.22146
143947.10+421317.3,53552.267,18.71,0.12,219.9463,42.22151
143947.10+421317.3,53552.27774,18.72,0.12,219.94606,42.22145
143947.10+421317.3,53526.23058,18.74,0.15,219.94597,42.22143
143947.10+421317.3,53526.23886,18.9,0.16,219.94588,42.22154
143947.10+421317.3,53526.24704,18.65,0.15,219.94597,42.22167
143947.10+421317.3,53526.25523,18.74,0.15,219.94634,42.22161
143947.10+421317.3,53534.23396,18.72,0.15,219.94621,42.22155
143947.10+421317.3,53534.24223,18.85,0.16,219.94643,42.2218
143947.10+421317.3,53534.25043,18.76,0.15,219.94611,42.22156
143947.10+421317.3,53534.25869,18.63,0.14,219.94582,42.22125
143947.10+421317.3,53509.34084,18.6,0.14,219.94592,42.22121
143947.10+421317.3,53509.349,19.0,0.17,219.94614,42.22153
143947.10+421317.3,53509.35714,18.65,0.14,219.9463,42.22164
143947.10+421317.3,53509.36532,18.53,0.14,219.94589,42.22185
143947.10+421317.3,53848.28674,18.74,0.16,219.94606,42.22161
143947.10+421317.3,53848.29491,18.59,0.15,219.94604,42.22137
143947.10+421317.3,53848.30316,18.63,0.15,219.94624,42.22151
143947.10+421317.3,53848.31149,18.73,0.15,219.94612,42.22139
143947.10+421317.3,53854.37486,18.55,0.15,219.94623,42.22149
143947.10+421317.3,53854.38144,18.69,0.15,219.9459,42.22163
143947.10+421317.3,53854.38793,18.85,0.17,219.94609,42.22165
143947.10+421317.3,53854.39449,18.5,0.14,219.94584,42.22161
143947.10+421317.3,53855.27075,18.54,0.14,219.94627,42.22149
143947.10+421317.3,53855.27825,18.58,0.15,219.94574,42.22132
143947.10+421317.3,53855.28583,18.36,0.13,219.946,42.22132
143947.10+421317.3,53855.29321,18.52,0.14,219.94605,42.22145
143947.10+421317.3,53796.40924,18.56,0.14,219.94597,42.22151
143947.10+421317.3,53796.4169,18.45,0.13,219.94606,42.22149
143947.10+421317.3,53796.42457,18.58,0.14,219.94581,42.22137
143947.10+421317.3,53796.43218,18.58,0.14,219.94582,42.22168
143947.10+421317.3,53861.29121,18.67,0.15,219.94652,42.22134
143947.10+421317.3,53861.30039,18.56,0.14,219.94623,42.22164
143947.10+421317.3,53861.31001,18.75,0.16,219.94618,42.22162
143947.10+421317.3,53861.31897,18.77,0.16,219.94633,42.22123
143947.10+421317.3,53883.34656,18.75,0.16,219.94596,42.22167
143947.10+421317.3,53883.35356,18.47,0.14,219.946,42.22136
143947.10+421317.3,53883.36061,18.67,0.15,219.94588,42.22157
143947.10+421317.3,53883.36762,18.87,0.17,219.94609,42.22164
143947.10+421317.3,54000.10507,18.52,0.15,219.94593,42.22183
143947.10+421317.3,54000.10935,18.72,0.16,219.94583,42.22207
143947.10+421317.3,54000.11364,18.87,0.17,219.94594,42.22164
143947.10+421317.3,54000.11792,18.91,0.18,219.94608,42.2217
143947.10+421317.3,54209.38514,18.78,0.15,219.94614,42.22142
143947.10+421317.3,54209.39055,18.86,0.16,219.94596,42.22146
143947.10+421317.3,54209.39597,18.71,0.15,219.94607,42.22131
143947.10+421317.3,54209.40136,18.73,0.15,219.94582,42.22137
143947.10+421317.3,54156.38467,18.62,0.14,219.94616,42.22149
143947.10+421317.3,54156.39755,18.9,0.16,219.94603,42.22161
143947.10+421317.3,54156.41045,18.86,0.15,219.94609,42.22164
143947.10+421317.3,54156.42336,18.77,0.15,219.94605,42.22162
143947.10+421317.3,54261.29811,18.74,0.15,219.94595,42.22161
143947.10+421317.3,54261.30565,18.85,0.16,219.94613,42.22177
143947.10+421317.3,54261.31321,19.33,0.2,219.94602,42.22171
143947.10+421317.3,54261.32075,18.55,0.14,219.94609,42.2218
143947.10+421317.3,54273.24642,18.72,0.15,219.94658,42.22148
143947.10+421317.3,54273.25304,18.69,0.15,219.94608,42.22165
143947.10+421317.3,54273.25959,18.62,0.15,219.94566,42.22135
143947.10+421317.3,54273.26617,18.93,0.17,219.94605,42.22148
143947.10+421317.3,54169.45987,18.69,0.14,219.94631,42.22162
143947.10+421317.3,54169.46875,18.82,0.15,219.94621,42.22158
143947.10+421317.3,54169.47744,18.69,0.14,219.94599,42.22131
143947.10+421317.3,54169.48554,18.78,0.15,219.94597,42.22143
143947.10+421317.3,54177.33452,18.79,0.15,219.94595,42.22124
143947.10+421317.3,54177.34163,18.74,0.15,219.94594,42.22127
143947.10+421317.3,54177.34874,18.99,0.17,219.94634,42.22169
143947.10+421317.3,54177.35589,18.5,0.14,219.94613,42.22147
143947.10+421317.3,54232.36209,18.9,0.16,219.94646,42.22163
143947.10+421317.3,54232.36865,18.89,0.16,219.94624,42.22172
143947.10+421317.3,54232.3752,19.16,0.19,219.94597,42.22183
143947.10+421317.3,54232.38174,19.1,0.18,219.94605,42.22163
143947.10+421317.3,54240.22649,18.8,0.16,219.94621,42.2215
143947.10+421317.3,54240.23468,18.46,0.14,219.94602,42.2217
143947.10+421317.3,54240.2429,18.92,0.17,219.94619,42.22158
143947.10+421317.3,54240.25118,18.51,0.14,219.94566,42.22102
143947.10+421317.3,54560.44879,18.52,0.14,219.9459,42.22147
143947.10+421317.3,54560.45326,18.9,0.16,219.94599,42.2217
143947.10+421317.3,54560.45773,18.88,0.16,219.9461,42.22136
143947.10+421317.3,54560.46219,19.07,0.17,219.9459,42.22192
143947.10+421317.3,54568.43487,18.87,0.16,219.94591,42.22146
143947.10+421317.3,54568.44186,18.97,0.16,219.9461,42.22174
143947.10+421317.3,54568.44888,18.82,0.15,219.94609,42.22163
143947.10+421317.3,54568.45583,19.04,0.17,219.94609,42.22167
143947.10+421317.3,54584.36586,18.84,0.15,219.94573,42.22136
143947.10+421317.3,54584.37129,18.55,0.14,219.94544,42.22133
143947.10+421317.3,54584.37678,18.68,0.14,219.94548,42.22136
143947.10+421317.3,54584.38223,19.09,0.17,219.94587,42.22154
143947.10+421317.3,54508.40899,18.91,0.16,219.94603,42.22161
143947.10+421317.3,54508.41393,18.87,0.16,219.94607,42.22162
143947.10+421317.3,54508.41892,18.24,0.12,219.94578,42.22136
143947.10+421317.3,54508.42389,18.69,0.14,219.9461,42.22175
143947.10+421317.3,54515.36953,18.67,0.15,219.94622,42.22158
143947.10+421317.3,54515.37373,18.33,0.14,219.94608,42.22189
143947.10+421317.3,54515.37801,19.6,0.23,219.94583,42.22185
143947.10+421317.3,54628.22769,18.68,0.15,219.94625,42.22185
143947.10+421317.3,54628.23597,18.76,0.15,219.94574,42.2215
143947.10+421317.3,54628.24418,18.57,0.14,219.9457,42.22136
143947.10+421317.3,54628.25235,19.0,0.17,219.94606,42.22158
143947.10+421317.3,54537.37223,18.58,0.14,219.94574,42.2216
143947.10+421317.3,54537.37831,19.04,0.18,219.94625,42.22179
143947.10+421317.3,54537.38442,18.62,0.14,219.94585,42.2215
143947.10+421317.3,54537.39052,18.45,0.15,219.94638,42.2215
143947.10+421317.3,54594.38852,18.85,0.16,219.94617,42.22174
143947.10+421317.3,54594.3953,18.8,0.15,219.94614,42.22157
143947.10+421317.3,54594.40204,18.69,0.15,219.94584,42.22171
143947.10+421317.3,54594.40877,18.64,0.14,219.9463,42.22149
143947.10+421317.3,54942.30647,18.66,0.14,219.94588,42.22147
143947.10+421317.3,54942.31187,18.7,0.14,219.9457,42.22141
143947.10+421317.3,54942.31739,18.8,0.15,219.94562,42.2215
143947.10+421317.3,54942.32287,18.71,0.14,219.94572,42.2214
143947.10+421317.3,54950.42354,18.63,0.16,219.9459,42.22146
143947.10+421317.3,54950.42987,18.86,0.18,219.94574,42.22163
143947.10+421317.3,54950.43636,18.62,0.16,219.94599,42.22185
143947.10+421317.3,54950.44274,18.69,0.16,219.94556,42.22148
143947.10+421317.3,54875.46478,19.03,0.18,219.94629,42.22143
143947.10+421317.3,54875.46965,18.6,0.15,219.94613,42.22149
143947.10+421317.3,54875.47455,18.72,0.16,219.94605,42.2215
143947.10+421317.3,54875.47934,18.72,0.16,219.946,42.22158
143947.10+421317.3,54862.41338,18.86,0.16,219.94605,42.22158
143947.10+421317.3,54862.42449,18.61,0.14,219.94584,42.22141
143947.10+421317.3,54862.4356,18.57,0.14,219.94648,42.22171
143947.10+421317.3,54862.44671,18.71,0.14,219.94571,42.22155
143947.10+421317.3,55017.23455,18.93,0.2,219.9464,42.22167
143947.10+421317.3,55017.24044,18.8,0.19,219.94598,42.22171
143947.10+421317.3,55017.24619,19.62,0.29,219.94598,42.22199
143947.10+421317.3,55017.25201,19.68,0.3,219.94618,42.2218
143947.10+421317.3,55043.18183,18.92,0.2,219.94645,42.22187
143947.10+421317.3,55043.18678,18.87,0.2,219.94607,42.22153
143947.10+421317.3,55043.19158,18.87,0.2,219.94602,42.22154
143947.10+421317.3,55043.19656,18.85,0.2,219.94616,42.2218
143947.10+421317.3,55005.28315,18.85,0.16,219.94622,42.22185
143947.10+421317.3,55005.29156,18.81,0.17,219.94603,42.22158
143947.10+421317.3,55005.31491,18.97,0.17,219.94604,42.2217
143947.10+421317.3,55005.32328,18.88,0.17,219.94582,42.22147
143947.10+421317.3,54892.35117,18.66,0.16,219.94588,42.22147
143947.10+421317.3,54892.36029,18.7,0.16,219.94576,42.22144
143947.10+421317.3,54892.36962,18.53,0.14,219.94562,42.22118
143947.10+421317.3,54892.37902,18.97,0.18,219.94599,42.22157
143947.10+421317.3,54906.47681,18.98,0.16,219.94589,42.22155
143947.10+421317.3,54906.48172,18.69,0.14,219.9465,42.22161
143947.10+421317.3,54906.48659,18.61,0.14,219.94573,42.22155
143947.10+421317.3,54906.49152,18.64,0.14,219.94545,42.22107
143947.10+421317.3,54914.46647,18.83,0.15,219.94581,42.22147
143947.10+421317.3,54914.47483,18.77,0.15,219.94587,42.22143
143947.10+421317.3,54914.48305,18.65,0.14,219.94546,42.22143
143947.10+421317.3,54914.4912,18.84,0.15,219.94564,42.22148
143947.10+421317.3,54964.21793,18.67,0.14,219.9457,42.22148
143947.10+421317.3,54964.22389,18.61,0.14,219.94593,42.22144
143947.10+421317.3,54964.22991,18.81,0.15,219.94611,42.22175
143947.10+421317.3,54964.23586,18.58,0.14,219.94599,42.22152
143947.10+421317.3,54976.349,18.82,0.16,219.94623,42.22116
143947.10+421317.3,54976.35169,18.89,0.17,219.94602,42.22149
143947.10+421317.3,54976.35412,18.87,0.16,219.94549,42.22132
143947.10+421317.3,54976.35848,18.38,0.13,219.94571,42.22134
143947.10+421317.3,55353.28549,18.84,0.16,219.94601,42.22164
143947.10+421317.3,55353.29332,18.55,0.14,219.94567,42.22147
143947.10+421317.3,55353.3007,18.56,0.14,219.94579,42.22141
143947.10+421317.3,55353.30818,18.43,0.13,219.94576,42.22136
143947.10+421317.3,55370.2726,18.67,0.15,219.946,42.22135
143947.10+421317.3,55370.27831,19.0,0.17,219.94572,42.22178
143947.10+421317.3,55370.28411,18.88,0.16,219.94582,42.22143
143947.10+421317.3,55370.28988,18.66,0.15,219.94601,42.22182
143947.10+421317.3,55271.37534,18.9,0.16,219.94567,42.22145
143947.10+421317.3,55271.38056,18.48,0.13,219.94587,42.22136
143947.10+421317.3,55271.38575,18.39,0.13,219.94594,42.22097
143947.10+421317.3,55271.39093,18.65,0.14,219.94603,42.22144
143947.10+421317.3,55321.43211,18.84,0.16,219.94593,42.22171
143947.10+421317.3,55321.43787,18.32,0.13,219.9455,42.22136
143947.10+421317.3,55321.44363,18.88,0.16,219.94619,42.22157
143947.10+421317.3,55321.44935,18.87,0.16,219.94615,42.22164
143947.10+421317.3,55330.33613,18.71,0.15,219.94577,42.22135
143947.10+421317.3,55330.34358,18.68,0.18,219.94629,42.22139
143947.10+421317.3,55330.35868,18.5,0.2,219.94596,42.22174
143947.10+421317.3,55659.36323,18.67,0.15,219.94571,42.22148
143947.10+421317.3,55659.3709,18.56,0.14,219.94563,42.22152
143947.10+421317.3,55659.37977,18.63,0.15,219.94564,42.22174
143947.10+421317.3,55659.38818,18.62,0.15,219.94565,42.22161
143947.10+421317.3,55678.26045,18.35,0.13,219.94574,42.22147
143947.10+421317.3,55678.26614,18.35,0.13,219.94617,42.22167
143947.10+421317.3,55678.27187,18.48,0.14,219.94619,42.22162
143947.10+421317.3,55678.27763,18.49,0.14,219.94575,42.22164
143947.10+421317.3,55721.24231,18.62,0.15,219.94607,42.22162
143947.10+421317.3,55721.25028,18.71,0.15,219.94581,42.22165
143947.10+421317.3,55721.25838,18.38,0.13,219.94632,42.22158
143947.10+421317.3,55721.2665,18.73,0.16,219.94589,42.22157
143947.10+421317.3,55636.35762,18.41,0.14,219.94568,42.2213
143947.10+421317.3,55636.3646,18.65,0.15,219.94609,42.22178
143947.10+421317.3,55636.37161,18.75,0.16,219.94586,42.22172
143947.10+421317.3,55636.37858,18.91,0.17,219.94608,42.22154
143947.10+421317.3,55976.42097,18.85,0.16,219.94582,42.22156
143947.10+421317.3,55976.42665,19.01,0.17,219.94635,42.22146
143947.10+421317.3,55976.43239,18.9,0.19,219.94611,42.2216
143947.10+421317.3,55976.43811,18.59,0.17,219.94593,42.22146
143947.10+421317.3,56008.36711,18.67,0.15,219.94562,42.22138
143947.10+421317.3,56008.37444,18.48,0.13,219.94575,42.22113
143947.10+421317.3,56008.38179,18.63,0.14,219.94578,42.22148
143947.10+421317.3,56008.38925,18.43,0.13,219.94576,42.22127
143947.10+421317.3,56018.47262,18.21,0.12,219.94585,42.22105
143947.10+421317.3,56018.48071,18.58,0.14,219.94606,42.2214
143947.10+421317.3,56018.48877,18.34,0.13,219.94583,42.22129
143947.10+421317.3,56018.49677,18.76,0.15,219.94617,42.2214
143947.10+421317.3,56065.32755,18.3,0.12,219.94593,42.22129
143947.10+421317.3,56065.33493,18.26,0.12,219.94585,42.22144
143947.10+421317.3,56065.3423,18.6,0.14,219.94638,42.22145
143947.10+421317.3,56065.34965,18.77,0.15,219.94588,42.2214
143947.10+421317.3,56076.34116,18.6,0.15,219.94617,42.22143
143947.10+421317.3,56076.34892,18.43,0.14,219.94632,42.22152
143947.10+421317.3,56076.35655,18.29,0.14,219.94601,42.22159
143947.10+421317.3,56076.36429,18.56,0.15,219.94607,42.2213
143947.10+421317.3,56092.24101,18.44,0.13,219.94572,42.22123
143947.10+421317.3,56092.2507,18.66,0.14,219.94592,42.22119
143947.10+421317.3,56092.26038,18.63,0.14,219.94589,42.22141
143947.10+421317.3,56092.27011,18.25,0.12,219.94561,42.22128
143947.10+421317.3,56192.10181,18.89,0.17,219.9461,42.22149
143947.10+421317.3,56192.10637,18.99,0.18,219.946,42.22155
143947.10+421317.3,56192.11085,19.04,0.19,219.94608,42.22159
143947.10+421317.3,56192.11537,18.98,0.18,219.94631,42.22154
143947.10+421317.3,56375.46409,19.0,0.17,219.94604,42.22165
143947.10+421317.3,56375.47041,18.61,0.15,219.9461,42.22171
143947.10+421317.3,56375.47668,18.6,0.14,219.94588,42.22144
143947.10+421317.3,56375.48293,18.63,0.15,219.94574,42.22144
143947.10+421317.3,55955.46705,18.28,0.12,219.94579,42.22117
143947.10+421317.3,55955.47377,18.69,0.15,219.9459,42.22151
143947.10+421317.3,55955.48058,18.57,0.14,219.94613,42.2216
143947.10+421317.3,55955.48736,18.71,0.15,219.94619,42.2214
143947.10+421317.3,56395.45683,18.62,0.15,219.94584,42.22155
143947.10+421317.3,56395.46426,18.89,0.17,219.94553,42.22149
143947.10+421317.3,56395.47177,18.56,0.14,219.94604,42.22163
143947.10+421317.3,56395.47927,18.85,0.16,219.94589,42.2217
143947.10+421317.3,56419.30365,18.68,0.15,219.94598,42.22169
143947.10+421317.3,56419.31104,18.91,0.16,219.94596,42.22153
143947.10+421317.3,56419.31852,18.79,0.16,219.946,42.22183
143947.10+421317.3,56419.32603,18.74,0.15,219.94552,42.22139
143947.10+421317.3,56433.29549,18.73,0.15,219.94599,42.22163
143947.10+421317.3,56433.30057,18.6,0.14,219.94615,42.22172
143947.10+421317.3,56433.30571,19.08,0.18,219.94606,42.22167
143947.10+421317.3,56433.31083,18.91,0.17,219.94588,42.22148
143947.10+421317.3,56448.30621,18.91,0.17,219.94627,42.22164
143947.10+421317.3,56448.31294,18.57,0.15,219.9457,42.22151
143947.10+421317.3,56448.31973,18.61,0.16,219.946,42.22172
143947.10+421317.3,56448.3265,18.58,0.17,219.94587,42.22162
143947.10+421317.3,56462.29233,19.27,0.2,219.9465,42.22179
143947.10+421317.3,56462.2974,18.92,0.17,219.94622,42.22173
143947.10+421317.3,56462.30247,18.86,0.16,219.94586,42.22153
143947.10+421317.3,56462.30759,18.68,0.15,219.94598,42.22168
094203.33+593709.5,54070.37367,18.71,0.2,145.51428,59.61956
094203.33+593709.5,54070.37738,19.14,0.25,145.51405,59.61962
094203.33+593709.5,54070.38104,18.32,0.17,145.51384,59.61914
094203.33+593709.5,54070.38475,18.49,0.18,145.51438,59.61928
094203.33+593709.5,53767.23118,18.92,0.16,145.51418,59.61925
094203.33+593709.5,53767.23615,18.88,0.16,145.5138,59.61947
094203.33+593709.5,53767.24104,19.01,0.17,145.51417,59.61954
094203.33+593709.5,53767.24598,18.73,0.15,145.51408,59.61934
094203.33+593709.5,54062.39541,18.83,0.15,145.51448,59.61928
094203.33+593709.5,54062.40189,18.75,0.14,145.51421,59.61959
094203.33+593709.5,54062.40842,18.55,0.13,145.51406,59.61943
094203.33+593709.5,54062.41501,18.77,0.15,145.51429,59.61937
094203.33+593709.5,54210.18046,18.68,0.15,145.51429,59.61929
094203.33+593709.5,54210.18436,18.65,0.15,145.51411,59.61931
094203.33+593709.5,54210.18826,18.42,0.13,145.51411,59.61953
094203.33+593709.5,54210.19211,18.55,0.14,145.51406,59.61932
094203.33+593709.5,54144.22689,18.75,0.15,145.514,59.61935
094203.33+593709.5,54144.23366,18.78,0.15,145.51394,59.61933
094203.33+593709.5,54144.2404,18.72,0.15,145.51399,59.6193
094203.33+593709.5,54144.24715,18.93,0.16,145.51445,59.61948
094203.33+593709.5,54158.30259,18.61,0.14,145.51449,59.61925
094203.33+593709.5,54158.31101,18.45,0.13,145.51406,59.61951
094203.33+593709.5,54158.31941,18.27,0.12,145.51444,59.61945
094203.33+593709.5,54158.32788,18.92,0.16,145.51418,59.61916
094203.33+593709.5,54128.19287,19.07,0.17,145.51451,59.61954
094203.33+593709.5,54128.19954,18.69,0.14,145.51444,59.61938
094203.33+593709.5,54128.20624,18.98,0.16,145.51418,59.61912
094203.33+593709.5,54128.21293,18.77,0.15,145.51434,59.61939
094203.33+593709.5,54803.44448,18.34,0.13,145.51365,59.61942
094203.33+593709.5,54803.44886,18.47,0.14,145.51398,59.61952
094203.33+593709.5,54803.45313,18.69,0.16,145.51379,59.61972
094203.33+593709.5,54803.45748,18.4,0.14,145.51416,59.61939
094203.33+593709.5,54803.46181,18.91,0.17,145.51381,59.61935
094203.33+593709.5,54945.22412,18.37,0.13,145.51352,59.6192
094203.33+593709.5,54945.23059,18.65,0.14,145.51397,59.61945
094203.33+593709.5,54945.23698,18.32,0.13,145.51389,59.61919
094203.33+593709.5,54945.24338,18.62,0.14,145.51428,59.61957
094203.33+593709.5,55184.35109,18.54,0.13,145.51365,59.6195
094203.33+593709.5,55184.35709,18.53,0.13,145.51418,59.61902
094203.33+593709.5,55184.36305,18.3,0.12,145.51292,59.6195
094203.33+593709.5,55184.36895,18.17,0.12,145.51396,59.61949
094203.33+593709.5,54863.23072,18.54,0.13,145.51418,59.61932
094203.33+593709.5,54863.23564,18.59,0.14,145.51366,59.61931
094203.33+593709.5,54863.24063,18.88,0.15,145.51377,59.61935
094203.33+593709.5,54863.24563,18.61,0.14,145.51416,59.61958
094203.33+593709.5,54852.35689,18.81,0.21,145.51415,59.61935
094203.33+593709.5,54852.36119,18.4,0.2,145.51348,59.61942
094203.33+593709.5,54852.36543,18.14,0.16,145.51381,59.61921
094203.33+593709.5,54852.36976,18.73,0.23,145.51355,59.61936
094203.33+593709.5,54916.2127,18.47,0.13,145.51371,59.61942
094203.33+593709.5,54916.21693,18.69,0.14,145.51371,59.61937
094203.33+593709.5,54916.22119,18.45,0.13,145.51423,59.61947
094203.33+593709.5,54916.2255,18.36,0.13,145.51399,59.61912
094203.33+593709.5,55141.43705,18.24,0.13,145.51384,59.61912
094203.33+593709.5,55141.44082,18.33,0.14,145.51399,59.61947
094203.33+593709.5,55141.44461,18.5,0.15,145.51395,59.61949
094203.33+593709.5,55141.44834,18.29,0.14,145.51382,59.61946
094203.33+593709.5,55298.27671,18.45,0.13,145.51378,59.61955
094203.33+593709.5,55298.2824,18.32,0.13,145.51389,59.61951
094203.33+593709.5,55298.28809,18.47,0.14,145.51397,59.61932
094203.33+593709.5,55298.29385,18.38,0.13,145.5137,59.61926
094203.33+593709.5,55247.22672,18.34,0.13,145.5136,59.61937
094203.33+593709.5,55247.23222,18.33,0.13,145.51378,59.61928
094203.33+593709.5,55247.23771,18.35,0.13,145.51414,59.61937
094203.33+593709.5,55247.24317,18.41,0.13,145.51388,59.61939
094203.33+593709.5,55273.26338,18.32,0.12,145.51386,59.61928
094203.33+593709.5,55273.26741,18.3,0.12,145.51371,59.61928
094203.33+593709.5,55273.27141,18.41,0.13,145.51415,59.61916
094203.33+593709.5,55273.27541,18.39,0.13,145.51406,59.61932
094203.33+593709.5,55328.19634,18.38,0.13,145.51394,59.61947
094203.33+593709.5,55328.20209,18.43,0.13,145.51344,59.61935
094203.33+593709.5,55328.20784,18.72,0.15,145.51397,59.61944
094203.33+593709.5,55328.21362,18.66,0.15,145.5136,59.61937
094203.33+593709.5,55653.16561,19.13,0.18,145.51365,59.61936
094203.33+593709.5,55653.17211,18.87,0.16,145.51399,59.61937
094203.33+593709.5,55653.17864,18.81,0.16,145.5146,59.61947
094203.33+593709.5,55653.1851,18.8,0.16,145.51392,59.6195
094203.33+593709.5,55604.27997,18.74,0.15,145.51425,59.6193
094203.33+593709.5,55604.28458,19.01,0.17,145.51421,59.61948
094203.33+593709.5,55604.28918,18.97,0.17,145.51362,59.6195
094203.33+593709.5,55604.29383,18.77,0.15,145.51398,59.61946
094203.33+593709.5,55577.25443,19.11,0.22,145.51488,59.61919
094203.33+593709.5,55577.25977,18.58,0.17,145.51358,59.61945
094203.33+593709.5,55577.26424,18.34,0.15,145.51407,59.61933
094203.33+593709.5,55577.26872,18.99,0.21,145.51293,59.61964
094203.33+593709.5,55636.22633,18.36,0.16,145.51437,59.61899
094203.33+593709.5,55636.23364,18.13,0.14,145.51291,59.61966
094203.33+593709.5,55636.23734,18.91,0.2,145.51315,59.61937
094203.33+593709.5,55695.21169,19.62,0.28,145.51398,59.61933
094203.33+593709.5,55868.47151,19.35,0.2,145.51362,59.61927
094203.33+593709.5,55868.47606,19.48,0.21,145.5139,59.6191
094203.33+593709.5,55868.48061,18.79,0.15,145.51395,59.61919
094203.33+593709.5,55868.48515,18.98,0.16,145.51419,59.61945
094203.33+593709.5,55927.31586,18.87,0.16,145.51392,59.61926
094203.33+593709.5,55927.32226,18.79,0.15,145.51404,59.61925
094203.33+593709.5,55927.32865,19.18,0.18,145.51407,59.61951
094203.33+593709.5,55927.33498,18.93,0.16,145.51382,59.6194
094203.33+593709.5,55978.18737,19.09,0.18,145.51468,59.6194
094203.33+593709.5,55978.19016,18.98,0.17,145.51448,59.61925
094203.33+593709.5,55978.19305,19.31,0.24,145.51393,59.61911
094203.33+593709.5,55978.19583,18.71,0.16,145.51465,59.61945
094203.33+593709.5,55984.18878,18.89,0.16,145.51433,59.61946
094203.33+593709.5,55984.19385,19.24,0.19,145.51408,59.61922
094203.33+593709.5,55984.19891,18.9,0.16,145.51376,59.6192
094203.33+593709.5,55984.20406,19.08,0.18,145.51459,59.61913
094203.33+593709.5,55990.17165,19.06,0.17,145.51377,59.61929
094203.33+593709.5,55990.17507,18.78,0.15,145.51425,59.61893
094203.33+593709.5,55990.17848,18.71,0.15,145.51363,59.61917
094203.33+593709.5,55990.18196,18.49,0.13,145.51353,59.61912
094203.33+593709.5,56038.21361,18.91,0.16,145.51422,59.61932
094203.33+593709.5,56038.21864,19.16,0.19,145.51407,59.6194
094203.33+593709.5,56038.22374,19.09,0.18,145.5147,59.61954
094203.33+593709.5,56038.2288,18.82,0.16,145.51425,59.61902
094203.33+593709.5,56273.47609,19.04,0.15,145.51402,59.61909
094203.33+593709.5,56273.48082,18.94,0.14,145.51381,59.61914
094203.33+593709.5,56273.48565,18.37,0.11,145.51443,59.61908
094203.33+593709.5,56273.4905,18.57,0.12,145.51317,59.61905
094203.33+593709.5,56307.46826,19.02,0.15,145.51421,59.61911
094203.33+593709.5,56307.47509,18.96,0.14,145.514,59.61923
094203.33+593709.5,56307.48194,18.97,0.14,145.51424,59.61902
094203.33+593709.5,56307.48885,18.82,0.14,145.51336,59.61929
094203.33+593709.5,56341.2909,18.61,0.12,145.51418,59.61922
094203.33+593709.5,56341.30005,19.04,0.15,145.51381,59.61942
094203.33+593709.5,56341.30651,19.26,0.16,145.51405,59.61933
094203.33+593709.5,56341.31295,19.17,0.16,145.51388,59.61928
094203.33+593709.5,56375.20071,19.34,0.2,145.5145,59.61918
094203.33+593709.5,56375.20633,18.4,0.13,145.51364,59.61934
094203.33+593709.5,56375.21201,19.03,0.17,145.51381,59.61922
094203.33+593709.5,56375.21769,19.72,0.24,145.5144,59.61929
094203.33+593709.5,55949.24124,19.13,0.23,145.51383,59.6197
094203.33+593709.5,55949.2464,19.06,0.21,145.51381,59.61947
094203.33+593709.5,55949.25162,18.85,0.18,145.51447,59.61899
094203.33+593709.5,55949.2568,18.86,0.18,145.51352,59.61924
094203.33+593709.5,56400.24118,19.31,0.2,145.51453,59.61956
094203.33+593709.5,56400.24569,18.48,0.14,145.51436,59.61907
094203.33+593709.5,56400.25021,18.86,0.16,145.51325,59.61985
094203.33+593709.5,56400.25473,19.05,0.18,145.51318,59.61952
094203.33+593709.5,56589.47632,18.91,0.17,145.51385,59.61906
094203.33+593709.5,56589.48393,18.65,0.15,145.51434,59.61904
094203.33+593709.5,56589.49153,18.88,0.16,145.51368,59.61942
094203.33+593709.5,56589.49913,18.96,0.17,145.51404,59.61934
022325.01-003612.6,53710.18691,19.95,0.27,35.85542,-0.60728
022325.01-003612.6,53710.1944,19.41,0.2,35.85561,-0.60668
022325.01-003612.6,53729.15863,20.05,0.28,35.85534,-0.60672
022325.01-003612.6,53729.16661,19.48,0.21,35.85545,-0.60711
022325.01-003612.6,53729.1746,20.04,0.28,35.85562,-0.60686
022325.01-003612.6,53729.18255,19.37,0.2,35.8558,-0.60734
022325.01-003612.6,53675.27171,19.62,0.23,35.85504,-0.60701
022325.01-003612.6,53675.27814,19.72,0.24,35.85564,-0.60684
022325.01-003612.6,53703.17384,20.12,0.3,35.8556,-0.60694
022325.01-003612.6,53703.18026,19.68,0.24,35.85562,-0.60668
022325.01-003612.6,53703.18672,19.82,0.26,35.85556,-0.60705
022325.01-003612.6,53703.19316,19.67,0.24,35.85557,-0.60716
022325.01-003612.6,53648.34655,19.68,0.25,35.85545,-0.60706
022325.01-003612.6,53648.35582,19.3,0.21,35.85541,-0.60706
022325.01-003612.6,53648.36505,19.68,0.25,35.85557,-0.60708
022325.01-003612.6,53648.3743,19.61,0.25,35.8554,-0.60716
022325.01-003612.6,53654.34214,19.14,0.19,35.8556,-0.60728
022325.01-003612.6,53654.34751,19.73,0.25,35.8553,-0.60732
022325.01-003612.6,53654.35281,20.12,0.31,35.85547,-0.60696
022325.01-003612.6,53670.31437,20.2,0.31,35.85566,-0.6064
022325.01-003612.6,53670.32316,19.99,0.28,35.85563,-0.60714
022325.01-003612.6,53670.33171,20.02,0.28,35.85521,-0.60714
022325.01-003612.6,53670.34029,20.43,0.35,35.85584,-0.60695
022325.01-003612.6,53627.38544,20.18,0.32,35.85547,-0.60714
022325.01-003612.6,53627.39473,20.56,0.4,35.85554,-0.60667
022325.01-003612.6,53627.40385,19.09,0.18,35.85536,-0.60685
022325.01-003612.6,53627.41297,19.97,0.29,35.85579,-0.60676
022325.01-003612.6,54090.19956,19.21,0.18,35.85565,-0.60686
022325.01-003612.6,54090.21359,19.62,0.22,35.85566,-0.60755
022325.01-003612.6,53741.12368,19.75,0.84,35.85592,-0.60848
022325.01-003612.6,53763.09894,19.12,0.18,35.85585,-0.607
022325.01-003612.6,53763.10703,19.84,0.26,35.85529,-0.60712
022325.01-003612.6,53763.11512,19.71,0.24,35.8557,-0.60706
022325.01-003612.6,53763.1232,19.87,0.26,35.85568,-0.60711
022325.01-003612.6,54055.24092,19.27,0.17,35.8553,-0.60694
022325.01-003612.6,54055.25287,20.14,0.26,35.85555,-0.60698
022325.01-003612.6,54055.26482,19.61,0.2,35.85551,-0.60691
022325.01-003612.6,54055.27681,19.69,0.2,35.85583,-0.60703
022325.01-003612.6,54025.32052,19.85,0.24,35.85536,-0.60672
022325.01-003612.6,54025.32857,19.77,0.23,35.85576,-0.60663
022325.01-003612.6,53996.34418,19.47,0.2,35.8556,-0.60681
022325.01-003612.6,53996.36031,19.33,0.19,35.85523,-0.60705
022325.01-003612.6,54004.42843,20.2,0.3,35.85569,-0.60678
022325.01-003612.6,54004.43485,19.67,0.22,35.85523,-0.60666
022325.01-003612.6,54004.44128,19.51,0.21,35.85563,-0.60696
022325.01-003612.6,54440.1492,19.61,0.22,35.85564,-0.60698
022325.01-003612.6,54440.15674,19.61,0.22,35.85577,-0.60685
022325.01-003612.6,54440.16428,19.87,0.25,35.85592,-0.60699
022325.01-003612.6,54440.17179,19.27,0.18,35.85515,-0.60695
022325.01-003612.6,54411.23917,19.7,0.23,35.85558,-0.60716
022325.01-003612.6,54411.24876,20.45,0.35,35.85558,-0.60681
022325.01-003612.6,54411.25838,20.75,0.41,35.85584,-0.60694
022325.01-003612.6,54411.26802,19.68,0.23,35.85557,-0.60699
022325.01-003612.6,54419.20377,19.99,0.27,35.8558,-0.60696
022325.01-003612.6,54419.20974,19.73,0.23,35.8558,-0.60714
022325.01-003612.6,54419.21569,20.05,0.28,35.85576,-0.60685
022325.01-003612.6,54419.22169,20.23,0.3,35.85562,-0.60683
022325.01-003612.6,54383.31766,20.16,0.3,35.856,-0.60702
022325.01-003612.6,54383.32418,19.68,0.23,35.8553,-0.60679
022325.01-003612.6,54383.33071,19.19,0.18,35.85577,-0.60691
022325.01-003612.6,54392.3153,19.44,0.2,35.85572,-0.60683
022325.01-003612.6,54392.32453,19.24,0.18,35.85553,-0.60688
022325.01-003612.6,54392.33378,19.5,0.21,35.85593,-0.60656
022325.01-003612.6,54404.27754,20.48,0.35,35.85558,-0.60699
022325.01-003612.6,54404.28397,20.22,0.3,35.85564,-0.60676
022325.01-003612.6,54355.39743,19.94,0.26,35.85572,-0.60692
022325.01-003612.6,54355.40397,19.74,0.24,35.85516,-0.60694
022325.01-003612.6,54355.41052,19.99,0.27,35.85539,-0.60678
022325.01-003612.6,54355.41703,19.58,0.22,35.85553,-0.60705
022325.01-003612.6,54801.22188,19.68,0.22,35.85578,-0.60707
022325.01-003612.6,54801.22975,19.81,0.24,35.85566,-0.60676
022325.01-003612.6,54801.23769,19.58,0.21,35.85543,-0.6074
022325.01-003612.6,54801.2456,19.29,0.18,35.85543,-0.60691
022325.01-003612.6,54830.14213,19.26,0.18,35.85566,-0.60675
022325.01-003612.6,54830.14936,19.49,0.2,35.85554,-0.60709
022325.01-003612.6,54830.15643,19.97,0.26,35.85561,-0.60693
022325.01-003612.6,54830.16355,19.54,0.21,35.85547,-0.60707
022325.01-003612.6,54498.14508,19.68,0.23,35.85559,-0.60725
022325.01-003612.6,54498.15583,19.18,0.18,35.85521,-0.60679
022325.01-003612.6,54498.16118,18.99,0.16,35.85533,-0.60666
022325.01-003612.6,54506.10631,20.26,0.31,35.85543,-0.60689
022325.01-003612.6,54466.20472,19.48,0.2,35.85559,-0.60706
022325.01-003612.6,54466.21064,20.09,0.28,35.8553,-0.60653
022325.01-003612.6,54466.22247,20.05,0.27,35.85533,-0.60724
022325.01-003612.6,54772.30305,19.32,0.19,35.8553,-0.60658
022325.01-003612.6,54772.30786,19.69,0.23,35.85525,-0.60664
022325.01-003612.6,54772.31267,19.4,0.2,35.85522,-0.60668
022325.01-003612.6,54772.31749,19.36,0.19,35.85576,-0.60699
022325.01-003612.6,54787.25139,20.07,0.28,35.85558,-0.60698
022325.01-003612.6,54787.25868,19.56,0.21,35.85568,-0.60704
022325.01-003612.6,54787.26594,20.29,0.31,35.85587,-0.60634
022325.01-003612.6,54787.27309,19.28,0.19,35.85463,-0.60655
022325.01-003612.6,54747.39129,19.43,0.2,35.85568,-0.60623
022325.01-003612.6,54747.4111,19.57,0.21,35.85558,-0.60713
022325.01-003612.6,54717.41058,19.95,0.26,35.85568,-0.60711
022325.01-003612.6,54738.3487,19.22,0.18,35.85557,-0.60695
022325.01-003612.6,54738.35953,19.23,0.18,35.85544,-0.60644
022325.01-003612.6,54738.37051,19.54,0.21,35.8558,-0.6069
022325.01-003612.6,54738.38137,20.08,0.27,35.8556,-0.60666
022325.01-003612.6,55063.42438,19.17,0.19,35.85508,-0.60668
022325.01-003612.6,55063.43152,19.33,0.2,35.85567,-0.60617
022325.01-003612.6,55063.43866,19.26,0.2,35.855,-0.60714
022325.01-003612.6,55180.12447,19.3,0.19,35.85556,-0.60674
022325.01-003612.6,55180.13133,19.43,0.2,35.85559,-0.60716
022325.01-003612.6,55180.13821,19.2,0.18,35.85533,-0.60702
022325.01-003612.6,55180.14511,20.14,0.29,35.85591,-0.6069
022325.01-003612.6,55152.27691,19.47,0.21,35.85525,-0.6069
022325.01-003612.6,55152.28405,20.26,0.31,35.85569,-0.60702
022325.01-003612.6,55152.29138,19.76,0.24,35.85547,-0.60805
022325.01-003612.6,55152.29858,19.54,0.22,35.8556,-0.60693
022325.01-003612.6,55119.31009,20.13,0.29,35.85573,-0.60687
022325.01-003612.6,55119.32473,20.21,0.3,35.85553,-0.60676
022325.01-003612.6,55119.33208,19.83,0.25,35.85584,-0.60746
022325.01-003612.6,55090.40255,20.3,0.32,35.85552,-0.60716
022325.01-003612.6,55090.41093,19.26,0.19,35.85564,-0.6071
022325.01-003612.6,55090.42785,19.84,0.25,35.8558,-0.60708
022325.01-003612.6,55098.45422,20.09,0.29,35.85553,-0.6071
022325.01-003612.6,55098.46151,19.6,0.23,35.85544,-0.60682
022325.01-003612.6,55098.46877,19.4,0.2,35.85572,-0.60698
022325.01-003612.6,55539.20931,19.86,0.26,35.85581,-0.60705
022325.01-003612.6,55539.22857,19.48,0.21,35.85528,-0.60673
022325.01-003612.6,55544.10026,20.21,0.31,35.85594,-0.60665
022325.01-003612.6,55211.16269,20.38,0.34,35.85598,-0.60724
022325.01-003612.6,55211.18317,19.72,0.24,35.85534,-0.60696
022325.01-003612.6,55506.32106,19.56,0.18,35.85579,-0.60643
022325.01-003612.6,55506.34832,19.78,0.2,35.85567,-0.60671
022325.01-003612.6,55514.25085,19.27,0.19,35.85538,-0.60705
022325.01-003612.6,55514.26473,19.85,0.26,35.85589,-0.60649
022325.01-003612.6,55514.27171,19.99,0.28,35.85538,-0.60675
022325.01-003612.6,55530.20169,19.49,0.21,35.85508,-0.60704
022325.01-003612.6,55530.21203,19.58,0.22,35.85565,-0.60659
022325.01-003612.6,55530.21723,19.19,0.18,35.85547,-0.60682
022325.01-003612.6,55472.40779,19.8,0.25,35.85533,-0.60647
022325.01-003612.6,55472.42149,19.7,0.24,35.85546,-0.60678
022325.01-003612.6,55472.42835,19.15,0.19,35.85529,-0.60672
022325.01-003612.6,55480.31611,19.96,0.27,35.8551,-0.60712
022325.01-003612.6,55480.33347,19.72,0.24,35.85569,-0.60624
022325.01-003612.6,55498.30013,19.47,0.21,35.85579,-0.60651
022325.01-003612.6,55455.36894,19.89,0.26,35.85542,-0.60701
022325.01-003612.6,55455.38498,19.87,0.25,35.85579,-0.60684
022325.01-003612.6,55565.17498,19.57,0.22,35.85551,-0.6066
022325.01-003612.6,55565.18245,19.44,0.21,35.85497,-0.60686
022325.01-003612.6,55565.19749,19.62,0.23,35.85576,-0.60672
022325.01-003612.6,55590.11366,19.88,0.27,35.85577,-0.60648
022325.01-003612.6,55590.11884,19.08,0.19,35.85595,-0.60708
022325.01-003612.6,55590.12398,19.05,0.19,35.85493,-0.60611
022325.01-003612.6,54025.34097,20.46,0.33,35.85543,-0.6073
022325.01-003612.6,54025.34986,20.21,0.29,35.85573,-0.60727
022325.01-003612.6,54025.35431,19.84,0.24,35.85562,-0.60684
022325.01-003612.6,55825.38558,19.92,0.26,35.85527,-0.60715
022325.01-003612.6,55825.40259,19.78,0.24,35.85585,-0.60699
022325.01-003612.6,55861.24982,19.84,0.26,35.85609,-0.60748
022325.01-003612.6,55835.29467,20.0,0.28,35.85563,-0.60715
022325.01-003612.6,55835.30369,20.03,0.28,35.85528,-0.60742
022325.01-003612.6,55835.31288,19.62,0.23,35.85596,-0.60703
022325.01-003612.6,55881.30506,19.31,0.19,35.8554,-0.60707
022325.01-003612.6,55881.31033,19.82,0.24,35.8555,-0.60715
022325.01-003612.6,55851.26639,20.35,0.32,35.85586,-0.60689
022325.01-003612.6,55851.275,19.89,0.25,35.85558,-0.60749
022325.01-003612.6,55922.18145,20.14,0.29,35.8557,-0.60697
022325.01-003612.6,55922.18812,20.13,0.29,35.85612,-0.60719
022325.01-003612.6,55922.19483,19.64,0.23,35.85561,-0.60703
022325.01-003612.6,55922.20152,19.36,0.2,35.85519,-0.60679
022325.01-003612.6,56188.41381,19.64,0.23,35.85544,-0.60707
022325.01-003612.6,56188.41952,19.16,0.18,35.85545,-0.6069
022325.01-003612.6,56188.43088,20.11,0.3,35.8557,-0.60733
022325.01-003612.6,56213.34664,19.8,0.25,35.85565,-0.6071
022325.01-003612.6,56213.35347,19.91,0.26,35.85563,-0.60688
022325.01-003612.6,56213.36021,19.57,0.22,35.85534,-0.60708
022325.01-003612.6,56213.36707,20.3,0.33,35.85549,-0.60696
022325.01-003612.6,56223.2622,19.86,0.26,35.85587,-0.6067
022325.01-003612.6,56223.27423,20.25,0.32,35.85598,-0.60727
022325.01-003612.6,56238.31046,19.98,0.23,35.85574,-0.60738
022325.01-003612.6,56238.31853,19.76,0.21,35.8555,-0.60716
022325.01-003612.6,56238.32648,20.42,0.29,35.85545,-0.60696
022325.01-003612.6,56238.33446,20.13,0.25,35.85558,-0.60698
022325.01-003612.6,56253.19885,19.3,0.2,35.85614,-0.60674
022325.01-003612.6,56273.21758,19.62,0.19,35.85549,-0.60702
022325.01-003612.6,56273.22363,19.73,0.2,35.85555,-0.60689
022325.01-003612.6,56273.22972,19.89,0.22,35.85554,-0.6076
022325.01-003612.6,56273.23586,19.71,0.2,35.85554,-0.60708
022325.01-003612.6,56299.09327,19.32,0.2,35.85577,-0.60699
022325.01-003612.6,56299.09835,19.82,0.25,35.85549,-0.60664
022325.01-003612.6,56299.10344,20.01,0.28,35.85567,-0.60698
022325.01-003612.6,56299.10853,19.89,0.26,35.85567,-0.60718
022325.01-003612.6,56540.44834,19.84,0.27,35.85558,-0.60685
022325.01-003612.6,56540.45327,19.87,0.28,35.85557,-0.60708
022325.01-003612.6,56540.45822,19.73,0.26,35.8555,-0.60698
022325.01-003612.6,56540.46328,19.99,0.3,35.85564,-0.60694
022325.01-003612.6,56552.42933,19.06,0.18,35.8554,-0.60701
022325.01-003612.6,56552.43435,18.64,0.15,35.85521,-0.60763
022325.01-003612.6,56552.43948,19.51,0.22,35.8551,-0.60683
022325.01-003612.6,56552.44448,19.64,0.24,35.85563,-0.60685
022325.01-003612.6,56565.48406,19.63,0.23,35.85535,-0.60711
022325.01-003612.6,56565.48988,20.05,0.28,35.85542,-0.60699
022325.01-003612.6,56565.49614,19.05,0.17,35.85518,-0.60682
022325.01-003612.6,56571.34297,20.34,0.33,35.85571,-0.60704
022325.01-003612.6,56571.35647,19.29,0.19,35.85504,-0.60717
022325.01-003612.6,56571.36326,19.67,0.23,35.8555,-0.60719
022325.01-003612.6,56577.42132,18.83,0.16,35.85537,-0.60663
022325.01-003612.6,56577.42633,19.81,0.25,35.85562,-0.60718
022325.01-003612.6,56577.43133,19.71,0.24,35.85575,-0.60723
022325.01-003612.6,56577.43636,19.27,0.19,35.85541,-0.60688
022325.01-003612.6,56591.31473,19.44,0.21,35.85533,-0.60655
022325.01-003612.6,56591.32478,19.66,0.23,35.85591,-0.60667
022325.01-003612.6,56591.33483,18.76,0.15,35.85548,-0.60682
022325.01-003612.6,56591.34488,19.77,0.24,35.85514,-0.60636
022325.01-003612.6,53710.18691,17.85,0.11,35.85441,-0.60345
022325.01-003612.6,53710.1944,17.96,0.11,35.85454,-0.60348
022325.01-003612.6,53710.20191,18.06,0.11,35.85449,-0.60333
022325.01-003612.6,53710.20939,17.73,0.1,35.85445,-0.60355
022325.01-003612.6,53729.15863,17.81,0.1,35.85447,-0.60344
022325.01-003612.6,53729.16661,18.05,0.11,35.85443,-0.60346
022325.01-003612.6,53729.1746,17.85,0.11,35.85436,-0.60344
022325.01-003612.6,53729.18255,17.66,0.1,35.85427,-0.60334
022325.01-003612.6,53675.26528,17.75,0.1,35.85419,-0.60341
022325.01-003612.6,53675.27171,17.95,0.11,35.85436,-0.60347
022325.01-003612.6,53675.27814,17.91,0.11,35.85438,-0.60341
022325.01-003612.6,53675.28456,17.67,0.1,35.85455,-0.60386
022325.01-003612.6,53703.17384,17.91,0.11,35.85455,-0.6034
022325.01-003612.6,53703.18026,17.79,0.11,35.85434,-0.60348
022325.01-003612.6,53703.18672,17.75,0.1,35.85402,-0.60331
022325.01-003612.6,53703.19316,18.03,0.11,35.85438,-0.6034
022325.01-003612.6,53648.34655,17.88,0.11,35.8545,-0.6033
022325.01-003612.6,53648.35582,17.99,0.12,35.85448,-0.6035
022325.01-003612.6,53648.36505,17.77,0.11,35.8542,-0.60343
022325.01-003612.6,53648.3743,17.81,0.11,35.85416,-0.60338
022325.01-003612.6,53654.33682,18.13,0.12,35.85455,-0.60337
022325.01-003612.6,53654.34214,17.99,0.12,35.85427,-0.60346
022325.01-003612.6,53654.34751,17.99,0.12,35.85438,-0.60335
022325.01-003612.6,53654.35281,18.06,0.12,35.85446,-0.60339
022325.01-003612.6,53670.31437,18.02,0.11,35.85443,-0.60346
022325.01-003612.6,53670.32316,17.82,0.11,35.85432,-0.60338
022325.01-003612.6,53670.33171,17.96,0.11,35.85432,-0.60351
022325.01-003612.6,53670.34029,17.96,0.11,35.85443,-0.60339
022325.01-003612.6,53627.38544,18.18,0.12,35.85477,-0.60336
022325.01-003612.6,53627.39473,17.87,0.11,35.8543,-0.60339
022325.01-003612.6,53627.40385,17.78,0.11,35.85428,-0.60345
022325.01-003612.6,53627.41297,18.05,0.12,35.85433,-0.6035
022325.01-003612.6,54090.19255,17.9,0.1,35.85442,-0.60344
022325.01-003612.6,54090.19956,17.99,0.11,35.85443,-0.60346
022325.01-003612.6,54090.20656,17.78,0.1,35.85453,-0.60345
022325.01-003612.6,54090.21359,17.94,0.11,35.85432,-0.60352
022325.01-003612.6,53741.1152,17.84,0.28,35.85447,-0.60351
022325.01-003612.6,53741.12368,17.55,0.24,35.85438,-0.60336
022325.01-003612.6,53741.13222,17.51,0.23,35.85427,-0.60319
022325.01-003612.6,53741.14073,18.03,0.31,35.85431,-0.60361
022325.01-003612.6,53763.09894,17.93,0.11,35.8544,-0.60336
022325.01-003612.6,53763.10703,17.84,0.11,35.85429,-0.60324
022325.01-003612.6,53763.11512,18.01,0.11,35.85445,-0.60341
022325.01-003612.6,53763.1232,17.6,0.1,35.85427,-0.60331
022325.01-003612.6,54055.24092,17.89,0.1,35.85447,-0.60338
022325.01-003612.6,54055.25287,17.74,0.09,35.85441,-0.60335
022325.01-003612.6,54055.26482,18.02,0.1,35.85427,-0.60343
022325.01-003612.6,54055.27681,17.93,0.1,35.85451,-0.60348
022325.01-003612.6,54025.32052,18.0,0.11,35.85428,-0.60343
022325.01-003612.6,54025.32857,17.93,0.11,35.85432,-0.60339
022325.01-003612.6,53996.33613,17.75,0.1,35.85434,-0.6034
022325.01-003612.6,53996.34418,18.07,0.11,35.8545,-0.60339
022325.01-003612.6,53996.35225,18.06,0.11,35.85447,-0.60327
022325.01-003612.6,53996.36031,17.99,0.11,35.85428,-0.60348
022325.01-003612.6,54004.422,17.83,0.1,35.85463,-0.60395
022325.01-003612.6,54004.42843,18.2,0.12,35.85448,-0.60327
022325.01-003612.6,54004.43485,17.91,0.11,35.85436,-0.60346
022325.01-003612.6,54004.44128,17.92,0.11,35.85432,-0.60347
022325.01-003612.6,54440.1492,18.12,0.11,35.85442,-0.60334
022325.01-003612.6,54440.15674,17.99,0.11,35.85443,-0.60328
022325.01-003612.6,54440.16428,18.16,0.11,35.85449,-0.60337
022325.01-003612.6,54440.17179,17.95,0.11,35.85429,-0.60334
022325.01-003612.6,54411.23917,17.96,0.11,35.85444,-0.60328
022325.01-003612.6,54411.24876,18.15,0.12,35.85445,-0.60328
022325.01-003612.6,54411.25838,18.08,0.11,35.85444,-0.60338
022325.01-003612.6,54411.26802,17.98,0.11,35.85446,-0.60342
022325.01-003612.6,54419.20377,17.84,0.1,35.85436,-0.60343
022325.01-003612.6,54419.20974,18.07,0.11,35.85435,-0.60333
022325.01-003612.6,54419.21569,17.97,0.11,35.85445,-0.60349
022325.01-003612.6,54419.22169,18.17,0.12,35.85441,-0.60343
022325.01-003612.6,54383.31115,17.84,0.11,35.85438,-0.60331
022325.01-003612.6,54383.31766,17.91,0.11,35.85439,-0.60346
022325.01-003612.6,54383.32418,18.15,0.12,35.85462,-0.6034
022325.01-003612.6,54383.33071,18.16,0.12,35.85445,-0.60329
022325.01-003612.6,54392.30608,18.2,0.12,35.85448,-0.60332
022325.01-003612.6,54392.3153,18.11,0.11,35.85447,-0.60325
022325.01-003612.6,54392.32453,18.02,0.11,35.85447,-0.60326
022325.01-003612.6,54392.33378,18.09,0.11,35.85451,-0.60322
022325.01-003612.6,54404.26898,17.92,0.11,35.85438,-0.60325
022325.01-003612.6,54404.27754,18.34,0.12,35.8547,-0.60328
022325.01-003612.6,54404.28397,18.11,0.11,35.85473,-0.60335
022325.01-003612.6,54404.29042,17.83,0.1,35.85446,-0.60336
022325.01-003612.6,54355.39743,18.07,0.11,35.85443,-0.6033
022325.01-003612.6,54355.40397,17.92,0.11,35.8543,-0.60328
022325.01-003612.6,54355.41052,17.84,0.1,35.85444,-0.6033
022325.01-003612.6,54355.41703,17.98,0.11,35.85462,-0.60346
022325.01-003612.6,54801.22188,17.88,0.1,35.85436,-0.60326
022325.01-003612.6,54801.22975,17.91,0.1,35.85437,-0.60332
022325.01-003612.6,54801.23769,17.8,0.1,35.85422,-0.60341
022325.01-003612.6,54801.2456,17.95,0.11,35.85447,-0.60334
022325.01-003612.6,54830.14213,18.03,0.11,35.85444,-0.60342
022325.01-003612.6,54830.14936,17.85,0.1,35.85432,-0.60335
022325.01-003612.6,54830.15643,17.8,0.1,35.85446,-0.60343
022325.01-003612.6,54830.16355,17.82,0.1,35.85431,-0.60342
022325.01-003612.6,54498.14508,18.02,0.11,35.85434,-0.60338
022325.01-003612.6,54498.15044,18.03,0.11,35.85428,-0.60333
022325.01-003612.6,54498.15583,18.03,0.11,35.85428,-0.60328
022325.01-003612.6,54498.16118,18.03,0.11,35.85431,-0.60335
022325.01-003612.6,54506.10631,18.03,0.11,35.85435,-0.6035
022325.01-003612.6,54506.11268,17.96,0.11,35.85441,-0.60331
022325.01-003612.6,54506.11907,17.89,0.11,35.85431,-0.60336
022325.01-003612.6,54506.12548,17.65,0.1,35.85448,-0.60344
022325.01-003612.6,54466.20472,17.85,0.1,35.85404,-0.60337
022325.01-003612.6,54466.21064,17.99,0.11,35.85425,-0.60326
022325.01-003612.6,54466.21655,17.84,0.1,35.85437,-0.60338
022325.01-003612.6,54466.22247,18.23,0.12,35.85439,-0.60328
022325.01-003612.6,54772.30305,18.05,0.11,35.85441,-0.60337
022325.01-003612.6,54772.30786,17.95,0.11,35.85435,-0.60343
022325.01-003612.6,54772.31267,18.0,0.11,35.85421,-0.60331
022325.01-003612.6,54772.31749,17.9,0.11,35.85438,-0.60343
022325.01-003612.6,54787.25139,18.07,0.11,35.85439,-0.60335
022325.01-003612.6,54787.25868,17.94,0.11,35.85431,-0.60339
022325.01-003612.6,54787.26594,18.13,0.11,35.85444,-0.60327
022325.01-003612.6,54787.27309,18.04,0.11,35.85441,-0.60341
022325.01-003612.6,54747.39129,18.2,0.12,35.85464,-0.60326
022325.01-003612.6,54747.39775,17.77,0.1,35.8548,-0.60376
022325.01-003612.6,54747.40441,17.94,0.1,35.8546,-0.60327
022325.01-003612.6,54747.4111,17.96,0.11,35.85458,-0.60322
022325.01-003612.6,54717.41058,17.99,0.11,35.85447,-0.60325
022325.01-003612.6,54717.41423,17.7,0.1,35.85462,-0.60332
022325.01-003612.6,54730.47029,17.97,0.11,35.85438,-0.60311
022325.01-003612.6,54730.47679,17.53,0.09,35.85435,-0.6032
022325.01-003612.6,54730.48333,18.36,0.12,35.85465,-0.6031
022325.01-003612.6,54730.48981,17.68,0.1,35.85448,-0.60346
022325.01-003612.6,54738.3487,18.02,0.11,35.8545,-0.60322
022325.01-003612.6,54738.35953,18.03,0.11,35.85467,-0.60332
022325.01-003612.6,54738.37051,17.99,0.11,35.85465,-0.60326
022325.01-003612.6,54738.38137,17.84,0.1,35.85464,-0.6032
022325.01-003612.6,55063.42438,17.84,0.11,35.85438,-0.60321
022325.01-003612.6,55063.43152,17.83,0.11,35.85436,-0.60324
022325.01-003612.6,55063.43866,17.91,0.11,35.85431,-0.60324
022325.01-003612.6,55063.44596,18.02,0.15,35.85444,-0.60333
022325.01-003612.6,55073.37065,17.85,0.15,35.85428,-0.60337
022325.01-003612.6,55073.37674,17.97,0.16,35.85441,-0.60338
022325.01-003612.6,55073.38262,17.83,0.14,35.85437,-0.60331
022325.01-003612.6,55073.38863,17.93,0.17,35.85467,-0.60321
022325.01-003612.6,55180.12447,17.88,0.11,35.85447,-0.60332
022325.01-003612.6,55180.13133,17.86,0.1,35.85434,-0.60354
022325.01-003612.6,55180.13821,17.94,0.11,35.85439,-0.60335
022325.01-003612.6,55180.14511,17.8,0.1,35.85432,-0.60342
022325.01-003612.6,54881.11536,17.96,0.11,35.85447,-0.60328
022325.01-003612.6,54881.12016,17.94,0.11,35.85438,-0.6033
022325.01-003612.6,54881.12505,17.91,0.11,35.85447,-0.60342
022325.01-003612.6,54881.12968,18.1,0.11,35.85424,-0.60331
022325.01-003612.6,55152.27691,17.88,0.11,35.8545,-0.60339
022325.01-003612.6,55152.28405,18.05,0.11,35.85442,-0.60343
022325.01-003612.6,55152.29138,18.03,0.11,35.85448,-0.60347
022325.01-003612.6,55152.29858,17.85,0.1,35.85445,-0.6034
022325.01-003612.6,55119.31009,17.78,0.1,35.85456,-0.60336
022325.01-003612.6,55119.31736,17.6,0.1,35.85446,-0.60345
022325.01-003612.6,55119.32473,17.9,0.11,35.85425,-0.60354
022325.01-003612.6,55119.33208,17.74,0.1,35.85422,-0.60338
022325.01-003612.6,55090.40255,17.84,0.11,35.85439,-0.60331
022325.01-003612.6,55090.41093,17.84,0.11,35.85408,-0.60333
022325.01-003612.6,55090.41932,17.72,0.1,35.85437,-0.60341
022325.01-003612.6,55090.42785,17.94,0.11,35.85434,-0.60346
022325.01-003612.6,55098.44696,17.8,0.1,35.85467,-0.60385
022325.01-003612.6,55098.45422,17.9,0.11,35.85437,-0.60344
022325.01-003612.6,55098.46151,17.91,0.11,35.85434,-0.60335
022325.01-003612.6,55098.46877,17.9,0.11,35.85431,-0.60345
022325.01-003612.6,55539.20931,18.08,0.11,35.85439,-0.60319
022325.01-003612.6,55539.22857,18.09,0.12,35.85446,-0.6032
022325.01-003612.6,55539.23824,17.84,0.11,35.85431,-0.60319
022325.01-003612.6,55544.07991,18.1,0.12,35.85437,-0.60332
022325.01-003612.6,55544.09351,18.02,0.11,35.85455,-0.60329
022325.01-003612.6,55544.10026,18.24,0.12,35.85447,-0.60321
022325.01-003612.6,55211.16269,17.94,0.11,35.85411,-0.60346
022325.01-003612.6,55211.16945,17.83,0.1,35.85439,-0.60337
022325.01-003612.6,55211.17632,17.7,0.1,35.85423,-0.60344
022325.01-003612.6,55211.18317,17.86,0.11,35.85432,-0.60336
022325.01-003612.6,55506.32106,18.13,0.1,35.85457,-0.6031
022325.01-003612.6,55506.34832,18.15,0.1,35.85445,-0.60318
022325.01-003612.6,55514.25085,18.2,0.12,35.8543,-0.60327
022325.01-003612.6,55514.26473,18.16,0.12,35.85431,-0.60314
022325.01-003612.6,55514.27171,18.32,0.13,35.85433,-0.6032
022325.01-003612.6,55530.20169,17.93,0.11,35.85444,-0.60315
022325.01-003612.6,55530.21203,17.78,0.1,35.85443,-0.60317
022325.01-003612.6,55530.21723,18.13,0.12,35.85431,-0.60319
022325.01-003612.6,55472.40779,18.11,0.12,35.85445,-0.60331
022325.01-003612.6,55472.42149,17.77,0.11,35.8542,-0.60325
022325.01-003612.6,55472.42835,17.8,0.11,35.85428,-0.60336
022325.01-003612.6,55480.31611,18.07,0.11,35.85448,-0.60324
022325.01-003612.6,55480.32769,17.8,0.1,35.85419,-0.6032
022325.01-003612.6,55480.33347,18.08,0.11,35.85436,-0.60317
022325.01-003612.6,55498.30013,18.03,0.11,35.85454,-0.60328
022325.01-003612.6,55498.31396,17.9,0.11,35.8545,-0.60315
022325.01-003612.6,55498.32088,17.93,0.11,35.85445,-0.60325
022325.01-003612.6,55455.36894,18.28,0.12,35.8544,-0.60344
022325.01-003612.6,55455.38498,18.05,0.11,35.85439,-0.6034
022325.01-003612.6,55455.39248,17.82,0.1,35.85426,-0.60359
022325.01-003612.6,55565.17498,18.15,0.12,35.85438,-0.60328
022325.01-003612.6,55565.18245,18.15,0.12,35.85427,-0.60329
022325.01-003612.6,55565.19001,17.93,0.11,35.85427,-0.60305
022325.01-003612.6,55565.19749,18.11,0.12,35.85434,-0.60327
022325.01-003612.6,55590.11366,17.96,0.11,35.85459,-0.60313
022325.01-003612.6,55590.11884,17.96,0.12,35.85462,-0.60322
022325.01-003612.6,55590.12398,18.23,0.13,35.8541,-0.60307
022325.01-003612.6,55590.1292,17.97,0.12,35.85467,-0.60372
022325.01-003612.6,54025.34097,18.11,0.11,35.85453,-0.60346
022325.01-003612.6,54025.34541,17.78,0.1,35.85442,-0.60352
022325.01-003612.6,54025.34986,17.88,0.1,35.85445,-0.60355
022325.01-003612.6,54025.35431,17.85,0.1,35.8544,-0.60354
022325.01-003612.6,55825.38558,17.96,0.11,35.85436,-0.60338
022325.01-003612.6,55825.39403,18.0,0.11,35.85455,-0.60362
022325.01-003612.6,55825.40259,17.96,0.11,35.85453,-0.60342
022325.01-003612.6,55825.41102,18.2,0.12,35.85469,-0.60342
022325.01-003612.6,55861.24982,17.95,0.11,35.85429,-0.60342
022325.01-003612.6,55861.25676,17.9,0.11,35.85478,-0.60322
022325.01-003612.6,55861.26371,18.11,0.12,35.85459,-0.60345
022325.01-003612.6,55861.27061,18.05,0.11,35.8545,-0.60332
022325.01-003612.6,55835.28561,18.19,0.12,35.85454,-0.60342
022325.01-003612.6,55835.29467,18.04,0.11,35.85461,-0.60351
022325.01-003612.6,55835.30369,18.17,0.12,35.85458,-0.6034
022325.01-003612.6,55835.31288,18.14,0.12,35.85441,-0.6035
022325.01-003612.6,55881.29457,18.17,0.12,35.85447,-0.60348
022325.01-003612.6,55881.29984,17.96,0.11,35.85446,-0.60334
022325.01-003612.6,55881.30506,18.26,0.12,35.8546,-0.60333
022325.01-003612.6,55881.31033,18.21,0.12,35.85461,-0.60336
022325.01-003612.6,55851.24942,18.19,0.12,35.85453,-0.6036
022325.01-003612.6,55851.25789,18.23,0.12,35.85425,-0.60351
022325.01-003612.6,55851.26639,17.86,0.1,35.85434,-0.60354
022325.01-003612.6,55851.275,18.27,0.12,35.85445,-0.60332
022325.01-003612.6,55922.18145,17.99,0.11,35.85435,-0.60344
022325.01-003612.6,55922.18812,18.16,0.12,35.85433,-0.60337
022325.01-003612.6,55922.19483,18.06,0.11,35.8545,-0.6034
022325.01-003612.6,55922.20152,18.11,0.12,35.85459,-0.60361
022325.01-003612.6,56188.41381,18.1,0.12,35.85461,-0.60321
022325.01-003612.6,56188.41952,18.3,0.13,35.85455,-0.60333
022325.01-003612.6,56188.42523,18.11,0.12,35.85451,-0.60332
022325.01-003612.6,56188.43088,18.15,0.12,35.85456,-0.60338
022325.01-003612.6,56213.34664,18.13,0.12,35.85443,-0.60348
022325.01-003612.6,56213.35347,18.29,0.13,35.85445,-0.60346
022325.01-003612.6,56213.36021,18.29,0.13,35.85449,-0.60336
022325.01-003612.6,56213.36707,17.94,0.11,35.85441,-0.60337
022325.01-003612.6,56223.2622,18.16,0.12,35.85453,-0.60342
022325.01-003612.6,56223.26822,17.91,0.11,35.85448,-0.60341
022325.01-003612.6,56223.27423,17.98,0.11,35.85462,-0.60343
022325.01-003612.6,56223.28024,17.83,0.11,35.85428,-0.60335
022325.01-003612.6,56233.22383,18.21,0.12,35.85436,-0.60335
022325.01-003612.6,56233.23397,18.25,0.12,35.85454,-0.60333
022325.01-003612.6,56233.24412,17.73,0.1,35.85481,-0.60385
022325.01-003612.6,56233.2543,17.93,0.11,35.85437,-0.60336
022325.01-003612.6,56238.31046,18.17,0.11,35.85445,-0.60339
022325.01-003612.6,56238.31853,18.14,0.11,35.85446,-0.60329
022325.01-003612.6,56238.32648,17.83,0.1,35.8542,-0.60333
022325.01-003612.6,56238.33446,18.33,0.11,35.85455,-0.60337
022325.01-003612.6,56253.19306,18.16,0.12,35.85432,-0.60335
022325.01-003612.6,56253.19885,18.14,0.12,35.85443,-0.60334
022325.01-003612.6,56253.20451,17.58,0.1,35.85466,-0.6035
022325.01-003612.6,56253.21018,17.89,0.11,35.85466,-0.6034
022325.01-003612.6,56265.23562,18.14,0.12,35.85452,-0.60334
022325.01-003612.6,56265.25123,18.26,0.13,35.85457,-0.60362
022325.01-003612.6,56265.25819,18.25,0.13,35.85417,-0.60329
022325.01-003612.6,56265.26329,17.93,0.11,35.85422,-0.60342
022325.01-003612.6,56273.21758,18.06,0.1,35.85453,-0.60344
022325.01-003612.6,56273.22363,18.11,0.1,35.85454,-0.60343
022325.01-003612.6,56273.22972,18.22,0.11,35.85452,-0.60347
022325.01-003612.6,56273.23586,18.12,0.1,35.85439,-0.60341
022325.01-003612.6,56299.09327,17.99,0.11,35.85427,-0.60343
022325.01-003612.6,56299.09835,18.12,0.12,35.85446,-0.60337
022325.01-003612.6,56299.10344,17.97,0.11,35.85439,-0.60337
022325.01-003612.6,56299.10853,18.02,0.11,35.85454,-0.6034
022325.01-003612.6,56540.44834,18.07,0.12,35.85447,-0.60335
022325.01-003612.6,56540.45327,18.16,0.12,35.8544,-0.6035
022325.01-003612.6,56540.45822,18.13,0.12,35.85416,-0.60341
022325.01-003612.6,56540.46328,18.16,0.12,35.85451,-0.60328
022325.01-003612.6,56552.42933,18.0,0.11,35.8545,-0.60327
022325.01-003612.6,56552.43435,17.94,0.11,35.85477,-0.60345
022325.01-003612.6,56552.43948,18.0,0.11,35.85441,-0.60329
022325.01-003612.6,56552.44448,18.18,0.12,35.85459,-0.60349
022325.01-003612.6,56565.47828,17.97,0.11,35.85452,-0.60342
022325.01-003612.6,56565.48406,18.07,0.11,35.85439,-0.60329
022325.01-003612.6,56565.48988,18.17,0.12,35.85434,-0.6034
022325.01-003612.6,56565.49614,18.02,0.11,35.85426,-0.60333
022325.01-003612.6,56571.34297,18.19,0.12,35.85437,-0.60337
022325.01-003612.6,56571.34974,17.92,0.11,35.85444,-0.60345
022325.01-003612.6,56571.35647,18.14,0.12,35.85434,-0.60344
022325.01-003612.6,56571.36326,18.07,0.11,35.85445,-0.60342
022325.01-003612.6,56577.42132,18.0,0.11,35.8546,-0.60329
022325.01-003612.6,56577.42633,18.01,0.11,35.85438,-0.60362
022325.01-003612.6,56577.43133,18.09,0.12,35.85449,-0.60351
022325.01-003612.6,56577.43636,18.08,0.12,35.85456,-0.60345
022325.01-003612.6,56591.31473,18.07,0.11,35.85426,-0.60334
022325.01-003612.6,56591.32478,18.02,0.11,35.85432,-0.60341
022325.01-003612.6,56591.33483,17.18,0.09,35.85412,-0.60292
022325.01-003612.6,56591.34488,17.98,0.11,35.8545,-0.60338
220546.32+005319.2,53706.1151,17.86,0.11,331.44306,0.8887
220546.32+005319.2,53706.12282,17.94,0.11,331.443,0.88867
220546.32+005319.2,53706.13031,17.92,0.11,331.44315,0.88863
220546.32+005319.2,53706.13787,17.91,0.11,331.44308,0.88873
220546.32+005319.2,53553.35024,17.87,0.11,331.4433,0.88854
220546.32+005319.2,53553.35681,18.0,0.12,331.44311,0.88867
220546.32+005319.2,53553.36334,17.91,0.11,331.44312,0.88867
220546.32+005319.2,53553.36983,17.85,0.11,331.4432,0.88868
220546.32+005319.2,53567.40511,17.92,0.12,331.44287,0.88866
220546.32+005319.2,53567.41165,17.84,0.11,331.44315,0.88858
220546.32+005319.2,53567.4183,17.98,0.12,331.44297,0.88862
220546.32+005319.2,53567.42497,17.89,0.12,331.44323,0.88867
220546.32+005319.2,53527.40295,17.92,0.11,331.44323,0.88862
220546.32+005319.2,53527.41189,17.93,0.11,331.44308,0.88855
220546.32+005319.2,53527.42062,18.0,0.11,331.44317,0.88863
220546.32+005319.2,53527.42934,17.94,0.11,331.44332,0.88867
220546.32+005319.2,53505.45224,17.72,0.11,331.44329,0.88863
220546.32+005319.2,53505.4576,17.96,0.12,331.44313,0.88866
220546.32+005319.2,53505.46297,17.94,0.11,331.44311,0.88865
220546.32+005319.2,53505.46833,17.99,0.12,331.44314,0.88865
220546.32+005319.2,53675.15048,17.65,0.1,331.4431,0.88859
220546.32+005319.2,53675.15711,17.94,0.11,331.44304,0.88864
220546.32+005319.2,53675.16378,17.99,0.11,331.44316,0.88862
220546.32+005319.2,53675.17062,17.99,0.11,331.44318,0.88866
220546.32+005319.2,53687.07981,18.02,0.12,331.44294,0.88877
220546.32+005319.2,53687.08718,17.89,0.11,331.44304,0.88859
220546.32+005319.2,53687.09456,17.75,0.1,331.44311,0.88847
220546.32+005319.2,53687.10197,18.03,0.12,331.44317,0.8888
220546.32+005319.2,53696.0761,17.88,0.11,331.44309,0.88869
220546.32+005319.2,53696.08253,18.04,0.12,331.44304,0.88867
220546.32+005319.2,53696.08893,17.8,0.11,331.44295,0.88861
220546.32+005319.2,53696.09535,17.93,0.11,331.44315,0.88864
220546.32+005319.2,53644.17035,17.75,0.11,331.44331,0.88875
220546.32+005319.2,53644.17489,17.66,0.1,331.44329,0.88854
220546.32+005319.2,53644.17946,17.99,0.12,331.4431,0.88862
220546.32+005319.2,53644.18397,17.89,0.11,331.44336,0.88863
220546.32+005319.2,53653.13818,17.82,0.11,331.44318,0.88865
220546.32+005319.2,53653.14571,17.83,0.11,331.44324,0.88868
220546.32+005319.2,53653.15322,17.91,0.12,331.44307,0.88855
220546.32+005319.2,53653.16074,17.83,0.11,331.44305,0.88883
220546.32+005319.2,53670.14443,17.8,0.11,331.44326,0.88863
220546.32+005319.2,53670.14932,17.96,0.11,331.44314,0.88862
220546.32+005319.2,53670.1542,17.94,0.11,331.44316,0.88862
220546.32+005319.2,53670.1591,17.94,0.11,331.44321,0.88877
220546.32+005319.2,53637.21349,17.98,0.12,331.44308,0.88862
220546.32+005319.2,53637.21988,17.85,0.11,331.44306,0.88867
220546.32+005319.2,53637.22631,18.09,0.12,331.44298,0.88873
220546.32+005319.2,53637.23276,17.93,0.12,331.44301,0.88869
220546.32+005319.2,53976.22762,17.82,0.1,331.44308,0.88868
220546.32+005319.2,53976.23246,17.77,0.1,331.44314,0.88867
220546.32+005319.2,53976.23731,17.74,0.1,331.44323,0.88874
220546.32+005319.2,53976.24215,17.85,0.1,331.4431,0.88869
220546.32+005319.2,54080.11315,17.83,0.11,331.44302,0.88871
220546.32+005319.2,54080.11863,17.84,0.11,331.44299,0.88857
220546.32+005319.2,54080.12408,17.84,0.11,331.44306,0.88862
220546.32+005319.2,54080.12954,17.78,0.1,331.4432,0.88876
220546.32+005319.2,53917.39632,17.78,0.12,331.44316,0.88861
220546.32+005319.2,53917.40218,17.98,0.13,331.44303,0.88871
220546.32+005319.2,53917.40804,17.72,0.11,331.44311,0.88863
220546.32+005319.2,53917.4139,17.88,0.12,331.44309,0.88865
220546.32+005319.2,53904.38598,17.55,0.23,331.44303,0.88862
220546.32+005319.2,53904.38697,17.7,0.27,331.44284,0.88875
220546.32+005319.2,53904.38799,17.57,0.25,331.44324,0.88827
220546.32+005319.2,53904.38898,17.99,0.31,331.44303,0.88871
220546.32+005319.2,53907.38418,17.92,0.12,331.44305,0.88867
220546.32+005319.2,53907.39276,18.01,0.12,331.44317,0.88868
220546.32+005319.2,53907.40237,17.79,0.11,331.44319,0.8887
220546.32+005319.2,53907.41098,17.83,0.11,331.44317,0.88857
220546.32+005319.2,53874.43975,17.98,0.31,331.4422,0.88841
220546.32+005319.2,53874.44052,18.39,0.39,331.44298,0.88898
220546.32+005319.2,53874.44126,18.16,0.34,331.44325,0.88883
220546.32+005319.2,53886.41234,17.81,0.11,331.44321,0.88865
220546.32+005319.2,53886.4226,17.86,0.11,331.44317,0.88868
220546.32+005319.2,53886.4328,17.79,0.11,331.44338,0.88845
220546.32+005319.2,53886.44303,17.95,0.12,331.44319,0.88866
220546.32+005319.2,54052.11042,17.92,0.11,331.44293,0.88858
220546.32+005319.2,54052.11683,17.7,0.1,331.44315,0.88856
220546.32+005319.2,54052.12325,17.69,0.1,331.44336,0.8886
220546.32+005319.2,54052.12967,17.86,0.1,331.44313,0.8886
220546.32+005319.2,54058.0984,17.9,0.11,331.44315,0.88864
220546.32+005319.2,54058.10487,17.93,0.11,331.44303,0.88866
220546.32+005319.2,54058.11135,17.74,0.1,331.4431,0.8886
220546.32+005319.2,54058.11783,17.91,0.11,331.44315,0.88869
220546.32+005319.2,54024.08474,17.76,0.1,331.4433,0.8885
220546.32+005319.2,54024.09219,17.87,0.1,331.44322,0.8886
220546.32+005319.2,54024.09963,17.8,0.1,331.44316,0.88865
220546.32+005319.2,54024.10703,17.94,0.11,331.44308,0.88866
220546.32+005319.2,54030.15347,17.7,0.1,331.44302,0.88865
220546.32+005319.2,54030.15942,17.79,0.1,331.44317,0.88866
220546.32+005319.2,54030.16534,17.92,0.11,331.44311,0.88862
220546.32+005319.2,54030.17127,17.88,0.11,331.44318,0.88863
220546.32+005319.2,54037.16021,17.93,0.11,331.44317,0.88863
220546.32+005319.2,54037.16639,17.92,0.11,331.44307,0.8888
220546.32+005319.2,54037.17228,17.68,0.1,331.4432,0.8885
220546.32+005319.2,54037.17819,17.91,0.11,331.44317,0.8887
220546.32+005319.2,53989.1746,17.88,0.11,331.4431,0.88874
220546.32+005319.2,53989.18103,17.72,0.1,331.44309,0.88872
220546.32+005319.2,53989.18747,17.84,0.1,331.4431,0.88866
220546.32+005319.2,53989.19391,17.88,0.11,331.44321,0.88867
220546.32+005319.2,54004.14318,17.91,0.11,331.44315,0.88864
220546.32+005319.2,54004.1513,17.85,0.1,331.44301,0.88871
220546.32+005319.2,54004.15943,17.95,0.11,331.44316,0.88864
220546.32+005319.2,54004.16756,17.99,0.11,331.44308,0.88868
220546.32+005319.2,54298.44191,17.69,0.11,331.44326,0.88851
220546.32+005319.2,54298.44479,17.95,0.14,331.4429,0.88857
220546.32+005319.2,54298.44767,17.6,0.11,331.44306,0.88876
220546.32+005319.2,54298.45056,17.84,0.12,331.44307,0.88858
220546.32+005319.2,54261.39193,17.63,0.1,331.44319,0.88868
220546.32+005319.2,54261.40011,17.66,0.1,331.44321,0.8885
220546.32+005319.2,54261.40828,17.78,0.11,331.44319,0.88858
220546.32+005319.2,54261.41646,17.65,0.1,331.44301,0.88856
220546.32+005319.2,54269.36862,17.74,0.11,331.44335,0.8886
220546.32+005319.2,54269.37617,17.88,0.11,331.44317,0.8886
220546.32+005319.2,54269.38372,17.71,0.1,331.44291,0.8886
220546.32+005319.2,54269.39128,17.88,0.11,331.44313,0.88865
220546.32+005319.2,54276.34512,17.8,0.11,331.44326,0.88856
220546.32+005319.2,54276.35218,17.64,0.1,331.44328,0.88861
220546.32+005319.2,54276.3592,17.89,0.11,331.44313,0.88865
220546.32+005319.2,54276.36623,17.85,0.11,331.44313,0.8887
220546.32+005319.2,54239.44384,17.7,0.11,331.44333,0.88851
220546.32+005319.2,54239.45036,17.73,0.11,331.44314,0.88864
220546.32+005319.2,54239.45687,17.85,0.11,331.44291,0.88863
220546.32+005319.2,54239.46338,17.68,0.11,331.44315,0.88858
220546.32+005319.2,54247.41109,17.78,0.12,331.44314,0.88871
220546.32+005319.2,54247.4194,17.86,0.12,331.44302,0.88873
220546.32+005319.2,54247.42775,17.83,0.12,331.44315,0.88868
220546.32+005319.2,54247.43607,17.87,0.12,331.443,0.88867
220546.32+005319.2,54420.09142,17.88,0.11,331.44312,0.88874
220546.32+005319.2,54420.09743,17.96,0.11,331.44321,0.88868
220546.32+005319.2,54420.10339,18.04,0.12,331.44307,0.88879
220546.32+005319.2,54420.10939,17.7,0.1,331.44312,0.88874
220546.32+005319.2,54380.1528,17.96,0.11,331.4432,0.88866
220546.32+005319.2,54380.1592,17.79,0.1,331.44304,0.88863
220546.32+005319.2,54380.16562,17.84,0.11,331.44312,0.88869
220546.32+005319.2,54380.17205,17.83,0.1,331.44311,0.88874
220546.32+005319.2,54391.16065,17.71,0.1,331.44314,0.88867
220546.32+005319.2,54391.16877,17.94,0.11,331.44311,0.88866
220546.32+005319.2,54391.17688,17.8,0.1,331.44334,0.88879
220546.32+005319.2,54391.18501,17.99,0.11,331.44315,0.88873
220546.32+005319.2,54404.10014,17.7,0.1,331.44313,0.88865
220546.32+005319.2,54404.10658,17.51,0.09,331.44324,0.88872
220546.32+005319.2,54404.113,17.78,0.1,331.44317,0.88863
220546.32+005319.2,54404.12086,17.7,0.1,331.4432,0.88881
220546.32+005319.2,54348.28523,17.72,0.11,331.4431,0.88857
220546.32+005319.2,54348.29224,17.83,0.13,331.44315,0.88881
220546.32+005319.2,54348.29934,18.01,0.13,331.44335,0.88874
220546.32+005319.2,54348.30653,17.85,0.12,331.44322,0.88859
220546.32+005319.2,54354.22043,17.83,0.11,331.44308,0.88866
220546.32+005319.2,54354.22694,17.85,0.11,331.44311,0.8886
220546.32+005319.2,54354.23347,17.78,0.1,331.44304,0.88856
220546.32+005319.2,54354.23997,17.89,0.11,331.44314,0.88881
220546.32+005319.2,54821.08436,18.0,0.11,331.44299,0.88869
220546.32+005319.2,54821.09045,17.94,0.11,331.4431,0.88865
220546.32+005319.2,54821.09647,18.06,0.11,331.44303,0.88875
220546.32+005319.2,54821.10236,18.03,0.11,331.4431,0.88868
220546.32+005319.2,54648.31711,18.04,0.12,331.44322,0.88869
220546.32+005319.2,54648.32414,17.83,0.11,331.44314,0.88868
220546.32+005319.2,54648.3311,17.88,0.11,331.44314,0.88874
220546.32+005319.2,54648.33808,17.79,0.11,331.44338,0.88868
220546.32+005319.2,54626.38337,17.91,0.11,331.44319,0.88867
220546.32+005319.2,54597.43227,17.94,0.12,331.44306,0.88872
220546.32+005319.2,54597.43938,17.92,0.12,331.44345,0.88859
220546.32+005319.2,54597.44647,17.75,0.13,331.44319,0.88876
220546.32+005319.2,54597.45368,18.31,0.21,331.44366,0.88875
220546.32+005319.2,54790.08882,18.0,0.11,331.44312,0.8887
220546.32+005319.2,54790.09597,17.97,0.11,331.44307,0.88862
220546.32+005319.2,54790.10313,18.06,0.11,331.44304,0.88868
220546.32+005319.2,54790.1104,17.87,0.11,331.44311,0.88866
220546.32+005319.2,54747.18048,17.82,0.1,331.4433,0.88857
220546.32+005319.2,54747.18767,18.01,0.11,331.44319,0.8888
220546.32+005319.2,54747.19501,17.89,0.1,331.44305,0.88869
220546.32+005319.2,54747.20234,17.95,0.11,331.44326,0.88874
220546.32+005319.2,54767.14966,17.95,0.11,331.44312,0.88874
220546.32+005319.2,54767.15872,17.75,0.1,331.44316,0.88856
220546.32+005319.2,54767.16787,17.99,0.11,331.44307,0.88862
220546.32+005319.2,54767.1769,17.82,0.1,331.44323,0.88871
220546.32+005319.2,54729.2906,17.83,0.11,331.44325,0.88878
220546.32+005319.2,54729.29764,18.13,0.12,331.44314,0.88876
220546.32+005319.2,54729.30466,17.67,0.1,331.44336,0.88872
220546.32+005319.2,54729.31169,18.19,0.12,331.4432,0.88877
220546.32+005319.2,55059.32846,17.93,0.1,331.44311,0.88845
220546.32+005319.2,55059.33634,17.92,0.1,331.44307,0.88859
220546.32+005319.2,55059.34417,18.0,0.1,331.44315,0.88867
220546.32+005319.2,55059.35207,17.85,0.1,331.44327,0.88871
220546.32+005319.2,55070.20405,17.81,0.11,331.44325,0.88864
220546.32+005319.2,55070.21132,17.76,0.1,331.44347,0.8885
220546.32+005319.2,55070.21865,17.87,0.11,331.44328,0.88864
220546.32+005319.2,55070.22593,17.92,0.11,331.44299,0.88874
220546.32+005319.2,55183.0651,17.91,0.13,331.44313,0.8886
220546.32+005319.2,55183.07057,17.97,0.13,331.44303,0.88864
220546.32+005319.2,55183.07606,17.84,0.12,331.4431,0.88855
220546.32+005319.2,55183.08141,17.57,0.11,331.443,0.88877
220546.32+005319.2,55040.31384,17.9,0.11,331.4432,0.88869
220546.32+005319.2,55040.31933,17.88,0.11,331.44309,0.88857
220546.32+005319.2,55040.32467,17.82,0.11,331.44312,0.88861
220546.32+005319.2,55040.33018,18.04,0.12,331.44319,0.8887
220546.32+005319.2,55012.36457,17.92,0.14,331.44315,0.8886
220546.32+005319.2,55012.37337,17.64,0.15,331.44308,0.88875
220546.32+005319.2,55012.37773,17.91,0.16,331.44304,0.88861
220546.32+005319.2,54977.42625,17.88,0.11,331.4433,0.88866
220546.32+005319.2,54977.43341,18.02,0.12,331.44324,0.88854
220546.32+005319.2,54977.44066,17.98,0.11,331.44304,0.88875
220546.32+005319.2,54977.44782,17.97,0.11,331.44309,0.88856
220546.32+005319.2,55144.12516,18.1,0.12,331.44299,0.88865
220546.32+005319.2,55144.13298,17.78,0.11,331.44344,0.88861
220546.32+005319.2,55144.14089,17.77,0.1,331.44332,0.8886
220546.32+005319.2,55144.14873,17.91,0.11,331.44316,0.8886
220546.32+005319.2,55118.17757,17.93,0.11,331.44326,0.8886
220546.32+005319.2,55118.1848,17.88,0.11,331.44307,0.88862
220546.32+005319.2,55118.19219,17.99,0.11,331.44296,0.88864
220546.32+005319.2,55118.19941,17.9,0.11,331.44318,0.88858
220546.32+005319.2,55128.12715,18.02,0.11,331.44312,0.88871
220546.32+005319.2,55128.13626,17.95,0.11,331.4431,0.8886
220546.32+005319.2,55128.14538,17.96,0.11,331.44308,0.88864
220546.32+005319.2,55128.1545,17.96,0.11,331.44316,0.8886
220546.32+005319.2,55086.23485,17.99,0.15,331.44311,0.88876
220546.32+005319.2,55086.24432,17.66,0.14,331.44323,0.88869
220546.32+005319.2,55102.15204,18.02,0.11,331.44297,0.88873
220546.32+005319.2,55102.15801,17.74,0.1,331.44317,0.88869
220546.32+005319.2,55102.16399,17.99,0.11,331.44303,0.88864
220546.32+005319.2,55102.17007,18.12,0.12,331.44314,0.88859
220546.32+005319.2,55531.08844,17.63,0.12,331.44318,0.88863
220546.32+005319.2,55531.09926,17.97,0.14,331.44306,0.8886
220546.32+005319.2,55531.10466,17.8,0.13,331.443,0.8886
220546.32+005319.2,55545.09281,17.76,0.13,331.44303,0.88865
220546.32+005319.2,55545.10379,17.81,0.13,331.44301,0.88906
220546.32+005319.2,55545.10921,17.71,0.12,331.44288,0.88871
220546.32+005319.2,55381.31824,17.69,0.1,331.443,0.88864
220546.32+005319.2,55381.32635,17.87,0.11,331.44307,0.88859
220546.32+005319.2,55381.33444,17.8,0.11,331.44335,0.88853
220546.32+005319.2,55381.34256,17.76,0.11,331.44317,0.88859
220546.32+005319.2,55353.39634,17.92,0.11,331.44305,0.88862
220546.32+005319.2,55353.40393,17.91,0.11,331.4431,0.88859
220546.32+005319.2,55353.41148,17.9,0.11,331.44306,0.88865
220546.32+005319.2,55353.41896,17.87,0.11,331.44319,0.88863
220546.32+005319.2,55362.41791,17.79,0.11,331.44316,0.88863
220546.32+005319.2,55362.42362,17.88,0.11,331.44293,0.88868
220546.32+005319.2,55362.42946,17.6,0.1,331.44312,0.88868
220546.32+005319.2,55362.43529,17.81,0.11,331.44306,0.8886
220546.32+005319.2,55367.36769,17.79,0.11,331.44311,0.88866
220546.32+005319.2,55367.37463,17.81,0.11,331.44304,0.88857
220546.32+005319.2,55367.38157,17.91,0.11,331.44311,0.88865
220546.32+005319.2,55367.38845,17.86,0.11,331.44322,0.88869
220546.32+005319.2,55332.446,17.82,0.11,331.44307,0.88856
220546.32+005319.2,55332.44952,17.8,0.11,331.44327,0.88868
220546.32+005319.2,55332.45302,17.74,0.1,331.44322,0.88885
220546.32+005319.2,55332.45653,17.82,0.11,331.44309,0.88873
220546.32+005319.2,55501.12204,17.78,0.1,331.44318,0.88862
220546.32+005319.2,55501.13762,17.64,0.1,331.44319,0.88861
220546.32+005319.2,55501.1454,17.75,0.1,331.44318,0.88872
220546.32+005319.2,55476.11377,17.87,0.11,331.44312,0.88861
220546.32+005319.2,55476.12746,18.04,0.12,331.44313,0.88868
220546.32+005319.2,55476.13433,17.97,0.12,331.44305,0.88874
220546.32+005319.2,55481.08787,17.8,0.11,331.44307,0.88879
220546.32+005319.2,55481.09936,17.87,0.11,331.44314,0.8887
220546.32+005319.2,55481.10509,17.71,0.1,331.4433,0.88866
220546.32+005319.2,55455.25491,17.81,0.1,331.44307,0.88862
220546.32+005319.2,55455.26989,17.83,0.11,331.4431,0.8887
220546.32+005319.2,55455.27731,17.67,0.1,331.44338,0.88857
220546.32+005319.2,55745.37375,17.69,0.11,331.44315,0.88868
220546.32+005319.2,55745.38189,17.72,0.11,331.44313,0.88862
220546.32+005319.2,55745.39002,17.66,0.11,331.44302,0.88867
220546.32+005319.2,55745.39814,17.78,0.11,331.44303,0.88872
220546.32+005319.2,55719.4048,17.86,0.11,331.44313,0.8888
220546.32+005319.2,55719.41059,17.96,0.12,331.44306,0.88878
220546.32+005319.2,55719.41661,17.75,0.11,331.44307,0.88865
220546.32+005319.2,55719.42242,17.7,0.11,331.44299,0.88872
220546.32+005319.2,55694.44919,17.85,0.12,331.44309,0.88867
220546.32+005319.2,55694.45439,17.76,0.12,331.44315,0.88869
220546.32+005319.2,55694.45964,17.72,0.12,331.44314,0.88874
220546.32+005319.2,55694.46488,17.87,0.12,331.44317,0.88865
220546.32+005319.2,53687.13942,17.95,0.11,331.44325,0.88847
220546.32+005319.2,53687.14681,17.75,0.1,331.44299,0.88875
220546.32+005319.2,53687.1542,17.9,0.11,331.44305,0.88866
220546.32+005319.2,53687.16159,18.1,0.12,331.44303,0.88865
220546.32+005319.2,54626.4024,17.97,0.11,331.44302,0.88867
220546.32+005319.2,54626.40965,17.96,0.11,331.44303,0.88865
220546.32+005319.2,54626.41693,17.84,0.11,331.44321,0.88853
220546.32+005319.2,54626.42418,17.85,0.11,331.44323,0.88855
220546.32+005319.2,55086.27992,18.04,0.15,331.44316,0.8886
220546.32+005319.2,55086.28889,17.96,0.14,331.44316,0.88873
220546.32+005319.2,55086.29083,17.96,0.13,331.44312,0.88867
220546.32+005319.2,55086.29281,17.89,0.13,331.44316,0.88864
220546.32+005319.2,55824.17088,17.7,0.1,331.44307,0.88857
220546.32+005319.2,55824.17763,17.82,0.1,331.44326,0.88873
220546.32+005319.2,55824.18443,18.0,0.11,331.44336,0.88854
220546.32+005319.2,55824.1913,17.82,0.1,331.44316,0.88865
220546.32+005319.2,55833.1306,17.78,0.1,331.44308,0.88887
220546.32+005319.2,55833.13575,17.67,0.1,331.44315,0.88856
220546.32+005319.2,55833.14088,17.56,0.1,331.44322,0.88883
220546.32+005319.2,55833.14943,17.88,0.11,331.44289,0.88862
220546.32+005319.2,55851.1237,17.64,0.1,331.44309,0.88871
220546.32+005319.2,55851.13173,17.56,0.1,331.44328,0.88854
220546.32+005319.2,55851.13977,17.72,0.1,331.44312,0.88865
220546.32+005319.2,55851.1479,17.74,0.1,331.44329,0.88867
220546.32+005319.2,55884.11167,17.94,0.12,331.44339,0.88868
220546.32+005319.2,55884.11675,17.6,0.1,331.44304,0.88904
220546.32+005319.2,55884.12187,17.67,0.11,331.44309,0.88872
220546.32+005319.2,55884.12697,17.4,0.11,331.44334,0.88873
220546.32+005319.2,56063.45224,17.81,0.1,331.44304,0.88867
220546.32+005319.2,56063.45696,17.62,0.09,331.44314,0.88877
220546.32+005319.2,56063.46178,17.66,0.09,331.4433,0.88858
220546.32+005319.2,56063.46656,17.75,0.09,331.44325,0.88859
220546.32+005319.2,56069.43002,17.84,0.11,331.44312,0.88871
220546.32+005319.2,56069.4351,17.66,0.1,331.44299,0.88861
220546.32+005319.2,56069.44025,17.75,0.1,331.44332,0.88865
220546.32+005319.2,56069.44541,17.65,0.1,331.44334,0.88865
220546.32+005319.2,56076.43211,17.72,0.11,331.44315,0.88865
220546.32+005319.2,56076.43547,17.82,0.12,331.44306,0.88875
220546.32+005319.2,56076.43881,17.8,0.12,331.4432,0.88861
220546.32+005319.2,56076.44215,17.83,0.12,331.4431,0.88878
220546.32+005319.2,56092.38433,17.73,0.1,331.44301,0.88855
220546.32+005319.2,56092.39288,17.73,0.1,331.443,0.8887
220546.32+005319.2,56092.40152,17.87,0.11,331.44321,0.88869
220546.32+005319.2,56092.4101,17.63,0.1,331.4432,0.88863
220546.32+005319.2,56099.3354,17.71,0.11,331.44327,0.88858
220546.32+005319.2,56099.34388,17.86,0.11,331.44319,0.88876
220546.32+005319.2,56099.35238,17.73,0.11,331.4433,0.88865
220546.32+005319.2,56099.361,17.73,0.11,331.44308,0.88863
220546.32+005319.2,56164.17561,17.71,0.11,331.44309,0.88869
220546.32+005319.2,56164.18078,17.73,0.11,331.44314,0.88875
220546.32+005319.2,56164.18594,17.8,0.11,331.44313,0.88865
220546.32+005319.2,56164.19116,17.62,0.1,331.44347,0.88862
220546.32+005319.2,56183.19126,17.69,0.09,331.44317,0.88876
220546.32+005319.2,56183.19828,17.73,0.09,331.44309,0.88866
220546.32+005319.2,56183.20535,17.73,0.09,331.4433,0.88877
220546.32+005319.2,56183.21249,17.85,0.1,331.44311,0.88874
220546.32+005319.2,56191.26467,17.76,0.11,331.44314,0.88875
220546.32+005319.2,56191.26973,17.74,0.11,331.44312,0.8887
220546.32+005319.2,56191.27487,17.65,0.1,331.44331,0.88859
220546.32+005319.2,56191.27996,17.7,0.1,331.4431,0.88868
220546.32+005319.2,56205.165,17.77,0.11,331.44306,0.88877
220546.32+005319.2,56205.1722,17.76,0.11,331.44303,0.88875
220546.32+005319.2,56205.17947,17.84,0.11,331.44317,0.8888
220546.32+005319.2,56205.18767,17.81,0.11,331.44306,0.8887
220546.32+005319.2,56216.15305,17.67,0.1,331.44319,0.88861
220546.32+005319.2,56216.15866,17.78,0.11,331.44316,0.88868
220546.32+005319.2,56216.16428,17.72,0.1,331.44317,0.88864
220546.32+005319.2,56216.16988,17.81,0.11,331.44312,0.88873
220546.32+005319.2,56255.17937,17.77,0.1,331.44312,0.88871
220546.32+005319.2,56255.18655,17.77,0.1,331.443,0.88866
220546.32+005319.2,56255.19381,17.74,0.1,331.44318,0.88869
220546.32+005319.2,56255.20103,17.92,0.1,331.443,0.88868
220546.32+005319.2,56419.45558,17.86,0.11,331.44319,0.88874
220546.32+005319.2,56419.45782,17.88,0.11,331.44314,0.88878
220546.32+005319.2,56419.46008,17.56,0.1,331.443,0.88865
220546.32+005319.2,56419.46232,17.73,0.11,331.44336,0.88868
220546.32+005319.2,56446.39606,17.85,0.11,331.44331,0.88875
220546.32+005319.2,56446.40284,17.82,0.11,331.44305,0.88881
220546.32+005319.2,56446.40974,17.85,0.11,331.44326,0.88868
220546.32+005319.2,56446.41668,17.79,0.11,331.44313,0.88864
220546.32+005319.2,56453.40802,17.84,0.11,331.44298,0.88868
220546.32+005319.2,56453.41312,17.76,0.11,331.44318,0.88872
220546.32+005319.2,56453.41827,17.75,0.11,331.44305,0.88871
220546.32+005319.2,56453.42335,17.81,0.11,331.44329,0.88871
220546.32+005319.2,56462.36347,17.85,0.11,331.44303,0.88885
220546.32+005319.2,56462.36857,17.83,0.11,331.44304,0.88877
220546.32+005319.2,56462.37365,17.73,0.11,331.44324,0.88876
220546.32+005319.2,56462.37879,17.89,0.11,331.4431,0.88873
220546.32+005319.2,56486.32561,17.91,0.12,331.4431,0.88873
220546.32+005319.2,56486.33238,17.81,0.12,331.44306,0.88869
220546.32+005319.2,56486.33913,17.86,0.12,331.44303,0.88869
220546.32+005319.2,56486.34592,17.9,0.13,331.44319,0.88876
220546.32+005319.2,56513.41399,17.55,0.1,331.44323,0.8887
220546.32+005319.2,56513.42352,17.8,0.11,331.44321,0.88871
220546.32+005319.2,56513.43291,18.02,0.12,331.44312,0.88874
220546.32+005319.2,56513.44228,17.73,0.11,331.44314,0.88868
220546.32+005319.2,56537.16243,17.62,0.11,331.44304,0.88856
220546.32+005319.2,56537.17082,17.97,0.12,331.4431,0.8887
220546.32+005319.2,56537.17919,17.78,0.11,331.44319,0.88874
220546.32+005319.2,56537.18761,17.97,0.12,331.44308,0.88866
220546.32+005319.2,56563.26854,17.77,0.1,331.44325,0.88869
220546.32+005319.2,56563.27475,17.71,0.1,331.44322,0.88865
220546.32+005319.2,56563.28095,17.81,0.11,331.44313,0.88865
220546.32+005319.2,56563.28724,17.83,0.11,331.44312,0.88863
220546.32+005319.2,56571.21062,17.75,0.1,331.44317,0.88865
220546.32+005319.2,56571.21678,17.7,0.1,331.44301,0.88871
220546.32+005319.2,56571.22297,17.73,0.1,331.44327,0.88876
220546.32+005319.2,56571.22923,17.9,0.11,331.44308,0.8887
220546.32+005319.2,56588.16289,17.85,0.11,331.4432,0.88874
220546.32+005319.2,56588.16895,17.87,0.11,331.44309,0.88878
220546.32+005319.2,56588.17503,17.82,0.11,331.4431,0.88875
220546.32+005319.2,56588.1811,17.84,0.11,331.44316,0.88878
082311.26+435318.5,54089.33928,14.62,0.06,125.79711,43.88827
082311.26+435318.5,53800.13046,16.7,0.13,125.79709,43.88839
082311.26+435318.5,53800.13817,16.22,0.11,125.79741,43.88851
082311.26+435318.5,54059.39232,15.2,0.06,125.79731,43.88835
082311.26+435318.5,54059.39825,15.5,0.06,125.7972,43.88832
082311.26+435318.5,54059.4042,15.34,0.06,125.79728,43.88832
082311.26+435318.5,54204.16773,15.39,0.06,125.79726,43.88827
082311.26+435318.5,54204.17869,15.45,0.06,125.79727,43.88831
082311.26+435318.5,54451.44634,15.47,0.06,125.79714,43.88838
082311.26+435318.5,54451.44999,15.51,0.06,125.79717,43.88836
082311.26+435318.5,54170.25446,15.4,0.06,125.7972,43.8883
082311.26+435318.5,54170.26871,15.4,0.06,125.79725,43.8883
082311.26+435318.5,54170.27583,15.44,0.06,125.79713,43.88829
082311.26+435318.5,54176.14325,15.45,0.06,125.79724,43.88833
082311.26+435318.5,54176.15236,15.75,0.06,125.79721,43.88834
082311.26+435318.5,54415.37715,15.5,0.06,125.79732,43.88841
082311.26+435318.5,54415.38169,15.07,0.06,125.79718,43.88837
082311.26+435318.5,54415.38621,16.1,0.07,125.79724,43.88834
082311.26+435318.5,54415.39077,15.52,0.06,125.79719,43.88845
082311.26+435318.5,54425.3442,15.52,0.06,125.79713,43.88842
082311.26+435318.5,54425.34864,15.29,0.06,125.79722,43.88837
082311.26+435318.5,54389.46634,15.56,0.06,125.79727,43.88841
082311.26+435318.5,54389.47228,15.47,0.06,125.79729,43.88836
082311.26+435318.5,54389.47821,15.07,0.06,125.79731,43.88836
082311.26+435318.5,54557.12975,15.39,0.06,125.79715,43.88838
082311.26+435318.5,54557.13648,15.76,0.06,125.79704,43.88841
082311.26+435318.5,54805.28815,15.18,0.06,125.79716,43.88838
082311.26+435318.5,54805.2951,14.43,0.06,125.79718,43.88837
082311.26+435318.5,54805.30207,14.25,0.05,125.79707,43.88836
082311.26+435318.5,54506.2241,15.12,0.06,125.79708,43.88837
082311.26+435318.5,54506.23737,15.02,0.06,125.79715,43.88836
082311.26+435318.5,54506.24455,15.35,0.06,125.79712,43.88841
082311.26+435318.5,54466.46524,15.27,0.06,125.79715,43.88835
082311.26+435318.5,54466.47299,15.39,0.06,125.79717,43.88835
082311.26+435318.5,54466.48065,14.49,0.06,125.79715,43.8883
082311.26+435318.5,54478.31034,15.58,0.06,125.79704,43.8884
082311.26+435318.5,54534.25741,15.4,0.06,125.79716,43.88835
082311.26+435318.5,54534.27417,15.56,0.06,125.79719,43.88839
082311.26+435318.5,54598.17882,15.38,0.06,125.79711,43.88837
082311.26+435318.5,54598.18759,15.16,0.06,125.7971,43.88838
082311.26+435318.5,54789.47921,14.69,0.06,125.79717,43.88839
082311.26+435318.5,54749.47477,15.03,0.06,125.79727,43.88837
082311.26+435318.5,54749.49318,15.05,0.06,125.79724,43.88846
082311.26+435318.5,54764.43893,14.94,0.06,125.79723,43.88836
082311.26+435318.5,54764.46521,15.08,0.06,125.79733,43.88831
082311.26+435318.5,54943.14874,15.93,0.07,125.79699,43.88837
082311.26+435318.5,54943.15372,15.23,0.06,125.79696,43.88836
082311.26+435318.5,54943.1587,15.96,0.07,125.79703,43.88834
082311.26+435318.5,54943.16442,15.89,0.07,125.79711,43.88838
082311.26+435318.5,55178.3294,14.91,0.06,125.79716,43.88828
082311.26+435318.5,55178.34089,15.41,0.07,125.79714,43.8884
082311.26+435318.5,55178.34665,15.81,0.07,125.79716,43.88832
082311.26+435318.5,55185.2998,15.05,0.06,125.79704,43.88832
082311.26+435318.5,55185.308,15.25,0.06,125.79719,43.88836
082311.26+435318.5,55185.31626,15.23,0.06,125.79706,43.88831
082311.26+435318.5,55185.32451,14.91,0.06,125.79715,43.88833
082311.26+435318.5,54875.32496,15.41,0.06,125.79716,43.88836
082311.26+435318.5,54875.331,14.69,0.06,125.79707,43.88832
082311.26+435318.5,54875.33702,14.49,0.06,125.79709,43.88838
082311.26+435318.5,54886.1665,14.4,0.06,125.79715,43.88832
082311.26+435318.5,54886.17387,15.01,0.06,125.79699,43.88835
082311.26+435318.5,54833.35878,15.36,0.06,125.79717,43.88839
082311.26+435318.5,54833.36679,15.53,0.06,125.79726,43.88835
082311.26+435318.5,54833.37485,14.83,0.06,125.79718,43.88835
082311.26+435318.5,54851.29654,15.31,0.06,125.79718,43.8884
082311.26+435318.5,54851.30197,15.34,0.06,125.79717,43.88835
082311.26+435318.5,54851.30748,15.35,0.06,125.7972,43.88837
082311.26+435318.5,54861.2186,15.74,0.06,125.79721,43.88833
082311.26+435318.5,54893.09988,15.15,0.06,125.79717,43.8883
082311.26+435318.5,54913.23597,15.48,0.06,125.79719,43.88841
082311.26+435318.5,54913.24199,15.33,0.06,125.79708,43.88838
082311.26+435318.5,54913.24809,15.53,0.06,125.79707,43.88836
082311.26+435318.5,54913.2542,15.04,0.06,125.79704,43.8884
082311.26+435318.5,54965.16826,14.76,0.06,125.79691,43.88832
082311.26+435318.5,54965.17378,14.92,0.06,125.79704,43.88838
082311.26+435318.5,54965.17919,15.24,0.06,125.7971,43.88826
082311.26+435318.5,54965.18461,15.27,0.06,125.79702,43.8883
082311.26+435318.5,55155.35113,15.0,0.06,125.79691,43.8883
082311.26+435318.5,55155.35718,15.24,0.06,125.79693,43.88836
082311.26+435318.5,55155.36322,14.48,0.06,125.79699,43.88831
082311.26+435318.5,55130.44118,13.49,0.05,125.79708,43.8883
082311.26+435318.5,55130.45035,15.14,0.06,125.79714,43.88837
082311.26+435318.5,55293.22919,15.39,0.06,125.79704,43.88828
082311.26+435318.5,55293.2338,14.04,0.05,125.79712,43.88836
082311.26+435318.5,55293.23841,15.01,0.06,125.79707,43.88831
082311.26+435318.5,55293.24298,15.17,0.06,125.79707,43.8883
082311.26+435318.5,55540.44867,15.07,0.06,125.79712,43.88838
082311.26+435318.5,55540.45678,15.26,0.06,125.79711,43.88837
082311.26+435318.5,55244.23651,14.79,0.06,125.797,43.88835
082311.26+435318.5,55244.24173,14.77,0.06,125.79693,43.88834
082311.26+435318.5,55244.24697,15.47,0.06,125.79699,43.88832
082311.26+435318.5,55209.33086,14.71,0.06,125.79696,43.8883
082311.26+435318.5,55209.33893,15.2,0.06,125.79704,43.88825
082311.26+435318.5,55209.35572,15.84,0.08,125.79699,43.8883
082311.26+435318.5,55274.21673,15.3,0.06,125.7972,43.88834
082311.26+435318.5,55274.22418,14.47,0.06,125.79705,43.88834
082311.26+435318.5,55324.15735,15.22,0.06,125.79714,43.88831
082311.26+435318.5,55324.16427,15.89,0.07,125.79704,43.88834
082311.26+435318.5,55324.17109,15.19,0.06,125.79705,43.88828
082311.26+435318.5,55324.17795,15.38,0.06,125.79704,43.88833
082311.26+435318.5,55503.42866,14.98,0.06,125.79716,43.88837
082311.26+435318.5,55503.44016,15.08,0.06,125.7971,43.88843
082311.26+435318.5,55503.44594,15.23,0.06,125.79708,43.88834
082311.26+435318.5,55511.38816,15.2,0.06,125.79714,43.88838
082311.26+435318.5,55511.40222,15.09,0.06,125.79709,43.88844
082311.26+435318.5,55680.17974,15.26,0.06,125.79723,43.88835
082311.26+435318.5,55680.18796,15.11,0.06,125.79717,43.88829
082311.26+435318.5,55680.19625,15.19,0.06,125.79711,43.88836
082311.26+435318.5,55680.20447,15.46,0.06,125.79712,43.88835
082311.26+435318.5,55598.184,15.13,0.06,125.79713,43.88834
082311.26+435318.5,55598.19085,15.53,0.06,125.79711,43.88836
082311.26+435318.5,55598.19769,15.06,0.06,125.79712,43.88834
082311.26+435318.5,55598.20456,15.04,0.06,125.7971,43.88841
082311.26+435318.5,55564.27855,14.75,0.06,125.79709,43.88841
082311.26+435318.5,55564.29348,15.25,0.06,125.79712,43.88836
082311.26+435318.5,55564.30098,14.91,0.06,125.79702,43.88842
082311.26+435318.5,55573.29719,15.0,0.06,125.7971,43.88844
082311.26+435318.5,55573.30059,15.18,0.06,125.79708,43.88837
082311.26+435318.5,55589.3938,15.22,0.06,125.79706,43.88845
082311.26+435318.5,55589.40037,14.32,0.05,125.79705,43.88843
082311.26+435318.5,55589.40691,14.97,0.06,125.79706,43.88839
082311.26+435318.5,55589.41348,15.23,0.06,125.79712,43.88841
082311.26+435318.5,55632.22116,15.25,0.06,125.79711,43.8884
082311.26+435318.5,55632.22572,14.99,0.06,125.79701,43.88842
082311.26+435318.5,54893.14963,15.7,0.07,125.79694,43.88841
082311.26+435318.5,54893.15342,15.2,0.06,125.79721,43.88834
082311.26+435318.5,54893.15719,14.52,0.06,125.79696,43.88837
082311.26+435318.5,54893.16098,15.28,0.06,125.79703,43.88839
082311.26+435318.5,55858.45355,15.49,0.06,125.79715,43.88833
082311.26+435318.5,55858.46478,15.35,0.06,125.79708,43.8884
082311.26+435318.5,55858.47597,14.16,0.05,125.7971,43.88836
082311.26+435318.5,55858.48721,15.39,0.06,125.79712,43.88836
082311.26+435318.5,55850.40871,16.01,0.08,125.79717,43.88839
082311.26+435318.5,55850.41536,15.95,0.08,125.79707,43.88832
082311.26+435318.5,55850.42213,16.01,0.08,125.79705,43.8885
082311.26+435318.5,55850.42884,15.93,0.08,125.79706,43.88839
082311.26+435318.5,55895.39999,15.25,0.06,125.79708,43.88835
082311.26+435318.5,55895.40627,15.19,0.06,125.79708,43.88832
082311.26+435318.5,55895.41253,14.83,0.06,125.79711,43.88845
082311.26+435318.5,55895.41887,14.84,0.06,125.79705,43.88838
082311.26+435318.5,55928.28284,15.25,0.06,125.79709,43.88833
082311.26+435318.5,55928.30132,14.81,0.06,125.79709,43.88839
082311.26+435318.5,55945.24427,15.49,0.06,125.79713,43.88835
082311.26+435318.5,55945.2499,15.01,0.06,125.79711,43.88835
082311.26+435318.5,55969.20958,14.75,0.06,125.79713,43.8884
082311.26+435318.5,55969.21752,15.25,0.06,125.79712,43.88841
082311.26+435318.5,55969.22545,14.6,0.06,125.79712,43.88838
082311.26+435318.5,55969.2334,14.96,0.06,125.79713,43.88836
082311.26+435318.5,55980.16231,15.24,0.06,125.7971,43.88837
082311.26+435318.5,55980.16847,14.69,0.06,125.79706,43.88838
082311.26+435318.5,55980.1808,15.29,0.06,125.79703,43.88834
082311.26+435318.5,55987.11866,15.0,0.06,125.79708,43.88843
082311.26+435318.5,55987.12995,14.19,0.05,125.79703,43.88838
082311.26+435318.5,56069.14692,14.97,0.06,125.79717,43.88832
082311.26+435318.5,56069.15263,15.92,0.07,125.79712,43.8883
082311.26+435318.5,56069.1583,15.6,0.06,125.79706,43.88834
082311.26+435318.5,56069.16404,15.9,0.07,125.79708,43.88834
082311.26+435318.5,56227.42239,14.46,0.06,125.79712,43.88843
082311.26+435318.5,56237.46331,14.44,0.05,125.79706,43.88841
082311.26+435318.5,56237.46943,15.04,0.06,125.79704,43.88838
082311.26+435318.5,56237.47563,14.21,0.05,125.79704,43.88836
082311.26+435318.5,56255.30589,15.19,0.06,125.79712,43.88844
082311.26+435318.5,56270.42251,14.88,0.06,125.7971,43.88832
082311.26+435318.5,56270.42797,14.6,0.06,125.79712,43.88841
082311.26+435318.5,56270.43459,15.4,0.06,125.79711,43.88842
082311.26+435318.5,56295.24464,14.73,0.06,125.79707,43.88844
082311.26+435318.5,56295.25172,14.81,0.06,125.79704,43.88843
082311.26+435318.5,56302.22751,13.58,0.05,125.79702,43.88844
082311.26+435318.5,56302.2326,15.3,0.06,125.79707,43.8884
082311.26+435318.5,56307.21066,14.08,0.05,125.79705,43.8884
082311.26+435318.5,56307.21603,14.49,0.05,125.79707,43.88836
082311.26+435318.5,56314.21997,15.5,0.06,125.79702,43.88839
082311.26+435318.5,56314.22959,15.13,0.06,125.79702,43.88836
082311.26+435318.5,56314.23929,15.16,0.06,125.79711,43.88838
082311.26+435318.5,56323.42345,14.42,0.06,125.79699,43.88848
082311.26+435318.5,56323.42854,14.95,0.06,125.79702,43.88839
082311.26+435318.5,56323.43367,15.35,0.06,125.79701,43.88839
082311.26+435318.5,56331.28339,13.92,0.05,125.79702,43.88839
082311.26+435318.5,56331.29297,14.56,0.06,125.79699,43.88841
082311.26+435318.5,56331.30653,15.65,0.08,125.7971,43.88842
082311.26+435318.5,56341.12311,15.15,0.06,125.79704,43.88843
082311.26+435318.5,56341.13227,15.46,0.06,125.79702,43.88838
082311.26+435318.5,56341.14312,14.91,0.06,125.79705,43.88845
082311.26+435318.5,56358.24618,15.12,0.06,125.79708,43.88841
082311.26+435318.5,56358.26818,15.17,0.06,125.7971,43.88844
082311.26+435318.5,55955.33808,15.25,0.06,125.79708,43.88839
082311.26+435318.5,55955.34487,15.22,0.06,125.79717,43.88836
082311.26+435318.5,55955.35157,15.27,0.06,125.79707,43.88837
082311.26+435318.5,56399.14934,15.14,0.06,125.79708,43.88844
082311.26+435318.5,56399.15657,15.29,0.06,125.79704,43.8884
082311.26+435318.5,56432.15581,15.25,0.06,125.79703,43.88839
082311.26+435318.5,56432.16146,15.47,0.06,125.79705,43.88838
082311.26+435318.5,56432.1727,15.23,0.06,125.79707,43.88838
082311.26+435318.5,56569.46137,14.91,0.06,125.79721,43.88839
082311.26+435318.5,56569.46858,15.82,0.06,125.79721,43.88837
082311.26+435318.5,56569.47594,15.06,0.06,125.79725,43.8884
082311.26+435318.5,56569.48318,15.1,0.06,125.7972,43.88842
082311.26+435318.5,56592.40922,15.91,0.08,125.7973,43.8884
082311.26+435318.5,56592.4204,15.58,0.07,125.79716,43.88841
113618.90+125554.8,53728.50291,18.47,0.14,174.07907,12.932
113618.90+125554.8,53728.5121,18.83,0.17,174.07877,12.93171
113618.90+125554.8,53728.5213,18.53,0.15,174.07889,12.9319
113618.90+125554.8,53728.53047,18.33,0.14,174.07886,12.93181
113618.90+125554.8,53529.1897,18.43,0.13,174.07884,12.93221
113618.90+125554.8,53529.19537,18.31,0.13,174.07862,12.93177
113618.90+125554.8,53529.20092,18.66,0.15,174.07884,12.93188
113618.90+125554.8,53529.20643,18.86,0.16,174.07884,12.93203
113618.90+125554.8,53498.16095,18.64,0.14,174.07867,12.93208
113618.90+125554.8,53498.16742,18.78,0.15,174.07876,12.93205
113618.90+125554.8,53520.18524,18.59,0.15,174.07885,12.93189
113618.90+125554.8,53520.19167,18.09,0.16,174.07873,12.93214
113618.90+125554.8,53704.46744,18.38,0.13,174.07878,12.9319
113618.90+125554.8,53704.47387,18.57,0.14,174.07899,12.93189
113618.90+125554.8,53704.48035,18.75,0.16,174.07905,12.93199
113618.90+125554.8,53704.48682,18.91,0.17,174.07894,12.93192
113618.90+125554.8,53827.2521,18.7,0.15,174.07888,12.93196
113618.90+125554.8,53827.26062,18.75,0.16,174.07878,12.9319
113618.90+125554.8,53827.26911,18.83,0.16,174.07865,12.93193
113618.90+125554.8,53827.27762,18.73,0.15,174.07875,12.9319
113618.90+125554.8,53844.2195,18.64,0.15,174.07896,12.93212
113618.90+125554.8,53852.19614,18.58,0.15,174.07862,12.93189
113618.90+125554.8,53852.20391,18.65,0.15,174.07886,12.93176
113618.90+125554.8,53852.21173,18.58,0.15,174.07875,12.93215
113618.90+125554.8,53852.21953,18.81,0.16,174.07865,12.93198
113618.90+125554.8,54092.51629,18.44,0.13,174.0788,12.93184
113618.90+125554.8,54092.52111,18.73,0.15,174.07883,12.93194
113618.90+125554.8,54092.52591,18.44,0.13,174.07905,12.93199
113618.90+125554.8,54092.53075,18.75,0.15,174.07878,12.93194
113618.90+125554.8,53787.37901,18.64,0.15,174.07881,12.93183
113618.90+125554.8,53787.38496,18.48,0.14,174.07879,12.93196
113618.90+125554.8,53787.39092,18.19,0.12,174.07908,12.93199
113618.90+125554.8,53787.39689,18.69,0.15,174.07879,12.93205
113618.90+125554.8,53744.44311,18.64,0.15,174.07892,12.9321
113618.90+125554.8,53744.4486,18.75,0.16,174.07874,12.93197
113618.90+125554.8,53744.45409,18.61,0.15,174.07894,12.93206
113618.90+125554.8,53744.45959,18.54,0.14,174.0787,12.9318
113618.90+125554.8,53763.4495,18.63,0.14,174.07889,12.93197
113618.90+125554.8,53763.45727,18.73,0.15,174.07872,12.93214
113618.90+125554.8,53763.465,18.54,0.14,174.07892,12.93184
113618.90+125554.8,53763.47259,18.69,0.15,174.07883,12.93189
113618.90+125554.8,53905.18932,19.18,0.6,174.07863,12.93193
113618.90+125554.8,53905.19039,18.82,0.48,174.07903,12.93175
113618.90+125554.8,53905.19244,18.75,0.46,174.07868,12.93176
113618.90+125554.8,53797.33341,18.88,0.45,174.07869,12.93205
113618.90+125554.8,53797.33364,18.78,0.42,174.07877,12.93202
113618.90+125554.8,53797.33387,18.74,0.41,174.07875,12.932
113618.90+125554.8,53797.33415,19.6,0.68,174.07878,12.93157
113618.90+125554.8,53819.24961,18.5,0.16,174.07873,12.93231
113618.90+125554.8,53819.25726,18.96,0.21,174.07884,12.93185
113618.90+125554.8,53819.26491,18.71,0.18,174.0791,12.93215
113618.90+125554.8,54056.48654,18.4,0.13,174.07884,12.93201
113618.90+125554.8,54056.49256,18.72,0.14,174.07886,12.93192
113618.90+125554.8,54056.49856,18.66,0.14,174.07878,12.93193
113618.90+125554.8,54056.5046,18.53,0.13,174.07891,12.93202
113618.90+125554.8,54198.22921,18.64,0.15,174.07888,12.93204
113618.90+125554.8,54198.23517,18.28,0.13,174.07874,12.93202
113618.90+125554.8,54198.24115,18.63,0.15,174.07849,12.93191
113618.90+125554.8,54198.24711,18.7,0.17,174.07902,12.93203
113618.90+125554.8,54205.24314,18.48,0.13,174.07873,12.93197
113618.90+125554.8,54205.24853,18.48,0.13,174.07895,12.9319
113618.90+125554.8,54205.25391,18.58,0.14,174.07872,12.93213
113618.90+125554.8,54205.25932,18.7,0.15,174.07874,12.93186
113618.90+125554.8,54214.25765,18.63,0.14,174.07882,12.9321
113618.90+125554.8,54214.26423,18.65,0.14,174.07863,12.93185
113618.90+125554.8,54214.27077,18.44,0.13,174.07869,12.93197
113618.90+125554.8,54214.27729,18.5,0.13,174.07881,12.93191
113618.90+125554.8,54440.45006,18.67,0.14,174.07885,12.932
113618.90+125554.8,54440.45841,18.46,0.13,174.07869,12.932
113618.90+125554.8,54440.4668,18.6,0.14,174.07891,12.93196
113618.90+125554.8,54440.47518,18.37,0.13,174.07893,12.93193
113618.90+125554.8,54139.37184,18.58,0.15,174.07863,12.93207
113618.90+125554.8,54139.37721,18.91,0.18,174.07933,12.93159
113618.90+125554.8,54139.38257,18.87,0.17,174.07874,12.93226
113618.90+125554.8,54139.38793,18.79,0.17,174.07866,12.93225
113618.90+125554.8,54115.3501,18.63,0.14,174.07893,12.93189
113618.90+125554.8,54115.35966,18.42,0.13,174.07872,12.9321
113618.90+125554.8,54115.36925,18.68,0.14,174.07914,12.93202
113618.90+125554.8,54115.37881,18.65,0.14,174.0788,12.93182
113618.90+125554.8,54127.29195,18.64,0.15,174.0789,12.93202
113618.90+125554.8,54127.30222,18.76,0.16,174.07895,12.9318
113618.90+125554.8,54127.31247,18.51,0.14,174.07864,12.93195
113618.90+125554.8,54127.32279,18.54,0.14,174.07878,12.93171
113618.90+125554.8,54168.43154,18.5,0.13,174.07863,12.93173
113618.90+125554.8,54168.43465,18.52,0.14,174.07863,12.93172
113618.90+125554.8,54168.43778,18.34,0.13,174.07879,12.93178
113618.90+125554.8,54168.44086,18.27,0.12,174.07888,12.93189
113618.90+125554.8,54174.3001,18.73,0.15,174.07867,12.93187
113618.90+125554.8,54174.30726,18.58,0.14,174.07867,12.93181
113618.90+125554.8,54174.31438,18.61,0.14,174.07874,12.93183
113618.90+125554.8,54174.32153,18.48,0.13,174.07876,12.93199
113618.90+125554.8,54184.29667,18.73,0.17,174.0787,12.93193
113618.90+125554.8,54184.3015,19.01,0.19,174.07886,12.9319
113618.90+125554.8,54184.30632,18.05,0.15,174.07881,12.9327
113618.90+125554.8,54229.28048,18.74,0.15,174.07881,12.93185
113618.90+125554.8,54229.29068,18.61,0.15,174.07896,12.93202
113618.90+125554.8,54229.30089,18.5,0.14,174.07843,12.932
113618.90+125554.8,54229.31112,18.45,0.14,174.07843,12.93187
113618.90+125554.8,54424.48491,18.32,0.12,174.07885,12.93203
113618.90+125554.8,54424.49315,18.29,0.12,174.0787,12.93204
113618.90+125554.8,54424.5014,18.34,0.12,174.07887,12.93205
113618.90+125554.8,54424.50967,18.36,0.13,174.079,12.93204
113618.90+125554.8,54562.24708,18.54,0.14,174.07882,12.93199
113618.90+125554.8,54562.25251,18.18,0.12,174.07876,12.93189
113618.90+125554.8,54562.25798,18.57,0.14,174.07894,12.93188
113618.90+125554.8,54562.26339,18.34,0.13,174.07868,12.93191
113618.90+125554.8,54581.26418,18.66,0.15,174.07887,12.93219
113618.90+125554.8,54581.27127,18.73,0.15,174.07893,12.93208
113618.90+125554.8,54581.27835,18.67,0.15,174.07899,12.93215
113618.90+125554.8,54581.28545,18.5,0.14,174.07863,12.93194
113618.90+125554.8,54523.31151,18.55,0.14,174.07881,12.93203
113618.90+125554.8,54523.31851,18.49,0.13,174.07873,12.93196
113618.90+125554.8,54523.32556,18.46,0.13,174.07902,12.93206
113618.90+125554.8,54523.33259,18.49,0.13,174.07863,12.93209
113618.90+125554.8,54482.40214,18.56,0.14,174.07882,12.93198
113618.90+125554.8,54482.40643,18.44,0.14,174.07877,12.93195
113618.90+125554.8,54482.41071,18.4,0.15,174.07869,12.93172
113618.90+125554.8,54482.41497,18.24,0.15,174.07881,12.932
113618.90+125554.8,54496.33535,18.42,0.13,174.07884,12.93181
113618.90+125554.8,54496.34187,18.31,0.12,174.07878,12.93195
113618.90+125554.8,54496.35002,18.33,0.14,174.07883,12.93192
113618.90+125554.8,54496.35767,18.43,0.13,174.07892,12.93201
113618.90+125554.8,54625.17909,18.45,0.13,174.07881,12.93196
113618.90+125554.8,54625.18631,18.31,0.13,174.07879,12.93221
113618.90+125554.8,54625.19348,18.45,0.13,174.0788,12.93214
113618.90+125554.8,54625.20061,18.45,0.13,174.0787,12.93187
113618.90+125554.8,54528.32396,18.44,0.13,174.07865,12.93193
113618.90+125554.8,54528.32991,18.76,0.15,174.07875,12.93192
113618.90+125554.8,54528.33588,18.51,0.13,174.07896,12.9319
113618.90+125554.8,54528.34186,18.39,0.13,174.07874,12.93178
113618.90+125554.8,54536.27833,18.47,0.12,174.07884,12.93204
113618.90+125554.8,54536.28425,18.75,0.13,174.07891,12.93209
113618.90+125554.8,54536.29015,18.57,0.12,174.07891,12.93204
113618.90+125554.8,54536.29602,18.38,0.11,174.07865,12.932
113618.90+125554.8,54549.28566,18.67,0.16,174.0788,12.93214
113618.90+125554.8,54549.29146,18.37,0.14,174.07879,12.93212
113618.90+125554.8,54549.29726,18.51,0.15,174.07862,12.93229
113618.90+125554.8,54549.30305,18.83,0.17,174.07893,12.9321
113618.90+125554.8,54591.20118,18.58,0.14,174.07883,12.93205
113618.90+125554.8,54591.20924,18.27,0.12,174.07901,12.93207
113618.90+125554.8,54591.21729,18.53,0.14,174.0789,12.93208
113618.90+125554.8,54591.22534,18.42,0.13,174.0786,12.93192
113618.90+125554.8,54939.24258,18.5,0.13,174.07887,12.932
113618.90+125554.8,54939.24727,18.6,0.14,174.07878,12.93193
113618.90+125554.8,54939.25217,18.55,0.14,174.07881,12.93208
113618.90+125554.8,54939.25697,18.37,0.13,174.07884,12.93207
113618.90+125554.8,54948.23319,18.54,0.14,174.07869,12.93196
113618.90+125554.8,54948.23995,18.48,0.13,174.07872,12.93187
113618.90+125554.8,54948.24649,18.41,0.13,174.07889,12.93206
113618.90+125554.8,54948.25305,18.55,0.14,174.07873,12.93198
113618.90+125554.8,54863.41084,18.5,0.12,174.07875,12.93184
113618.90+125554.8,54863.41738,18.43,0.11,174.07872,12.93193
113618.90+125554.8,54863.42391,18.47,0.11,174.07886,12.93195
113618.90+125554.8,54863.43046,18.54,0.12,174.07886,12.93188
113618.90+125554.8,54877.43718,18.35,0.13,174.07866,12.93212
113618.90+125554.8,54877.44252,18.42,0.13,174.07891,12.93194
113618.90+125554.8,54877.44797,18.41,0.13,174.0789,12.93203
113618.90+125554.8,54877.45347,18.35,0.12,174.07869,12.93203
113618.90+125554.8,54856.3788,18.48,0.13,174.0788,12.93199
113618.90+125554.8,54856.38667,18.37,0.12,174.07875,12.93185
113618.90+125554.8,54856.39459,18.45,0.13,174.07859,12.93202
113618.90+125554.8,54856.40246,18.47,0.13,174.07874,12.93195
113618.90+125554.8,55006.17305,18.59,0.18,174.07901,12.93178
113618.90+125554.8,55006.17801,18.7,0.19,174.07884,12.93193
113618.90+125554.8,55006.18288,18.58,0.18,174.07874,12.93204
113618.90+125554.8,55006.18775,18.35,0.16,174.0788,12.93214
113618.90+125554.8,54905.38652,18.51,0.13,174.07885,12.93195
113618.90+125554.8,54905.39209,18.69,0.14,174.07893,12.93185
113618.90+125554.8,54905.39763,18.48,0.13,174.07871,12.93198
113618.90+125554.8,54905.40322,18.63,0.14,174.07879,12.93207
113618.90+125554.8,54911.27373,18.52,0.12,174.07883,12.93198
113618.90+125554.8,54911.28068,18.64,0.12,174.07885,12.93195
113618.90+125554.8,54911.28762,18.62,0.12,174.07884,12.93211
113618.90+125554.8,54911.2945,18.29,0.11,174.07892,12.93202
113618.90+125554.8,54918.20668,18.56,0.14,174.07901,12.93201
113618.90+125554.8,54918.21149,18.52,0.13,174.07878,12.93223
113618.90+125554.8,54918.21627,18.56,0.14,174.07887,12.93211
113618.90+125554.8,54918.22117,18.48,0.13,174.07883,12.93199
113618.90+125554.8,54968.20269,18.49,0.14,174.07864,12.93174
113618.90+125554.8,54968.21003,18.25,0.13,174.07872,12.93195
113618.90+125554.8,54968.21744,18.57,0.15,174.07871,12.93218
113618.90+125554.8,54968.22484,18.5,0.14,174.07885,12.93204
113618.90+125554.8,55154.48098,18.38,0.13,174.07892,12.93201
113618.90+125554.8,55154.48744,18.45,0.14,174.07891,12.93184
113618.90+125554.8,55154.49398,18.38,0.13,174.07909,12.93195
113618.90+125554.8,55154.5006,18.48,0.14,174.07876,12.93189
113618.90+125554.8,55290.29552,18.48,0.13,174.07899,12.93187
113618.90+125554.8,55290.30251,18.58,0.14,174.07871,12.93184
113618.90+125554.8,55290.30947,18.46,0.13,174.07875,12.93187
113618.90+125554.8,55290.31641,18.33,0.13,174.07882,12.9318
113618.90+125554.8,55299.19635,18.25,0.12,174.07887,12.93219
113618.90+125554.8,55531.50178,18.7,0.15,174.07876,12.93221
113618.90+125554.8,55531.51221,18.55,0.14,174.07888,12.93218
113618.90+125554.8,55531.51743,18.86,0.16,174.07888,12.93203
113618.90+125554.8,55538.46707,18.78,0.15,174.07891,12.93214
113618.90+125554.8,55538.47868,18.63,0.14,174.07888,12.93202
113618.90+125554.8,55538.48448,18.79,0.15,174.07888,12.93214
113618.90+125554.8,55351.15795,18.64,0.15,174.07879,12.93169
113618.90+125554.8,55353.21268,18.62,0.14,174.07875,12.93196
113618.90+125554.8,55353.22011,18.28,0.13,174.07883,12.93179
113618.90+125554.8,55353.22761,18.61,0.14,174.07867,12.93192
113618.90+125554.8,55353.23503,18.43,0.13,174.07867,12.93202
113618.90+125554.8,55360.20551,18.43,0.14,174.07889,12.93185
113618.90+125554.8,55360.21006,18.18,0.12,174.07899,12.93229
113618.90+125554.8,55360.2146,18.62,0.15,174.07869,12.93184
113618.90+125554.8,55360.2192,18.7,0.15,174.07885,12.93186
113618.90+125554.8,55370.16469,18.77,0.19,174.07899,12.93179
113618.90+125554.8,55370.17009,18.62,0.18,174.07852,12.93176
113618.90+125554.8,55370.17556,18.27,0.15,174.07893,12.93186
113618.90+125554.8,55370.18101,18.76,0.19,174.07889,12.93189
113618.90+125554.8,55260.31754,18.43,0.13,174.07891,12.9319
113618.90+125554.8,55260.32336,18.7,0.15,174.079,12.93204
113618.90+125554.8,55260.32914,18.45,0.13,174.07881,12.9321
113618.90+125554.8,55260.33486,18.25,0.12,174.07883,12.93211
113618.90+125554.8,55267.30263,18.4,0.13,174.07869,12.93211
113618.90+125554.8,55267.31025,18.61,0.14,174.07889,12.93192
113618.90+125554.8,55267.31792,18.55,0.14,174.07876,12.93204
113618.90+125554.8,55267.32555,18.36,0.13,174.07871,12.93203
113618.90+125554.8,55324.22211,18.68,0.15,174.07875,12.93187
113618.90+125554.8,55324.22951,18.67,0.15,174.07888,12.93192
113618.90+125554.8,55324.23705,18.54,0.14,174.07899,12.932
113618.90+125554.8,55324.24454,18.61,0.14,174.07875,12.93174
113618.90+125554.8,55656.27531,18.68,0.13,174.07881,12.93184
113618.90+125554.8,55656.2815,18.65,0.13,174.07881,12.93194
113618.90+125554.8,55656.28773,18.53,0.12,174.07867,12.93182
113618.90+125554.8,55656.29388,18.48,0.12,174.07896,12.93181
113618.90+125554.8,55664.1567,18.75,0.16,174.07861,12.9317
113618.90+125554.8,55664.16195,18.56,0.14,174.0788,12.93202
113618.90+125554.8,55664.1672,18.59,0.15,174.07886,12.93208
113618.90+125554.8,55664.1724,18.62,0.15,174.07883,12.93219
113618.90+125554.8,55602.46326,18.53,0.12,174.07877,12.93217
113618.90+125554.8,55602.47228,18.6,0.13,174.07896,12.93196
113618.90+125554.8,55602.48135,18.71,0.13,174.07866,12.93196
113618.90+125554.8,55602.4904,18.47,0.12,174.07881,12.93223
113618.90+125554.8,55617.4386,18.28,0.13,174.07896,12.93227
113618.90+125554.8,55617.44661,18.76,0.15,174.07895,12.93205
113618.90+125554.8,55617.45476,18.88,0.16,174.07884,12.93191
113618.90+125554.8,55617.46289,18.84,0.16,174.07881,12.93202
113618.90+125554.8,55574.48126,18.43,0.13,174.07885,12.9321
113618.90+125554.8,55574.48701,18.78,0.16,174.07875,12.93217
113618.90+125554.8,55574.49283,18.82,0.16,174.07894,12.93198
113618.90+125554.8,55574.49867,18.66,0.14,174.07886,12.93204
113618.90+125554.8,55624.34115,18.51,0.12,174.07889,12.93201
113618.90+125554.8,55624.35148,18.86,0.14,174.07885,12.9323
113618.90+125554.8,55624.36183,18.62,0.13,174.07891,12.93201
113618.90+125554.8,55624.37216,18.68,0.13,174.07881,12.93211
113618.90+125554.8,55644.33003,18.7,0.15,174.07872,12.93203
113618.90+125554.8,55644.33578,18.44,0.14,174.07908,12.93207
113618.90+125554.8,55644.34157,18.64,0.15,174.07889,12.932
113618.90+125554.8,55644.34733,18.71,0.15,174.07873,12.93207
113618.90+125554.8,55649.25945,18.74,0.12,174.07893,12.93207
113618.90+125554.8,55649.26992,18.59,0.12,174.0789,12.93207
113618.90+125554.8,55649.28041,18.54,0.11,174.07876,12.93209
113618.90+125554.8,55649.29088,18.83,0.13,174.07882,12.93195
113618.90+125554.8,55689.17627,18.63,0.15,174.07884,12.93214
113618.90+125554.8,55689.18141,18.73,0.15,174.07879,12.93191
113618.90+125554.8,55689.18648,18.84,0.16,174.07898,12.93213
113618.90+125554.8,55689.1917,18.84,0.16,174.07877,12.93211
113618.90+125554.8,55892.47197,19.08,0.17,174.07901,12.93181
113618.90+125554.8,55892.47722,18.6,0.14,174.0789,12.93206
113618.90+125554.8,55892.48249,18.54,0.14,174.07888,12.93197
113618.90+125554.8,55892.48775,18.34,0.13,174.07861,12.93208
113618.90+125554.8,55923.51293,18.56,0.14,174.07895,12.93201
113618.90+125554.8,55923.51864,18.68,0.14,174.07917,12.93208
113618.90+125554.8,55923.52433,18.52,0.14,174.07879,12.93179
113618.90+125554.8,55923.53006,18.55,0.14,174.07876,12.93183
113618.90+125554.8,55975.38108,18.61,0.14,174.07885,12.93188
113618.90+125554.8,55975.38838,18.55,0.14,174.07896,12.93203
113618.90+125554.8,55975.39579,18.38,0.13,174.07874,12.93206
113618.90+125554.8,55975.40303,18.67,0.15,174.0789,12.93194
113618.90+125554.8,55982.34688,18.65,0.14,174.07888,12.93194
113618.90+125554.8,55982.35195,18.75,0.15,174.07898,12.93199
113618.90+125554.8,55982.35705,18.61,0.14,174.07894,12.93196
113618.90+125554.8,55982.36209,18.64,0.14,174.0787,12.93211
113618.90+125554.8,55989.24921,18.6,0.14,174.07908,12.93213
113618.90+125554.8,55989.25432,18.47,0.13,174.07869,12.93196
113618.90+125554.8,55989.25944,18.77,0.15,174.07891,12.93214
113618.90+125554.8,55989.26462,18.65,0.15,174.07895,12.93187
113618.90+125554.8,55999.28331,18.86,0.16,174.079,12.93186
113618.90+125554.8,55999.28837,18.67,0.15,174.07881,12.93188
113618.90+125554.8,55999.2934,18.73,0.15,174.07895,12.93207
113618.90+125554.8,55999.29844,18.57,0.14,174.07899,12.93194
113618.90+125554.8,56007.24117,18.65,0.13,174.07869,12.93199
113618.90+125554.8,56007.2514,18.67,0.13,174.07873,12.93207
113618.90+125554.8,56007.26159,18.65,0.13,174.0789,12.93194
113618.90+125554.8,56007.27177,18.72,0.13,174.07868,12.93187
113618.90+125554.8,56016.26634,18.62,0.14,174.07898,12.93179
113618.90+125554.8,56016.27321,18.41,0.13,174.07878,12.93202
113618.90+125554.8,56016.28012,18.63,0.15,174.07886,12.93211
113618.90+125554.8,56016.28702,18.63,0.15,174.07871,12.93192
113618.90+125554.8,56028.20901,18.57,0.14,174.07895,12.93216
113618.90+125554.8,56028.21413,18.75,0.15,174.07873,12.93178
113618.90+125554.8,56028.21922,18.7,0.15,174.07879,12.93207
113618.90+125554.8,56028.22429,18.48,0.14,174.07863,12.93183
113618.90+125554.8,56035.19716,18.69,0.15,174.07902,12.93197
113618.90+125554.8,56035.20279,18.53,0.14,174.07902,12.93205
113618.90+125554.8,56035.20843,18.5,0.14,174.07894,12.93201
113618.90+125554.8,56035.21406,18.57,0.14,174.07876,12.93183
113618.90+125554.8,56046.16117,18.45,0.14,174.07872,12.93203
113618.90+125554.8,56046.1695,18.73,0.15,174.07858,12.93192
113618.90+125554.8,56046.17806,18.67,0.15,174.07874,12.93205
113618.90+125554.8,56046.18662,18.78,0.16,174.07894,12.93207
113618.90+125554.8,56096.15846,18.41,0.12,174.07879,12.93212
113618.90+125554.8,56096.16526,18.39,0.12,174.07875,12.93213
113618.90+125554.8,56096.17203,18.51,0.12,174.07879,12.93193
113618.90+125554.8,56096.17888,18.35,0.11,174.07886,12.93197
113618.90+125554.8,56256.48254,18.59,0.13,174.07892,12.93194
113618.90+125554.8,56256.48876,18.62,0.13,174.07896,12.93203
113618.90+125554.8,56256.49489,18.59,0.13,174.07874,12.93187
113618.90+125554.8,56256.50099,18.43,0.12,174.07869,12.93206
113618.90+125554.8,56263.46859,18.56,0.15,174.07864,12.93188
113618.90+125554.8,56263.47375,18.47,0.14,174.07901,12.93192
113618.90+125554.8,56263.48277,18.63,0.14,174.07875,12.93186
113618.90+125554.8,56263.4879,18.6,0.14,174.07879,12.93185
113618.90+125554.8,56271.44166,18.63,0.14,174.07897,12.93201
113618.90+125554.8,56271.45016,18.58,0.14,174.07901,12.93212
113618.90+125554.8,56271.45871,18.3,0.13,174.07914,12.93203
113618.90+125554.8,56271.46723,18.87,0.16,174.07893,12.93197
113618.90+125554.8,56311.42042,18.58,0.14,174.07898,12.932
113618.90+125554.8,56311.42607,18.68,0.15,174.07905,12.93214
113618.90+125554.8,56311.43175,18.59,0.14,174.07891,12.93206
113618.90+125554.8,56311.43748,18.67,0.15,174.07877,12.93184
113618.90+125554.8,56337.34635,18.64,0.13,174.07892,12.93205
113618.90+125554.8,56337.35798,18.52,0.12,174.07904,12.93203
113618.90+125554.8,56337.36967,18.53,0.12,174.07895,12.93201
113618.90+125554.8,56337.3813,18.6,0.12,174.07907,12.93222
113618.90+125554.8,56353.3486,18.69,0.15,174.07907,12.93193
113618.90+125554.8,56353.35424,18.61,0.14,174.0788,12.93183
113618.90+125554.8,56353.3599,18.47,0.13,174.07861,12.9321
113618.90+125554.8,56353.36557,18.85,0.16,174.07872,12.93191
113618.90+125554.8,56365.36822,18.62,0.13,174.07894,12.93195
113618.90+125554.8,56365.37434,18.65,0.13,174.0787,12.93204
113618.90+125554.8,56365.38053,18.45,0.12,174.07882,12.93199
113618.90+125554.8,56365.38672,18.57,0.12,174.07886,12.93216
113618.90+125554.8,56371.20185,18.12,0.15,174.07874,12.93173
113618.90+125554.8,56371.20578,18.37,0.17,174.07907,12.93207
113618.90+125554.8,56371.20968,18.32,0.15,174.07907,12.93204
113618.90+125554.8,55947.43897,18.46,0.13,174.07872,12.93187
113618.90+125554.8,55947.44408,18.67,0.14,174.07872,12.93195
113618.90+125554.8,55947.44917,18.48,0.13,174.07892,12.93207
113618.90+125554.8,55947.45426,18.6,0.14,174.0788,12.9319
113618.90+125554.8,56383.20383,18.74,0.15,174.0788,12.93205
113618.90+125554.8,56383.21166,18.44,0.14,174.07878,12.93184
113618.90+125554.8,56383.21959,18.71,0.15,174.07892,12.93205
113618.90+125554.8,56383.22754,18.66,0.15,174.07893,12.93205
113618.90+125554.8,56393.2006,18.69,0.15,174.07898,12.932
113618.90+125554.8,56393.20567,18.74,0.15,174.07882,12.93199
113618.90+125554.8,56393.21073,18.43,0.13,174.07885,12.93196
113618.90+125554.8,56393.21577,18.75,0.15,174.07902,12.9321
113618.90+125554.8,56411.25881,18.22,0.13,174.07876,12.93216
113618.90+125554.8,56411.26444,18.79,0.16,174.07888,12.93215
113618.90+125554.8,56411.27004,18.69,0.15,174.07888,12.93207
113618.90+125554.8,56411.27568,18.61,0.15,174.07901,12.93221
113618.90+125554.8,56426.19929,18.38,0.14,174.07887,12.93208
113618.90+125554.8,56426.20658,17.98,0.12,174.07897,12.93218
113618.90+125554.8,56426.21388,18.65,0.16,174.07917,12.93198
113618.90+125554.8,56426.22121,18.73,0.16,174.07878,12.932
113618.90+125554.8,56443.1829,18.6,0.15,174.07886,12.93211
113618.90+125554.8,56443.18966,18.59,0.15,174.07886,12.93206
113618.90+125554.8,56443.19644,18.43,0.14,174.07865,12.93207
113618.90+125554.8,56443.2032,18.7,0.16,174.0788,12.932
113618.90+125554.8,56454.20159,18.76,0.16,174.07888,12.93198
113618.90+125554.8,56454.20911,18.47,0.14,174.07883,12.93191
113618.90+125554.8,56454.21417,18.55,0.15,174.07908,12.93212
113618.90+125554.8,56454.21921,18.46,0.14,174.07876,12.93211
113618.90+125554.8,56464.16236,18.73,0.16,174.07889,12.93204
113618.90+125554.8,56464.16744,18.56,0.15,174.07878,12.93202
113618.90+125554.8,56464.17256,18.68,0.15,174.07881,12.93191
113618.90+125554.8,56464.17762,18.55,0.15,174.07886,12.93204
113618.90+125554.8,54178.30367,22.04,0.33,174.08096,12.93465
113618.90+125554.8,54178.30809,21.16,0.22,174.08103,12.93458
113618.90+125554.8,54178.31249,22.04,0.33,174.08111,12.93457
113618.90+125554.8,54507.36847,21.53,0.3,174.08105,12.93462
113618.90+125554.8,54507.37344,20.99,0.22,174.08113,12.93459
113618.90+125554.8,54531.38097,22.63,0.49,174.08122,12.93464
113618.90+125554.8,54531.40085,22.32,0.41,174.08054,12.93498
113618.90+125554.8,54921.30326,21.42,0.27,174.08087,12.9346
113618.90+125554.8,55629.2838,21.51,0.28,174.08088,12.93448
113618.90+125554.8,55629.30477,20.69,0.18,174.08115,12.93442
113618.90+125554.8,56337.4907,22.21,0.45,174.08095,12.93467
113618.90+125554.8,56337.49655,21.47,0.3,174.08062,12.93493
113618.90+125554.8,56337.50247,21.94,0.39,174.08093,12.93455
113618.90+125554.8,54178.30367,18.68,0.08,174.07881,12.9319
113618.90+125554.8,54178.30809,18.59,0.08,174.07881,12.93193
113618.90+125554.8,54178.31249,18.61,0.08,174.0788,12.93188
113618.90+125554.8,54178.31692,18.64,0.09,174.07881,12.93188
113618.90+125554.8,54570.24211,18.45,0.08,174.07881,12.93188
113618.90+125554.8,54570.24818,18.45,0.08,174.07881,12.9319
113618.90+125554.8,54570.25432,18.41,0.08,174.07883,12.93191
113618.90+125554.8,54570.26042,18.49,0.08,174.07883,12.93191
113618.90+125554.8,54507.36847,18.38,0.08,174.07882,12.9319
113618.90+125554.8,54507.37344,18.44,0.08,174.07883,12.93189
113618.90+125554.8,54507.37853,18.43,0.08,174.07884,12.9319
113618.90+125554.8,54507.38362,18.46,0.08,174.07881,12.9319
113618.90+125554.8,54531.38097,18.5,0.08,174.07882,12.93186
113618.90+125554.8,54531.38764,18.47,0.08,174.07881,12.93188
113618.90+125554.8,54531.39426,18.45,0.08,174.07879,12.93188
113618.90+125554.8,54531.40085,18.51,0.08,174.07881,12.93192
113618.90+125554.8,54921.27407,18.52,0.08,174.07879,12.93189
113618.90+125554.8,54921.28374,18.56,0.08,174.07878,12.93189
113618.90+125554.8,54921.29348,18.48,0.08,174.07883,12.93187
113618.90+125554.8,54921.30326,18.51,0.08,174.07884,12.9319
113618.90+125554.8,55275.31829,18.48,0.08,174.07884,12.93191
113618.90+125554.8,55629.2838,18.6,0.08,174.07883,12.9319
113618.90+125554.8,55629.29431,18.46,0.08,174.07882,12.93186
113618.90+125554.8,55629.30477,18.59,0.08,174.0788,12.9319
113618.90+125554.8,55629.31528,18.63,0.08,174.07882,12.93189
113618.90+125554.8,56337.4907,18.61,0.09,174.07881,12.93192
113618.90+125554.8,56337.49655,18.65,0.09,174.07885,12.93191
113618.90+125554.8,56337.50247,18.6,0.09,174.07879,12.93191
113618.90+125554.8,56337.50835,18.58,0.09,174.07877,12.93192
113618.90+125554.8,56374.20663,18.41,0.09,174.07876,12.9319
113618.90+125554.8,56374.214,18.67,0.09,174.07881,12.93196
113618.90+125554.8,56374.22134,18.68,0.09,174.07884,12.93189
113618.90+125554.8,56374.22865,18.76,0.09,174.07875,12.93191
075947.73+112507.3,54081.39803,18.17,0.11,119.94878,11.41853
075947.73+112507.3,54081.40462,18.24,0.12,119.94881,11.41869
075947.73+112507.3,54081.41129,17.77,0.1,119.94886,11.41881
075947.73+112507.3,54081.41791,17.92,0.1,119.9488,11.41887
075947.73+112507.3,54093.32376,18.03,0.11,119.94876,11.41893
075947.73+112507.3,54093.33029,17.94,0.1,119.9487,11.4188
075947.73+112507.3,54093.33681,17.89,0.1,119.94876,11.41866
075947.73+112507.3,54093.34335,17.91,0.1,119.9488,11.4187
075947.73+112507.3,54041.48814,17.87,0.1,119.94879,11.41864
075947.73+112507.3,54041.49352,17.74,0.1,119.94886,11.41877
075947.73+112507.3,54041.49892,17.87,0.1,119.94886,11.4187
075947.73+112507.3,54041.5043,18.07,0.11,119.94868,11.41884
075947.73+112507.3,54205.13893,17.78,0.1,119.94883,11.41872
075947.73+112507.3,54205.14489,17.75,0.1,119.94891,11.41862
075947.73+112507.3,54205.15084,18.08,0.11,119.94892,11.41869
075947.73+112507.3,54205.15679,17.71,0.1,119.94863,11.41893
075947.73+112507.3,54449.35901,17.98,0.11,119.94868,11.4188
075947.73+112507.3,54449.3656,18.0,0.11,119.9487,11.41895
075947.73+112507.3,54449.37218,17.76,0.1,119.94874,11.41867
075947.73+112507.3,54449.3788,18.06,0.11,119.94876,11.41872
075947.73+112507.3,54453.37545,18.59,0.34,119.94832,11.4184
075947.73+112507.3,54465.37853,18.06,0.11,119.94891,11.41876
075947.73+112507.3,54465.38498,18.11,0.11,119.94878,11.41866
075947.73+112507.3,54465.39151,17.78,0.1,119.94887,11.41881
075947.73+112507.3,54465.398,17.88,0.1,119.94892,11.41883
075947.73+112507.3,54139.20884,18.13,0.13,119.94885,11.41831
075947.73+112507.3,54139.21743,17.57,0.1,119.94856,11.41895
075947.73+112507.3,54139.22602,17.93,0.12,119.94871,11.41884
075947.73+112507.3,54139.23463,17.97,0.12,119.94862,11.41866
075947.73+112507.3,54110.29882,18.14,0.12,119.94871,11.41865
075947.73+112507.3,54110.30542,17.72,0.1,119.94873,11.41876
075947.73+112507.3,54110.31203,17.9,0.11,119.94887,11.4188
075947.73+112507.3,54110.31864,17.89,0.1,119.94883,11.41867
075947.73+112507.3,54415.39643,17.98,0.11,119.9489,11.41868
075947.73+112507.3,54415.40352,17.79,0.1,119.94877,11.41875
075947.73+112507.3,54415.41064,17.86,0.1,119.9487,11.41879
075947.73+112507.3,54415.41774,17.96,0.11,119.94874,11.41864
075947.73+112507.3,54391.45385,18.02,0.11,119.94882,11.41871
075947.73+112507.3,54391.46047,18.17,0.11,119.94885,11.41847
075947.73+112507.3,54391.46703,17.89,0.1,119.94896,11.41882
075947.73+112507.3,54391.47357,17.88,0.1,119.94881,11.41871
075947.73+112507.3,54581.12876,17.99,0.13,119.94859,11.41875
075947.73+112507.3,54581.1346,18.12,0.14,119.94873,11.41884
075947.73+112507.3,54581.14044,17.86,0.13,119.94861,11.41867
075947.73+112507.3,54581.14633,17.98,0.13,119.94866,11.41872
075947.73+112507.3,54821.40956,17.74,0.1,119.94877,11.41869
075947.73+112507.3,54821.41626,17.99,0.11,119.94886,11.41867
075947.73+112507.3,54821.42293,17.83,0.1,119.94875,11.41891
075947.73+112507.3,54821.42961,17.92,0.1,119.94882,11.41871
075947.73+112507.3,54822.36938,17.99,0.11,119.9489,11.41867
075947.73+112507.3,54822.37604,17.96,0.1,119.94887,11.41873
075947.73+112507.3,54822.38277,17.94,0.1,119.94874,11.41871
075947.73+112507.3,54822.38953,17.97,0.1,119.94878,11.41872
075947.73+112507.3,54499.16615,18.11,0.11,119.94888,11.41883
075947.73+112507.3,54499.17599,17.97,0.11,119.94875,11.41873
075947.73+112507.3,54499.18093,17.86,0.1,119.94871,11.41886
075947.73+112507.3,54506.19609,17.77,0.1,119.94877,11.41858
075947.73+112507.3,54506.20202,17.99,0.11,119.94879,11.41873
075947.73+112507.3,54506.20846,17.79,0.1,119.94882,11.41868
075947.73+112507.3,54506.21439,17.84,0.1,119.94867,11.41871
075947.73+112507.3,54475.40043,17.86,0.1,119.94878,11.41863
075947.73+112507.3,54475.40689,17.94,0.1,119.94903,11.41865
075947.73+112507.3,54475.41338,17.79,0.1,119.9489,11.41881
075947.73+112507.3,54475.41989,17.89,0.1,119.94879,11.4187
075947.73+112507.3,54533.18106,17.98,0.11,119.94894,11.4187
075947.73+112507.3,54533.18647,17.9,0.11,119.94881,11.41876
075947.73+112507.3,54533.19192,17.93,0.11,119.94895,11.41871
075947.73+112507.3,54533.19738,17.95,0.12,119.94886,11.41856
075947.73+112507.3,54539.13489,17.99,0.11,119.94895,11.41848
075947.73+112507.3,54539.14192,17.78,0.1,119.94877,11.41863
075947.73+112507.3,54539.14897,18.1,0.11,119.94885,11.41871
075947.73+112507.3,54539.15601,18.11,0.11,119.94891,11.4186
075947.73+112507.3,54793.50858,17.82,0.1,119.94881,11.41865
075947.73+112507.3,54793.51348,18.03,0.11,119.94878,11.41861
075947.73+112507.3,54793.51828,18.13,0.11,119.94892,11.41872
075947.73+112507.3,54793.52309,18.08,0.11,119.94873,11.41867
075947.73+112507.3,54743.51147,17.94,0.14,119.94888,11.41873
075947.73+112507.3,54922.17726,18.26,0.12,119.9488,11.41875
075947.73+112507.3,54922.18328,18.81,0.15,119.94862,11.41852
075947.73+112507.3,54922.1955,18.09,0.11,119.94881,11.41868
075947.73+112507.3,54922.20161,18.08,0.11,119.94877,11.41875
075947.73+112507.3,54938.12938,18.16,0.14,119.94874,11.41881
075947.73+112507.3,54938.13383,17.89,0.12,119.94875,11.41871
075947.73+112507.3,54938.13817,17.84,0.12,119.94856,11.41886
075947.73+112507.3,54938.14258,18.04,0.13,119.94877,11.41868
075947.73+112507.3,54944.12761,18.01,0.11,119.94903,11.41857
075947.73+112507.3,54944.13467,17.63,0.1,119.94883,11.41874
075947.73+112507.3,54944.14183,18.14,0.12,119.94875,11.41875
075947.73+112507.3,54944.14902,17.92,0.11,119.94878,11.41876
075947.73+112507.3,55180.41373,17.91,0.1,119.94864,11.4187
075947.73+112507.3,55180.4212,17.97,0.11,119.94878,11.41886
075947.73+112507.3,55180.42875,18.13,0.11,119.94877,11.41868
075947.73+112507.3,55180.43632,17.87,0.1,119.94883,11.41874
075947.73+112507.3,55180.44389,18.04,0.11,119.94882,11.41876
075947.73+112507.3,54849.32204,17.93,0.1,119.94884,11.41871
075947.73+112507.3,54849.32432,18.13,0.11,119.94892,11.41862
075947.73+112507.3,54849.3267,17.95,0.1,119.94884,11.41873
075947.73+112507.3,54849.32912,18.26,0.12,119.94879,11.41851
075947.73+112507.3,55150.40843,17.9,0.11,119.94895,11.41868
075947.73+112507.3,55150.41504,18.19,0.12,119.94887,11.41854
075947.73+112507.3,55150.4217,17.92,0.11,119.94888,11.41882
075947.73+112507.3,55150.42844,18.16,0.12,119.94903,11.41858
075947.73+112507.3,55294.14707,17.9,0.11,119.94871,11.41888
075947.73+112507.3,55294.15214,17.98,0.11,119.9487,11.41877
075947.73+112507.3,55294.15722,18.03,0.11,119.9488,11.41886
075947.73+112507.3,55294.16237,17.85,0.1,119.94869,11.41878
075947.73+112507.3,55537.41213,17.73,0.12,119.9483,11.41868
075947.73+112507.3,55537.42355,18.04,0.12,119.94872,11.41867
075947.73+112507.3,55537.4293,17.65,0.11,119.94877,11.41855
075947.73+112507.3,55202.3021,18.43,0.13,119.94874,11.41868
075947.73+112507.3,55202.30782,18.04,0.11,119.94875,11.41871
075947.73+112507.3,55202.31356,18.1,0.11,119.94885,11.41871
075947.73+112507.3,55202.31933,18.0,0.11,119.94881,11.41854
075947.73+112507.3,55211.22687,17.76,0.1,119.94894,11.41864
075947.73+112507.3,55211.23318,18.22,0.12,119.94874,11.41873
075947.73+112507.3,55211.24591,18.09,0.11,119.94876,11.41889
075947.73+112507.3,55211.25228,18.13,0.11,119.94881,11.41878
075947.73+112507.3,55259.21473,18.12,0.11,119.94862,11.41866
075947.73+112507.3,55259.22051,17.9,0.1,119.94875,11.41853
075947.73+112507.3,55259.22626,17.96,0.11,119.94877,11.41872
075947.73+112507.3,55259.23194,17.75,0.1,119.94874,11.41869
075947.73+112507.3,55268.18947,18.2,0.12,119.9488,11.41867
075947.73+112507.3,55268.19521,17.83,0.1,119.94873,11.41868
075947.73+112507.3,55268.20098,18.09,0.11,119.94883,11.4187
075947.73+112507.3,55268.2067,17.93,0.11,119.9488,11.41884
075947.73+112507.3,55275.18202,17.85,0.1,119.94867,11.41879
075947.73+112507.3,55275.1889,18.01,0.11,119.94869,11.4188
075947.73+112507.3,55275.1958,18.22,0.12,119.94863,11.41875
075947.73+112507.3,55275.20265,18.17,0.12,119.9488,11.41874
075947.73+112507.3,55510.43787,18.02,0.11,119.94878,11.41856
075947.73+112507.3,55510.45052,18.26,0.12,119.94872,11.41868
075947.73+112507.3,55510.4569,18.1,0.11,119.94883,11.41857
075947.73+112507.3,55528.44706,17.92,0.13,119.94889,11.41863
075947.73+112507.3,55528.46106,18.03,0.13,119.94879,11.41884
075947.73+112507.3,55528.46809,18.33,0.15,119.94871,11.41875
075947.73+112507.3,55679.16173,17.77,0.09,119.94873,11.41868
075947.73+112507.3,55679.1693,18.19,0.11,119.94889,11.41878
075947.73+112507.3,55679.17684,17.96,0.1,119.94911,11.41863
075947.73+112507.3,55679.1844,18.09,0.11,119.94876,11.41875
075947.73+112507.3,55563.30268,17.78,0.1,119.94886,11.41875
075947.73+112507.3,55563.3102,17.98,0.11,119.94886,11.41856
075947.73+112507.3,55563.31773,17.84,0.11,119.94887,11.41871
075947.73+112507.3,55563.32526,17.68,0.1,119.94889,11.41877
075947.73+112507.3,55572.30065,17.93,0.11,119.94882,11.41884
075947.73+112507.3,55572.30638,18.18,0.12,119.94875,11.41866
075947.73+112507.3,55572.31212,17.9,0.11,119.94886,11.41886
075947.73+112507.3,55572.31788,18.06,0.11,119.94873,11.41871
075947.73+112507.3,55586.28641,17.84,0.1,119.94866,11.41875
075947.73+112507.3,55586.29325,18.0,0.11,119.94864,11.41878
075947.73+112507.3,55586.30016,17.89,0.11,119.94876,11.41889
075947.73+112507.3,55586.30712,18.09,0.12,119.94905,11.41879
075947.73+112507.3,55587.26397,17.84,0.1,119.94882,11.41871
075947.73+112507.3,55587.27087,18.04,0.11,119.94879,11.41858
075947.73+112507.3,55587.27779,17.98,0.11,119.94887,11.41875
075947.73+112507.3,55587.28464,18.18,0.12,119.94888,11.4187
075947.73+112507.3,55621.19522,17.89,0.11,119.94874,11.41872
075947.73+112507.3,55621.20372,18.03,0.11,119.9488,11.4187
075947.73+112507.3,55621.21228,17.69,0.1,119.9487,11.41881
075947.73+112507.3,55621.22083,18.08,0.11,119.94884,11.41865
075947.73+112507.3,55202.32548,18.04,0.11,119.94881,11.4187
075947.73+112507.3,55202.3313,17.83,0.1,119.94878,11.41868
075947.73+112507.3,55202.33709,18.34,0.12,119.94867,11.41874
075947.73+112507.3,55202.34286,18.19,0.12,119.94876,11.41861
075947.73+112507.3,55857.43211,18.04,0.11,119.94876,11.41887
075947.73+112507.3,55857.44001,18.02,0.11,119.94901,11.4187
075947.73+112507.3,55857.44799,17.9,0.11,119.94893,11.41882
075947.73+112507.3,55857.45596,18.02,0.11,119.94893,11.41872
075947.73+112507.3,55883.5108,17.76,0.1,119.94874,11.4185
075947.73+112507.3,55883.51365,18.02,0.11,119.94886,11.41871
075947.73+112507.3,55883.51651,18.1,0.11,119.94859,11.41876
075947.73+112507.3,55883.51937,17.9,0.1,119.94868,11.4187
075947.73+112507.3,55925.42117,18.05,0.11,119.94909,11.41868
075947.73+112507.3,55925.42688,18.18,0.12,119.94864,11.41866
075947.73+112507.3,55925.43258,17.93,0.11,119.94883,11.41878
075947.73+112507.3,55925.43822,17.95,0.11,119.94896,11.41893
075947.73+112507.3,55939.38336,17.53,0.09,119.9484,11.41885
075947.73+112507.3,55939.39061,18.2,0.12,119.94895,11.41867
075947.73+112507.3,55939.39791,17.94,0.11,119.94924,11.41876
075947.73+112507.3,55939.40522,17.95,0.11,119.94866,11.41888
075947.73+112507.3,55967.23416,18.09,0.11,119.94867,11.41883
075947.73+112507.3,55967.24273,18.18,0.12,119.94861,11.41885
075947.73+112507.3,55967.2506,18.42,0.13,119.94864,11.41857
075947.73+112507.3,55967.25848,17.73,0.1,119.94868,11.41894
075947.73+112507.3,55983.19444,18.06,0.11,119.94879,11.41857
075947.73+112507.3,55983.19956,17.86,0.1,119.94867,11.41866
075947.73+112507.3,55983.20466,18.06,0.11,119.94871,11.41878
075947.73+112507.3,55983.20978,18.0,0.11,119.94888,11.41863
075947.73+112507.3,56000.16112,17.99,0.11,119.94896,11.41865
075947.73+112507.3,56000.16619,18.1,0.11,119.94876,11.41881
075947.73+112507.3,56000.17216,17.88,0.11,119.94872,11.41883
075947.73+112507.3,56000.1773,17.89,0.11,119.94885,11.41869
075947.73+112507.3,56015.12042,18.3,0.12,119.94878,11.41887
075947.73+112507.3,56015.12719,18.17,0.12,119.94898,11.41886
075947.73+112507.3,56015.13402,18.15,0.12,119.94858,11.41864
075947.73+112507.3,56015.14081,18.12,0.12,119.94888,11.41872
075947.73+112507.3,56034.12852,17.97,0.35,119.94917,11.41815
075947.73+112507.3,56034.13126,18.53,0.48,119.94882,11.41859
075947.73+112507.3,56034.13398,18.25,0.41,119.9488,11.41875
075947.73+112507.3,56282.3459,17.81,0.1,119.94869,11.41884
075947.73+112507.3,56282.35512,17.94,0.11,119.94877,11.4188
075947.73+112507.3,56282.36431,18.06,0.11,119.94893,11.41878
075947.73+112507.3,56282.37355,17.89,0.11,119.94884,11.4187
075947.73+112507.3,56295.34116,17.92,0.11,119.94864,11.41886
075947.73+112507.3,56295.34854,17.62,0.1,119.94863,11.41891
075947.73+112507.3,56295.35594,17.75,0.1,119.94864,11.41869
075947.73+112507.3,56295.36333,17.79,0.1,119.9487,11.41877
075947.73+112507.3,56304.27371,17.78,0.1,119.94851,11.4188
075947.73+112507.3,56304.27935,17.88,0.1,119.94856,11.41875
075947.73+112507.3,56304.28501,17.93,0.11,119.94858,11.41876
075947.73+112507.3,56304.29071,17.93,0.11,119.94867,11.41862
075947.73+112507.3,56323.21969,17.83,0.1,119.94863,11.4187
075947.73+112507.3,56323.22472,17.87,0.11,119.94881,11.41888
075947.73+112507.3,56323.23026,17.95,0.11,119.94876,11.41877
075947.73+112507.3,56323.23529,17.7,0.1,119.94867,11.41862
075947.73+112507.3,56329.20702,17.96,0.11,119.94877,11.41871
075947.73+112507.3,56329.21204,17.78,0.1,119.94871,11.41872
075947.73+112507.3,56329.21706,17.94,0.11,119.94869,11.4188
075947.73+112507.3,56329.22214,17.89,0.11,119.94873,11.41873
075947.73+112507.3,56358.18569,17.83,0.1,119.9486,11.41878
075947.73+112507.3,56358.193,17.92,0.11,119.94898,11.41873
075947.73+112507.3,56358.20035,17.95,0.11,119.94883,11.4188
075947.73+112507.3,56358.20764,18.06,0.11,119.94869,11.41864
075947.73+112507.3,56368.19831,17.98,0.11,119.9488,11.41869
075947.73+112507.3,56368.20607,17.99,0.11,119.94865,11.4188
075947.73+112507.3,56368.21398,18.02,0.11,119.94878,11.41867
075947.73+112507.3,56368.22186,17.8,0.1,119.94879,11.4188
075947.73+112507.3,55946.19342,17.8,0.1,119.9489,11.41856
075947.73+112507.3,55946.19799,18.05,0.11,119.94908,11.41873
075947.73+112507.3,55946.20714,18.04,0.11,119.94886,11.4187
075947.73+112507.3,56397.1338,17.81,0.1,119.94874,11.41878
075947.73+112507.3,56397.14101,17.82,0.1,119.94871,11.4188
075947.73+112507.3,56397.14831,18.02,0.11,119.94861,11.41889
075947.73+112507.3,56397.15562,17.86,0.11,119.94874,11.41876
075947.73+112507.3,56596.42057,17.98,0.11,119.94878,11.41871
075947.73+112507.3,56596.43138,18.18,0.12,119.9488,11.41872
075947.73+112507.3,56596.44222,18.16,0.12,119.9489,11.41869
075947.73+112507.3,56596.45304,17.83,0.1,119.94887,11.41867
132404.20+433407.1,53531.24867,18.35,0.14,201.01737,43.56867
132404.20+433407.1,53531.25655,18.08,0.13,201.01759,43.56863
132404.20+433407.1,53531.26451,17.94,0.12,201.01735,43.56865
132404.20+433407.1,53531.27232,18.36,0.14,201.0173,43.56858
132404.20+433407.1,53854.34369,18.24,0.13,201.01709,43.56869
132404.20+433407.1,53854.35137,18.11,0.12,201.01723,43.56871
132404.20+433407.1,53854.35909,18.24,0.13,201.01713,43.56866
132404.20+433407.1,53854.36677,18.29,0.13,201.01741,43.56866
132404.20+433407.1,53769.48269,18.15,0.18,201.01735,43.56874
132404.20+433407.1,53769.49091,18.25,0.16,201.01719,43.56838
132404.20+433407.1,53769.4992,17.76,0.13,201.01757,43.56908
132404.20+433407.1,53769.50762,17.95,0.13,201.0175,43.56857
132404.20+433407.1,53746.39083,18.29,0.14,201.01698,43.56852
132404.20+433407.1,53746.39951,18.13,0.13,201.01735,43.56867
132404.20+433407.1,53746.40833,18.1,0.12,201.01739,43.56865
132404.20+433407.1,53746.41706,18.33,0.14,201.0177,43.56857
132404.20+433407.1,53902.34086,18.2,0.35,201.0176,43.56866
132404.20+433407.1,53902.34289,18.38,0.39,201.01673,43.56884
132404.20+433407.1,53799.33862,18.31,0.13,201.01715,43.56865
132404.20+433407.1,53799.34596,18.3,0.13,201.01737,43.56871
132404.20+433407.1,53799.35333,18.2,0.12,201.01717,43.56877
132404.20+433407.1,53799.36052,18.29,0.13,201.01744,43.56867
132404.20+433407.1,53883.21157,18.35,0.13,201.0174,43.56865
132404.20+433407.1,53883.21824,18.38,0.13,201.01762,43.56876
132404.20+433407.1,53883.2248,18.42,0.14,201.01727,43.56871
132404.20+433407.1,53883.23133,18.26,0.13,201.01721,43.5686
132404.20+433407.1,54202.46998,17.82,0.11,201.01757,43.56867
132404.20+433407.1,54202.47539,18.17,0.12,201.01724,43.56874
132404.20+433407.1,54202.48083,18.1,0.12,201.0173,43.56872
132404.20+433407.1,54202.48621,17.94,0.11,201.01764,43.56854
132404.20+433407.1,54209.4575,18.12,0.12,201.01749,43.56865
132404.20+433407.1,54209.46306,18.01,0.11,201.0175,43.56875
132404.20+433407.1,54209.4685,18.2,0.12,201.01737,43.56848
132404.20+433407.1,54209.474,18.16,0.12,201.01739,43.56861
132404.20+433407.1,54138.42421,18.37,0.13,201.0175,43.56854
132404.20+433407.1,54138.42857,18.46,0.13,201.01729,43.56859
132404.20+433407.1,54138.43289,18.31,0.13,201.01717,43.56868
132404.20+433407.1,54138.43724,18.49,0.14,201.01704,43.56908
132404.20+433407.1,54265.23655,18.35,0.13,201.01765,43.5685
132404.20+433407.1,54265.2458,18.17,0.12,201.01763,43.56882
132404.20+433407.1,54265.25508,18.2,0.13,201.01722,43.56857
132404.20+433407.1,54265.26434,18.24,0.13,201.0175,43.56855
132404.20+433407.1,54273.22242,18.48,0.14,201.01731,43.56859
132404.20+433407.1,54273.22843,18.27,0.13,201.01722,43.56865
132404.20+433407.1,54273.23441,18.42,0.14,201.01741,43.56861
132404.20+433407.1,54273.24042,18.32,0.13,201.01732,43.56874
132404.20+433407.1,54168.49181,18.18,0.12,201.01748,43.56865
132404.20+433407.1,54168.49943,18.15,0.12,201.01713,43.56868
132404.20+433407.1,54168.50702,18.51,0.13,201.01725,43.56883
132404.20+433407.1,54168.51463,18.12,0.11,201.01723,43.56857
132404.20+433407.1,54177.30298,18.11,0.12,201.01725,43.5687
132404.20+433407.1,54177.31108,18.14,0.12,201.0174,43.56873
132404.20+433407.1,54177.31923,18.22,0.12,201.01701,43.56872
132404.20+433407.1,54177.32741,17.99,0.11,201.01729,43.5687
132404.20+433407.1,54239.2714,18.44,0.14,201.01723,43.56875
132404.20+433407.1,54239.28094,18.38,0.14,201.01742,43.56854
132404.20+433407.1,54239.29047,18.36,0.14,201.01758,43.56841
132404.20+433407.1,54239.29994,18.15,0.12,201.01722,43.56865
132404.20+433407.1,54246.2333,18.14,0.12,201.0174,43.56853
132404.20+433407.1,54246.24144,17.99,0.11,201.0175,43.56823
132404.20+433407.1,54246.24963,17.94,0.11,201.01757,43.56868
132404.20+433407.1,54246.25782,18.52,0.14,201.01726,43.56856
132404.20+433407.1,54560.42604,18.17,0.12,201.01745,43.56868
132404.20+433407.1,54560.43109,18.28,0.12,201.0172,43.56886
132404.20+433407.1,54560.43616,18.31,0.13,201.01732,43.56867
132404.20+433407.1,54560.4412,18.2,0.12,201.01746,43.56874
132404.20+433407.1,54508.37057,18.14,0.11,201.0172,43.56861
132404.20+433407.1,54508.37588,18.19,0.12,201.01742,43.56876
132404.20+433407.1,54508.38122,18.14,0.11,201.01748,43.56868
132404.20+433407.1,54508.38654,18.12,0.11,201.01765,43.56874
132404.20+433407.1,54515.32691,18.15,0.12,201.01744,43.56882
132404.20+433407.1,54515.33299,18.22,0.12,201.01728,43.56878
132404.20+433407.1,54515.33905,18.03,0.11,201.01727,43.56891
132404.20+433407.1,54515.34509,17.98,0.11,201.01751,43.56865
132404.20+433407.1,54628.21062,18.29,0.12,201.01745,43.56869
132404.20+433407.1,54628.2152,18.28,0.12,201.01738,43.56878
132404.20+433407.1,54628.21977,18.07,0.11,201.0172,43.56874
132404.20+433407.1,54628.22432,18.21,0.12,201.01724,43.56855
132404.20+433407.1,54641.2514,18.18,0.12,201.01742,43.56864
132404.20+433407.1,54641.25637,18.35,0.13,201.01722,43.56875
132404.20+433407.1,54641.26203,18.37,0.13,201.01729,43.56866
132404.20+433407.1,54641.26787,18.2,0.12,201.01741,43.5687
132404.20+433407.1,54535.51164,18.12,0.11,201.0173,43.56865
132404.20+433407.1,54535.5173,18.28,0.12,201.01742,43.56869
132404.20+433407.1,54535.52299,18.18,0.12,201.01725,43.56867
132404.20+433407.1,54535.52867,18.09,0.11,201.01772,43.56843
132404.20+433407.1,54594.35235,18.21,0.12,201.01739,43.56867
132404.20+433407.1,54594.35886,18.3,0.13,201.01725,43.5687
132404.20+433407.1,54594.36546,18.22,0.12,201.01739,43.56876
132404.20+433407.1,54594.37202,18.1,0.11,201.01748,43.56866
132404.20+433407.1,54943.32292,17.99,0.11,201.01738,43.56877
132404.20+433407.1,54943.33036,17.89,0.11,201.01758,43.56873
132404.20+433407.1,54943.33574,17.98,0.11,201.01753,43.56876
132404.20+433407.1,54943.34108,18.08,0.11,201.01748,43.56861
132404.20+433407.1,54862.3706,18.22,0.12,201.01727,43.56869
132404.20+433407.1,54862.3798,18.05,0.11,201.01735,43.56879
132404.20+433407.1,54862.389,18.13,0.11,201.01751,43.56871
132404.20+433407.1,54862.39823,18.04,0.11,201.01758,43.56887
132404.20+433407.1,55017.21506,18.15,0.14,201.01739,43.56862
132404.20+433407.1,55017.21902,18.38,0.16,201.01729,43.56865
132404.20+433407.1,55017.22299,18.09,0.14,201.01736,43.56876
132404.20+433407.1,55017.22685,17.89,0.13,201.01739,43.56855
132404.20+433407.1,55043.15865,17.91,0.13,201.01723,43.5688
132404.20+433407.1,55043.16357,18.14,0.14,201.0172,43.56883
132404.20+433407.1,55043.1685,17.71,0.12,201.0173,43.56876
132404.20+433407.1,55043.17356,18.0,0.14,201.01733,43.56873
132404.20+433407.1,55005.21968,18.16,0.12,201.01748,43.56862
132404.20+433407.1,55005.22697,18.0,0.11,201.01751,43.56876
132404.20+433407.1,55005.23417,17.99,0.11,201.01713,43.56873
132404.20+433407.1,55005.24143,18.16,0.12,201.01731,43.56869
132404.20+433407.1,54891.39435,18.03,0.11,201.0174,43.56877
132404.20+433407.1,54891.40159,17.97,0.11,201.01744,43.56863
132404.20+433407.1,54891.40889,18.04,0.11,201.01737,43.56871
132404.20+433407.1,54891.41631,18.17,0.11,201.01745,43.56872
132404.20+433407.1,54905.464,18.22,0.12,201.01737,43.56846
132404.20+433407.1,54905.46882,18.19,0.12,201.01731,43.56852
132404.20+433407.1,54905.47369,18.33,0.12,201.01732,43.56864
132404.20+433407.1,54905.47858,17.72,0.1,201.01677,43.56874
132404.20+433407.1,54914.46233,18.0,0.11,201.01722,43.56861
132404.20+433407.1,54914.47054,18.02,0.11,201.01736,43.56881
132404.20+433407.1,54914.47882,18.2,0.12,201.01748,43.56871
132404.20+433407.1,54914.48697,18.18,0.12,201.01733,43.56877
132404.20+433407.1,54968.33481,18.1,0.12,201.01729,43.56879
132404.20+433407.1,54968.34405,18.06,0.12,201.01765,43.56874
132404.20+433407.1,54968.35313,18.15,0.12,201.01718,43.56872
132404.20+433407.1,54968.36229,18.29,0.13,201.01732,43.56857
132404.20+433407.1,55297.2467,18.02,0.11,201.01749,43.56869
132404.20+433407.1,55297.25241,18.13,0.12,201.01733,43.5686
132404.20+433407.1,55297.2582,17.87,0.11,201.01757,43.56861
132404.20+433407.1,55297.26396,18.05,0.11,201.01738,43.5686
132404.20+433407.1,55359.23706,18.18,0.12,201.01738,43.56867
132404.20+433407.1,55359.24157,17.99,0.11,201.01726,43.56862
132404.20+433407.1,55359.24616,17.97,0.11,201.01726,43.56869
132404.20+433407.1,55359.25079,17.87,0.11,201.01731,43.56852
132404.20+433407.1,55371.2152,17.89,0.11,201.01752,43.56873
132404.20+433407.1,55371.21975,18.09,0.12,201.01774,43.56862
132404.20+433407.1,55371.22433,17.85,0.11,201.01769,43.56835
132404.20+433407.1,55371.22892,17.96,0.11,201.01725,43.56829
132404.20+433407.1,55274.39425,17.93,0.11,201.01692,43.56878
132404.20+433407.1,55274.40001,18.01,0.11,201.017,43.56884
132404.20+433407.1,55274.40575,18.16,0.12,201.01696,43.56881
132404.20+433407.1,55274.4115,17.89,0.11,201.01699,43.56875
132404.20+433407.1,55275.26598,18.03,0.11,201.01706,43.56866
132404.20+433407.1,55275.27292,18.0,0.11,201.01702,43.56891
132404.20+433407.1,55275.27992,18.04,0.11,201.01698,43.56884
132404.20+433407.1,55275.28698,18.0,0.11,201.01698,43.56884
132404.20+433407.1,55276.35437,18.01,0.11,201.01721,43.56887
132404.20+433407.1,55276.36321,18.03,0.11,201.01726,43.569
132404.20+433407.1,55276.37203,18.03,0.11,201.01716,43.56865
132404.20+433407.1,55276.38075,18.06,0.11,201.017,43.56882
132404.20+433407.1,55281.29617,17.8,0.12,201.01698,43.56859
132404.20+433407.1,55281.29967,18.18,0.14,201.0166,43.56895
132404.20+433407.1,55281.30324,18.04,0.13,201.0169,43.56864
132404.20+433407.1,55281.30679,18.17,0.14,201.0168,43.56874
132404.20+433407.1,55321.38464,18.07,0.11,201.01732,43.56867
132404.20+433407.1,55321.38921,17.9,0.11,201.01734,43.56859
132404.20+433407.1,55321.39385,17.99,0.11,201.01723,43.56866
132404.20+433407.1,55321.3985,17.8,0.1,201.01754,43.56874
132404.20+433407.1,55330.31021,18.13,0.14,201.01742,43.56868
132404.20+433407.1,55330.31714,17.85,0.11,201.01752,43.56855
132404.20+433407.1,55330.32402,17.94,0.11,201.01755,43.56862
132404.20+433407.1,55330.33093,17.94,0.11,201.01749,43.56855
132404.20+433407.1,55678.21593,18.03,0.11,201.01761,43.56863
132404.20+433407.1,55678.22163,17.98,0.11,201.01754,43.56877
132404.20+433407.1,55678.22735,17.92,0.11,201.01739,43.56854
132404.20+433407.1,55678.23307,18.01,0.11,201.01748,43.56853
132404.20+433407.1,55615.50164,17.9,0.12,201.01746,43.56862
132404.20+433407.1,55615.50669,17.88,0.12,201.01712,43.56865
132404.20+433407.1,55615.51183,17.99,0.12,201.01732,43.56882
132404.20+433407.1,55615.5169,17.94,0.12,201.01755,43.56867
132404.20+433407.1,55721.21109,18.03,0.12,201.01711,43.56858
132404.20+433407.1,55721.21977,18.1,0.12,201.01728,43.56858
132404.20+433407.1,55721.22841,18.11,0.12,201.0175,43.56877
132404.20+433407.1,55721.23718,17.92,0.11,201.01775,43.56861
132404.20+433407.1,55685.25251,17.8,0.15,201.01705,43.56868
132404.20+433407.1,55685.25911,17.96,0.13,201.01717,43.56872
132404.20+433407.1,55685.26548,17.87,0.12,201.01707,43.56876
132404.20+433407.1,55969.35515,17.83,0.11,201.01711,43.56911
132404.20+433407.1,55969.35972,17.97,0.11,201.01688,43.56872
132404.20+433407.1,55969.36424,17.93,0.11,201.01685,43.5691
132404.20+433407.1,55969.36881,18.0,0.11,201.01688,43.56876
132404.20+433407.1,56003.2465,17.94,0.11,201.01702,43.56876
132404.20+433407.1,56003.25497,17.98,0.11,201.01673,43.56884
132404.20+433407.1,56003.26339,17.8,0.1,201.01712,43.56871
132404.20+433407.1,56003.27189,17.82,0.11,201.01687,43.56888
132404.20+433407.1,56018.24871,17.94,0.11,201.01667,43.56893
132404.20+433407.1,56018.25673,17.89,0.11,201.01704,43.56877
132404.20+433407.1,56018.26475,18.13,0.12,201.01683,43.56881
132404.20+433407.1,56018.27272,17.76,0.1,201.01721,43.56884
132404.20+433407.1,56039.38378,17.83,0.11,201.01693,43.56898
132404.20+433407.1,56039.39057,17.99,0.11,201.01695,43.56892
132404.20+433407.1,56039.3973,17.89,0.11,201.01698,43.56898
132404.20+433407.1,56039.40407,17.89,0.11,201.01705,43.56883
132404.20+433407.1,56065.29272,17.87,0.1,201.01703,43.5688
132404.20+433407.1,56065.29998,17.57,0.09,201.01705,43.56881
132404.20+433407.1,56065.30724,17.79,0.1,201.01679,43.56894
132404.20+433407.1,56065.31454,17.85,0.1,201.01711,43.56885
132404.20+433407.1,56097.24194,17.88,0.11,201.0168,43.56887
132404.20+433407.1,56097.25001,17.78,0.1,201.01687,43.56895
132404.20+433407.1,56097.25803,17.83,0.11,201.01693,43.56888
132404.20+433407.1,56097.26608,17.74,0.1,201.017,43.56864
132404.20+433407.1,56310.5097,17.85,0.12,201.01657,43.56894
132404.20+433407.1,56310.51546,17.75,0.11,201.01684,43.56879
132404.20+433407.1,56310.51891,18.07,0.12,201.01686,43.56901
132404.20+433407.1,56310.52235,18.0,0.11,201.01723,43.56862
132404.20+433407.1,56314.40771,18.04,0.11,201.01682,43.56878
132404.20+433407.1,56314.41858,17.85,0.11,201.01704,43.56868
132404.20+433407.1,56314.42946,18.02,0.11,201.01681,43.56873
132404.20+433407.1,56314.44033,18.06,0.11,201.01705,43.56875
132404.20+433407.1,56374.28607,18.31,0.13,201.01718,43.56875
132404.20+433407.1,56374.29234,18.18,0.12,201.01721,43.56865
132404.20+433407.1,56374.29856,18.17,0.12,201.01713,43.56896
132404.20+433407.1,56374.30481,18.07,0.12,201.01703,43.56875
132404.20+433407.1,56397.24109,18.06,0.12,201.01673,43.56905
132404.20+433407.1,56397.24841,18.18,0.12,201.01712,43.56889
132404.20+433407.1,56397.25567,18.14,0.12,201.01703,43.56889
132404.20+433407.1,56397.26304,18.12,0.12,201.01701,43.56911
132404.20+433407.1,56419.33383,18.33,0.13,201.01707,43.56871
132404.20+433407.1,56419.3418,18.42,0.13,201.01706,43.56852
132404.20+433407.1,56419.34988,18.24,0.12,201.01726,43.56881
132404.20+433407.1,56419.35797,18.14,0.12,201.01715,43.56843
132404.20+433407.1,56451.25647,18.13,0.12,201.0177,43.5686
132404.20+433407.1,56451.26208,18.38,0.14,201.01753,43.56873
132404.20+433407.1,56451.26772,18.22,0.13,201.01746,43.56873
132404.20+433407.1,56451.27337,18.2,0.13,201.01724,43.56862
132404.20+433407.1,56462.26695,18.18,0.12,201.01721,43.56885
132404.20+433407.1,56462.27207,18.32,0.13,201.01711,43.56884
132404.20+433407.1,56462.27718,18.27,0.13,201.01738,43.56879
132404.20+433407.1,56462.28221,18.36,0.13,201.01727,43.56849
084245.18+445533.9,53714.33957,18.47,0.13,130.68819,44.92631
084245.18+445533.9,53714.34806,18.64,0.14,130.68796,44.92626
084245.18+445533.9,53714.35665,18.85,0.16,130.68862,44.9263
084245.18+445533.9,53714.36515,18.71,0.15,130.6881,44.92629
084245.18+445533.9,53725.48104,18.67,0.14,130.68793,44.92601
084245.18+445533.9,53725.48892,18.67,0.14,130.68824,44.92611
084245.18+445533.9,53725.49684,18.49,0.13,130.68808,44.92631
084245.18+445533.9,53725.50472,18.64,0.14,130.6881,44.92651
084245.18+445533.9,53734.30015,18.81,0.15,130.68812,44.92614
084245.18+445533.9,53734.30723,18.76,0.15,130.68835,44.92626
084245.18+445533.9,53734.31428,18.65,0.14,130.68836,44.92628
084245.18+445533.9,53734.32133,18.75,0.15,130.68806,44.92605
084245.18+445533.9,53854.192,19.03,0.18,130.68819,44.92638
084245.18+445533.9,53854.19906,18.76,0.16,130.688,44.92642
084245.18+445533.9,53854.20613,18.75,0.16,130.68822,44.92637
084245.18+445533.9,53854.21316,18.97,0.18,130.68807,44.92642
084245.18+445533.9,54089.3194,18.74,0.14,130.68831,44.92619
084245.18+445533.9,54089.3266,18.9,0.16,130.68805,44.92628
084245.18+445533.9,54089.33373,18.52,0.14,130.68837,44.92616
084245.18+445533.9,54089.34092,18.91,0.16,130.68809,44.92637
084245.18+445533.9,53769.21568,18.71,0.16,130.68811,44.92614
084245.18+445533.9,53769.22267,18.4,0.14,130.68797,44.92622
084245.18+445533.9,53769.22966,18.66,0.15,130.68811,44.92599
084245.18+445533.9,53769.23662,18.66,0.15,130.68843,44.92617
084245.18+445533.9,53793.14797,18.77,0.15,130.68829,44.92619
084245.18+445533.9,53793.15126,18.87,0.16,130.68844,44.92632
084245.18+445533.9,53793.15455,18.58,0.14,130.6884,44.92614
084245.18+445533.9,53793.15782,18.37,0.13,130.68846,44.92637
084245.18+445533.9,53744.33463,18.82,0.16,130.68819,44.92631
084245.18+445533.9,53744.34216,18.49,0.14,130.68861,44.92621
084245.18+445533.9,53744.34974,18.6,0.14,130.68802,44.92627
084245.18+445533.9,53744.35734,18.5,0.14,130.68834,44.92642
084245.18+445533.9,53823.20157,18.55,0.14,130.68813,44.92596
084245.18+445533.9,53823.21116,18.59,0.14,130.68821,44.92636
084245.18+445533.9,53823.2207,18.87,0.16,130.6883,44.92621
084245.18+445533.9,53823.23023,18.66,0.16,130.68846,44.92635
084245.18+445533.9,53863.15173,18.8,0.16,130.68777,44.92632
084245.18+445533.9,53863.1589,19.18,0.19,130.68831,44.92657
084245.18+445533.9,53863.16606,18.87,0.17,130.68811,44.92623
084245.18+445533.9,53863.17341,19.3,0.21,130.68775,44.9263
084245.18+445533.9,54059.46521,18.95,0.15,130.68828,44.92619
084245.18+445533.9,54059.4718,18.76,0.14,130.68795,44.92622
084245.18+445533.9,54059.47837,18.87,0.15,130.68842,44.92641
084245.18+445533.9,54059.48498,19.03,0.16,130.68827,44.92631
084245.18+445533.9,54204.16829,19.0,0.16,130.68808,44.92624
084245.18+445533.9,54204.17383,18.66,0.14,130.68842,44.92591
084245.18+445533.9,54204.17925,19.09,0.17,130.68832,44.92644
084245.18+445533.9,54204.18472,18.95,0.16,130.68796,44.92615
084245.18+445533.9,54451.44749,18.86,0.15,130.68813,44.92616
084245.18+445533.9,54451.45115,18.8,0.15,130.68822,44.92617
084245.18+445533.9,54451.45466,18.55,0.13,130.68804,44.92598
084245.18+445533.9,54451.45809,19.23,0.18,130.68816,44.92626
084245.18+445533.9,54156.22339,18.7,0.15,130.68846,44.9263
084245.18+445533.9,54156.23171,18.86,0.17,130.68818,44.92631
084245.18+445533.9,54156.24002,18.76,0.16,130.68826,44.92615
084245.18+445533.9,54156.24821,18.99,0.18,130.68828,44.92626
084245.18+445533.9,54261.15228,19.18,0.28,130.68877,44.92614
084245.18+445533.9,54170.25501,18.75,0.15,130.68821,44.92629
084245.18+445533.9,54170.26213,18.77,0.15,130.68811,44.92623
084245.18+445533.9,54170.26927,18.74,0.15,130.68844,44.92623
084245.18+445533.9,54170.27638,18.76,0.15,130.68817,44.92624
084245.18+445533.9,54176.1346,18.76,0.15,130.68806,44.92626
084245.18+445533.9,54176.14379,18.82,0.15,130.68825,44.92632
084245.18+445533.9,54176.15289,18.8,0.15,130.68857,44.92597
084245.18+445533.9,54176.16214,18.56,0.13,130.68839,44.92657
084245.18+445533.9,54415.37771,18.87,0.15,130.68818,44.92613
084245.18+445533.9,54415.38224,18.96,0.16,130.68816,44.92646
084245.18+445533.9,54415.38676,18.79,0.15,130.68839,44.9262
084245.18+445533.9,54415.3913,18.76,0.15,130.68851,44.92608
084245.18+445533.9,54425.34475,18.75,0.15,130.68844,44.92615
084245.18+445533.9,54425.3492,19.03,0.17,130.68777,44.92621
084245.18+445533.9,54425.35361,18.88,0.15,130.68813,44.92656
084245.18+445533.9,54425.35806,19.01,0.16,130.68831,44.9261
084245.18+445533.9,54389.46689,18.72,0.14,130.68797,44.92637
084245.18+445533.9,54389.47283,18.84,0.15,130.68824,44.92641
084245.18+445533.9,54389.47876,18.85,0.15,130.68818,44.9263
084245.18+445533.9,54389.48472,18.9,0.15,130.68816,44.92618
084245.18+445533.9,54805.31549,18.87,0.15,130.68841,44.92643
084245.18+445533.9,54805.32161,19.16,0.17,130.68788,44.92633
084245.18+445533.9,54805.32757,18.97,0.16,130.68818,44.9266
084245.18+445533.9,54805.33359,18.77,0.15,130.68833,44.92611
084245.18+445533.9,54504.23793,18.8,0.15,130.68838,44.92623
084245.18+445533.9,54504.24343,18.97,0.16,130.68831,44.92627
084245.18+445533.9,54504.24885,18.78,0.15,130.688,44.92626
084245.18+445533.9,54504.25435,18.73,0.14,130.68827,44.9264
084245.18+445533.9,54466.45808,18.65,0.14,130.68874,44.92613
084245.18+445533.9,54466.4658,19.11,0.17,130.68835,44.9264
084245.18+445533.9,54466.47352,18.42,0.13,130.688,44.92622
084245.18+445533.9,54466.48121,18.77,0.14,130.68816,44.92631
084245.18+445533.9,54478.30462,18.71,0.15,130.68817,44.92622
084245.18+445533.9,54478.31087,18.68,0.15,130.68803,44.92627
084245.18+445533.9,54478.3169,19.08,0.18,130.68792,44.92617
084245.18+445533.9,54478.32313,19.02,0.17,130.68824,44.92616
084245.18+445533.9,54534.25796,18.88,0.16,130.68805,44.92618
084245.18+445533.9,54534.26358,18.88,0.16,130.68802,44.92644
084245.18+445533.9,54534.26916,18.84,0.15,130.68792,44.9262
084245.18+445533.9,54534.2747,18.66,0.14,130.68793,44.92638
084245.18+445533.9,54598.18819,18.78,0.16,130.68814,44.92633
084245.18+445533.9,54778.34804,18.98,0.16,130.68792,44.92618
084245.18+445533.9,54778.36038,19.83,0.24,130.68831,44.92654
084245.18+445533.9,54778.37288,18.6,0.14,130.68846,44.92613
084245.18+445533.9,54778.38517,19.03,0.16,130.68819,44.92644
084245.18+445533.9,54789.46397,18.59,0.14,130.68805,44.92633
084245.18+445533.9,54789.47131,18.84,0.15,130.68826,44.92639
084245.18+445533.9,54789.4786,18.41,0.13,130.68853,44.92652
084245.18+445533.9,54789.48593,18.71,0.14,130.68814,44.92601
084245.18+445533.9,54749.47537,19.04,0.16,130.68864,44.92652
084245.18+445533.9,54749.48149,18.82,0.15,130.68845,44.92656
084245.18+445533.9,54749.48761,19.13,0.17,130.68832,44.9263
084245.18+445533.9,54749.4938,19.03,0.16,130.6886,44.92635
084245.18+445533.9,54764.43949,18.65,0.14,130.68822,44.92625
084245.18+445533.9,54764.45263,18.88,0.15,130.68839,44.92618
084245.18+445533.9,54764.46583,18.84,0.15,130.68821,44.92607
084245.18+445533.9,54764.47891,18.84,0.15,130.68821,44.92607
084245.18+445533.9,54943.22826,19.03,0.17,130.68796,44.92641
084245.18+445533.9,54943.23374,19.11,0.17,130.68809,44.92644
084245.18+445533.9,54943.23917,18.92,0.16,130.68839,44.92637
084245.18+445533.9,54943.24466,18.69,0.15,130.68814,44.9265
084245.18+445533.9,55182.35367,18.83,0.15,130.68812,44.92618
084245.18+445533.9,55182.35888,18.89,0.16,130.68822,44.92611
084245.18+445533.9,55182.36413,19.07,0.17,130.68812,44.92638
084245.18+445533.9,55182.36932,18.79,0.15,130.68821,44.92618
084245.18+445533.9,54875.32558,19.32,0.19,130.68833,44.92611
084245.18+445533.9,54875.3316,18.63,0.14,130.68794,44.92628
084245.18+445533.9,54875.33759,18.38,0.12,130.68901,44.92664
084245.18+445533.9,54875.34367,18.89,0.15,130.68804,44.92649
084245.18+445533.9,54889.24993,18.83,0.15,130.68817,44.92632
084245.18+445533.9,54889.25981,18.9,0.15,130.68819,44.92621
084245.18+445533.9,54889.26883,18.59,0.13,130.68798,44.92623
084245.18+445533.9,54889.27764,18.95,0.16,130.68803,44.92623
084245.18+445533.9,54833.35938,18.8,0.15,130.68843,44.92632
084245.18+445533.9,54833.3674,18.51,0.13,130.68795,44.92591
084245.18+445533.9,54833.37545,18.9,0.15,130.68808,44.92633
084245.18+445533.9,54833.38366,18.92,0.15,130.68829,44.92636
084245.18+445533.9,54851.29715,18.73,0.15,130.68819,44.92615
084245.18+445533.9,54851.30259,18.72,0.14,130.68804,44.92618
084245.18+445533.9,54851.30808,19.04,0.16,130.6879,44.92631
084245.18+445533.9,54851.3136,18.78,0.14,130.68839,44.92639
084245.18+445533.9,54861.20085,18.8,0.15,130.68807,44.9261
084245.18+445533.9,54861.20999,18.78,0.14,130.68814,44.92625
084245.18+445533.9,54861.21917,18.91,0.15,130.68805,44.92618
084245.18+445533.9,54861.22838,18.86,0.15,130.68796,44.92626
084245.18+445533.9,54913.23658,19.05,0.16,130.68828,44.92641
084245.18+445533.9,54913.2426,18.79,0.15,130.68828,44.92632
084245.18+445533.9,54913.24871,18.77,0.14,130.68821,44.92624
084245.18+445533.9,54913.25481,18.84,0.15,130.68822,44.9263
084245.18+445533.9,54965.18613,18.75,0.15,130.68813,44.92645
084245.18+445533.9,54965.19213,18.65,0.15,130.68807,44.92645
084245.18+445533.9,54965.19816,19.14,0.18,130.68814,44.92662
084245.18+445533.9,54965.20418,18.35,0.13,130.6883,44.92609
084245.18+445533.9,54979.15804,19.03,0.26,130.68802,44.9261
084245.18+445533.9,54979.16128,19.08,0.26,130.6876,44.92643
084245.18+445533.9,54979.16452,18.62,0.21,130.68797,44.92587
084245.18+445533.9,54979.16742,19.28,0.29,130.68815,44.92639
084245.18+445533.9,55155.41126,18.91,0.15,130.68825,44.92632
084245.18+445533.9,55155.41665,19.14,0.17,130.68844,44.92625
084245.18+445533.9,55155.42205,18.9,0.16,130.68819,44.92608
084245.18+445533.9,55155.42752,18.85,0.15,130.68807,44.92633
084245.18+445533.9,55130.42345,19.06,0.17,130.68802,44.92618
084245.18+445533.9,55130.43265,18.47,0.13,130.68806,44.92616
084245.18+445533.9,55130.44178,19.31,0.19,130.68804,44.92614
084245.18+445533.9,55130.45096,19.03,0.17,130.68794,44.92628
084245.18+445533.9,55293.25075,19.24,0.18,130.68807,44.92628
084245.18+445533.9,55293.25587,18.77,0.15,130.68788,44.92591
084245.18+445533.9,55293.26102,19.06,0.17,130.68808,44.92604
084245.18+445533.9,55293.26621,18.93,0.16,130.68825,44.92619
084245.18+445533.9,55540.44807,18.85,0.16,130.68795,44.92625
084245.18+445533.9,55540.4562,18.66,0.14,130.68808,44.92615
084245.18+445533.9,55540.46026,18.83,0.15,130.68811,44.92637
084245.18+445533.9,55244.23069,19.06,0.17,130.68788,44.92598
084245.18+445533.9,55244.23593,19.01,0.16,130.68823,44.92599
084245.18+445533.9,55244.24115,19.11,0.17,130.68786,44.92606
084245.18+445533.9,55244.2464,18.74,0.15,130.68836,44.92621
084245.18+445533.9,55209.33027,18.96,0.16,130.68806,44.92606
084245.18+445533.9,55209.33837,19.1,0.17,130.68792,44.92624
084245.18+445533.9,55209.34661,19.13,0.17,130.68796,44.92622
084245.18+445533.9,55209.35512,19.04,0.21,130.68801,44.92625
084245.18+445533.9,55274.21619,18.66,0.14,130.68766,44.9261
084245.18+445533.9,55274.22361,18.72,0.15,130.68802,44.92619
084245.18+445533.9,55274.23106,18.7,0.14,130.6879,44.92604
084245.18+445533.9,55274.2385,18.87,0.16,130.68814,44.92633
084245.18+445533.9,55324.15793,18.99,0.16,130.688,44.92623
084245.18+445533.9,55324.16484,18.82,0.15,130.68822,44.92619
084245.18+445533.9,55324.17164,18.97,0.16,130.68824,44.92627
084245.18+445533.9,55324.1785,19.06,0.17,130.68821,44.92624
084245.18+445533.9,55503.42809,19.32,0.19,130.68816,44.92618
084245.18+445533.9,55503.43958,19.18,0.18,130.68801,44.92641
084245.18+445533.9,55503.44537,19.12,0.18,130.68811,44.92645
084245.18+445533.9,55511.38757,18.84,0.16,130.68825,44.92616
084245.18+445533.9,55511.40164,19.22,0.18,130.6883,44.92628
084245.18+445533.9,55511.4086,18.95,0.16,130.68799,44.92629
084245.18+445533.9,55601.21172,18.99,0.17,130.68839,44.92631
084245.18+445533.9,55601.2169,19.11,0.18,130.68818,44.92654
084245.18+445533.9,55601.22208,18.94,0.17,130.68816,44.92654
084245.18+445533.9,55601.22726,18.9,0.16,130.68823,44.92643
084245.18+445533.9,55565.46324,18.87,0.16,130.68802,44.92625
084245.18+445533.9,55565.46966,18.97,0.16,130.68834,44.92634
084245.18+445533.9,55565.47798,19.16,0.18,130.68821,44.92619
084245.18+445533.9,55565.48441,19.06,0.17,130.68857,44.92632
084245.18+445533.9,55573.29776,18.65,0.15,130.68847,44.92623
084245.18+445533.9,55573.30116,19.19,0.19,130.688,44.92633
084245.18+445533.9,55573.30461,19.02,0.17,130.68779,44.92631
084245.18+445533.9,55573.30809,19.18,0.18,130.68835,44.92655
084245.18+445533.9,55589.39438,18.88,0.16,130.68833,44.92649
084245.18+445533.9,55589.40093,18.68,0.14,130.68843,44.92641
084245.18+445533.9,55589.4075,19.05,0.17,130.68807,44.92631
084245.18+445533.9,55589.41407,18.96,0.16,130.68792,44.92645
084245.18+445533.9,55630.17237,18.93,0.17,130.68798,44.92636
084245.18+445533.9,55630.17983,18.93,0.17,130.68819,44.92647
084245.18+445533.9,55630.18727,19.1,0.18,130.68811,44.92641
084245.18+445533.9,55630.1949,19.12,0.18,130.6882,44.92617
084245.18+445533.9,55693.20769,18.49,0.15,130.68868,44.92608
084245.18+445533.9,55693.21551,18.92,0.19,130.6883,44.92592
084245.18+445533.9,55922.44897,18.62,0.14,130.68816,44.92627
084245.18+445533.9,55922.45515,18.47,0.13,130.68784,44.92606
084245.18+445533.9,55922.4614,18.91,0.16,130.68843,44.92638
084245.18+445533.9,55922.46753,18.82,0.15,130.68836,44.92643
084245.18+445533.9,55928.27304,18.8,0.15,130.68847,44.92595
084245.18+445533.9,55928.28226,18.86,0.15,130.68837,44.92642
084245.18+445533.9,55928.29151,18.89,0.16,130.68804,44.92621
084245.18+445533.9,55928.30075,18.83,0.15,130.68838,44.926
084245.18+445533.9,55945.23804,18.85,0.15,130.68813,44.92608
084245.18+445533.9,55945.2437,18.98,0.16,130.68795,44.9261
084245.18+445533.9,55945.24933,18.48,0.13,130.68876,44.9261
084245.18+445533.9,55945.25501,18.72,0.15,130.6887,44.92585
084245.18+445533.9,55969.2079,18.69,0.14,130.68845,44.92607
084245.18+445533.9,55969.2158,18.86,0.16,130.68823,44.9262
084245.18+445533.9,55969.22376,19.05,0.17,130.68823,44.92613
084245.18+445533.9,55969.2317,18.72,0.15,130.68826,44.92615
084245.18+445533.9,55980.1651,18.66,0.14,130.68791,44.92639
084245.18+445533.9,55980.17123,18.48,0.13,130.68784,44.92635
084245.18+445533.9,55980.17747,18.73,0.15,130.68813,44.9262
084245.18+445533.9,55980.18359,18.8,0.16,130.68844,44.92625
084245.18+445533.9,55987.14322,18.65,0.15,130.68795,44.92627
084245.18+445533.9,55987.15003,18.92,0.17,130.6882,44.92599
084245.18+445533.9,55987.15682,18.85,0.17,130.68786,44.9266
084245.18+445533.9,55987.16365,19.39,0.21,130.68788,44.9261
084245.18+445533.9,56044.18612,18.63,0.14,130.68826,44.92597
084245.18+445533.9,56044.19464,18.82,0.16,130.68837,44.92615
084245.18+445533.9,56044.20319,18.55,0.14,130.68854,44.92582
084245.18+445533.9,56044.21178,18.65,0.14,130.68808,44.92608
084245.18+445533.9,56069.16769,18.88,0.16,130.68866,44.92634
084245.18+445533.9,56069.1733,18.63,0.14,130.68838,44.92603
084245.18+445533.9,56069.17895,19.13,0.18,130.68853,44.92592
084245.18+445533.9,56069.18464,18.64,0.14,130.68882,44.92587
084245.18+445533.9,56227.399,18.87,0.18,130.68834,44.9263
084245.18+445533.9,56227.40662,18.88,0.18,130.68844,44.9259
084245.18+445533.9,56227.41422,19.22,0.21,130.68791,44.9263
084245.18+445533.9,56227.42188,18.97,0.19,130.68824,44.9263
084245.18+445533.9,56237.45502,18.83,0.13,130.68802,44.92626
084245.18+445533.9,56237.46123,18.63,0.12,130.68843,44.9263
084245.18+445533.9,56237.46743,18.5,0.12,130.68779,44.92621
084245.18+445533.9,56237.47358,18.8,0.13,130.68799,44.92621
084245.18+445533.9,56255.30386,18.6,0.12,130.68826,44.92608
084245.18+445533.9,56255.31359,18.95,0.14,130.68779,44.92627
084245.18+445533.9,56255.32341,18.77,0.13,130.68792,44.92618
084245.18+445533.9,56255.33328,18.75,0.13,130.68808,44.92636
084245.18+445533.9,56270.41664,18.58,0.14,130.68787,44.92609
084245.18+445533.9,56270.42193,18.92,0.16,130.68814,44.92625
084245.18+445533.9,56270.4274,18.55,0.14,130.68816,44.9262
084245.18+445533.9,56270.43402,18.96,0.16,130.688,44.9263
084245.18+445533.9,56307.35236,18.83,0.13,130.68813,44.92616
084245.18+445533.9,56307.36166,18.55,0.12,130.68792,44.92628
084245.18+445533.9,56307.37089,18.62,0.12,130.68818,44.92617
084245.18+445533.9,56307.37978,18.81,0.13,130.68833,44.92634
084245.18+445533.9,56323.48652,19.03,0.17,130.68833,44.92617
084245.18+445533.9,56323.49164,18.57,0.15,130.68817,44.92572
084245.18+445533.9,56323.49679,18.33,0.14,130.6883,44.92597
084245.18+445533.9,56323.5019,18.66,0.16,130.68806,44.92633
084245.18+445533.9,56358.29282,18.63,0.14,130.68783,44.92622
084245.18+445533.9,56358.30019,18.46,0.13,130.68793,44.92616
084245.18+445533.9,56358.30757,18.78,0.15,130.68822,44.92647
084245.18+445533.9,56358.31491,18.92,0.16,130.6882,44.92641
084245.18+445533.9,56432.17974,18.48,0.14,130.68769,44.92581
084245.18+445533.9,56432.18479,18.72,0.15,130.68809,44.92625
084245.18+445533.9,56432.18988,18.6,0.15,130.68829,44.92611
084245.18+445533.9,56432.19492,18.95,0.17,130.68864,44.92651
084245.18+445533.9,56569.45971,18.42,0.13,130.68832,44.9262
084245.18+445533.9,56569.46691,18.67,0.14,130.68825,44.92626
084245.18+445533.9,56569.47424,18.6,0.14,130.68839,44.9262
084245.18+445533.9,56569.48153,18.83,0.15,130.68825,44.92634
084245.18+445533.9,56593.49502,18.49,0.13,130.68824,44.92626
084245.18+445533.9,56593.49906,18.69,0.15,130.68841,44.92595
084245.18+445533.9,56593.50309,18.57,0.14,130.68837,44.92634
084245.18+445533.9,56593.50713,19.23,0.19,130.68825,44.92625
143418.47+491236.5,53531.28172,17.76,0.11,218.57749,49.21015
143418.47+491236.5,53531.28898,17.63,0.11,218.57746,49.21016
143418.47+491236.5,53531.29623,17.7,0.11,218.57699,49.21017
143418.47+491236.5,53531.30349,17.69,0.11,218.5772,49.21015
143418.47+491236.5,53769.52256,17.68,0.12,218.57717,49.21023
143418.47+491236.5,53769.53155,17.8,0.12,218.57736,49.21017
143418.47+491236.5,53769.54063,17.86,0.12,218.57718,49.21023
143418.47+491236.5,53769.54986,17.61,0.11,218.57661,49.21041
143418.47+491236.5,53901.30943,17.8,0.28,218.57736,49.21053
143418.47+491236.5,53901.31046,17.78,0.28,218.57718,49.21029
143418.47+491236.5,53901.31152,17.44,0.23,218.57802,49.21022
143418.47+491236.5,53901.31253,17.76,0.27,218.57757,49.21003
143418.47+491236.5,53799.37873,17.66,0.1,218.57723,49.21017
143418.47+491236.5,53799.38653,17.74,0.1,218.57747,49.21015
143418.47+491236.5,53799.39416,17.74,0.1,218.57714,49.21025
143418.47+491236.5,53799.4021,17.78,0.1,218.57725,49.21028
143418.47+491236.5,53884.31412,17.75,0.11,218.57705,49.21018
143418.47+491236.5,53884.31957,17.87,0.11,218.57711,49.21022
143418.47+491236.5,53884.32508,17.76,0.11,218.57713,49.21022
143418.47+491236.5,53884.33049,17.78,0.11,218.57735,49.21009
143418.47+491236.5,54001.10213,17.67,0.1,218.57726,49.21016
143418.47+491236.5,54001.10591,17.53,0.1,218.57751,49.21036
143418.47+491236.5,54001.10968,17.55,0.1,218.57764,49.21011
143418.47+491236.5,54001.11345,17.76,0.1,218.57728,49.21026
143418.47+491236.5,54208.33184,17.61,0.1,218.57738,49.21016
143418.47+491236.5,54208.33878,17.66,0.11,218.57709,49.21024
143418.47+491236.5,54208.34571,17.77,0.11,218.57702,49.2101
143418.47+491236.5,54208.35264,17.84,0.11,218.57749,49.21009
143418.47+491236.5,54138.49931,17.69,0.1,218.57696,49.21034
143418.47+491236.5,54138.50368,17.78,0.1,218.57705,49.21037
143418.47+491236.5,54138.50803,17.94,0.11,218.57729,49.21004
143418.47+491236.5,54138.51239,17.83,0.1,218.57703,49.21021
143418.47+491236.5,54265.27526,17.84,0.11,218.57724,49.21024
143418.47+491236.5,54265.28719,17.75,0.11,218.57737,49.21023
143418.47+491236.5,54265.29542,17.73,0.1,218.5773,49.21033
143418.47+491236.5,54265.3036,17.62,0.1,218.57717,49.21004
143418.47+491236.5,54276.24752,17.49,0.1,218.57715,49.21018
143418.47+491236.5,54276.25304,17.58,0.1,218.57727,49.21024
143418.47+491236.5,54276.25857,17.75,0.11,218.57687,49.2102
143418.47+491236.5,54276.26413,17.6,0.11,218.57737,49.21031
143418.47+491236.5,54178.48138,17.73,0.11,218.57753,49.2101
143418.47+491236.5,54178.48763,17.67,0.1,218.57733,49.21023
143418.47+491236.5,54178.49381,17.7,0.1,218.57745,49.21013
143418.47+491236.5,54178.50003,17.63,0.1,218.57742,49.21008
143418.47+491236.5,54238.34937,17.62,0.1,218.57732,49.21017
143418.47+491236.5,54238.35438,17.82,0.11,218.57711,49.21023
143418.47+491236.5,54238.35936,17.87,0.11,218.57715,49.21013
143418.47+491236.5,54238.36432,17.65,0.1,218.57706,49.21029
143418.47+491236.5,54246.27595,17.91,0.11,218.57718,49.21016
143418.47+491236.5,54246.28415,17.64,0.1,218.57721,49.21015
143418.47+491236.5,54246.29244,17.71,0.1,218.57712,49.21012
143418.47+491236.5,54246.30065,17.75,0.1,218.57716,49.21008
143418.47+491236.5,54628.34248,17.84,0.11,218.57696,49.21019
143418.47+491236.5,54628.34591,17.63,0.1,218.57732,49.21002
143418.47+491236.5,54628.34937,17.64,0.1,218.57762,49.21019
143418.47+491236.5,54628.35283,17.72,0.1,218.57734,49.21028
143418.47+491236.5,54640.2633,17.72,0.1,218.57643,49.21041
143418.47+491236.5,54538.44741,17.75,0.11,218.57666,49.2103
143418.47+491236.5,54538.44788,17.66,0.1,218.57684,49.21026
143418.47+491236.5,54538.44836,17.51,0.1,218.57665,49.21021
143418.47+491236.5,54538.44883,17.8,0.11,218.57641,49.21057
143418.47+491236.5,54946.37858,17.81,0.11,218.57696,49.21025
143418.47+491236.5,54946.38496,17.73,0.1,218.57721,49.21021
143418.47+491236.5,54946.39134,17.82,0.1,218.57714,49.21029
143418.47+491236.5,54946.39771,17.74,0.1,218.57697,49.21025
143418.47+491236.5,55044.21569,17.85,0.13,218.57712,49.21021
143418.47+491236.5,55044.22269,17.91,0.13,218.57666,49.2102
143418.47+491236.5,55044.22959,17.65,0.12,218.57687,49.21046
143418.47+491236.5,55044.23652,17.67,0.12,218.57681,49.21031
143418.47+491236.5,54876.43262,17.86,0.11,218.57696,49.21023
143418.47+491236.5,54876.43803,17.87,0.11,218.57701,49.21022
143418.47+491236.5,54876.4435,17.82,0.11,218.57704,49.2102
143418.47+491236.5,54876.44898,17.7,0.11,218.57708,49.21016
143418.47+491236.5,54862.40791,17.74,0.1,218.57697,49.21036
143418.47+491236.5,54862.41899,17.7,0.1,218.57699,49.21025
143418.47+491236.5,54862.43004,17.67,0.1,218.57703,49.21021
143418.47+491236.5,54862.44119,17.73,0.1,218.57699,49.2104
143418.47+491236.5,55018.21325,17.54,0.11,218.57681,49.21015
143418.47+491236.5,55018.21721,17.67,0.12,218.57669,49.2104
143418.47+491236.5,55018.22114,17.58,0.11,218.57696,49.21004
143418.47+491236.5,55018.22512,17.52,0.11,218.57683,49.21025
143418.47+491236.5,55005.24865,17.64,0.1,218.577,49.21029
143418.47+491236.5,55005.25597,17.71,0.1,218.57687,49.21019
143418.47+491236.5,55005.26326,17.71,0.1,218.57711,49.21026
143418.47+491236.5,55005.27048,17.7,0.1,218.57699,49.21035
143418.47+491236.5,54892.38654,17.69,0.11,218.57694,49.21014
143418.47+491236.5,54892.39378,17.78,0.11,218.57696,49.21026
143418.47+491236.5,54892.40101,17.76,0.11,218.57702,49.21021
143418.47+491236.5,54892.40822,17.72,0.11,218.57687,49.21028
143418.47+491236.5,54908.31185,17.83,0.11,218.57684,49.21036
143418.47+491236.5,54908.31672,17.8,0.1,218.57699,49.21019
143418.47+491236.5,54908.32161,17.8,0.1,218.57729,49.2102
143418.47+491236.5,54908.32651,17.74,0.1,218.57693,49.2102
143418.47+491236.5,54915.40844,17.52,0.11,218.57746,49.21024
143418.47+491236.5,54915.41129,17.55,0.11,218.57671,49.21015
143418.47+491236.5,54915.41426,17.48,0.11,218.5768,49.21021
143418.47+491236.5,54915.41723,17.96,0.14,218.57694,49.21032
143418.47+491236.5,54981.30589,17.61,0.1,218.57703,49.21011
143418.47+491236.5,54981.31205,17.8,0.1,218.57672,49.21036
143418.47+491236.5,54981.31822,17.58,0.1,218.57682,49.2103
143418.47+491236.5,54981.32433,17.83,0.11,218.57678,49.21035
143418.47+491236.5,55297.33112,17.67,0.1,218.57701,49.2101
143418.47+491236.5,55297.3369,17.65,0.1,218.57662,49.2102
143418.47+491236.5,55297.34271,17.83,0.1,218.57696,49.21028
143418.47+491236.5,55297.34854,17.57,0.1,218.57687,49.21024
143418.47+491236.5,55360.24843,17.75,0.1,218.57679,49.21018
143418.47+491236.5,55360.25422,17.75,0.1,218.57694,49.21026
143418.47+491236.5,55360.26001,17.59,0.1,218.57685,49.21019
143418.47+491236.5,55360.26573,17.74,0.1,218.57697,49.2101
143418.47+491236.5,55281.37039,17.84,0.12,218.57677,49.21028
143418.47+491236.5,55281.37392,17.68,0.11,218.57677,49.21017
143418.47+491236.5,55281.37751,17.53,0.11,218.57715,49.2102
143418.47+491236.5,55281.38105,17.67,0.11,218.57689,49.21011
143418.47+491236.5,55327.3827,17.66,0.1,218.57725,49.21011
143418.47+491236.5,55327.38862,17.73,0.1,218.57723,49.21018
143418.47+491236.5,55327.39442,17.66,0.1,218.57689,49.21027
143418.47+491236.5,55327.40023,17.76,0.1,218.57706,49.21016
143418.47+491236.5,55721.248,17.82,0.11,218.57689,49.21016
143418.47+491236.5,55721.25605,17.7,0.1,218.57686,49.21015
143418.47+491236.5,55721.26417,17.65,0.1,218.57715,49.21022
143418.47+491236.5,55721.2723,17.79,0.11,218.57673,49.21015
143418.47+491236.5,55635.41593,17.8,0.13,218.57722,49.21019
143418.47+491236.5,55635.41955,17.69,0.12,218.57695,49.21022
143418.47+491236.5,55635.42318,17.87,0.14,218.57678,49.21017
143418.47+491236.5,55635.42678,17.74,0.12,218.5771,49.21028
143418.47+491236.5,55682.35795,17.66,0.1,218.57692,49.21014
143418.47+491236.5,55682.3648,17.7,0.1,218.57712,49.21017
143418.47+491236.5,55682.37175,17.66,0.1,218.57714,49.21023
143418.47+491236.5,55682.37859,17.79,0.11,218.57701,49.21029
143418.47+491236.5,56065.35374,17.76,0.1,218.57677,49.21003
143418.47+491236.5,56065.36049,17.72,0.1,218.57695,49.21027
143418.47+491236.5,56065.36732,17.62,0.1,218.57706,49.21022
143418.47+491236.5,56065.3741,17.68,0.1,218.57692,49.21023
143418.47+491236.5,56076.30861,17.76,0.11,218.57696,49.21015
143418.47+491236.5,56076.31561,17.67,0.11,218.57687,49.20989
143418.47+491236.5,56076.32288,17.6,0.1,218.57685,49.21041
143418.47+491236.5,56076.33015,17.73,0.11,218.57677,49.21008
143418.47+491236.5,56092.28022,17.68,0.1,218.57699,49.21014
143418.47+491236.5,56092.28825,17.65,0.1,218.57689,49.21013
143418.47+491236.5,56092.29624,17.8,0.1,218.5768,49.21015
143418.47+491236.5,56092.30428,17.77,0.1,218.57689,49.21011
143418.47+491236.5,56126.21587,17.69,0.1,218.57711,49.21013
143418.47+491236.5,56126.2215,17.54,0.1,218.57736,49.21001
143418.47+491236.5,56126.22709,17.84,0.11,218.57708,49.21022
143418.47+491236.5,56126.23278,17.68,0.1,218.57681,49.21011
143418.47+491236.5,56191.10762,17.68,0.1,218.57732,49.21032
143418.47+491236.5,56191.11269,17.66,0.1,218.57669,49.21023
143418.47+491236.5,56191.11787,17.8,0.11,218.57672,49.21016
143418.47+491236.5,56191.12436,17.82,0.11,218.57674,49.21022
143418.47+491236.5,56375.36905,17.5,0.09,218.57709,49.21032
143418.47+491236.5,56375.37527,17.71,0.1,218.57706,49.21017
143418.47+491236.5,56375.38153,17.64,0.1,218.57706,49.21026
143418.47+491236.5,56375.38775,17.72,0.1,218.57703,49.21023
143418.47+491236.5,56397.37009,17.72,0.1,218.57705,49.21019
143418.47+491236.5,56397.37745,17.71,0.1,218.57689,49.21006
143418.47+491236.5,56397.38483,17.69,0.1,218.57718,49.21014
143418.47+491236.5,56397.39224,17.65,0.1,218.57725,49.21013
143418.47+491236.5,56421.32051,17.77,0.11,218.57677,49.2102
143418.47+491236.5,56421.32623,17.61,0.11,218.5769,49.21022
143418.47+491236.5,56421.3319,17.69,0.11,218.57698,49.21011
143418.47+491236.5,56421.33759,17.83,0.11,218.57683,49.21024
143418.47+491236.5,56434.28603,17.74,0.1,218.57698,49.21014
143418.47+491236.5,56434.28941,17.88,0.11,218.57664,49.21005
143418.47+491236.5,56434.29599,17.75,0.1,218.57674,49.21038
143418.47+491236.5,56434.29936,17.93,0.11,218.57673,49.21027
143418.47+491236.5,56449.31004,17.8,0.11,218.57685,49.21031
143418.47+491236.5,56449.3157,17.85,0.11,218.5769,49.21021
143418.47+491236.5,56449.32133,17.65,0.1,218.57672,49.21035
143418.47+491236.5,56449.32702,17.75,0.11,218.57686,49.21018
143418.47+491236.5,56471.19782,17.63,0.12,218.57705,49.21009
143418.47+491236.5,56471.20452,17.62,0.11,218.57707,49.21032
143418.47+491236.5,56471.2113,17.73,0.12,218.57699,49.2102
143418.47+491236.5,56471.21805,17.7,0.12,218.57676,49.21012
095746.83+303024.2,53470.20022,18.49,0.14,149.4453,30.5069
095746.83+303024.2,53470.20753,18.19,0.13,149.44535,30.5069
095746.83+303024.2,53470.21484,18.55,0.15,149.44495,30.50698
095746.83+303024.2,53470.22217,18.39,0.14,149.44498,30.50687
095746.83+303024.2,53708.49288,18.61,0.14,149.44517,30.50687
095746.83+303024.2,53708.50112,18.38,0.13,149.44516,30.50699
095746.83+303024.2,53708.50938,18.66,0.14,149.44527,30.50703
095746.83+303024.2,53708.51766,18.66,0.14,149.44523,30.50706
095746.83+303024.2,53728.3583,18.67,0.15,149.44548,30.50685
095746.83+303024.2,53728.36691,18.81,0.16,149.44548,30.50706
095746.83+303024.2,53728.37559,18.4,0.13,149.44541,30.50698
095746.83+303024.2,53728.38421,18.44,0.14,149.44531,30.50689
095746.83+303024.2,53675.4741,18.67,0.14,149.44535,30.50704
095746.83+303024.2,53677.46982,18.42,0.16,149.44537,30.5069
095746.83+303024.2,53677.47663,18.7,0.15,149.44517,30.50693
095746.83+303024.2,53677.48345,18.42,0.15,149.4452,30.5068
095746.83+303024.2,53677.49026,18.42,0.14,149.44513,30.5069
095746.83+303024.2,53678.47142,18.65,0.14,149.44526,30.50697
095746.83+303024.2,53678.47677,18.52,0.14,149.44515,30.50695
095746.83+303024.2,53678.48213,18.6,0.14,149.44508,30.5067
095746.83+303024.2,53678.48746,18.6,0.14,149.44517,30.50685
095746.83+303024.2,53849.18365,18.62,0.14,149.44521,30.50691
095746.83+303024.2,53849.19032,18.76,0.15,149.44519,30.50683
095746.83+303024.2,53849.19705,18.53,0.14,149.44479,30.507
095746.83+303024.2,53849.20368,18.58,0.14,149.44483,30.50683
095746.83+303024.2,54082.50278,18.65,0.14,149.44522,30.50676
095746.83+303024.2,54082.50822,18.51,0.13,149.44517,30.50687
095746.83+303024.2,54082.51367,18.4,0.13,149.44538,30.50718
095746.83+303024.2,54082.51921,18.78,0.15,149.44513,30.50708
095746.83+303024.2,54095.34191,18.58,0.15,149.44498,30.50709
095746.83+303024.2,54095.35281,18.32,0.13,149.4455,30.50682
095746.83+303024.2,54095.36369,18.75,0.15,149.44522,30.50686
095746.83+303024.2,54095.37463,18.63,0.14,149.44523,30.50671
095746.83+303024.2,53770.29025,18.35,0.13,149.44553,30.50711
095746.83+303024.2,53770.29883,18.59,0.15,149.44521,30.50678
095746.83+303024.2,53770.30744,18.71,0.15,149.44512,30.50688
095746.83+303024.2,53770.31599,18.22,0.13,149.44518,30.50685
095746.83+303024.2,53793.1948,18.82,0.16,149.44517,30.507
095746.83+303024.2,53793.19909,18.22,0.12,149.44525,30.50695
095746.83+303024.2,53793.20341,18.72,0.15,149.44527,30.50703
095746.83+303024.2,53793.20771,18.41,0.29,149.44517,30.50683
095746.83+303024.2,53737.32959,18.26,0.13,149.44564,30.50665
095746.83+303024.2,53737.33691,18.66,0.14,149.44516,30.5069
095746.83+303024.2,53737.34427,18.58,0.14,149.44527,30.50693
095746.83+303024.2,53737.35176,18.67,0.14,149.44505,30.50688
095746.83+303024.2,53740.36026,18.53,0.13,149.44551,30.50687
095746.83+303024.2,53740.36842,18.74,0.15,149.4451,30.50685
095746.83+303024.2,53740.37656,18.67,0.14,149.44542,30.507
095746.83+303024.2,53740.38469,18.81,0.15,149.44517,30.50698
095746.83+303024.2,53757.42366,18.53,0.14,149.4452,30.50695
095746.83+303024.2,53757.43123,18.9,0.16,149.44527,30.50683
095746.83+303024.2,53757.43887,18.41,0.13,149.44504,30.50692
095746.83+303024.2,53757.44652,18.56,0.14,149.445,30.50694
095746.83+303024.2,53762.29427,18.35,0.13,149.44509,30.50693
095746.83+303024.2,53762.30074,18.55,0.14,149.44533,30.50689
095746.83+303024.2,53762.30719,18.65,0.15,149.44515,30.50683
095746.83+303024.2,53762.31363,18.57,0.14,149.44527,30.50685
095746.83+303024.2,53800.34312,18.33,0.13,149.44529,30.50696
095746.83+303024.2,53800.34958,18.8,0.15,149.44516,30.50701
095746.83+303024.2,53800.3562,18.42,0.13,149.44515,30.5069
095746.83+303024.2,53800.3627,18.7,0.15,149.44547,30.50693
095746.83+303024.2,53818.21644,18.54,0.14,149.44549,30.50684
095746.83+303024.2,53818.22469,18.73,0.15,149.4454,30.5069
095746.83+303024.2,53818.23297,18.54,0.14,149.44488,30.50678
095746.83+303024.2,53818.24118,18.59,0.14,149.44521,30.5069
095746.83+303024.2,53879.15364,18.6,0.14,149.4456,30.50686
095746.83+303024.2,53879.15914,18.63,0.15,149.4452,30.50691
095746.83+303024.2,53879.16463,18.73,0.15,149.44525,30.50682
095746.83+303024.2,53879.17014,18.47,0.14,149.4451,30.507
095746.83+303024.2,54060.49661,18.62,0.13,149.44518,30.50705
095746.83+303024.2,54060.50374,18.72,0.14,149.44528,30.50705
095746.83+303024.2,54060.51089,18.72,0.14,149.44518,30.50694
095746.83+303024.2,54060.51805,18.56,0.13,149.44531,30.50694
095746.83+303024.2,54036.48149,18.41,0.14,149.44541,30.50681
095746.83+303024.2,54036.4863,18.52,0.15,149.44517,30.50699
095746.83+303024.2,54036.49118,18.78,0.17,149.44539,30.50667
095746.83+303024.2,54036.49608,18.83,0.15,149.44519,30.50703
095746.83+303024.2,54440.38946,18.78,0.15,149.44529,30.50686
095746.83+303024.2,54440.39601,18.57,0.13,149.44529,30.50704
095746.83+303024.2,54440.40255,18.61,0.14,149.44512,30.50691
095746.83+303024.2,54440.40908,18.43,0.13,149.44493,30.50734
095746.83+303024.2,54449.41607,18.68,0.14,149.44507,30.50686
095746.83+303024.2,54449.42325,18.59,0.13,149.44537,30.50697
095746.83+303024.2,54449.43047,18.58,0.13,149.44511,30.50695
095746.83+303024.2,54449.43768,18.67,0.14,149.44501,30.50692
095746.83+303024.2,54140.25085,18.61,0.14,149.44523,30.50683
095746.83+303024.2,54140.25732,18.36,0.12,149.44507,30.50686
095746.83+303024.2,54140.2638,18.7,0.14,149.44526,30.50692
095746.83+303024.2,54140.27027,18.54,0.13,149.44527,30.50684
095746.83+303024.2,54158.23065,18.53,0.13,149.44536,30.50683
095746.83+303024.2,54158.23714,18.62,0.14,149.44506,30.50687
095746.83+303024.2,54158.24362,18.34,0.12,149.44521,30.50689
095746.83+303024.2,54158.25011,18.22,0.12,149.44468,30.50689
095746.83+303024.2,54110.36711,18.69,0.14,149.4453,30.50677
095746.83+303024.2,54110.37313,18.54,0.13,149.4453,30.50689
095746.83+303024.2,54110.37917,18.81,0.15,149.44513,30.50691
095746.83+303024.2,54110.38519,18.12,0.11,149.44552,30.50663
095746.83+303024.2,54117.30381,18.56,0.13,149.44526,30.50686
095746.83+303024.2,54117.31033,18.52,0.13,149.44511,30.50693
095746.83+303024.2,54117.31681,18.37,0.12,149.44522,30.50696
095746.83+303024.2,54117.32332,18.53,0.13,149.44523,30.50694
095746.83+303024.2,54128.27429,18.35,0.12,149.44508,30.50682
095746.83+303024.2,54128.2792,18.3,0.12,149.44501,30.50698
095746.83+303024.2,54128.28411,18.72,0.14,149.44527,30.50696
095746.83+303024.2,54128.28902,18.7,0.14,149.44508,30.507
095746.83+303024.2,54259.15585,18.85,0.12,149.44533,30.50695
095746.83+303024.2,54259.16382,18.81,0.12,149.44517,30.50696
095746.83+303024.2,54259.17178,18.68,0.11,149.44524,30.50683
095746.83+303024.2,54259.17977,18.38,0.1,149.44511,30.5067
095746.83+303024.2,54174.19189,18.49,0.13,149.44525,30.50703
095746.83+303024.2,54174.19898,18.2,0.11,149.44523,30.50697
095746.83+303024.2,54174.20607,18.8,0.15,149.44534,30.50691
095746.83+303024.2,54174.21317,18.38,0.12,149.44518,30.50683
095746.83+303024.2,54185.16861,18.89,0.16,149.44532,30.50689
095746.83+303024.2,54185.17782,19.0,0.16,149.44557,30.50708
095746.83+303024.2,54185.18703,18.65,0.14,149.44524,30.50699
095746.83+303024.2,54185.19626,18.6,0.14,149.44527,30.50686
095746.83+303024.2,54245.15661,18.96,0.17,149.44505,30.50702
095746.83+303024.2,54245.16475,18.36,0.13,149.44539,30.50658
095746.83+303024.2,54245.17286,18.73,0.15,149.44494,30.50684
095746.83+303024.2,54245.18097,18.73,0.15,149.44514,30.5069
095746.83+303024.2,54411.43515,18.4,0.13,149.44525,30.50696
095746.83+303024.2,54411.44331,18.43,0.13,149.44534,30.50706
095746.83+303024.2,54411.45144,18.55,0.14,149.4451,30.50705
095746.83+303024.2,54411.45962,18.71,0.14,149.44529,30.50699
095746.83+303024.2,54422.41758,18.5,0.13,149.44512,30.50675
095746.83+303024.2,54422.4253,18.61,0.14,149.44523,30.50691
095746.83+303024.2,54422.43307,18.43,0.13,149.44528,30.50698
095746.83+303024.2,54422.44075,18.49,0.13,149.44534,30.50696
095746.83+303024.2,54385.48495,18.7,0.16,149.44523,30.50692
095746.83+303024.2,54385.49158,18.73,0.16,149.44542,30.50685
095746.83+303024.2,54385.49825,18.6,0.15,149.44554,30.50685
095746.83+303024.2,54385.5049,18.83,0.16,149.44536,30.50702
095746.83+303024.2,54557.22754,18.36,0.12,149.4454,30.50693
095746.83+303024.2,54557.23396,18.57,0.13,149.44517,30.50705
095746.83+303024.2,54557.2404,18.38,0.13,149.44539,30.50697
095746.83+303024.2,54557.24685,18.6,0.14,149.44506,30.50692
095746.83+303024.2,54566.15222,18.43,0.13,149.44528,30.50691
095746.83+303024.2,54566.16108,18.35,0.13,149.44522,30.50689
095746.83+303024.2,54566.16989,18.38,0.13,149.44525,30.50688
095746.83+303024.2,54566.17875,18.5,0.13,149.44503,30.50696
095746.83+303024.2,54574.25791,18.33,0.13,149.44504,30.50725
095746.83+303024.2,54574.26275,18.23,0.12,149.44549,30.50722
095746.83+303024.2,54574.26759,18.37,0.13,149.44564,30.50702
095746.83+303024.2,54574.27244,19.41,0.2,149.44369,30.50694
095746.83+303024.2,54574.27244,19.25,0.19,149.44572,30.50658
095746.83+303024.2,54585.2171,18.51,0.14,149.4453,30.50694
095746.83+303024.2,54585.22355,18.27,0.13,149.44529,30.50695
095746.83+303024.2,54585.23003,18.31,0.12,149.44507,30.50694
095746.83+303024.2,54585.23649,18.46,0.13,149.44527,30.50694
095746.83+303024.2,54804.42638,18.61,0.14,149.4452,30.50708
095746.83+303024.2,54804.43545,18.37,0.13,149.44499,30.50695
095746.83+303024.2,54804.44442,18.53,0.14,149.44506,30.5072
095746.83+303024.2,54804.45339,18.61,0.15,149.44532,30.5069
095746.83+303024.2,54831.36103,18.51,0.13,149.44532,30.50698
095746.83+303024.2,54831.36879,18.24,0.12,149.44521,30.50698
095746.83+303024.2,54831.37658,18.4,0.12,149.44539,30.50678
095746.83+303024.2,54831.38452,18.57,0.13,149.44535,30.50704
095746.83+303024.2,54497.21336,18.92,0.19,149.4452,30.50699
095746.83+303024.2,54497.21833,18.71,0.2,149.44501,30.50656
095746.83+303024.2,54497.22328,18.21,0.17,149.44443,30.50711
095746.83+303024.2,54497.22829,18.73,0.27,149.44552,30.50754
095746.83+303024.2,54504.30202,18.37,0.12,149.44528,30.50698
095746.83+303024.2,54504.30876,18.44,0.13,149.44526,30.50684
095746.83+303024.2,54504.31549,18.19,0.12,149.44521,30.50682
095746.83+303024.2,54504.32219,18.27,0.12,149.44517,30.5068
095746.83+303024.2,54524.33783,18.5,0.13,149.44513,30.50696
095746.83+303024.2,54524.34506,18.59,0.13,149.4452,30.50702
095746.83+303024.2,54524.3523,18.32,0.12,149.44503,30.50695
095746.83+303024.2,54524.35952,18.36,0.12,149.4451,30.50695
095746.83+303024.2,54476.36035,18.55,0.13,149.44522,30.50691
095746.83+303024.2,54476.36941,18.59,0.13,149.44525,30.50682
095746.83+303024.2,54476.37846,18.67,0.14,149.44511,30.5069
095746.83+303024.2,54476.38752,18.6,0.13,149.44519,30.50696
095746.83+303024.2,54625.15947,18.74,0.17,149.44485,30.50729
095746.83+303024.2,54625.16332,18.31,0.14,149.44506,30.50683
095746.83+303024.2,54625.16715,18.37,0.14,149.44516,30.50673
095746.83+303024.2,54625.17099,18.45,0.15,149.44524,30.50681
095746.83+303024.2,54532.35929,18.42,0.14,149.44498,30.50702
095746.83+303024.2,54538.28768,18.28,0.12,149.44524,30.50676
095746.83+303024.2,54538.29534,18.32,0.12,149.4451,30.50703
095746.83+303024.2,54538.303,18.27,0.12,149.44514,30.50681
095746.83+303024.2,54538.31064,18.39,0.13,149.44533,30.50668
095746.83+303024.2,54548.33156,18.79,0.15,149.44524,30.5068
095746.83+303024.2,54548.33767,18.54,0.14,149.44515,30.50696
095746.83+303024.2,54548.3438,18.76,0.15,149.44531,30.50707
095746.83+303024.2,54548.34994,18.65,0.14,149.44536,30.50695
095746.83+303024.2,54596.15726,18.59,0.14,149.44514,30.50697
095746.83+303024.2,54596.16425,18.44,0.13,149.44513,30.50723
095746.83+303024.2,54596.17127,18.36,0.13,149.44515,30.50718
095746.83+303024.2,54596.17827,18.35,0.13,149.44521,30.50715
095746.83+303024.2,54791.50632,18.42,0.15,149.44534,30.50692
095746.83+303024.2,54791.51171,18.5,0.15,149.44513,30.50709
095746.83+303024.2,54791.51713,18.55,0.16,149.44514,30.50686
095746.83+303024.2,54791.52259,18.48,0.15,149.44528,30.50708
095746.83+303024.2,54766.48596,18.45,0.13,149.44517,30.5069
095746.83+303024.2,54766.4938,18.58,0.13,149.44553,30.50663
095746.83+303024.2,54766.5017,18.39,0.12,149.44541,30.50703
095746.83+303024.2,54766.50966,18.38,0.12,149.44552,30.50685
095746.83+303024.2,54940.17427,18.67,0.14,149.44509,30.50692
095746.83+303024.2,54940.18023,18.66,0.14,149.44517,30.50699
095746.83+303024.2,54940.18634,18.69,0.14,149.44516,30.50705
095746.83+303024.2,54940.19232,18.66,0.14,149.44531,30.50701
095746.83+303024.2,54951.19497,18.71,0.14,149.44516,30.50715
095746.83+303024.2,54951.20284,18.53,0.13,149.44524,30.50717
095746.83+303024.2,54951.21065,18.69,0.14,149.44503,30.50696
095746.83+303024.2,54951.21862,18.55,0.14,149.4449,30.50692
095746.83+303024.2,55182.32421,18.56,0.14,149.44523,30.5072
095746.83+303024.2,54866.26095,18.57,0.13,149.44532,30.50713
095746.83+303024.2,54866.27002,18.63,0.14,149.44514,30.50687
095746.83+303024.2,54866.27906,18.37,0.12,149.44513,30.50685
095746.83+303024.2,54866.28818,18.36,0.12,149.44493,30.50685
095746.83+303024.2,54877.21026,18.58,0.18,149.44511,30.50677
095746.83+303024.2,54883.27705,18.5,0.14,149.44505,30.50701
095746.83+303024.2,54883.28364,18.78,0.15,149.44523,30.50707
095746.83+303024.2,54883.29028,18.36,0.12,149.44485,30.50681
095746.83+303024.2,54883.29702,18.34,0.12,149.44488,30.50694
095746.83+303024.2,54884.17513,18.23,0.13,149.44534,30.50693
095746.83+303024.2,54884.18062,18.38,0.13,149.44526,30.50692
095746.83+303024.2,54884.18602,18.23,0.17,149.4453,30.50697
095746.83+303024.2,54884.19144,18.42,0.14,149.44512,30.50695
095746.83+303024.2,54851.37791,18.37,0.11,149.4453,30.50692
095746.83+303024.2,54851.39093,18.59,0.12,149.44518,30.50707
095746.83+303024.2,54851.39739,18.45,0.11,149.4451,30.50681
095746.83+303024.2,54852.3092,18.39,0.13,149.44517,30.50696
095746.83+303024.2,54852.31457,18.52,0.14,149.4451,30.50708
095746.83+303024.2,54852.32007,18.58,0.14,149.4452,30.50703
095746.83+303024.2,54852.32555,18.37,0.16,149.44499,30.50691
095746.83+303024.2,54859.23555,18.4,0.13,149.44501,30.50692
095746.83+303024.2,54859.24097,18.52,0.13,149.44528,30.50688
095746.83+303024.2,54859.2464,18.25,0.12,149.4445,30.50699
095746.83+303024.2,54859.25188,18.52,0.13,149.44528,30.50684
095746.83+303024.2,54892.3176,18.27,0.13,149.44516,30.50689
095746.83+303024.2,54892.32431,18.58,0.15,149.4453,30.50714
095746.83+303024.2,54892.33102,18.48,0.14,149.44521,30.50699
095746.83+303024.2,54892.3378,18.53,0.14,149.44509,30.50682
095746.83+303024.2,54908.24294,18.69,0.15,149.44513,30.50693
095746.83+303024.2,54908.24781,18.56,0.14,149.44512,30.50701
095746.83+303024.2,54908.25268,18.41,0.13,149.44517,30.50684
095746.83+303024.2,54908.25751,18.45,0.13,149.44505,30.50676
095746.83+303024.2,54914.16326,18.66,0.14,149.44535,30.50687
095746.83+303024.2,54914.17134,18.47,0.13,149.44521,30.50703
095746.83+303024.2,54914.1795,18.49,0.13,149.44498,30.5069
095746.83+303024.2,54914.18765,18.61,0.14,149.44523,30.50708
095746.83+303024.2,54965.21547,18.07,0.11,149.44503,30.50683
095746.83+303024.2,54965.22204,18.58,0.14,149.44503,30.50701
095746.83+303024.2,54965.22867,18.38,0.13,149.44458,30.50711
095746.83+303024.2,54965.23522,18.75,0.15,149.44512,30.50692
095746.83+303024.2,55153.50653,18.31,0.15,149.44516,30.50696
095746.83+303024.2,55153.51127,18.6,0.17,149.44495,30.50715
095746.83+303024.2,55153.51609,18.42,0.15,149.44498,30.50673
095746.83+303024.2,55153.52112,18.94,0.2,149.44503,30.50704
095746.83+303024.2,55120.47289,18.32,0.13,149.44514,30.50672
095746.83+303024.2,55120.47903,18.45,0.13,149.44517,30.50708
095746.83+303024.2,55120.48512,18.57,0.14,149.44536,30.50692
095746.83+303024.2,55120.49128,18.6,0.14,149.44516,30.50693
095746.83+303024.2,55130.45397,18.6,0.14,149.44519,30.50678
095746.83+303024.2,55130.4613,18.47,0.13,149.44528,30.507
095746.83+303024.2,55130.46852,18.43,0.13,149.4452,30.50718
095746.83+303024.2,55130.47581,18.43,0.13,149.44558,30.50719
095746.83+303024.2,55295.16185,18.69,0.14,149.44544,30.50693
095746.83+303024.2,55295.16704,18.6,0.14,149.44518,30.50697
095746.83+303024.2,55295.17221,18.44,0.13,149.44529,30.50708
095746.83+303024.2,55295.17735,18.64,0.14,149.44535,30.50686
095746.83+303024.2,55303.16236,18.57,0.14,149.44508,30.50683
095746.83+303024.2,55303.16806,18.47,0.13,149.44526,30.50707
095746.83+303024.2,55303.1738,18.8,0.15,149.44515,30.50689
095746.83+303024.2,55303.1795,18.42,0.13,149.44516,30.50683
095746.83+303024.2,55533.38386,18.3,0.11,149.44515,30.50707
095746.83+303024.2,55533.39886,18.4,0.11,149.44539,30.50731
095746.83+303024.2,55533.40639,18.16,0.11,149.44538,30.50692
095746.83+303024.2,55538.4925,18.11,0.11,149.44499,30.50716
095746.83+303024.2,55538.50322,18.23,0.12,149.44515,30.50704
095746.83+303024.2,55538.50858,18.31,0.12,149.44533,30.50701
095746.83+303024.2,55240.40473,18.35,0.13,149.44537,30.5069
095746.83+303024.2,55240.4123,18.53,0.14,149.44525,30.50685
095746.83+303024.2,55240.41983,18.7,0.15,149.44507,30.5069
095746.83+303024.2,55240.42736,18.7,0.15,149.44524,30.50693
095746.83+303024.2,55246.31744,18.53,0.13,149.44515,30.50689
095746.83+303024.2,55246.32452,18.32,0.12,149.4454,30.5067
095746.83+303024.2,55246.33167,18.32,0.12,149.44509,30.50682
095746.83+303024.2,55246.33881,18.56,0.14,149.44514,30.50685
095746.83+303024.2,55202.48477,18.48,0.13,149.44481,30.50689
095746.83+303024.2,55202.49087,18.85,0.15,149.44533,30.50678
095746.83+303024.2,55202.49697,19.0,0.16,149.4453,30.50703
095746.83+303024.2,55202.50314,18.68,0.14,149.44505,30.50697
095746.83+303024.2,55208.37254,18.34,0.12,149.44506,30.50679
095746.83+303024.2,55208.38073,18.67,0.14,149.44534,30.50694
095746.83+303024.2,55208.389,18.25,0.12,149.44512,30.50687
095746.83+303024.2,55208.39726,18.51,0.13,149.44492,30.50694
095746.83+303024.2,55260.29236,18.69,0.14,149.44527,30.50685
095746.83+303024.2,55260.29812,18.71,0.14,149.44518,30.50674
095746.83+303024.2,55260.3039,18.65,0.14,149.44541,30.50672
095746.83+303024.2,55260.30969,18.67,0.14,149.44534,30.50674
095746.83+303024.2,55274.24748,18.44,0.13,149.44545,30.50668
095746.83+303024.2,55274.25494,18.5,0.13,149.44504,30.5068
095746.83+303024.2,55274.26238,18.61,0.14,149.44541,30.50699
095746.83+303024.2,55274.26988,18.69,0.14,149.44525,30.50696
095746.83+303024.2,55322.20819,18.92,0.19,149.44507,30.507
095746.83+303024.2,55322.21392,18.45,0.13,149.44538,30.50687
095746.83+303024.2,55322.22138,18.69,0.17,149.44503,30.507
095746.83+303024.2,55322.22747,18.67,0.14,149.44493,30.50684
095746.83+303024.2,55505.49093,18.08,0.12,149.44538,30.50714
095746.83+303024.2,55505.50014,18.43,0.13,149.44536,30.50705
095746.83+303024.2,55505.50477,18.28,0.12,149.44521,30.50701
095746.83+303024.2,55511.44206,18.32,0.12,149.44508,30.50688
095746.83+303024.2,55511.45489,18.55,0.14,149.4452,30.50707
095746.83+303024.2,55511.4613,18.48,0.13,149.44533,30.50703
095746.83+303024.2,55659.122,18.42,0.14,149.44514,30.50707
095746.83+303024.2,55659.12712,18.36,0.16,149.44539,30.50707
095746.83+303024.2,55681.22033,18.47,0.14,149.44504,30.50698
095746.83+303024.2,55681.22771,18.3,0.13,149.44524,30.50687
095746.83+303024.2,55681.23522,18.71,0.15,149.44535,30.50689
095746.83+303024.2,55681.24272,18.52,0.14,149.44533,30.50671
095746.83+303024.2,55598.25642,18.59,0.12,149.44538,30.50698
095746.83+303024.2,55598.26392,18.28,0.11,149.44507,30.5069
095746.83+303024.2,55598.27153,18.22,0.11,149.44495,30.50733
095746.83+303024.2,55598.27919,18.25,0.12,149.44561,30.50707
095746.83+303024.2,55604.23525,18.24,0.1,149.44491,30.50699
095746.83+303024.2,55604.24324,18.31,0.1,149.44518,30.50711
095746.83+303024.2,55604.25128,18.65,0.11,149.44523,30.50702
095746.83+303024.2,55604.25938,18.31,0.1,149.44516,30.50735
095746.83+303024.2,55617.34514,18.4,0.13,149.4451,30.50733
095746.83+303024.2,55617.35172,18.45,0.13,149.44509,30.50708
095746.83+303024.2,55617.35835,18.23,0.12,149.44534,30.50716
095746.83+303024.2,55617.36494,18.4,0.13,149.44521,30.50724
095746.83+303024.2,55569.37073,18.61,0.14,149.44521,30.507
095746.83+303024.2,55569.3765,18.26,0.12,149.44529,30.50725
095746.83+303024.2,55569.38232,18.57,0.14,149.44541,30.50716
095746.83+303024.2,55569.38815,18.49,0.13,149.44551,30.50683
095746.83+303024.2,55589.27061,18.32,0.12,149.44531,30.50723
095746.83+303024.2,55589.27637,18.43,0.13,149.44515,30.50701
095746.83+303024.2,55589.2822,18.5,0.13,149.44539,30.50695
095746.83+303024.2,55589.288,18.51,0.13,149.44539,30.50704
095746.83+303024.2,55722.16396,18.1,0.12,149.44479,30.5065
095746.83+303024.2,55722.1685,18.41,0.14,149.44537,30.50705
095746.83+303024.2,55722.17311,18.56,0.14,149.44589,30.50674
095746.83+303024.2,55722.17775,18.36,0.13,149.44494,30.50677
095746.83+303024.2,55625.18761,18.3,0.1,149.44543,30.5071
095746.83+303024.2,55625.19562,18.37,0.1,149.44507,30.507
095746.83+303024.2,55625.20372,18.42,0.11,149.4453,30.50686
095746.83+303024.2,55625.21176,18.59,0.11,149.4454,30.50723
095746.83+303024.2,55647.14495,18.47,0.14,149.44499,30.50685
095746.83+303024.2,55647.15171,18.65,0.15,149.44515,30.50708
095746.83+303024.2,55647.15853,18.33,0.13,149.44477,30.50697
095746.83+303024.2,55647.16528,18.51,0.14,149.44504,30.50697
095746.83+303024.2,54532.38847,18.29,0.12,149.44502,30.50674
095746.83+303024.2,54532.39503,18.69,0.16,149.44495,30.50692
095746.83+303024.2,54532.40164,18.48,0.17,149.44558,30.5072
095746.83+303024.2,54532.42651,18.55,0.14,149.44523,30.50683
095746.83+303024.2,55182.32677,18.45,0.13,149.44518,30.50691
095746.83+303024.2,55182.33265,18.64,0.14,149.44518,30.50704
095746.83+303024.2,55182.33858,18.34,0.13,149.44514,30.50688
095746.83+303024.2,55182.34451,18.53,0.13,149.44523,30.50705
095746.83+303024.2,54877.26839,18.78,0.16,149.44534,30.50689
095746.83+303024.2,54877.27379,18.65,0.15,149.44511,30.50705
095746.83+303024.2,54877.27923,18.74,0.15,149.44522,30.50711
095746.83+303024.2,54877.2845,18.54,0.14,149.4453,30.50692
095746.83+303024.2,55634.13723,18.48,0.17,149.44522,30.50718
095746.83+303024.2,55634.14269,19.18,0.24,149.4453,30.50735
095746.83+303024.2,55634.1482,19.56,0.29,149.44557,30.50734
095746.83+303024.2,55634.1537,18.97,0.21,149.44507,30.50747
095746.83+303024.2,55861.47422,18.58,0.14,149.4454,30.50692
095746.83+303024.2,55861.48348,18.45,0.13,149.44517,30.50682
095746.83+303024.2,55861.49273,18.7,0.14,149.44514,30.50698
095746.83+303024.2,55861.50196,18.57,0.14,149.44536,30.50695
095746.83+303024.2,55922.40006,18.21,0.12,149.44533,30.5069
095746.83+303024.2,55922.40671,18.64,0.14,149.44535,30.50691
095746.83+303024.2,55922.41353,18.57,0.14,149.44522,30.50686
095746.83+303024.2,55922.4203,18.57,0.14,149.44517,30.50685
095746.83+303024.2,55928.31466,18.52,0.13,149.44524,30.50683
095746.83+303024.2,55928.32435,18.38,0.13,149.44532,30.50709
095746.83+303024.2,55928.33411,18.38,0.13,149.4451,30.50687
095746.83+303024.2,55928.34384,18.37,0.13,149.44521,30.50663
095746.83+303024.2,55945.3588,18.48,0.13,149.44521,30.50685
095746.83+303024.2,55945.36386,18.36,0.12,149.44526,30.50685
095746.83+303024.2,55945.36894,18.66,0.14,149.44518,30.5068
095746.83+303024.2,55945.37399,18.4,0.13,149.44518,30.50681
095746.83+303024.2,55969.24773,18.57,0.14,149.44525,30.50689
095746.83+303024.2,55969.25562,18.67,0.14,149.44544,30.50698
095746.83+303024.2,55969.26381,18.42,0.13,149.44514,30.50679
095746.83+303024.2,55969.27164,18.57,0.14,149.44523,30.5069
095746.83+303024.2,55980.22353,18.34,0.12,149.44529,30.50662
095746.83+303024.2,55980.23135,18.48,0.13,149.44557,30.50694
095746.83+303024.2,55980.23925,18.43,0.13,149.44508,30.50677
095746.83+303024.2,55980.24704,18.75,0.15,149.4451,30.50675
095746.83+303024.2,55986.25363,18.7,0.15,149.44497,30.50687
095746.83+303024.2,55986.25981,18.89,0.17,149.44527,30.50679
095746.83+303024.2,55986.26599,18.58,0.15,149.44506,30.50678
095746.83+303024.2,55986.27215,18.31,0.13,149.44536,30.50683
095746.83+303024.2,56015.22745,18.34,0.13,149.44521,30.50688
095746.83+303024.2,56015.23377,18.64,0.14,149.44536,30.50698
095746.83+303024.2,56015.24007,18.42,0.13,149.44522,30.50694
095746.83+303024.2,56015.24631,18.46,0.13,149.44569,30.50676
095746.83+303024.2,56044.26762,18.6,0.14,149.44521,30.50666
095746.83+303024.2,56044.27613,18.51,0.14,149.44515,30.50672
095746.83+303024.2,56044.28466,18.41,0.13,149.44526,30.50677
095746.83+303024.2,56044.29319,18.85,0.16,149.44525,30.50702
095746.83+303024.2,56065.17517,18.61,0.12,149.44524,30.50667
095746.83+303024.2,56065.18252,18.21,0.11,149.44465,30.50684
095746.83+303024.2,56065.19003,18.62,0.12,149.44539,30.50674
095746.83+303024.2,56065.19744,18.52,0.12,149.44523,30.50682
095746.83+303024.2,56076.1535,18.46,0.14,149.44513,30.50645
095746.83+303024.2,56076.15745,18.67,0.16,149.44526,30.50667
095746.83+303024.2,56076.16145,19.06,0.19,149.4454,30.50657
095746.83+303024.2,56076.16549,18.52,0.15,149.4453,30.50663
095746.83+303024.2,56086.16117,18.57,0.14,149.44523,30.50666
095746.83+303024.2,56086.16618,18.54,0.14,149.44508,30.50671
095746.83+303024.2,56086.17136,18.24,0.12,149.44533,30.50666
095746.83+303024.2,56086.1765,18.57,0.14,149.44513,30.50695
095746.83+303024.2,56225.47539,18.68,0.16,149.44486,30.50697
095746.83+303024.2,56225.48157,18.64,0.16,149.44497,30.50686
095746.83+303024.2,56225.48775,18.58,0.16,149.44476,30.50686
095746.83+303024.2,56225.4938,18.63,0.16,149.4449,30.50688
095746.83+303024.2,56271.39209,18.29,0.12,149.44502,30.50671
095746.83+303024.2,56271.40172,18.7,0.14,149.44508,30.50678
095746.83+303024.2,56271.41137,18.58,0.14,149.44502,30.50696
095746.83+303024.2,56271.42099,18.62,0.14,149.4452,30.50697
095746.83+303024.2,56308.46313,18.55,0.12,149.44513,30.5068
095746.83+303024.2,56308.46915,18.63,0.12,149.44501,30.50693
095746.83+303024.2,56308.47521,18.34,0.11,149.44483,30.50667
095746.83+303024.2,56308.48132,18.52,0.12,149.44531,30.5069
095746.83+303024.2,56324.48695,18.25,0.12,149.44514,30.50697
095746.83+303024.2,56324.49262,18.93,0.16,149.44509,30.50675
095746.83+303024.2,56324.49829,18.37,0.13,149.44506,30.50747
095746.83+303024.2,56324.50397,18.84,0.16,149.44509,30.50683
095746.83+303024.2,56329.33066,18.57,0.14,149.44515,30.50678
095746.83+303024.2,56329.33705,18.54,0.15,149.44498,30.50684
095746.83+303024.2,56329.34308,18.75,0.16,149.44532,30.50687
095746.83+303024.2,56329.34903,18.75,0.16,149.44498,30.50699
095746.83+303024.2,56337.18638,18.57,0.14,149.44519,30.50704
095746.83+303024.2,56337.19317,18.22,0.12,149.44513,30.50684
095746.83+303024.2,56337.20003,18.6,0.14,149.44525,30.50696
095746.83+303024.2,56337.20681,18.73,0.15,149.44529,30.50681
095746.83+303024.2,56341.31568,18.66,0.13,149.44526,30.50688
095746.83+303024.2,56341.32117,18.69,0.13,149.44527,30.50698
095746.83+303024.2,56341.32668,18.64,0.12,149.44522,30.50675
095746.83+303024.2,56341.33218,18.79,0.13,149.44516,30.50706
095746.83+303024.2,56354.1963,18.72,0.15,149.44519,30.50694
095746.83+303024.2,56354.20126,18.68,0.14,149.44547,30.50707
095746.83+303024.2,56354.20629,18.23,0.12,149.44507,30.50693
095746.83+303024.2,56354.21137,18.49,0.13,149.4452,30.50707
095746.83+303024.2,56367.21138,18.88,0.16,149.44516,30.50719
095746.83+303024.2,56367.21811,18.55,0.14,149.44498,30.50715
095746.83+303024.2,56367.22488,18.83,0.16,149.44521,30.50696
095746.83+303024.2,56367.23159,18.71,0.15,149.44535,30.50695
095746.83+303024.2,56386.16022,18.72,0.15,149.44539,30.50707
095746.83+303024.2,56386.16529,18.56,0.14,149.44549,30.50689
095746.83+303024.2,56386.17039,18.59,0.14,149.44531,30.50683
095746.83+303024.2,56386.17548,18.73,0.15,149.44521,30.50667
095746.83+303024.2,56395.14321,18.4,0.15,149.44532,30.5069
095746.83+303024.2,56395.14773,18.65,0.16,149.44551,30.50687
095746.83+303024.2,56395.15229,18.82,0.17,149.44527,30.50682
095746.83+303024.2,56395.15677,18.74,0.17,149.44563,30.50695
095746.83+303024.2,56414.13958,18.59,0.14,149.44517,30.50685
095746.83+303024.2,56414.14633,18.68,0.15,149.44509,30.507
095746.83+303024.2,56414.15308,18.35,0.13,149.44553,30.50687
095746.83+303024.2,56414.15985,18.68,0.15,149.44515,30.507
095746.83+303024.2,56448.17769,18.36,0.13,149.44483,30.50678
095746.83+303024.2,56448.18223,18.48,0.14,149.44512,30.50713
095746.83+303024.2,56448.18675,18.64,0.15,149.44467,30.5069
095746.83+303024.2,56448.19129,18.46,0.14,149.44587,30.50675
