InputID,ID,Mag,Magerr,RA,Decl,MJD,Blend
152942.19+350851.3,1135069031784,18.28,0.12,232.42567,35.14754,53480.29969,0
152942.19+350851.3,1135069031784,18.04,0.11,232.42563,35.14756,53480.30815,0
152942.19+350851.3,1135069031784,18.05,0.11,232.42567,35.14763,53480.31663,0
152942.19+350851.3,1135069031784,18.11,0.11,232.42578,35.14776,53480.32506,0
152942.19+350851.3,1135069031784,18.04,0.11,232.42570,35.14769,53562.19301,0
152942.19+350851.3,1135069031784,18.04,0.11,232.42575,35.14768,53562.19954,0
152942.19+350851.3,1135069031784,18.04,0.11,232.42564,35.14765,53562.20605,0
152942.19+350851.3,1135069031784,18.10,0.12,232.42578,35.14772,53562.21261,0
152942.19+350851.3,1135069031784,17.97,0.11,232.42580,35.14750,53526.27012,0
152942.19+350851.3,1135069031784,18.16,0.12,232.42571,35.14759,53526.27843,0
152942.19+350851.3,1135069031784,17.86,0.11,232.42581,35.14763,53526.28667,0
152942.19+350851.3,1135069031784,18.06,0.11,232.42571,35.14767,53526.29487,0
152942.19+350851.3,1135069031784,18.11,0.12,232.42569,35.14762,53534.27863,0
152942.19+350851.3,1135069031784,18.10,0.12,232.42579,35.14769,53534.28848,0
152942.19+350851.3,1135069031784,18.12,0.12,232.42576,35.14768,53534.29827,0
152942.19+350851.3,1135069031784,18.05,0.11,232.42568,35.14767,53534.30797,0
152942.19+350851.3,1135069031784,17.99,0.12,232.42575,35.14762,53549.22367,0
152942.19+350851.3,1135069031784,18.03,0.12,232.42580,35.14758,53549.23151,0
152942.19+350851.3,1135069031784,17.93,0.11,232.42566,35.14760,53549.23933,0
152942.19+350851.3,1135069031784,18.04,0.12,232.42578,35.14768,53549.24719,0
152942.19+350851.3,1135069031784,18.13,0.12,232.42563,35.14759,53509.27229,0
152942.19+350851.3,1135069031784,18.23,0.12,232.42565,35.14774,53509.28008,0
152942.19+350851.3,1135069031784,18.05,0.11,232.42564,35.14760,53509.28785,0
152942.19+350851.3,1135069031784,18.17,0.12,232.42580,35.14769,53509.29571,0
152942.19+350851.3,1135069031784,18.00,0.11,232.42564,35.14758,53852.41722,0
152942.19+350851.3,1135069031784,17.97,0.11,232.42589,35.14779,53852.42484,0
152942.19+350851.3,1135069031784,18.00,0.11,232.42561,35.14771,53852.43277,0
152942.19+350851.3,1135069031784,18.09,0.12,232.42570,35.14765,53852.44043,0
152942.19+350851.3,1135069031784,18.21,0.36,232.42584,35.14760,53900.25779,0
152942.19+350851.3,1135069031784,17.98,0.33,232.42547,35.14757,53900.25975,0
152942.19+350851.3,1135069031784,17.94,0.11,232.42578,35.14767,53796.43538,0
152942.19+350851.3,1135069031784,17.81,0.10,232.42563,35.14769,53796.44284,0
152942.19+350851.3,1135069031784,17.95,0.11,232.42585,35.14765,53796.45031,0
152942.19+350851.3,1135069031784,17.98,0.11,232.42571,35.14752,53796.45781,0
152942.19+350851.3,1135069031784,17.92,0.11,232.42594,35.14771,53861.40189,0
152942.19+350851.3,1135069031784,17.94,0.11,232.42576,35.14777,53861.40855,0
152942.19+350851.3,1135069031784,18.04,0.12,232.42568,35.14766,53861.41504,0
152942.19+350851.3,1135069031784,18.12,0.12,232.42562,35.14764,53861.42160,0
152942.19+350851.3,1135069031784,18.05,0.12,232.42564,35.14777,53886.33630,0
152942.19+350851.3,1135069031784,18.03,0.12,232.42569,35.14755,53886.34438,0
152942.19+350851.3,1135069031784,18.09,0.12,232.42568,35.14755,53886.35244,0
152942.19+350851.3,1135069031784,18.10,0.12,232.42566,35.14774,53886.36059,0
152942.19+350851.3,1135069031784,18.19,0.12,232.42571,35.14769,53994.12845,0
152942.19+350851.3,1135069031784,18.07,0.11,232.42560,35.14767,53994.13325,0
152942.19+350851.3,1135069031784,18.08,0.11,232.42574,35.14751,53994.13805,0
152942.19+350851.3,1135069031784,18.13,0.11,232.42578,35.14764,53994.14287,0
152942.19+350851.3,1135069031784,18.20,0.16,232.42559,35.14762,54003.09933,0
152942.19+350851.3,1135069031784,18.04,0.15,232.42570,35.14755,54003.10358,0
152942.19+350851.3,1135069031784,18.12,0.16,232.42552,35.14761,54003.10786,0
152942.19+350851.3,1135069031784,18.10,0.15,232.42559,35.14767,54003.11213,0
152942.19+350851.3,1135069031784,18.22,0.12,232.42566,35.14768,54209.40733,0
152942.19+350851.3,1135069031784,18.11,0.12,232.42583,35.14763,54209.41489,0
152942.19+350851.3,1135069031784,18.32,0.12,232.42572,35.14759,54209.42247,0
152942.19+350851.3,1135069031784,18.34,0.13,232.42565,35.14761,54209.43000,0
152942.19+350851.3,1135069031784,18.12,0.12,232.42559,35.14763,54157.34903,0
152942.19+350851.3,1135069031784,18.15,0.12,232.42590,35.14775,54157.35886,0
152942.19+350851.3,1135069031784,18.20,0.12,232.42583,35.14770,54157.36865,0
152942.19+350851.3,1135069031784,18.10,0.11,232.42589,35.14759,54157.37842,0
152942.19+350851.3,1135069031784,18.28,0.12,232.42575,35.14767,54258.28085,0
152942.19+350851.3,1135069031784,18.19,0.12,232.42575,35.14763,54258.28685,0
152942.19+350851.3,1135069031784,18.43,0.13,232.42561,35.14761,54258.29283,0
152942.19+350851.3,1135069031784,18.19,0.12,232.42586,35.14762,54258.29879,0
152942.19+350851.3,1135069031784,18.26,0.13,232.42574,35.14756,54272.27805,0
152942.19+350851.3,1135069031784,18.34,0.13,232.42577,35.14750,54272.28350,0
152942.19+350851.3,1135069031784,18.36,0.13,232.42567,35.14766,54272.28894,0
152942.19+350851.3,1135069031784,18.29,0.13,232.42564,35.14763,54272.29437,0
152942.19+350851.3,1135069031784,17.86,0.11,232.42584,35.14767,54176.37363,0
152942.19+350851.3,1135069031784,18.10,0.13,232.42567,35.14778,54176.38122,0
152942.19+350851.3,1135069031784,18.32,0.12,232.42586,35.14766,54176.38879,0
152942.19+350851.3,1135069031784,18.29,0.12,232.42560,35.14764,54176.39642,0
152942.19+350851.3,1135069031784,18.25,0.12,232.42562,35.14763,54232.39215,0
152942.19+350851.3,1135069031784,18.13,0.12,232.42572,35.14755,54232.39916,0
152942.19+350851.3,1135069031784,18.36,0.13,232.42584,35.14765,54232.40616,0
152942.19+350851.3,1135069031784,18.31,0.13,232.42585,35.14747,54232.41319,0
152942.19+350851.3,1135069031784,18.25,0.13,232.42562,35.14756,54240.23348,0
152942.19+350851.3,1135069031784,18.27,0.13,232.42588,35.14774,54240.24172,0
152942.19+350851.3,1135069031784,18.30,0.13,232.42564,35.14751,54240.24998,0
152942.19+350851.3,1135069031784,18.22,0.13,232.42567,35.14759,54240.25839,0
152942.19+350851.3,1135069031784,18.39,0.14,232.42564,35.14773,54392.08890,0
152942.19+350851.3,1135069031784,18.26,0.14,232.42584,35.14770,54392.09228,0
152942.19+350851.3,1135069031784,18.34,0.14,232.42548,35.14776,54392.09566,0
152942.19+350851.3,1135069031784,18.30,0.14,232.42573,35.14755,54392.09903,0
152942.19+350851.3,1135069031784,18.25,0.11,232.42591,35.14768,54348.14868,0
152942.19+350851.3,1135069031784,18.37,0.12,232.42574,35.14770,54348.15658,0
152942.19+350851.3,1135069031784,18.25,0.11,232.42570,35.14765,54348.16463,0
152942.19+350851.3,1135069031784,18.14,0.11,232.42571,35.14773,54348.17287,0
152942.19+350851.3,1135069031784,18.42,0.13,232.42573,35.14770,54559.44686,0
152942.19+350851.3,1135069031784,18.38,0.13,232.42554,35.14768,54559.45195,0
152942.19+350851.3,1135069031784,18.37,0.13,232.42581,35.14761,54559.45706,0
152942.19+350851.3,1135069031784,18.39,0.13,232.42582,35.14768,54559.46219,0
152942.19+350851.3,1135069031784,18.34,0.12,232.42557,35.14761,54567.42086,0
152942.19+350851.3,1135069031784,18.42,0.13,232.42578,35.14768,54567.42790,0
152942.19+350851.3,1135069031784,18.36,0.13,232.42566,35.14762,54567.43499,0
152942.19+350851.3,1135069031784,18.54,0.13,232.42553,35.14772,54567.44204,0
152942.19+350851.3,1135069031784,18.34,0.13,232.42575,35.14731,54573.27058,0
152942.19+350851.3,1135069031784,18.51,0.13,232.42546,35.14775,54573.27817,0
152942.19+350851.3,1135069031784,18.45,0.13,232.42543,35.14786,54573.28576,0
152942.19+350851.3,1135069031784,18.52,0.13,232.42573,35.14766,54573.29334,0
152942.19+350851.3,1135069031784,18.24,0.12,232.42563,35.14769,54584.31331,0
152942.19+350851.3,1135069031784,18.39,0.13,232.42564,35.14765,54584.31763,0
152942.19+350851.3,1135069031784,18.38,0.12,232.42591,35.14762,54584.32195,0
152942.19+350851.3,1135069031784,18.35,0.12,232.42563,35.14779,54584.32627,0
152942.19+350851.3,1135069031784,18.33,0.12,232.42560,35.14758,54508.46245,0
152942.19+350851.3,1135069031784,18.50,0.13,232.42570,35.14776,54508.46844,0
152942.19+350851.3,1135069031784,18.34,0.12,232.42577,35.14758,54508.47437,0
152942.19+350851.3,1135069031784,18.38,0.12,232.42575,35.14764,54508.48034,0
152942.19+350851.3,1135069031784,18.32,0.14,232.42582,35.14764,54525.37166,0
152942.19+350851.3,1135069031784,18.26,0.16,232.42581,35.14781,54525.37909,0
152942.19+350851.3,1135069031784,18.50,0.16,232.42555,35.14770,54525.38656,0
152942.19+350851.3,1135069031784,18.37,0.16,232.42565,35.14758,54525.39401,0
152942.19+350851.3,1135069031784,18.30,0.13,232.42551,35.14764,54640.32554,0
152942.19+350851.3,1135069031784,18.39,0.13,232.42559,35.14747,54640.33204,0
152942.19+350851.3,1135069031784,18.46,0.13,232.42571,35.14756,54640.33861,0
152942.19+350851.3,1135069031784,18.23,0.12,232.42573,35.14765,54640.34518,0
152942.19+350851.3,1135069031784,18.30,0.12,232.42579,35.14770,54531.39774,0
152942.19+350851.3,1135069031784,18.30,0.12,232.42567,35.14767,54531.40758,0
152942.19+350851.3,1135069031784,18.49,0.13,232.42570,35.14751,54531.41744,0
152942.19+350851.3,1135069031784,18.39,0.13,232.42570,35.14761,54531.42726,0
152942.19+350851.3,1135069031784,18.35,0.12,232.42585,35.14761,54548.38578,0
152942.19+350851.3,1135069031784,18.59,0.14,232.42551,35.14760,54548.39200,0
152942.19+350851.3,1135069031784,18.47,0.13,232.42599,35.14783,54548.39815,0
152942.19+350851.3,1135069031784,18.53,0.13,232.42573,35.14756,54548.40432,0
152942.19+350851.3,1135069031784,18.40,0.13,232.42549,35.14782,54593.38623,0
152942.19+350851.3,1135069031784,18.36,0.13,232.42565,35.14786,54593.39278,0
152942.19+350851.3,1135069031784,18.35,0.13,232.42567,35.14777,54593.39933,0
152942.19+350851.3,1135069031784,18.41,0.13,232.42573,35.14764,54593.40590,0
152942.19+350851.3,1135069031784,18.41,0.13,232.42588,35.14764,54600.27640,0
152942.19+350851.3,1135069031784,18.36,0.13,232.42590,35.14775,54600.28357,0
152942.19+350851.3,1135069031784,18.21,0.12,232.42584,35.14793,54600.29074,0
152942.19+350851.3,1135069031784,18.37,0.13,232.42563,35.14777,54600.29791,0
152942.19+350851.3,1135069031784,18.32,0.15,232.42563,35.14786,54732.10215,0
152942.19+350851.3,1135069031784,18.22,0.14,232.42563,35.14770,54732.10739,0
152942.19+350851.3,1135069031784,18.29,0.15,232.42584,35.14761,54732.11305,0
152942.19+350851.3,1135069031784,18.32,0.15,232.42575,35.14777,54732.11833,0
152942.19+350851.3,1135069031784,18.24,0.12,232.42572,35.14774,54923.34000,0
152942.19+350851.3,1135069031784,18.18,0.12,232.42570,35.14769,54923.34649,0
152942.19+350851.3,1135069031784,18.08,0.11,232.42575,35.14782,54923.35306,0
152942.19+350851.3,1135069031784,18.17,0.12,232.42573,35.14755,54941.44572,0
152942.19+350851.3,1135069031784,18.01,0.11,232.42576,35.14773,54941.45114,0
152942.19+350851.3,1135069031784,18.21,0.12,232.42576,35.14766,54941.45653,0
152942.19+350851.3,1135069031784,18.21,0.12,232.42580,35.14755,54941.46180,0
152942.19+350851.3,1135069031784,18.19,0.14,232.42578,35.14764,55044.19187,0
152942.19+350851.3,1135069031784,18.30,0.15,232.42582,35.14743,55044.19783,0
152942.19+350851.3,1135069031784,18.42,0.16,232.42555,35.14764,55044.20380,0
152942.19+350851.3,1135069031784,18.10,0.14,232.42602,35.14775,55044.20977,0
152942.19+350851.3,1135069031784,18.28,0.13,232.42578,35.14756,54863.50011,0
152942.19+350851.3,1135069031784,18.23,0.13,232.42575,35.14767,54863.50488,0
152942.19+350851.3,1135069031784,18.37,0.14,232.42561,35.14767,54863.50958,0
152942.19+350851.3,1135069031784,18.07,0.13,232.42571,35.14747,55017.25658,0
152942.19+350851.3,1135069031784,18.13,0.14,232.42566,35.14768,55017.26348,0
152942.19+350851.3,1135069031784,18.28,0.15,232.42566,35.14776,55017.27036,0
152942.19+350851.3,1135069031784,18.25,0.15,232.42550,35.14759,55017.27716,0
152942.19+350851.3,1135069031784,18.35,0.12,232.42576,35.14779,54891.43311,0
152942.19+350851.3,1135069031784,18.08,0.11,232.42581,35.14757,54891.44048,0
152942.19+350851.3,1135069031784,18.25,0.12,232.42564,35.14772,54891.44787,0
152942.19+350851.3,1135069031784,18.25,0.12,232.42588,35.14767,54914.35688,0
152942.19+350851.3,1135069031784,18.19,0.12,232.42585,35.14765,54914.36170,0
152942.19+350851.3,1135069031784,18.20,0.12,232.42568,35.14769,54914.36659,0
152942.19+350851.3,1135069031784,18.33,0.12,232.42554,35.14765,54914.37148,0
152942.19+350851.3,1135069031784,18.31,0.13,232.42558,35.14768,54954.39695,0
152942.19+350851.3,1135069031784,18.16,0.12,232.42573,35.14764,54954.41684,0
152942.19+350851.3,1135069031784,18.08,0.14,232.42576,35.14740,54955.30530,0
152942.19+350851.3,1135069031784,18.29,0.15,232.42572,35.14777,54955.31024,0
152942.19+350851.3,1135069031784,18.42,0.15,232.42557,35.14759,54955.31509,0
152942.19+350851.3,1135069031784,18.28,0.15,232.42570,35.14759,54955.32004,0
152942.19+350851.3,1135069031784,18.23,0.12,232.42577,35.14761,54979.29633,0
152942.19+350851.3,1135069031784,18.29,0.12,232.42555,35.14768,54979.30368,0
152942.19+350851.3,1135069031784,18.18,0.12,232.42567,35.14758,54979.31099,0
152942.19+350851.3,1135069031784,18.27,0.12,232.42565,35.14766,54979.31825,0
152942.19+350851.3,1135069031784,18.33,0.13,232.42563,35.14775,55095.12523,0
152942.19+350851.3,1135069031784,18.24,0.13,232.42573,35.14771,55095.13064,0
152942.19+350851.3,1135069031784,18.27,0.13,232.42552,35.14778,55095.13591,0
152942.19+350851.3,1135069031784,18.30,0.13,232.42566,35.14763,55095.14142,0
152942.19+350851.3,1135069031784,18.25,0.12,232.42568,35.14753,55298.47412,0
152942.19+350851.3,1135069031784,18.16,0.12,232.42563,35.14769,55298.48092,0
152942.19+350851.3,1135069031784,18.26,0.12,232.42570,35.14766,55298.48784,0
152942.19+350851.3,1135069031784,18.04,0.11,232.42571,35.14743,55298.49468,0
152942.19+350851.3,1135069031784,18.27,0.12,232.42570,35.14769,55349.20177,0
152942.19+350851.3,1135069031784,18.21,0.12,232.42560,35.14755,55349.20343,0
152942.19+350851.3,1135069031784,18.40,0.13,232.42562,35.14754,55349.20513,0
152942.19+350851.3,1135069031784,18.31,0.12,232.42555,35.14764,55349.20682,0
152942.19+350851.3,1135069031784,18.13,0.12,232.42565,35.14763,55357.18988,0
152942.19+350851.3,1135069031784,18.24,0.12,232.42572,35.14771,55357.19438,0
152942.19+350851.3,1135069031784,18.54,0.15,232.42577,35.14756,55357.19894,0
152942.19+350851.3,1135069031784,18.24,0.12,232.42582,35.14764,55357.20354,0
152942.19+350851.3,1135069031784,18.45,0.13,232.42563,35.14769,55366.18883,0
152942.19+350851.3,1135069031784,18.33,0.12,232.42571,35.14760,55366.19411,0
152942.19+350851.3,1135069031784,18.23,0.12,232.42582,35.14758,55366.19941,0
152942.19+350851.3,1135069031784,18.44,0.13,232.42567,35.14757,55366.20481,0
152942.19+350851.3,1135069031784,18.26,0.12,232.42572,35.14755,55273.40785,0
152942.19+350851.3,1135069031784,18.20,0.12,232.42588,35.14763,55273.41366,0
152942.19+350851.3,1135069031784,18.12,0.11,232.42584,35.14756,55273.41946,0
152942.19+350851.3,1135069031784,18.16,0.12,232.42579,35.14765,55273.42529,0
152942.19+350851.3,1135069031784,18.29,0.12,232.42565,35.14766,55280.37588,0
152942.19+350851.3,1135069031784,18.15,0.12,232.42571,35.14751,55280.38278,0
152942.19+350851.3,1135069031784,18.27,0.12,232.42572,35.14745,55280.38970,0
152942.19+350851.3,1135069031784,18.41,0.13,232.42559,35.14754,55280.39667,0
152942.19+350851.3,1135069031784,18.40,0.13,232.42567,35.14780,55321.25944,0
152942.19+350851.3,1135069031784,18.34,0.12,232.42569,35.14768,55321.26581,0
152942.19+350851.3,1135069031784,18.11,0.11,232.42582,35.14775,55321.27209,0
152942.19+350851.3,1135069031784,18.39,0.13,232.42562,35.14761,55321.27843,0
152942.19+350851.3,1135069031784,18.20,0.14,232.42574,35.14761,55330.28615,0
152942.19+350851.3,1135069031784,18.32,0.15,232.42565,35.14761,55330.29685,0
152942.19+350851.3,1135069031784,18.23,0.14,232.42571,35.14774,55330.30214,0
152942.19+350851.3,1135069031784,18.34,0.13,232.42561,35.14748,55659.39483,0
152942.19+350851.3,1135069031784,18.29,0.13,232.42566,35.14771,55659.40151,0
152942.19+350851.3,1135069031784,18.32,0.13,232.42564,35.14775,55659.40922,0
152942.19+350851.3,1135069031784,18.09,0.12,232.42579,35.14783,55659.41691,0
152942.19+350851.3,1135069031784,18.32,0.15,232.42572,35.14762,55676.26101,0
152942.19+350851.3,1135069031784,18.57,0.16,232.42574,35.14764,55676.26697,0
152942.19+350851.3,1135069031784,18.51,0.16,232.42565,35.14765,55676.27299,0
152942.19+350851.3,1135069031784,18.35,0.16,232.42561,35.14755,55676.27911,0
152942.19+350851.3,1135069031784,18.41,0.13,232.42568,35.14753,55719.31570,0
152942.19+350851.3,1135069031784,18.47,0.14,232.42560,35.14749,55719.32490,0
152942.19+350851.3,1135069031784,18.42,0.13,232.42570,35.14761,55719.33416,0
152942.19+350851.3,1135069031784,18.26,0.13,232.42583,35.14773,55719.34345,0
152942.19+350851.3,1135069031784,18.58,0.14,232.42577,35.14762,55725.29762,0
152942.19+350851.3,1135069031784,18.48,0.14,232.42567,35.14773,55725.30567,0
152942.19+350851.3,1135069031784,18.35,0.13,232.42550,35.14762,55725.31374,0
152942.19+350851.3,1135069031784,18.40,0.13,232.42574,35.14777,55725.32185,0
152942.19+350851.3,1135069031784,18.40,0.13,232.42573,35.14768,55648.35660,0
152942.19+350851.3,1135069031784,18.23,0.12,232.42550,35.14743,55648.36403,0
152942.19+350851.3,1135069031784,18.32,0.13,232.42570,35.14754,55648.37146,0
152942.19+350851.3,1135069031784,18.39,0.13,232.42569,35.14751,55648.37898,0
152942.19+350851.3,1135069031784,18.35,0.13,232.42591,35.14771,55688.39366,0
152942.19+350851.3,1135069031784,18.35,0.13,232.42562,35.14769,55688.39949,0
152942.19+350851.3,1135069031784,18.32,0.13,232.42561,35.14756,55688.40534,0
152942.19+350851.3,1135069031784,18.25,0.13,232.42575,35.14758,55688.41105,0
152942.19+350851.3,1135069031784,18.15,0.12,232.42575,35.14778,56018.44567,0
152942.19+350851.3,1135069031784,18.44,0.13,232.42576,35.14771,56018.45257,0
152942.19+350851.3,1135069031784,18.39,0.13,232.42577,35.14761,56018.45957,0
152942.19+350851.3,1135069031784,18.45,0.13,232.42571,35.14766,56018.46652,0
152942.19+350851.3,1135069031784,18.32,0.15,232.42562,35.14767,56046.40598,0
152942.19+350851.3,1135069031784,18.41,0.16,232.42554,35.14756,56046.40775,0
152942.19+350851.3,1135069031784,18.15,0.14,232.42564,35.14769,56046.40958,0
152942.19+350851.3,1135069031784,18.34,0.16,232.42568,35.14754,56046.41139,0
152942.19+350851.3,1135069031784,18.30,0.12,232.42595,35.14756,56064.36664,0
152942.19+350851.3,1135069031784,18.42,0.13,232.42574,35.14764,56064.37337,0
152942.19+350851.3,1135069031784,18.34,0.12,232.42570,35.14755,56064.38020,0
152942.19+350851.3,1135069031784,18.20,0.12,232.42580,35.14760,56064.38700,0
152942.19+350851.3,1135069031784,18.24,0.11,232.42587,35.14754,56071.31807,0
152942.19+350851.3,1135069031784,18.35,0.11,232.42576,35.14747,56071.32449,0
152942.19+350851.3,1135069031784,18.24,0.11,232.42585,35.14745,56071.33088,0
152942.19+350851.3,1135069031784,18.19,0.10,232.42575,35.14767,56071.33724,0
152942.19+350851.3,1135069031784,18.33,0.14,232.42572,35.14782,56077.37463,0
152942.19+350851.3,1135069031784,18.20,0.13,232.42574,35.14759,56077.38265,0
152942.19+350851.3,1135069031784,18.27,0.13,232.42570,35.14746,56077.39065,0
152942.19+350851.3,1135069031784,18.15,0.13,232.42563,35.14763,56077.39872,0
152942.19+350851.3,1135069031784,18.42,0.13,232.42578,35.14770,56094.28162,0
152942.19+350851.3,1135069031784,18.19,0.12,232.42582,35.14766,56094.29012,0
152942.19+350851.3,1135069031784,18.25,0.12,232.42573,35.14768,56094.29852,0
152942.19+350851.3,1135069031784,18.05,0.11,232.42572,35.14776,56094.30714,0
152942.19+350851.3,1135069031784,18.37,0.13,232.42570,35.14752,56189.12866,0
152942.19+350851.3,1135069031784,18.01,0.12,232.42574,35.14763,56189.13266,0
152942.19+350851.3,1135069031784,18.14,0.12,232.42584,35.14757,56189.13654,0
152942.19+350851.3,1135069031784,18.10,0.12,232.42558,35.14756,56189.14059,0
152942.19+350851.3,1135069031784,17.89,0.11,232.42576,35.14760,56374.34263,0
152942.19+350851.3,1135069031784,18.23,0.13,232.42575,35.14759,56374.34940,0
152942.19+350851.3,1135069031784,17.99,0.12,232.42590,35.14762,56374.35623,0
152942.19+350851.3,1135069031784,18.23,0.13,232.42564,35.14774,56374.36306,0
152942.19+350851.3,1135069031784,18.13,0.11,232.42577,35.14770,56390.44752,0
152942.19+350851.3,1135069031784,18.19,0.11,232.42577,35.14762,56390.45857,0
152942.19+350851.3,1135069031784,18.25,0.11,232.42566,35.14770,56390.46959,0
152942.19+350851.3,1135069031784,18.06,0.10,232.42567,35.14751,56390.48074,0
152942.19+350851.3,1135069031784,18.20,0.12,232.42586,35.14765,56419.40007,0
152942.19+350851.3,1135069031784,18.19,0.12,232.42590,35.14770,56419.40578,0
152942.19+350851.3,1135069031784,18.12,0.12,232.42585,35.14758,56419.41155,0
152942.19+350851.3,1135069031784,18.23,0.12,232.42574,35.14762,56419.41734,0
152942.19+350851.3,1135069031784,18.07,0.12,232.42580,35.14751,56433.31353,0
152942.19+350851.3,1135069031784,18.01,0.11,232.42565,35.14766,56433.31852,0
152942.19+350851.3,1135069031784,18.54,0.14,232.42571,35.14759,56433.32364,0
152942.19+350851.3,1135069031784,18.18,0.12,232.42575,35.14774,56433.32873,0
152942.19+350851.3,1135069031784,18.23,0.12,232.42571,35.14766,56446.29943,0
152942.19+350851.3,1135069031784,18.25,0.13,232.42581,35.14752,56446.30791,0
152942.19+350851.3,1135069031784,18.02,0.12,232.42582,35.14763,56446.31642,0
152942.19+350851.3,1135069031784,18.17,0.12,232.42586,35.14764,56446.32497,0
152942.19+350851.3,1135069031784,18.28,0.13,232.42574,35.14754,56453.31290,0
152942.19+350851.3,1135069031784,18.13,0.12,232.42594,35.14771,56453.31875,0
152942.19+350851.3,1135069031784,18.16,0.12,232.42579,35.14765,56453.32455,0
152942.19+350851.3,1135069031784,18.10,0.12,232.42578,35.14769,56453.33035,0
152942.19+350851.3,1135069031784,18.21,0.12,232.42563,35.14759,56461.29906,0
152942.19+350851.3,1135069031784,18.26,0.13,232.42569,35.14754,56461.30416,0
152942.19+350851.3,1135069031784,18.19,0.12,232.42575,35.14764,56461.30927,0
152942.19+350851.3,1135069031784,18.24,0.13,232.42564,35.14763,56461.31441,0
152942.19+350851.3,1135069031784,18.06,0.11,232.42581,35.14756,56563.10179,0
152942.19+350851.3,1135069031784,18.00,0.11,232.42565,35.14773,56563.10852,0
152942.19+350851.3,1135069031784,18.36,0.13,232.42570,35.14754,56563.11518,0
152942.19+350851.3,1135069031784,18.16,0.12,232.42577,35.14763,56563.12188,0
075005.28+292944.3,1129037038648,19.35,0.21,117.51972,29.49297,53470.14115,0
075005.28+292944.3,1129037038648,19.37,0.21,117.51972,29.49276,53470.14843,0
075005.28+292944.3,1129037038648,19.37,0.21,117.51978,29.49325,53470.15576,0
075005.28+292944.3,1129037038648,19.84,0.27,117.51966,29.49316,53470.16309,0
075005.28+292944.3,1129037038648,19.38,0.20,117.51964,29.49303,53490.13218,0
075005.28+292944.3,1129037038648,19.90,0.26,117.52008,29.49303,53490.13871,0
075005.28+292944.3,1129037038648,19.64,0.23,117.51960,29.49296,53490.14522,0
075005.28+292944.3,1129037038648,19.79,0.25,117.51953,29.49312,53725.25122,0
075005.28+292944.3,1129037038648,19.93,0.27,117.51967,29.49305,53725.25924,0
075005.28+292944.3,1129037038648,19.10,0.18,117.51961,29.49279,53730.37288,0
075005.28+292944.3,1129037038648,19.68,0.25,117.51975,29.49286,53730.37856,0
075005.28+292944.3,1129037038648,19.49,0.22,117.51964,29.49285,53730.39256,0
075005.28+292944.3,1129037038648,19.60,0.23,117.51992,29.49315,53730.39823,0
075005.28+292944.3,1129037038648,19.57,0.22,117.51991,29.49281,53731.36237,0
075005.28+292944.3,1129037038648,19.29,0.19,117.51954,29.49321,53731.37996,0
075005.28+292944.3,1129037038648,19.27,0.19,117.51973,29.49307,53733.30649,0
075005.28+292944.3,1129037038648,19.69,0.23,117.51979,29.49287,53733.31437,0
075005.28+292944.3,1129037038648,19.41,0.20,117.51962,29.49328,53733.32213,0
075005.28+292944.3,1129037038648,19.62,0.22,117.51982,29.49307,53733.32995,0
075005.28+292944.3,1129037038648,19.37,0.20,117.51991,29.49294,53702.42834,0
075005.28+292944.3,1129037038648,19.93,0.26,117.51998,29.49295,53702.43379,0
075005.28+292944.3,1129037038648,19.54,0.22,117.51963,29.49289,53702.43920,0
075005.28+292944.3,1129037038648,19.50,0.21,117.51975,29.49282,53702.44458,0
075005.28+292944.3,1129037038648,20.07,0.31,117.51974,29.49323,53645.47018,0
075005.28+292944.3,1129037038648,20.07,0.31,117.51955,29.49288,53645.47670,0
075005.28+292944.3,1129037038648,19.34,0.21,117.51967,29.49287,53657.42945,0
075005.28+292944.3,1129037038648,19.01,0.18,117.51961,29.49298,53657.43375,0
075005.28+292944.3,1129037038648,19.81,0.25,117.51997,29.49321,53669.46720,0
075005.28+292944.3,1129037038648,19.34,0.20,117.52017,29.49302,53669.47418,0
075005.28+292944.3,1129037038648,19.51,0.21,117.51968,29.49327,53669.48116,0
075005.28+292944.3,1129037038648,19.82,0.25,117.51975,29.49316,53669.48815,0
075005.28+292944.3,1129037038648,18.99,0.17,117.51960,29.49309,53849.13171,0
075005.28+292944.3,1129037038648,19.51,0.22,117.52001,29.49314,53849.13822,0
075005.28+292944.3,1129037038648,19.37,0.21,117.51941,29.49282,53849.14469,0
075005.28+292944.3,1129037038648,19.37,0.57,117.52006,29.49370,54080.50551,0
075005.28+292944.3,1129037038648,19.16,0.18,117.51976,29.49308,54082.35481,0
075005.28+292944.3,1129037038648,19.11,0.17,117.51971,29.49309,54082.36147,0
075005.28+292944.3,1129037038648,19.36,0.19,117.51968,29.49304,54082.36809,0
075005.28+292944.3,1129037038648,19.52,0.20,117.51971,29.49293,54092.41165,0
075005.28+292944.3,1129037038648,19.52,0.20,117.51962,29.49312,54092.41648,0
075005.28+292944.3,1129037038648,19.58,0.21,117.51951,29.49298,54092.42133,0
075005.28+292944.3,1129037038648,19.82,0.24,117.51968,29.49305,54092.42618,0
075005.28+292944.3,1129037038648,20.03,0.29,117.51995,29.49300,53794.18478,0
075005.28+292944.3,1129037038648,19.69,0.25,117.51993,29.49319,53794.19076,0
075005.28+292944.3,1129037038648,19.53,0.22,117.51994,29.49287,53794.19671,0
075005.28+292944.3,1129037038648,19.80,0.25,117.51952,29.49270,53794.20264,0
075005.28+292944.3,1129037038648,19.33,0.19,117.51975,29.49309,53740.29290,0
075005.28+292944.3,1129037038648,19.62,0.22,117.51951,29.49284,53740.30294,0
075005.28+292944.3,1129037038648,19.76,0.24,117.51979,29.49286,53740.31300,0
075005.28+292944.3,1129037038648,19.43,0.20,117.51977,29.49296,53740.32302,0
075005.28+292944.3,1129037038648,19.70,0.23,117.51983,29.49287,53753.24069,0
075005.28+292944.3,1129037038648,19.56,0.22,117.51959,29.49280,53753.25359,0
075005.28+292944.3,1129037038648,19.44,0.21,117.51966,29.49316,53759.27011,0
075005.28+292944.3,1129037038648,19.31,0.19,117.51965,29.49299,53759.27438,0
075005.28+292944.3,1129037038648,19.67,0.23,117.51972,29.49295,53759.28300,0
075005.28+292944.3,1129037038648,19.23,0.18,117.51971,29.49289,54060.39031,0
075005.28+292944.3,1129037038648,19.26,0.18,117.51955,29.49297,54060.39686,0
075005.28+292944.3,1129037038648,19.83,0.24,117.51971,29.49300,54060.40339,0
075005.28+292944.3,1129037038648,19.27,0.18,117.51967,29.49300,54060.40996,0
075005.28+292944.3,1129037038648,19.30,0.18,117.51965,29.49278,54027.40354,0
075005.28+292944.3,1129037038648,19.43,0.19,117.51987,29.49319,54027.41284,0
075005.28+292944.3,1129037038648,19.73,0.22,117.51964,29.49300,54027.42213,0
075005.28+292944.3,1129037038648,19.64,0.24,117.51990,29.49327,54036.40307,0
075005.28+292944.3,1129037038648,19.47,0.24,117.52002,29.49286,54036.41700,0
075005.28+292944.3,1129037038648,19.73,0.25,117.51962,29.49325,54036.42397,0
075005.28+292944.3,1129037038648,19.37,0.19,117.51992,29.49287,54464.32349,0
075005.28+292944.3,1129037038648,20.29,0.31,117.51976,29.49310,54464.32996,0
075005.28+292944.3,1129037038648,19.77,0.24,117.51942,29.49305,54464.33644,0
075005.28+292944.3,1129037038648,19.39,0.19,117.51981,29.49321,54464.34296,0
075005.28+292944.3,1129037038648,19.55,0.23,117.52016,29.49274,54139.12633,0
075005.28+292944.3,1129037038648,19.50,0.22,117.51980,29.49307,54139.13172,0
075005.28+292944.3,1129037038648,19.77,0.23,117.51959,29.49287,54139.13714,0
075005.28+292944.3,1129037038648,19.36,0.19,117.51968,29.49335,54139.14256,0
075005.28+292944.3,1129037038648,19.18,0.18,117.51959,29.49388,54108.33986,0
075005.28+292944.3,1129037038648,19.46,0.20,117.51948,29.49279,54108.34689,0
075005.28+292944.3,1129037038648,19.67,0.22,117.51966,29.49278,54174.14005,0
075005.28+292944.3,1129037038648,19.75,0.23,117.51973,29.49287,54174.14543,0
075005.28+292944.3,1129037038648,19.77,0.23,117.51957,29.49306,54174.15082,0
075005.28+292944.3,1129037038648,19.70,0.23,117.51978,29.49332,54174.15620,0
075005.28+292944.3,1129037038648,19.87,0.31,117.51982,29.49330,54410.40056,0
075005.28+292944.3,1129037038648,19.85,0.31,117.51975,29.49296,54410.40544,0
075005.28+292944.3,1129037038648,20.39,0.40,117.51996,29.49319,54410.41031,0
075005.28+292944.3,1129037038648,19.65,0.22,117.52002,29.49329,54380.42525,0
075005.28+292944.3,1129037038648,19.12,0.17,117.51969,29.49316,54380.43256,0
075005.28+292944.3,1129037038648,19.42,0.20,117.52021,29.49326,54380.43982,0
075005.28+292944.3,1129037038648,19.47,0.20,117.51970,29.49297,54386.42168,0
075005.28+292944.3,1129037038648,19.56,0.21,117.51962,29.49280,54386.42874,0
075005.28+292944.3,1129037038648,19.83,0.24,117.51978,29.49305,54386.43575,0
075005.28+292944.3,1129037038648,18.75,0.15,117.51973,29.49291,54572.14705,0
075005.28+292944.3,1129037038648,18.94,0.16,117.51983,29.49306,54572.16454,0
075005.28+292944.3,1129037038648,19.35,0.25,117.51985,29.49304,54582.12998,0
075005.28+292944.3,1129037038648,19.56,0.28,117.51976,29.49311,54582.13505,0
075005.28+292944.3,1129037038648,19.70,0.22,117.51983,29.49316,54502.22398,0
075005.28+292944.3,1129037038648,19.44,0.20,117.51973,29.49291,54502.22923,0
075005.28+292944.3,1129037038648,19.68,0.22,117.52000,29.49312,54502.23445,0
075005.28+292944.3,1129037038648,19.67,0.22,117.51993,29.49314,54502.23970,0
075005.28+292944.3,1129037038648,19.74,0.22,117.51990,29.49296,54508.26833,0
075005.28+292944.3,1129037038648,19.71,0.23,117.51954,29.49306,54523.23088,0
075005.28+292944.3,1129037038648,19.34,0.19,117.51993,29.49310,54523.23811,0
075005.28+292944.3,1129037038648,19.30,0.19,117.52002,29.49316,54495.20773,0
075005.28+292944.3,1129037038648,19.69,0.23,117.51949,29.49311,54535.23949,0
075005.28+292944.3,1129037038648,19.32,0.19,117.51975,29.49295,54535.24618,0
075005.28+292944.3,1129037038648,19.99,0.26,117.51986,29.49293,54535.25290,0
075005.28+292944.3,1129037038648,19.50,0.21,117.51974,29.49336,54554.19133,0
075005.28+292944.3,1129037038648,19.75,0.24,117.51948,29.49301,54554.19861,0
075005.28+292944.3,1129037038648,19.93,0.26,117.51983,29.49309,54554.20589,0
075005.28+292944.3,1129037038648,19.69,0.23,117.51980,29.49293,54554.21319,0
075005.28+292944.3,1129037038648,19.36,0.19,117.51972,29.49297,54741.48020,0
075005.28+292944.3,1129037038648,19.51,0.20,117.51978,29.49313,54741.48757,0
075005.28+292944.3,1129037038648,19.37,0.19,117.52002,29.49326,54741.49483,0
075005.28+292944.3,1129037038648,19.23,0.18,117.51979,29.49305,54833.24278,0
075005.28+292944.3,1129037038648,19.22,0.18,117.51966,29.49291,54833.24768,0
075005.28+292944.3,1129037038648,19.32,0.19,117.51983,29.49292,54833.25253,0
075005.28+292944.3,1129037038648,19.70,0.22,117.51967,29.49279,54833.25741,0
075005.28+292944.3,1129037038648,19.97,0.26,117.51986,29.49308,54833.26223,0
075005.28+292944.3,1129037038648,18.95,0.16,117.51980,29.49310,54909.10757,0
075005.28+292944.3,1129037038648,19.59,0.21,117.51930,29.49275,54909.11309,0
075005.28+292944.3,1129037038648,19.89,0.25,117.52008,29.49294,54909.11848,0
075005.28+292944.3,1129037038648,19.37,0.19,117.51965,29.49312,54909.12391,0
075005.28+292944.3,1129037038648,19.48,0.22,117.51996,29.49297,55146.43645,0
075005.28+292944.3,1129037038648,19.18,0.19,117.51933,29.49304,55146.44367,0
075005.28+292944.3,1129037038648,19.88,0.26,117.52010,29.49303,55146.45313,0
075005.28+292944.3,1129037038648,19.26,0.20,117.51966,29.49320,55146.46045,0
075005.28+292944.3,1129037038648,19.59,0.27,117.51960,29.49290,55295.11873,0
075005.28+292944.3,1129037038648,19.93,0.33,117.52006,29.49307,55295.12865,0
075005.28+292944.3,1129037038648,19.94,0.33,117.51961,29.49288,55295.13359,0
075005.28+292944.3,1129037038648,19.19,0.16,117.51990,29.49303,55534.36896,0
075005.28+292944.3,1129037038648,20.00,0.24,117.51974,29.49312,55534.38577,0
075005.28+292944.3,1129037038648,19.47,0.20,117.51993,29.49287,55534.39414,0
075005.28+292944.3,1129037038648,19.06,0.17,117.51994,29.49316,55539.34608,0
075005.28+292944.3,1129037038648,19.27,0.19,117.51983,29.49312,55539.36129,0
075005.28+292944.3,1129037038648,19.24,0.19,117.51972,29.49297,55539.36880,0
075005.28+292944.3,1129037038648,19.63,0.29,117.51948,29.49312,55545.32626,0
075005.28+292944.3,1129037038648,19.61,0.22,117.51974,29.49306,55236.21213,0
075005.28+292944.3,1129037038648,20.07,0.28,117.51981,29.49247,55242.14169,0
075005.28+292944.3,1129037038648,19.73,0.24,117.51979,29.49282,55242.15028,0
075005.28+292944.3,1129037038648,19.31,0.19,117.51970,29.49289,55242.15887,0
075005.28+292944.3,1129037038648,19.96,0.26,117.51950,29.49293,55242.16745,0
075005.28+292944.3,1129037038648,19.57,0.21,117.51960,29.49310,55202.23371,0
075005.28+292944.3,1129037038648,19.50,0.21,117.51952,29.49292,55208.30059,0
075005.28+292944.3,1129037038648,19.69,0.23,117.51974,29.49305,55208.31448,0
075005.28+292944.3,1129037038648,19.40,0.20,117.51967,29.49299,55208.32144,0
075005.28+292944.3,1129037038648,19.75,0.24,117.51974,29.49293,55260.19353,0
075005.28+292944.3,1129037038648,19.52,0.21,117.51949,29.49306,55260.19807,0
075005.28+292944.3,1129037038648,19.98,0.27,117.51980,29.49323,55260.20264,0
075005.28+292944.3,1129037038648,20.02,0.27,117.51966,29.49312,55260.20719,0
075005.28+292944.3,1129037038648,20.45,0.37,117.51963,29.49276,55276.13194,0
075005.28+292944.3,1129037038648,19.60,0.22,117.51987,29.49282,55276.13898,0
075005.28+292944.3,1129037038648,20.44,0.34,117.51990,29.49256,55276.14592,0
075005.28+292944.3,1129037038648,19.32,0.21,117.51925,29.49282,55276.15287,0
075005.28+292944.3,1129037038648,19.53,0.21,117.51968,29.49307,55572.32809,0
075005.28+292944.3,1129037038648,20.00,0.27,117.51976,29.49300,55572.33966,0
075005.28+292944.3,1129037038648,20.04,0.28,117.52006,29.49324,55572.34546,0
075005.28+292944.3,1129037038648,19.22,0.18,117.51993,29.49322,55587.32563,0
075005.28+292944.3,1129037038648,19.01,0.17,117.52011,29.49315,55587.33252,0
075005.28+292944.3,1129037038648,19.44,0.21,117.52003,29.49293,55587.33938,0
075005.28+292944.3,1129037038648,19.48,0.21,117.51982,29.49314,55587.34631,0
075005.28+292944.3,1129037038648,19.41,0.20,117.51959,29.49284,55202.24655,0
075005.28+292944.3,1129037038648,19.67,0.22,117.51993,29.49290,55202.25229,0
075005.28+292944.3,1129037038648,19.38,0.21,117.51935,29.49291,55202.25804,0
075005.28+292944.3,1129037038648,19.47,0.20,117.51988,29.49297,55202.26376,0
075005.28+292944.3,1129037038648,19.80,0.24,117.51958,29.49307,55861.44593,0
075005.28+292944.3,1129037038648,19.63,0.22,117.52005,29.49287,55861.45280,0
075005.28+292944.3,1129037038648,19.55,0.21,117.51977,29.49285,55861.45965,0
075005.28+292944.3,1129037038648,19.13,0.17,117.51989,29.49320,55861.46663,0
075005.28+292944.3,1129037038648,19.81,0.25,117.52004,29.49271,55832.48270,0
075005.28+292944.3,1129037038648,19.54,0.22,117.52009,29.49292,55832.48777,0
075005.28+292944.3,1129037038648,19.79,0.25,117.51997,29.49301,55919.22083,0
075005.28+292944.3,1129037038648,19.21,0.19,117.52018,29.49301,55919.22881,0
075005.28+292944.3,1129037038648,19.64,0.23,117.51979,29.49320,55919.23686,0
075005.28+292944.3,1129037038648,20.17,0.30,117.51947,29.49289,55919.24487,0
075005.28+292944.3,1129037038648,19.78,0.28,117.51995,29.49296,56246.39447,0
075005.28+292944.3,1129037038648,19.53,0.23,117.52005,29.49277,56246.40295,0
075005.28+292944.3,1129037038648,19.92,0.30,117.51948,29.49295,56246.41144,0
075005.28+292944.3,1129037038648,20.00,0.30,117.51986,29.49293,56246.41991,0
075005.28+292944.3,1129037038648,19.74,0.24,117.52004,29.49295,56281.30381,0
075005.28+292944.3,1129037038648,19.28,0.19,117.51983,29.49297,56281.31223,0
075005.28+292944.3,1129037038648,19.75,0.24,117.51992,29.49302,56281.32080,0
075005.28+292944.3,1129037038648,19.54,0.21,117.51976,29.49315,56281.32935,0
075005.28+292944.3,1129037038648,19.49,0.18,117.51960,29.49297,56307.26267,0
075005.28+292944.3,1129037038648,19.68,0.20,117.51976,29.49296,56307.26879,0
075005.28+292944.3,1129037038648,19.69,0.20,117.51957,29.49306,56307.27497,0
075005.28+292944.3,1129037038648,19.45,0.18,117.52005,29.49312,56307.28119,0
075005.28+292944.3,1129037038648,19.44,0.21,117.52007,29.49314,56340.18357,0
075005.28+292944.3,1129037038648,19.22,0.18,117.51981,29.49294,56340.18971,0
075005.28+292944.3,1129037038648,19.05,0.17,117.52000,29.49290,56340.19586,0
075005.28+292944.3,1129037038648,19.45,0.21,117.51985,29.49308,56340.20201,0
075005.28+292944.3,1129037038648,19.74,0.24,117.51978,29.49289,56368.11239,0
075005.28+292944.3,1129037038648,19.38,0.20,117.51945,29.49296,56368.11916,0
075005.28+292944.3,1129037038648,20.03,0.28,117.52004,29.49283,56368.12594,0
075005.28+292944.3,1129037038648,19.31,0.20,117.51973,29.49311,56368.13273,0
075005.28+292944.3,1129037038648,19.07,0.18,117.51948,29.49280,56560.44481,0
075005.28+292944.3,1129037038648,19.82,0.25,117.51971,29.49297,56560.45826,0
075005.28+292944.3,1129037038803,20.38,0.33,117.51952,29.49845,53733.31437,0
075005.28+292944.3,1129037038803,21.12,0.49,117.51988,29.49859,54082.36147,0
075005.28+292944.3,1129037038803,21.16,0.54,117.51962,29.49874,53794.19671,0
075005.28+292944.3,1129037038803,21.28,0.55,117.51916,29.49873,53740.32302,0
075005.28+292944.3,1129037038803,19.75,0.24,117.51989,29.49969,53753.24069,0
075005.28+292944.3,1129037038803,20.32,0.32,117.51959,29.49864,53753.25999,0
075005.28+292944.3,1129037038803,21.12,0.51,117.52051,29.49832,53759.27438,0
075005.28+292944.3,1129037038803,20.69,0.39,117.51964,29.49862,54139.14256,0
075005.28+292944.3,1129037038803,20.58,0.36,117.52032,29.49874,54502.22398,0
075005.28+292944.3,1129037038803,20.56,0.36,117.51994,29.49881,54535.25290,0
075005.28+292944.3,1129037038803,20.52,0.35,117.52007,29.49922,54535.25958,0
075005.28+292944.3,1129037038803,20.28,0.31,117.51895,29.49858,54554.19133,0
075005.28+292944.3,1129037038803,20.65,0.37,117.52046,29.49853,54833.24278,0
075005.28+292944.3,1129037038803,20.93,0.43,117.52022,29.49873,54833.24768,0
075005.28+292944.3,1129037038803,20.39,0.32,117.51997,29.49861,54833.25253,0
075005.28+292944.3,1129037038803,20.23,0.29,117.51994,29.49860,54833.25741,0
075005.28+292944.3,1129037038803,19.66,0.22,117.51972,29.49897,54909.12391,0
075005.28+292944.3,1129037038803,19.97,0.28,117.51948,29.49852,55146.44367,0
075005.28+292944.3,1129037038803,20.52,0.37,117.52011,29.49855,55146.45313,0
075005.28+292944.3,1129037038803,20.39,0.32,117.51995,29.49884,55534.39414,0
075005.28+292944.3,1129037038803,20.20,0.30,117.51982,29.49844,55208.32144,0
075005.28+292944.3,1129037038803,21.05,0.48,117.51995,29.49911,55260.19807,0
075005.28+292944.3,1129037038803,20.29,0.33,117.51964,29.49894,55202.25804,0
075005.28+292944.3,1129037038803,20.50,0.36,117.52045,29.49816,55832.47756,0
075005.28+292944.3,1129037038803,20.66,0.39,117.52021,29.49881,55832.48270,0
075005.28+292944.3,1129037038803,20.54,0.31,117.51933,29.49902,56307.26879,0
075005.28+292944.3,1129037038803,20.27,0.31,117.51984,29.49869,56340.20201,0
075005.28+292944.3,1129037038803,19.90,0.26,117.52009,29.49844,56368.11239,0
075005.28+292944.3,1129037038803,20.14,0.30,117.52002,29.49870,56368.12594,0
075005.28+292944.3,1129037038859,18.25,0.13,117.52186,29.49563,53470.14115,0
075005.28+292944.3,1129037038859,18.18,0.13,117.52199,29.49555,53470.14843,0
075005.28+292944.3,1129037038859,18.13,0.12,117.52206,29.49555,53470.15576,0
075005.28+292944.3,1129037038859,18.24,0.13,117.52200,29.49560,53470.16309,0
075005.28+292944.3,1129037038859,18.27,0.13,117.52194,29.49553,53479.17808,0
075005.28+292944.3,1129037038859,18.18,0.12,117.52200,29.49584,53479.18345,0
075005.28+292944.3,1129037038859,18.52,0.14,117.52201,29.49573,53479.18884,0
075005.28+292944.3,1129037038859,18.25,0.13,117.52194,29.49553,53479.19424,0
075005.28+292944.3,1129037038859,18.01,0.11,117.52177,29.49568,53490.13218,0
075005.28+292944.3,1129037038859,18.26,0.12,117.52215,29.49566,53490.13871,0
075005.28+292944.3,1129037038859,18.31,0.12,117.52192,29.49567,53490.14522,0
075005.28+292944.3,1129037038859,18.02,0.11,117.52213,29.49557,53490.15173,0
075005.28+292944.3,1129037038859,17.98,0.11,117.52204,29.49565,53725.23517,0
075005.28+292944.3,1129037038859,18.06,0.11,117.52185,29.49563,53725.24319,0
075005.28+292944.3,1129037038859,17.90,0.11,117.52198,29.49555,53725.25122,0
075005.28+292944.3,1129037038859,18.20,0.12,117.52215,29.49574,53725.25924,0
075005.28+292944.3,1129037038859,18.16,0.12,117.52198,29.49577,53730.37288,0
075005.28+292944.3,1129037038859,18.20,0.13,117.52198,29.49565,53730.37856,0
075005.28+292944.3,1129037038859,18.10,0.12,117.52203,29.49574,53730.39256,0
075005.28+292944.3,1129037038859,17.98,0.11,117.52200,29.49567,53730.39823,0
075005.28+292944.3,1129037038859,18.30,0.12,117.52195,29.49568,53731.36237,0
075005.28+292944.3,1129037038859,17.92,0.11,117.52159,29.49514,53731.37136,0
075005.28+292944.3,1129037038859,18.12,0.12,117.52191,29.49578,53731.37996,0
075005.28+292944.3,1129037038859,17.99,0.11,117.52169,29.49534,53731.38875,0
075005.28+292944.3,1129037038859,18.32,0.12,117.52193,29.49566,53733.30649,0
075005.28+292944.3,1129037038859,18.23,0.12,117.52188,29.49556,53733.31437,0
075005.28+292944.3,1129037038859,18.25,0.12,117.52194,29.49559,53733.32213,0
075005.28+292944.3,1129037038859,18.05,0.11,117.52207,29.49568,53733.32995,0
075005.28+292944.3,1129037038859,18.12,0.12,117.52208,29.49558,53702.42834,0
075005.28+292944.3,1129037038859,18.04,0.11,117.52198,29.49561,53702.43379,0
075005.28+292944.3,1129037038859,18.32,0.13,117.52198,29.49577,53702.43920,0
075005.28+292944.3,1129037038859,18.26,0.12,117.52189,29.49561,53702.44458,0
075005.28+292944.3,1129037038859,18.22,0.13,117.52206,29.49558,53645.47018,0
075005.28+292944.3,1129037038859,18.29,0.13,117.52200,29.49562,53645.47670,0
075005.28+292944.3,1129037038859,18.02,0.12,117.52184,29.49556,53645.48321,0
075005.28+292944.3,1129037038859,17.97,0.12,117.52201,29.49562,53645.48973,0
075005.28+292944.3,1129037038859,17.82,0.11,117.52200,29.49562,53657.42068,0
075005.28+292944.3,1129037038859,18.05,0.12,117.52162,29.49538,53657.42513,0
075005.28+292944.3,1129037038859,18.16,0.13,117.52203,29.49557,53657.42945,0
075005.28+292944.3,1129037038859,18.18,0.13,117.52216,29.49574,53657.43375,0
075005.28+292944.3,1129037038859,18.17,0.12,117.52200,29.49572,53669.46720,0
075005.28+292944.3,1129037038859,18.07,0.11,117.52212,29.49575,53669.47418,0
075005.28+292944.3,1129037038859,18.22,0.12,117.52202,29.49558,53669.48116,0
075005.28+292944.3,1129037038859,18.09,0.11,117.52198,29.49557,53669.48815,0
075005.28+292944.3,1129037038859,18.22,0.12,117.52214,29.49555,53849.12510,0
075005.28+292944.3,1129037038859,17.98,0.11,117.52189,29.49569,53849.13171,0
075005.28+292944.3,1129037038859,18.25,0.13,117.52184,29.49567,53849.13822,0
075005.28+292944.3,1129037038859,18.29,0.13,117.52198,29.49554,53849.14469,0
075005.28+292944.3,1129037038859,18.46,0.34,117.52187,29.49543,54080.50247,0
075005.28+292944.3,1129037038859,18.31,0.31,117.52203,29.49550,54080.50347,0
075005.28+292944.3,1129037038859,18.04,0.27,117.52192,29.49577,54080.50448,0
075005.28+292944.3,1129037038859,17.83,0.10,117.52149,29.49523,54082.34809,0
075005.28+292944.3,1129037038859,18.20,0.12,117.52196,29.49571,54082.35481,0
075005.28+292944.3,1129037038859,18.26,0.12,117.52203,29.49568,54082.36147,0
075005.28+292944.3,1129037038859,18.16,0.12,117.52193,29.49554,54082.36809,0
075005.28+292944.3,1129037038859,18.10,0.11,117.52197,29.49556,54092.41165,0
075005.28+292944.3,1129037038859,18.18,0.11,117.52201,29.49563,54092.41648,0
075005.28+292944.3,1129037038859,18.21,0.12,117.52189,29.49569,54092.42133,0
075005.28+292944.3,1129037038859,18.32,0.12,117.52195,29.49565,54092.42618,0
075005.28+292944.3,1129037038859,18.01,0.11,117.52195,29.49571,53794.18478,0
075005.28+292944.3,1129037038859,18.11,0.12,117.52204,29.49565,53794.19076,0
075005.28+292944.3,1129037038859,18.30,0.13,117.52201,29.49567,53794.19671,0
075005.28+292944.3,1129037038859,18.18,0.12,117.52184,29.49558,53794.20264,0
075005.28+292944.3,1129037038859,18.08,0.11,117.52212,29.49576,53740.29290,0
075005.28+292944.3,1129037038859,18.14,0.12,117.52203,29.49568,53740.30294,0
075005.28+292944.3,1129037038859,18.03,0.11,117.52220,29.49573,53740.31300,0
075005.28+292944.3,1129037038859,18.21,0.12,117.52202,29.49563,53740.32302,0
075005.28+292944.3,1129037038859,18.25,0.12,117.52206,29.49580,53753.24069,0
075005.28+292944.3,1129037038859,18.00,0.11,117.52173,29.49549,53753.24717,0
075005.28+292944.3,1129037038859,18.12,0.12,117.52199,29.49561,53753.25359,0
075005.28+292944.3,1129037038859,17.79,0.10,117.52142,29.49518,53753.25999,0
075005.28+292944.3,1129037038859,17.78,0.10,117.52207,29.49576,53759.27011,0
075005.28+292944.3,1129037038859,18.28,0.12,117.52196,29.49559,53759.27438,0
075005.28+292944.3,1129037038859,17.69,0.11,117.52142,29.49518,53759.27867,0
075005.28+292944.3,1129037038859,18.27,0.12,117.52201,29.49568,53759.28300,0
075005.28+292944.3,1129037038859,17.91,0.11,117.52137,29.49527,53862.16670,0
075005.28+292944.3,1129037038859,17.82,0.11,117.52188,29.49569,53862.17377,0
075005.28+292944.3,1129037038859,18.16,0.13,117.52209,29.49577,53862.18084,0
075005.28+292944.3,1129037038859,18.26,0.13,117.52202,29.49573,53862.18817,0
075005.28+292944.3,1129037038859,18.10,0.31,117.52220,29.49580,53866.14720,0
075005.28+292944.3,1129037038859,18.11,0.31,117.52176,29.49578,53866.14882,0
075005.28+292944.3,1129037038859,18.10,0.31,117.52196,29.49583,53866.14957,0
075005.28+292944.3,1129037038859,18.18,0.11,117.52207,29.49561,54060.39031,0
075005.28+292944.3,1129037038859,18.23,0.12,117.52185,29.49574,54060.39686,0
075005.28+292944.3,1129037038859,18.15,0.11,117.52186,29.49559,54060.40339,0
075005.28+292944.3,1129037038859,18.28,0.12,117.52205,29.49582,54060.40996,0
075005.28+292944.3,1129037038859,17.92,0.10,117.52155,29.49515,54027.39432,0
075005.28+292944.3,1129037038859,18.24,0.12,117.52197,29.49560,54027.40354,0
075005.28+292944.3,1129037038859,18.15,0.11,117.52195,29.49557,54027.41284,0
075005.28+292944.3,1129037038859,18.46,0.13,117.52196,29.49558,54027.42213,0
075005.28+292944.3,1129037038859,18.16,0.12,117.52197,29.49568,54036.40307,0
075005.28+292944.3,1129037038859,17.85,0.12,117.52200,29.49575,54036.41006,0
075005.28+292944.3,1129037038859,18.27,0.14,117.52205,29.49546,54036.41700,0
075005.28+292944.3,1129037038859,18.35,0.13,117.52196,29.49564,54036.42397,0
075005.28+292944.3,1129037038859,18.02,0.11,117.52208,29.49566,54464.32349,0
075005.28+292944.3,1129037038859,18.19,0.12,117.52201,29.49561,54464.32996,0
075005.28+292944.3,1129037038859,18.03,0.11,117.52196,29.49559,54464.33644,0
075005.28+292944.3,1129037038859,18.01,0.11,117.52202,29.49576,54464.34296,0
075005.28+292944.3,1129037038859,18.10,0.12,117.52188,29.49556,54139.12633,0
075005.28+292944.3,1129037038859,18.24,0.12,117.52229,29.49563,54139.13172,0
075005.28+292944.3,1129037038859,18.23,0.12,117.52198,29.49557,54139.13714,0
075005.28+292944.3,1129037038859,18.19,0.12,117.52201,29.49568,54139.14256,0
075005.28+292944.3,1129037038859,17.91,0.11,117.52195,29.49568,54108.33285,0
075005.28+292944.3,1129037038859,18.06,0.11,117.52201,29.49553,54108.33986,0
075005.28+292944.3,1129037038859,18.17,0.12,117.52192,29.49559,54108.34689,0
075005.28+292944.3,1129037038859,17.96,0.11,117.52163,29.49526,54108.35393,0
075005.28+292944.3,1129037038859,18.07,0.11,117.52205,29.49557,54174.14005,0
075005.28+292944.3,1129037038859,18.11,0.11,117.52200,29.49553,54174.14543,0
075005.28+292944.3,1129037038859,18.04,0.11,117.52186,29.49561,54174.15082,0
075005.28+292944.3,1129037038859,18.17,0.11,117.52190,29.49562,54174.15620,0
075005.28+292944.3,1129037038859,18.38,0.15,117.52202,29.49569,54410.40056,0
075005.28+292944.3,1129037038859,18.22,0.14,117.52204,29.49583,54410.40544,0
075005.28+292944.3,1129037038859,18.47,0.15,117.52205,29.49582,54410.41031,0
075005.28+292944.3,1129037038859,17.89,0.11,117.52174,29.49527,54410.41519,0
075005.28+292944.3,1129037038859,18.31,0.12,117.52207,29.49565,54380.42525,0
075005.28+292944.3,1129037038859,18.15,0.11,117.52181,29.49562,54380.43256,0
075005.28+292944.3,1129037038859,18.36,0.12,117.52196,29.49580,54380.43982,0
075005.28+292944.3,1129037038859,18.10,0.11,117.52189,29.49557,54380.44705,0
075005.28+292944.3,1129037038859,17.78,0.10,117.52145,29.49520,54386.41462,0
075005.28+292944.3,1129037038859,18.02,0.11,117.52202,29.49581,54386.42168,0
075005.28+292944.3,1129037038859,18.06,0.11,117.52204,29.49577,54386.42874,0
075005.28+292944.3,1129037038859,18.17,0.11,117.52205,29.49572,54386.43575,0
075005.28+292944.3,1129037038859,17.97,0.13,117.52211,29.49549,54353.48271,0
075005.28+292944.3,1129037038859,18.01,0.11,117.52198,29.49580,54572.14705,0
075005.28+292944.3,1129037038859,17.82,0.10,117.52159,29.49552,54572.15581,0
075005.28+292944.3,1129037038859,18.16,0.12,117.52227,29.49578,54572.16454,0
075005.28+292944.3,1129037038859,17.81,0.10,117.52166,29.49562,54572.17331,0
075005.28+292944.3,1129037038859,17.99,0.13,117.52210,29.49584,54582.12998,0
075005.28+292944.3,1129037038859,18.24,0.15,117.52186,29.49561,54582.13505,0
075005.28+292944.3,1129037038859,18.12,0.14,117.52176,29.49581,54582.14022,0
075005.28+292944.3,1129037038859,17.95,0.13,117.52181,29.49531,54582.14530,0
075005.28+292944.3,1129037038859,18.04,0.11,117.52199,29.49571,54502.22398,0
075005.28+292944.3,1129037038859,18.03,0.11,117.52205,29.49575,54502.22923,0
075005.28+292944.3,1129037038859,17.76,0.10,117.52199,29.49559,54502.23445,0
075005.28+292944.3,1129037038859,17.99,0.11,117.52196,29.49569,54502.23970,0
075005.28+292944.3,1129037038859,17.77,0.10,117.52152,29.49524,54508.26173,0
075005.28+292944.3,1129037038859,18.08,0.11,117.52191,29.49566,54508.26833,0
075005.28+292944.3,1129037038859,17.77,0.10,117.52148,29.49529,54508.27490,0
075005.28+292944.3,1129037038859,17.78,0.10,117.52175,29.49532,54508.28149,0
075005.28+292944.3,1129037038859,17.97,0.11,117.52167,29.49528,54523.21634,0
075005.28+292944.3,1129037038859,17.86,0.10,117.52150,29.49523,54523.22364,0
075005.28+292944.3,1129037038859,18.06,0.11,117.52188,29.49574,54523.23088,0
075005.28+292944.3,1129037038859,18.08,0.11,117.52206,29.49567,54523.23811,0
075005.28+292944.3,1129037038859,17.86,0.10,117.52162,29.49542,54495.19476,0
075005.28+292944.3,1129037038859,17.96,0.11,117.52163,29.49522,54495.20125,0
075005.28+292944.3,1129037038859,18.05,0.11,117.52210,29.49573,54495.20773,0
075005.28+292944.3,1129037038859,17.82,0.10,117.52158,29.49534,54495.21425,0
075005.28+292944.3,1129037038859,18.16,0.12,117.52202,29.49561,54535.23949,0
075005.28+292944.3,1129037038859,18.00,0.11,117.52203,29.49568,54535.24618,0
075005.28+292944.3,1129037038859,18.12,0.11,117.52181,29.49555,54535.25290,0
075005.28+292944.3,1129037038859,17.85,0.10,117.52148,29.49534,54535.25958,0
075005.28+292944.3,1129037038859,18.06,0.11,117.52206,29.49570,54554.19133,0
075005.28+292944.3,1129037038859,18.15,0.12,117.52191,29.49571,54554.19861,0
075005.28+292944.3,1129037038859,18.24,0.12,117.52193,29.49566,54554.20589,0
075005.28+292944.3,1129037038859,18.05,0.11,117.52201,29.49569,54554.21319,0
075005.28+292944.3,1129037038859,17.77,0.10,117.52196,29.49535,54741.47284,0
075005.28+292944.3,1129037038859,18.19,0.12,117.52205,29.49577,54741.48020,0
075005.28+292944.3,1129037038859,17.99,0.11,117.52228,29.49566,54741.48757,0
075005.28+292944.3,1129037038859,17.80,0.10,117.52194,29.49568,54741.49483,0
075005.28+292944.3,1129037038859,18.08,0.11,117.52195,29.49568,54833.24278,0
075005.28+292944.3,1129037038859,18.13,0.11,117.52208,29.49567,54833.24768,0
075005.28+292944.3,1129037038859,18.05,0.11,117.52199,29.49566,54833.25253,0
075005.28+292944.3,1129037038859,17.96,0.11,117.52196,29.49560,54833.25741,0
075005.28+292944.3,1129037038859,17.90,0.10,117.52192,29.49569,54833.26223,0
075005.28+292944.3,1129037038859,18.12,0.11,117.52196,29.49561,54909.10757,0
075005.28+292944.3,1129037038859,18.04,0.11,117.52200,29.49560,54909.11309,0
075005.28+292944.3,1129037038859,18.06,0.11,117.52201,29.49568,54909.11848,0
075005.28+292944.3,1129037038859,18.17,0.11,117.52200,29.49558,54909.12391,0
075005.28+292944.3,1129037038859,18.04,0.12,117.52202,29.49562,55146.43645,0
075005.28+292944.3,1129037038859,17.84,0.11,117.52209,29.49564,55146.44367,0
075005.28+292944.3,1129037038859,17.93,0.11,117.52195,29.49576,55146.45313,0
075005.28+292944.3,1129037038859,17.83,0.11,117.52198,29.49575,55146.46045,0
075005.28+292944.3,1129037038859,18.12,0.14,117.52210,29.49581,55295.11873,0
075005.28+292944.3,1129037038859,17.81,0.12,117.52161,29.49524,55295.12371,0
075005.28+292944.3,1129037038859,17.98,0.13,117.52180,29.49556,55295.12865,0
075005.28+292944.3,1129037038859,17.88,0.12,117.52197,29.49551,55295.13359,0
075005.28+292944.3,1129037038859,18.24,0.11,117.52199,29.49564,55534.36896,0
075005.28+292944.3,1129037038859,18.19,0.11,117.52201,29.49568,55534.38577,0
075005.28+292944.3,1129037038859,18.11,0.11,117.52210,29.49591,55534.39414,0
075005.28+292944.3,1129037038859,18.16,0.12,117.52202,29.49570,55539.34608,0
075005.28+292944.3,1129037038859,18.18,0.12,117.52198,29.49572,55539.36129,0
075005.28+292944.3,1129037038859,18.13,0.12,117.52193,29.49565,55539.36880,0
075005.28+292944.3,1129037038859,17.93,0.13,117.52164,29.49530,55545.30252,0
075005.28+292944.3,1129037038859,17.93,0.13,117.52166,29.49553,55545.31837,0
075005.28+292944.3,1129037038859,18.02,0.13,117.52202,29.49575,55545.32626,0
075005.28+292944.3,1129037038859,17.80,0.10,117.52200,29.49562,55236.21213,0
075005.28+292944.3,1129037038859,17.71,0.10,117.52179,29.49546,55242.14169,0
075005.28+292944.3,1129037038859,17.97,0.11,117.52186,29.49558,55242.15028,0
075005.28+292944.3,1129037038859,17.95,0.11,117.52187,29.49559,55242.15887,0
075005.28+292944.3,1129037038859,17.84,0.10,117.52195,29.49559,55242.16745,0
075005.28+292944.3,1129037038859,17.88,0.10,117.52191,29.49561,55202.23371,0
075005.28+292944.3,1129037038859,17.86,0.10,117.52198,29.49568,55208.30059,0
075005.28+292944.3,1129037038859,17.68,0.10,117.52148,29.49536,55208.30754,0
075005.28+292944.3,1129037038859,17.98,0.11,117.52198,29.49556,55208.31448,0
075005.28+292944.3,1129037038859,17.86,0.10,117.52203,29.49561,55208.32144,0
075005.28+292944.3,1129037038859,18.00,0.11,117.52190,29.49568,55260.19353,0
075005.28+292944.3,1129037038859,17.98,0.11,117.52194,29.49564,55260.19807,0
075005.28+292944.3,1129037038859,17.96,0.11,117.52203,29.49570,55260.20264,0
075005.28+292944.3,1129037038859,17.83,0.10,117.52186,29.49567,55260.20719,0
075005.28+292944.3,1129037038859,17.80,0.11,117.52178,29.49562,55276.13194,0
075005.28+292944.3,1129037038859,17.97,0.11,117.52198,29.49558,55276.13898,0
075005.28+292944.3,1129037038859,17.89,0.11,117.52189,29.49565,55276.14592,0
075005.28+292944.3,1129037038859,18.12,0.12,117.52186,29.49563,55276.15287,0
075005.28+292944.3,1129037038859,17.94,0.11,117.52207,29.49580,55572.32809,0
075005.28+292944.3,1129037038859,17.84,0.10,117.52152,29.49522,55572.33385,0
075005.28+292944.3,1129037038859,18.19,0.12,117.52202,29.49571,55572.33966,0
075005.28+292944.3,1129037038859,18.04,0.11,117.52206,29.49570,55572.34546,0
075005.28+292944.3,1129037038859,18.13,0.12,117.52205,29.49571,55587.32563,0
075005.28+292944.3,1129037038859,18.10,0.11,117.52202,29.49582,55587.33252,0
075005.28+292944.3,1129037038859,18.21,0.12,117.52207,29.49579,55587.33938,0
075005.28+292944.3,1129037038859,18.12,0.12,117.52205,29.49579,55587.34631,0
075005.28+292944.3,1129037038859,17.79,0.10,117.52193,29.49555,55202.24655,0
075005.28+292944.3,1129037038859,17.82,0.10,117.52199,29.49564,55202.25229,0
075005.28+292944.3,1129037038859,17.96,0.11,117.52212,29.49560,55202.25804,0
075005.28+292944.3,1129037038859,17.83,0.10,117.52190,29.49568,55202.26376,0
075005.28+292944.3,1129037038859,18.04,0.11,117.52202,29.49564,55861.44593,0
075005.28+292944.3,1129037038859,17.90,0.11,117.52201,29.49550,55861.45280,0
075005.28+292944.3,1129037038859,18.06,0.11,117.52200,29.49562,55861.45965,0
075005.28+292944.3,1129037038859,18.06,0.11,117.52216,29.49564,55861.46663,0
075005.28+292944.3,1129037038859,17.83,0.11,117.52224,29.49566,55832.47756,0
075005.28+292944.3,1129037038859,18.10,0.12,117.52204,29.49552,55832.48270,0
075005.28+292944.3,1129037038859,17.95,0.11,117.52210,29.49566,55832.48777,0
075005.28+292944.3,1129037038859,17.93,0.11,117.52202,29.49585,55832.49288,0
075005.28+292944.3,1129037038859,18.22,0.12,117.52215,29.49570,55919.22083,0
075005.28+292944.3,1129037038859,18.06,0.11,117.52206,29.49566,55919.22881,0
075005.28+292944.3,1129037038859,18.05,0.11,117.52196,29.49560,55919.23686,0
075005.28+292944.3,1129037038859,18.06,0.11,117.52215,29.49561,55919.24487,0
075005.28+292944.3,1129037038859,18.21,0.13,117.52201,29.49568,56246.39447,0
075005.28+292944.3,1129037038859,18.34,0.14,117.52208,29.49564,56246.40295,0
075005.28+292944.3,1129037038859,18.17,0.13,117.52185,29.49569,56246.41144,0
075005.28+292944.3,1129037038859,18.06,0.12,117.52188,29.49566,56246.41991,0
075005.28+292944.3,1129037038859,18.13,0.12,117.52204,29.49562,56281.30381,0
075005.28+292944.3,1129037038859,18.21,0.12,117.52188,29.49569,56281.31223,0
075005.28+292944.3,1129037038859,18.15,0.12,117.52208,29.49568,56281.32080,0
075005.28+292944.3,1129037038859,18.21,0.12,117.52211,29.49551,56281.32935,0
075005.28+292944.3,1129037038859,18.22,0.11,117.52200,29.49566,56307.26267,0
075005.28+292944.3,1129037038859,18.20,0.11,117.52203,29.49569,56307.26879,0
075005.28+292944.3,1129037038859,18.07,0.10,117.52199,29.49567,56307.27497,0
075005.28+292944.3,1129037038859,18.11,0.10,117.52189,29.49575,56307.28119,0
075005.28+292944.3,1129037038859,18.20,0.12,117.52198,29.49554,56340.18357,0
075005.28+292944.3,1129037038859,18.27,0.12,117.52204,29.49565,56340.18971,0
075005.28+292944.3,1129037038859,18.33,0.13,117.52200,29.49569,56340.19586,0
075005.28+292944.3,1129037038859,18.25,0.12,117.52196,29.49548,56340.20201,0
075005.28+292944.3,1129037038859,18.12,0.12,117.52198,29.49553,56368.11239,0
075005.28+292944.3,1129037038859,18.03,0.11,117.52190,29.49569,56368.11916,0
075005.28+292944.3,1129037038859,18.06,0.11,117.52198,29.49562,56368.12594,0
075005.28+292944.3,1129037038859,18.22,0.12,117.52191,29.49547,56368.13273,0
075005.28+292944.3,1129037038859,17.85,0.11,117.52196,29.49585,56560.43805,0
075005.28+292944.3,1129037038859,18.34,0.13,117.52208,29.49578,56560.44481,0
075005.28+292944.3,1129037038859,18.07,0.12,117.52196,29.49552,56560.45150,0
075005.28+292944.3,1129037038859,18.34,0.13,117.52202,29.49573,56560.45826,0
095919.14+090659.4,1109053013145,18.99,0.18,149.82955, 9.11638,53729.33463,0
095919.14+090659.4,1109053013145,18.91,0.17,149.82970, 9.11678,53729.34232,0
095919.14+090659.4,1109053013145,19.08,0.19,149.82969, 9.11637,53729.34996,0
095919.14+090659.4,1109053013145,19.18,0.20,149.82975, 9.11655,53729.35765,0
095919.14+090659.4,1109053013145,18.95,0.17,149.82997, 9.11646,53500.17336,0
095919.14+090659.4,1109053013145,19.15,0.19,149.82971, 9.11643,53500.18102,0
095919.14+090659.4,1109053013145,19.28,0.20,149.82969, 9.11627,53500.18870,0
095919.14+090659.4,1109053013145,19.31,0.20,149.82986, 9.11629,53500.19637,0
095919.14+090659.4,1109053013145,18.87,0.17,149.82995, 9.11618,53521.15317,0
095919.14+090659.4,1109053013145,18.84,0.16,149.82975, 9.11613,53521.16125,0
095919.14+090659.4,1109053013145,19.22,0.20,149.82953, 9.11648,53521.16939,0
095919.14+090659.4,1109053013145,19.64,0.24,149.82986, 9.11647,53521.17752,0
095919.14+090659.4,1109053013145,18.86,0.16,149.82982, 9.11653,53684.49399,0
095919.14+090659.4,1109053013145,18.60,0.15,149.82987, 9.11701,53684.49882,0
095919.14+090659.4,1109053013145,18.86,0.17,149.82977, 9.11623,53684.50367,0
095919.14+090659.4,1109053013145,19.21,0.20,149.82992, 9.11653,53684.50849,0
095919.14+090659.4,1109053013145,19.12,0.19,149.82942, 9.11618,53704.40214,0
095919.14+090659.4,1109053013145,18.84,0.16,149.82963, 9.11646,53704.40979,0
095919.14+090659.4,1109053013145,18.95,0.17,149.82988, 9.11651,53704.41733,0
095919.14+090659.4,1109053013145,18.81,0.16,149.82968, 9.11672,53704.42487,0
095919.14+090659.4,1109053013145,19.39,0.21,149.83003, 9.11652,53674.48427,0
095919.14+090659.4,1109053013145,19.04,0.18,149.82985, 9.11639,53674.48865,0
095919.14+090659.4,1109053013145,18.93,0.17,149.82992, 9.11651,53674.49304,0
095919.14+090659.4,1109053013145,19.00,0.17,149.83008, 9.11618,53674.49745,0
095919.14+090659.4,1109053013145,18.59,0.15,149.82984, 9.11641,53827.19690,0
095919.14+090659.4,1109053013145,19.11,0.19,149.82962, 9.11658,53827.20245,0
095919.14+090659.4,1109053013145,19.19,0.19,149.82964, 9.11642,53827.20784,0
095919.14+090659.4,1109053013145,18.65,0.15,149.82955, 9.11656,53827.21328,0
095919.14+090659.4,1109053013145,19.20,0.20,149.82963, 9.11661,53843.16783,0
095919.14+090659.4,1109053013145,18.78,0.16,149.82992, 9.11667,53843.17587,0
095919.14+090659.4,1109053013145,18.90,0.17,149.82973, 9.11661,53843.18394,0
095919.14+090659.4,1109053013145,18.75,0.16,149.82973, 9.11606,53843.19207,0
095919.14+090659.4,1109053013145,18.99,0.17,149.82968, 9.11633,54082.47727,0
095919.14+090659.4,1109053013145,19.03,0.17,149.82970, 9.11651,54082.48274,0
095919.14+090659.4,1109053013145,19.31,0.19,149.82940, 9.11630,54082.48820,0
095919.14+090659.4,1109053013145,18.76,0.15,149.82997, 9.11649,54082.49364,0
095919.14+090659.4,1109053013145,18.90,0.16,149.82981, 9.11636,54096.33712,0
095919.14+090659.4,1109053013145,19.13,0.18,149.82975, 9.11649,54096.34674,0
095919.14+090659.4,1109053013145,18.81,0.15,149.82982, 9.11654,54096.35633,0
095919.14+090659.4,1109053013145,19.23,0.19,149.82971, 9.11641,54096.36592,0
095919.14+090659.4,1109053013145,18.53,0.14,149.82991, 9.11667,53786.23553,0
095919.14+090659.4,1109053013145,19.31,0.21,149.82991, 9.11638,53786.24324,0
095919.14+090659.4,1109053013145,19.11,0.18,149.82990, 9.11659,53786.25096,0
095919.14+090659.4,1109053013145,19.21,0.19,149.82971, 9.11646,53786.25865,0
095919.14+090659.4,1109053013145,19.11,0.18,149.82998, 9.11651,53743.40362,0
095919.14+090659.4,1109053013145,19.00,0.17,149.82974, 9.11657,53743.40904,0
095919.14+090659.4,1109053013145,19.09,0.18,149.82965, 9.11642,53743.41450,0
095919.14+090659.4,1109053013145,19.02,0.17,149.82980, 9.11644,53743.41999,0
095919.14+090659.4,1109053013145,18.97,0.17,149.82964, 9.11637,53755.28096,0
095919.14+090659.4,1109053013145,18.96,0.17,149.82971, 9.11631,53817.16656,0
095919.14+090659.4,1109053013145,18.97,0.17,149.82978, 9.11647,53817.17510,0
095919.14+090659.4,1109053013145,19.16,0.19,149.82958, 9.11651,53817.18365,0
095919.14+090659.4,1109053013145,19.05,0.18,149.82991, 9.11650,53817.19221,0
095919.14+090659.4,1109053013145,19.41,0.23,149.82972, 9.11635,53874.17544,0
095919.14+090659.4,1109053013145,19.35,0.22,149.82994, 9.11654,53874.18240,0
095919.14+090659.4,1109053013145,18.54,0.15,149.82987, 9.11654,53874.18934,0
095919.14+090659.4,1109053013145,19.05,0.19,149.83001, 9.11677,53874.19630,0
095919.14+090659.4,1109053013145,18.74,0.16,149.82980, 9.11699,53881.15209,0
095919.14+090659.4,1109053013145,19.20,0.20,149.82983, 9.11621,53881.16139,0
095919.14+090659.4,1109053013145,19.16,0.20,149.82953, 9.11618,53881.17062,0
095919.14+090659.4,1109053013145,19.56,0.24,149.82971, 9.11629,53881.17985,0
095919.14+090659.4,1109053013145,18.99,0.16,149.82933, 9.11650,54054.48190,0
095919.14+090659.4,1109053013145,18.91,0.16,149.82993, 9.11637,54054.48788,0
095919.14+090659.4,1109053013145,18.96,0.16,149.82958, 9.11648,54054.49395,0
095919.14+090659.4,1109053013145,18.96,0.16,149.82954, 9.11665,54054.50007,0
095919.14+090659.4,1109053013145,19.33,0.19,149.82989, 9.11652,54028.49343,0
095919.14+090659.4,1109053013145,19.14,0.18,149.83010, 9.11622,54028.50969,0
095919.14+090659.4,1109053013145,18.97,0.16,149.82955, 9.11643,54028.51786,0
095919.14+090659.4,1109053013145,19.28,0.19,149.82977, 9.11650,54201.17131,0
095919.14+090659.4,1109053013145,18.92,0.17,149.82982, 9.11673,54201.18059,0
095919.14+090659.4,1109053013145,18.51,0.14,149.82968, 9.11708,54201.18988,0
095919.14+090659.4,1109053013145,18.93,0.17,149.82975, 9.11659,54201.19915,0
095919.14+090659.4,1109053013145,19.02,0.17,149.82961, 9.11658,54437.42888,0
095919.14+090659.4,1109053013145,19.09,0.17,149.82957, 9.11646,54437.43957,0
095919.14+090659.4,1109053013145,19.06,0.17,149.82952, 9.11646,54437.45030,0
095919.14+090659.4,1109053013145,19.19,0.18,149.82980, 9.11651,54437.46106,0
095919.14+090659.4,1109053013145,19.15,0.21,149.82978, 9.11641,54448.42789,0
095919.14+090659.4,1109053013145,18.92,0.16,149.82960, 9.11656,54448.43331,0
095919.14+090659.4,1109053013145,19.16,0.18,149.82980, 9.11643,54448.43870,0
095919.14+090659.4,1109053013145,19.07,0.17,149.82980, 9.11648,54448.44410,0
095919.14+090659.4,1109053013145,19.05,0.17,149.82979, 9.11630,54454.41476,0
095919.14+090659.4,1109053013145,18.91,0.16,149.82975, 9.11670,54454.42125,0
095919.14+090659.4,1109053013145,18.91,0.16,149.82996, 9.11645,54454.42776,0
095919.14+090659.4,1109053013145,19.08,0.17,149.82966, 9.11653,54454.43423,0
095919.14+090659.4,1109053013145,18.90,0.16,149.82972, 9.11652,54464.48304,0
095919.14+090659.4,1109053013145,18.96,0.16,149.82971, 9.11647,54464.48969,0
095919.14+090659.4,1109053013145,19.17,0.18,149.82989, 9.11654,54464.49632,0
095919.14+090659.4,1109053013145,18.87,0.16,149.82971, 9.11676,54464.50294,0
095919.14+090659.4,1109053013145,19.22,0.25,149.83008, 9.11616,54139.24422,0
095919.14+090659.4,1109053013145,19.24,0.60,149.82986, 9.11660,54140.37079,0
095919.14+090659.4,1109053013145,18.68,0.40,149.82991, 9.11631,54140.37278,0
095919.14+090659.4,1109053013145,18.84,0.16,149.82974, 9.11604,54110.40042,0
095919.14+090659.4,1109053013145,18.73,0.15,149.82982, 9.11647,54110.40755,0
095919.14+090659.4,1109053013145,19.21,0.19,149.82986, 9.11661,54110.41476,0
095919.14+090659.4,1109053013145,18.81,0.15,149.83011, 9.11646,54110.42200,0
095919.14+090659.4,1109053013145,19.05,0.17,149.82983, 9.11657,54124.40061,0
095919.14+090659.4,1109053013145,18.78,0.15,149.82998, 9.11659,54124.40904,0
095919.14+090659.4,1109053013145,18.87,0.16,149.82968, 9.11647,54124.41740,0
095919.14+090659.4,1109053013145,18.95,0.16,149.82964, 9.11654,54124.42580,0
095919.14+090659.4,1109053013145,19.40,0.20,149.82957, 9.11638,54168.19828,0
095919.14+090659.4,1109053013145,18.87,0.16,149.82988, 9.11660,54168.20639,0
095919.14+090659.4,1109053013145,18.94,0.16,149.82952, 9.11651,54168.21451,0
095919.14+090659.4,1109053013145,18.95,0.16,149.82959, 9.11623,54168.22262,0
095919.14+090659.4,1109053013145,18.97,0.17,149.82945, 9.11647,54227.19766,0
095919.14+090659.4,1109053013145,19.17,0.19,149.82994, 9.11635,54227.20684,0
095919.14+090659.4,1109053013145,19.09,0.18,149.82988, 9.11645,54227.21601,0
095919.14+090659.4,1109053013145,18.98,0.17,149.82968, 9.11628,54227.22520,0
095919.14+090659.4,1109053013145,19.00,0.18,149.82953, 9.11633,54241.15228,0
095919.14+090659.4,1109053013145,19.66,0.24,149.82971, 9.11635,54241.16095,0
095919.14+090659.4,1109053013145,19.06,0.18,149.82993, 9.11739,54241.16962,0
095919.14+090659.4,1109053013145,19.06,0.18,149.82940, 9.11655,54241.17831,0
095919.14+090659.4,1109053013145,19.31,0.19,149.82980, 9.11650,54409.47119,0
095919.14+090659.4,1109053013145,19.36,0.20,149.82969, 9.11631,54409.47785,0
095919.14+090659.4,1109053013145,18.83,0.15,149.83002, 9.11676,54409.48455,0
095919.14+090659.4,1109053013145,18.24,0.12,149.82972, 9.11592,54409.49122,0
095919.14+090659.4,1109053013145,18.49,0.16,149.82958, 9.11616,54384.51509,0
095919.14+090659.4,1109053013145,19.55,0.27,149.82988, 9.11645,54384.51847,0
095919.14+090659.4,1109053013145,18.91,0.16,149.82981, 9.11648,54393.48354,0
095919.14+090659.4,1109053013145,19.20,0.19,149.82993, 9.11651,54393.48734,0
095919.14+090659.4,1109053013145,18.72,0.15,149.83002, 9.11709,54393.49115,0
095919.14+090659.4,1109053013145,19.34,0.20,149.82992, 9.11652,54393.49496,0
095919.14+090659.4,1109053013145,19.16,0.18,149.82970, 9.11651,54559.15643,0
095919.14+090659.4,1109053013145,18.76,0.15,149.82978, 9.11663,54559.16403,0
095919.14+090659.4,1109053013145,19.02,0.17,149.82983, 9.11659,54559.17161,0
095919.14+090659.4,1109053013145,19.19,0.19,149.82987, 9.11684,54559.17919,0
095919.14+090659.4,1109053013145,18.75,0.15,149.82980, 9.11643,54568.14819,0
095919.14+090659.4,1109053013145,19.21,0.18,149.82984, 9.11661,54568.15313,0
095919.14+090659.4,1109053013145,19.26,0.19,149.82974, 9.11644,54568.15809,0
095919.14+090659.4,1109053013145,18.94,0.16,149.82974, 9.11660,54568.16306,0
095919.14+090659.4,1109053013145,19.33,0.20,149.82966, 9.11655,54580.19595,0
095919.14+090659.4,1109053013145,19.29,0.19,149.82956, 9.11702,54580.20241,0
095919.14+090659.4,1109053013145,19.20,0.18,149.82967, 9.11665,54580.20886,0
095919.14+090659.4,1109053013145,18.97,0.17,149.82985, 9.11664,54580.21530,0
095919.14+090659.4,1109053013145,18.98,0.16,149.82984, 9.11648,54822.47692,0
095919.14+090659.4,1109053013145,19.01,0.16,149.82971, 9.11656,54822.48368,0
095919.14+090659.4,1109053013145,18.86,0.15,149.82994, 9.11655,54822.49036,0
095919.14+090659.4,1109053013145,18.77,0.15,149.82974, 9.11671,54822.49725,0
095919.14+090659.4,1109053013145,19.12,0.17,149.82976, 9.11679,54499.37877,0
095919.14+090659.4,1109053013145,18.87,0.16,149.82989, 9.11649,54499.38483,0
095919.14+090659.4,1109053013145,19.17,0.18,149.82972, 9.11652,54499.39092,0
095919.14+090659.4,1109053013145,18.99,0.17,149.82972, 9.11667,54499.39702,0
095919.14+090659.4,1109053013145,19.23,0.18,149.82966, 9.11666,54475.37281,0
095919.14+090659.4,1109053013145,19.11,0.17,149.82963, 9.11635,54475.38026,0
095919.14+090659.4,1109053013145,18.85,0.15,149.82983, 9.11665,54475.38772,0
095919.14+090659.4,1109053013145,18.68,0.14,149.82984, 9.11675,54475.39521,0
095919.14+090659.4,1109053013145,19.09,0.23,149.82927, 9.11633,54630.16379,0
095919.14+090659.4,1109053013145,19.37,0.27,149.82954, 9.11694,54630.16844,0
095919.14+090659.4,1109053013145,20.09,0.40,149.82943, 9.11620,54630.17306,0
095919.14+090659.4,1109053013145,19.28,0.22,149.82982, 9.11651,54548.30143,0
095919.14+090659.4,1109053013145,19.07,0.20,149.83000, 9.11658,54548.30724,0
095919.14+090659.4,1109053013145,18.90,0.18,149.82946, 9.11678,54548.31301,0
095919.14+090659.4,1109053013145,18.89,0.18,149.82983, 9.11635,54548.31877,0
095919.14+090659.4,1109053013145,19.02,0.17,149.82965, 9.11633,54591.16010,0
095919.14+090659.4,1109053013145,18.87,0.16,149.82975, 9.11665,54591.16938,0
095919.14+090659.4,1109053013145,19.78,0.25,149.82988, 9.11644,54591.17861,0
095919.14+090659.4,1109053013145,18.87,0.16,149.82988, 9.11680,54591.18782,0
095919.14+090659.4,1109053013145,19.30,0.20,149.82973, 9.11661,54594.18384,0
095919.14+090659.4,1109053013145,19.01,0.17,149.82951, 9.11638,54594.19027,0
095919.14+090659.4,1109053013145,18.91,0.16,149.82951, 9.11640,54594.19670,0
095919.14+090659.4,1109053013145,19.14,0.18,149.82961, 9.11680,54594.20313,0
095919.14+090659.4,1109053013145,18.86,0.16,149.82978, 9.11651,54944.21666,0
095919.14+090659.4,1109053013145,18.92,0.16,149.82956, 9.11645,54944.22337,0
095919.14+090659.4,1109053013145,19.02,0.17,149.82970, 9.11648,54944.22999,0
095919.14+090659.4,1109053013145,19.03,0.17,149.82960, 9.11622,54944.23650,0
095919.14+090659.4,1109053013145,18.95,0.18,149.82978, 9.11656,54867.28769,0
095919.14+090659.4,1109053013145,18.53,0.15,149.82964, 9.11623,54867.29367,0
095919.14+090659.4,1109053013145,18.58,0.15,149.82998, 9.11654,54867.29960,0
095919.14+090659.4,1109053013145,19.03,0.19,149.82984, 9.11646,54867.30548,0
095919.14+090659.4,1109053013145,19.00,0.16,149.82990, 9.11663,54878.34312,0
095919.14+090659.4,1109053013145,19.22,0.18,149.82969, 9.11666,54878.34987,0
095919.14+090659.4,1109053013145,19.10,0.17,149.82955, 9.11606,54878.35654,0
095919.14+090659.4,1109053013145,18.64,0.14,149.83022, 9.11642,54878.36317,0
095919.14+090659.4,1109053013145,18.89,0.16,149.82965, 9.11668,54887.31339,0
095919.14+090659.4,1109053013145,18.95,0.16,149.82992, 9.11634,54887.31880,0
095919.14+090659.4,1109053013145,18.83,0.15,149.82996, 9.11686,54887.32421,0
095919.14+090659.4,1109053013145,19.16,0.18,149.82973, 9.11655,54887.32963,0
095919.14+090659.4,1109053013145,19.00,0.16,149.82978, 9.11637,54859.26390,0
095919.14+090659.4,1109053013145,18.47,0.13,149.82996, 9.11672,54859.27085,0
095919.14+090659.4,1109053013145,19.18,0.18,149.82965, 9.11636,54859.27753,0
095919.14+090659.4,1109053013145,19.07,0.17,149.82976, 9.11653,54859.28435,0
095919.14+090659.4,1109053013145,18.74,0.15,149.82994, 9.11663,54905.21267,0
095919.14+090659.4,1109053013145,19.04,0.17,149.82962, 9.11650,54905.21816,0
095919.14+090659.4,1109053013145,19.20,0.18,149.82969, 9.11625,54905.22350,0
095919.14+090659.4,1109053013145,18.88,0.16,149.82970, 9.11634,54905.22902,0
095919.14+090659.4,1109053013145,19.22,0.19,149.82969, 9.11668,54967.14920,0
095919.14+090659.4,1109053013145,18.55,0.14,149.82990, 9.11685,54967.16026,0
095919.14+090659.4,1109053013145,18.87,0.17,149.82954, 9.11653,54967.17132,0
095919.14+090659.4,1109053013145,19.18,0.19,149.82960, 9.11649,54967.18222,0
095919.14+090659.4,1109053013145,18.71,0.15,149.82932, 9.11628,55150.46344,0
095919.14+090659.4,1109053013145,19.14,0.18,149.82979, 9.11635,55150.46959,0
095919.14+090659.4,1109053013145,18.94,0.17,149.82986, 9.11652,55150.47564,0
095919.14+090659.4,1109053013145,19.42,0.21,149.82988, 9.11628,55150.48173,0
095919.14+090659.4,1109053013145,18.90,0.16,149.83035, 9.11641,55161.48069,0
095919.14+090659.4,1109053013145,18.84,0.16,149.82987, 9.11670,55161.48617,0
095919.14+090659.4,1109053013145,18.99,0.17,149.82991, 9.11650,55161.49165,0
095919.14+090659.4,1109053013145,18.64,0.14,149.82959, 9.11666,55161.49714,0
095919.14+090659.4,1109053013145,18.54,0.14,149.83015, 9.11652,55162.45311,0
095919.14+090659.4,1109053013145,19.18,0.19,149.82985, 9.11632,55162.46167,0
095919.14+090659.4,1109053013145,18.78,0.15,149.82962, 9.11656,55162.47026,0
095919.14+090659.4,1109053013145,19.04,0.17,149.82975, 9.11629,55162.47876,0
095919.14+090659.4,1109053013145,19.07,0.20,149.82992, 9.11625,55121.50448,0
095919.14+090659.4,1109053013145,19.19,0.21,149.82975, 9.11618,55121.50888,0
095919.14+090659.4,1109053013145,18.94,0.19,149.82947, 9.11666,55121.51342,0
095919.14+090659.4,1109053013145,19.17,0.21,149.82997, 9.11675,55121.51777,0
095919.14+090659.4,1109053013145,18.93,0.21,149.82963, 9.11630,55127.49656,0
095919.14+090659.4,1109053013145,18.92,0.21,149.82987, 9.11639,55127.50047,0
095919.14+090659.4,1109053013145,18.98,0.21,149.83017, 9.11643,55127.50428,0
095919.14+090659.4,1109053013145,18.84,0.20,149.82970, 9.11667,55127.50817,0
095919.14+090659.4,1109053013145,18.80,0.15,149.82974, 9.11687,55296.20079,0
095919.14+090659.4,1109053013145,18.74,0.15,149.82997, 9.11687,55296.20646,0
095919.14+090659.4,1109053013145,19.02,0.17,149.82949, 9.11628,55296.21212,0
095919.14+090659.4,1109053013145,19.10,0.18,149.82977, 9.11680,55296.21779,0
095919.14+090659.4,1109053013145,19.23,0.19,149.82962, 9.11652,55539.49884,0
095919.14+090659.4,1109053013145,18.52,0.14,149.82941, 9.11669,55539.50894,0
095919.14+090659.4,1109053013145,18.63,0.15,149.82977, 9.11691,55539.51406,0
095919.14+090659.4,1109053013145,18.86,0.16,149.82962, 9.11640,55559.34171,0
095919.14+090659.4,1109053013145,18.96,0.17,149.82977, 9.11661,55559.36268,0
095919.14+090659.4,1109053013145,19.02,0.20,149.82951, 9.11644,55236.39319,0
095919.14+090659.4,1109053013145,19.16,0.18,149.82968, 9.11638,55259.30926,0
095919.14+090659.4,1109053013145,18.96,0.16,149.82984, 9.11685,55259.31492,0
095919.14+090659.4,1109053013145,18.96,0.16,149.82980, 9.11636,55259.32074,0
095919.14+090659.4,1109053013145,18.52,0.14,149.82954, 9.11634,55259.32652,0
095919.14+090659.4,1109053013145,18.91,0.16,149.82978, 9.11673,55268.21272,0
095919.14+090659.4,1109053013145,19.11,0.18,149.82968, 9.11624,55268.21840,0
095919.14+090659.4,1109053013145,18.89,0.16,149.82990, 9.11635,55268.22412,0
095919.14+090659.4,1109053013145,18.81,0.15,149.82969, 9.11637,55268.22982,0
095919.14+090659.4,1109053013145,18.46,0.17,149.82970, 9.11634,55275.21611,0
095919.14+090659.4,1109053013145,18.67,0.15,149.82986, 9.11644,55275.22299,0
095919.14+090659.4,1109053013145,18.76,0.15,149.82967, 9.11628,55275.22987,0
095919.14+090659.4,1109053013145,18.91,0.16,149.82962, 9.11678,55275.23674,0
095919.14+090659.4,1109053013145,19.00,0.17,149.83000, 9.11646,55326.17450,0
095919.14+090659.4,1109053013145,18.87,0.16,149.82953, 9.11644,55326.18190,0
095919.14+090659.4,1109053013145,18.95,0.17,149.82986, 9.11626,55326.18939,0
095919.14+090659.4,1109053013145,18.58,0.14,149.82934, 9.11642,55326.19683,0
095919.14+090659.4,1109053013145,18.54,0.14,149.82999, 9.11637,55332.16105,0
095919.14+090659.4,1109053013145,19.07,0.18,149.82958, 9.11648,55332.16559,0
095919.14+090659.4,1109053013145,18.57,0.14,149.82978, 9.11636,55332.17020,0
095919.14+090659.4,1109053013145,19.14,0.18,149.82973, 9.11626,55332.17480,0
095919.14+090659.4,1109053013145,18.35,0.16,149.82971, 9.11605,55341.17964,0
095919.14+090659.4,1109053013145,18.91,0.20,149.82962, 9.11640,55503.50204,0
095919.14+090659.4,1109053013145,18.94,0.21,149.82969, 9.11663,55503.50858,0
095919.14+090659.4,1109053013145,19.07,0.22,149.82980, 9.11642,55503.51180,0
095919.14+090659.4,1109053013145,18.96,0.17,149.82967, 9.11637,55510.49287,0
095919.14+090659.4,1109053013145,19.10,0.18,149.82986, 9.11658,55510.50342,0
095919.14+090659.4,1109053013145,18.99,0.17,149.82973, 9.11643,55510.50868,0
095919.14+090659.4,1109053013145,19.90,0.26,149.82985, 9.11660,55530.44348,0
095919.14+090659.4,1109053013145,18.64,0.14,149.82957, 9.11641,55530.45502,0
095919.14+090659.4,1109053013145,18.52,0.14,149.82979, 9.11627,55530.46078,0
095919.14+090659.4,1109053013145,18.96,0.15,149.83004, 9.11654,55596.35351,0
095919.14+090659.4,1109053013145,18.99,0.15,149.82977, 9.11638,55596.36564,0
095919.14+090659.4,1109053013145,18.81,0.14,149.82984, 9.11660,55596.37789,0
095919.14+090659.4,1109053013145,19.02,0.15,149.82972, 9.11650,55596.39008,0
095919.14+090659.4,1109053013145,19.12,0.16,149.82982, 9.11654,55615.24691,0
095919.14+090659.4,1109053013145,18.88,0.14,149.82975, 9.11641,55615.25582,0
095919.14+090659.4,1109053013145,19.06,0.15,149.82980, 9.11648,55615.26488,0
095919.14+090659.4,1109053013145,18.90,0.14,149.82984, 9.11653,55615.27388,0
095919.14+090659.4,1109053013145,18.78,0.15,149.82983, 9.11654,55574.42000,0
095919.14+090659.4,1109053013145,18.85,0.16,149.82995, 9.11654,55574.42520,0
095919.14+090659.4,1109053013145,18.69,0.15,149.82987, 9.11644,55574.43038,0
095919.14+090659.4,1109053013145,18.88,0.16,149.82967, 9.11656,55574.43561,0
095919.14+090659.4,1109053013145,18.83,0.13,149.82971, 9.11629,55621.26980,0
095919.14+090659.4,1109053013145,18.90,0.13,149.82965, 9.11653,55621.27789,0
095919.14+090659.4,1109053013145,18.79,0.12,149.82990, 9.11659,55621.28596,0
095919.14+090659.4,1109053013145,18.66,0.12,149.82982, 9.11663,55621.29401,0
095919.14+090659.4,1109053013145,18.82,0.16,149.82987, 9.11654,55631.20786,0
095919.14+090659.4,1109053013145,18.98,0.17,149.82988, 9.11650,55631.21296,0
095919.14+090659.4,1109053013145,19.03,0.18,149.82981, 9.11654,55631.21808,0
095919.14+090659.4,1109053013145,18.78,0.16,149.82964, 9.11649,55631.22324,0
095919.14+090659.4,1109053013145,19.02,0.18,149.82979, 9.11641,55644.16940,0
095919.14+090659.4,1109053013145,18.96,0.17,149.82957, 9.11633,55644.17450,0
095919.14+090659.4,1109053013145,18.94,0.17,149.82972, 9.11681,55644.17965,0
095919.14+090659.4,1109053013145,18.91,0.17,149.82985, 9.11657,55644.18482,0
095919.14+090659.4,1109053013145,18.87,0.19,149.82984, 9.11658,55695.17553,0
095919.14+090659.4,1109053013145,18.72,0.18,149.82975, 9.11649,55695.18381,0
095919.14+090659.4,1109053013145,18.82,0.19,149.82954, 9.11603,55695.19211,0
095919.14+090659.4,1109053013145,19.96,0.34,149.82936, 9.11684,55695.20038,0
095919.14+090659.4,1109053013145,19.27,0.19,149.82979, 9.11663,53755.35590,0
095919.14+090659.4,1109053013145,19.63,0.23,149.82972, 9.11656,53755.36296,0
095919.14+090659.4,1109053013145,19.57,0.23,149.82916, 9.11619,53755.37003,0
095919.14+090659.4,1109053013145,19.00,0.19,149.82978, 9.11666,54139.24893,0
095919.14+090659.4,1109053013145,19.12,0.22,149.82949, 9.11635,54139.25599,0
095919.14+090659.4,1109053013145,19.11,0.19,149.82959, 9.11620,54139.26308,0
095919.14+090659.4,1109053013145,19.48,0.23,149.82980, 9.11630,54139.27019,0
095919.14+090659.4,1109053013145,18.92,0.19,149.82959, 9.11665,55586.46829,0
095919.14+090659.4,1109053013145,19.17,0.20,149.82972, 9.11643,55586.47590,0
095919.14+090659.4,1109053013145,18.41,0.14,149.82995, 9.11631,55586.48349,0
095919.14+090659.4,1109053013145,18.74,0.16,149.82966, 9.11656,55586.49114,0
095919.14+090659.4,1109053013145,18.74,0.19,149.82930, 9.11641,55851.49844,0
095919.14+090659.4,1109053013145,19.04,0.21,149.82996, 9.11631,55851.50070,0
095919.14+090659.4,1109053013145,18.95,0.20,149.82978, 9.11597,55851.50299,0
095919.14+090659.4,1109053013145,18.47,0.16,149.83023, 9.11656,55851.50526,0
095919.14+090659.4,1109053013145,18.91,0.16,149.82968, 9.11641,55887.46610,0
095919.14+090659.4,1109053013145,19.11,0.18,149.82998, 9.11649,55887.47357,0
095919.14+090659.4,1109053013145,19.22,0.19,149.82958, 9.11628,55887.48103,0
095919.14+090659.4,1109053013145,18.85,0.16,149.82981, 9.11627,55887.48846,0
095919.14+090659.4,1109053013145,18.98,0.17,149.82966, 9.11649,55944.41459,0
095919.14+090659.4,1109053013145,18.80,0.15,149.82998, 9.11662,55944.42194,0
095919.14+090659.4,1109053013145,18.88,0.16,149.82961, 9.11647,55944.42927,0
095919.14+090659.4,1109053013145,18.63,0.14,149.82975, 9.11656,55944.43654,0
095919.14+090659.4,1109053013145,18.36,0.13,149.82975, 9.11663,55969.30921,0
095919.14+090659.4,1109053013145,19.10,0.18,149.82981, 9.11637,55969.31426,0
095919.14+090659.4,1109053013145,18.82,0.16,149.82988, 9.11642,55969.31941,0
095919.14+090659.4,1109053013145,19.21,0.19,149.82967, 9.11617,55969.32456,0
095919.14+090659.4,1109053013145,18.94,0.15,149.82985, 9.11642,55976.30744,0
095919.14+090659.4,1109053013145,18.59,0.13,149.82970, 9.11633,55976.31566,0
095919.14+090659.4,1109053013145,18.87,0.14,149.82977, 9.11643,55976.32435,0
095919.14+090659.4,1109053013145,18.46,0.12,149.82942, 9.11717,55976.33260,0
095919.14+090659.4,1109053013145,18.93,0.17,149.82964, 9.11649,55984.24537,0
095919.14+090659.4,1109053013145,18.63,0.15,149.83004, 9.11651,55984.25108,0
095919.14+090659.4,1109053013145,18.94,0.17,149.82988, 9.11644,55984.25672,0
095919.14+090659.4,1109053013145,18.59,0.14,149.82992, 9.11629,55984.26236,0
095919.14+090659.4,1109053013145,18.43,0.13,149.82962, 9.11695,56000.23256,0
095919.14+090659.4,1109053013145,19.08,0.18,149.82976, 9.11649,56000.23814,0
095919.14+090659.4,1109053013145,18.68,0.15,149.82962, 9.11651,56000.24385,0
095919.14+090659.4,1109053013145,18.99,0.17,149.82989, 9.11667,56000.24959,0
095919.14+090659.4,1109053013145,18.78,0.16,149.82961, 9.11635,56011.16013,0
095919.14+090659.4,1109053013145,18.83,0.16,149.82983, 9.11649,56011.16582,0
095919.14+090659.4,1109053013145,18.82,0.16,149.82970, 9.11645,56011.17145,0
095919.14+090659.4,1109053013145,18.82,0.16,149.82980, 9.11649,56011.17709,0
095919.14+090659.4,1109053013145,18.83,0.16,149.82986, 9.11641,56030.13965,0
095919.14+090659.4,1109053013145,19.44,0.22,149.82988, 9.11632,56030.14527,0
095919.14+090659.4,1109053013145,19.11,0.18,149.82980, 9.11640,56030.15087,0
095919.14+090659.4,1109053013145,19.08,0.18,149.82999, 9.11641,56030.15652,0
095919.14+090659.4,1109053013145,18.78,0.16,149.82971, 9.11625,56040.15812,0
095919.14+090659.4,1109053013145,19.04,0.18,149.82956, 9.11623,56040.16315,0
095919.14+090659.4,1109053013145,18.83,0.17,149.82986, 9.11641,56040.16979,0
095919.14+090659.4,1109053013145,19.13,0.19,149.83002, 9.11649,56040.17491,0
095919.14+090659.4,1109053013145,19.19,0.22,149.82955, 9.11639,56214.49822,0
095919.14+090659.4,1109053013145,19.67,0.28,149.82995, 9.11643,56214.50122,0
095919.14+090659.4,1109053013145,19.05,0.20,149.82991, 9.11643,56214.50426,0
095919.14+090659.4,1109053013145,19.22,0.22,149.83000, 9.11675,56214.50725,0
095919.14+090659.4,1109053013145,19.27,0.23,149.82951, 9.11650,56227.48480,0
095919.14+090659.4,1109053013145,18.92,0.19,149.82973, 9.11646,56227.49195,0
095919.14+090659.4,1109053013145,18.81,0.18,149.82973, 9.11660,56227.49901,0
095919.14+090659.4,1109053013145,18.85,0.18,149.82977, 9.11657,56227.50618,0
095919.14+090659.4,1109053013145,19.00,0.17,149.82985, 9.11648,56235.47955,0
095919.14+090659.4,1109053013145,18.96,0.17,149.82957, 9.11658,56235.48810,0
095919.14+090659.4,1109053013145,18.71,0.15,149.82967, 9.11656,56235.49677,0
095919.14+090659.4,1109053013145,19.38,0.21,149.82959, 9.11629,56235.50555,0
095919.14+090659.4,1109053013145,19.18,0.16,149.82976, 9.11633,56243.46967,0
095919.14+090659.4,1109053013145,18.85,0.14,149.82964, 9.11622,56243.47511,0
095919.14+090659.4,1109053013145,18.78,0.14,149.82987, 9.11670,56243.48057,0
095919.14+090659.4,1109053013145,18.83,0.14,149.82980, 9.11652,56243.48597,0
095919.14+090659.4,1109053013145,19.10,0.16,149.82983, 9.11656,56255.45182,0
095919.14+090659.4,1109053013145,19.09,0.16,149.83002, 9.11640,56255.46006,0
095919.14+090659.4,1109053013145,18.72,0.13,149.82972, 9.11626,56255.46838,0
095919.14+090659.4,1109053013145,19.20,0.16,149.82978, 9.11653,56255.47662,0
095919.14+090659.4,1109053013145,19.21,0.19,149.82965, 9.11638,56269.38972,0
095919.14+090659.4,1109053013145,18.85,0.16,149.82988, 9.11621,56269.39543,0
095919.14+090659.4,1109053013145,18.68,0.15,149.82964, 9.11626,56269.40117,0
095919.14+090659.4,1109053013145,18.62,0.14,149.82963, 9.11643,56269.40687,0
095919.14+090659.4,1109053013145,19.05,0.15,149.82975, 9.11662,56274.45333,0
095919.14+090659.4,1109053013145,18.87,0.14,149.82984, 9.11645,56274.45951,0
095919.14+090659.4,1109053013145,18.97,0.15,149.82979, 9.11673,56274.46577,0
095919.14+090659.4,1109053013145,18.89,0.14,149.82968, 9.11653,56274.47193,0
095919.14+090659.4,1109053013145,19.06,0.17,149.82985, 9.11669,56281.42934,0
095919.14+090659.4,1109053013145,19.05,0.17,149.82974, 9.11645,56281.43679,0
095919.14+090659.4,1109053013145,19.25,0.19,149.82961, 9.11661,56281.44424,0
095919.14+090659.4,1109053013145,18.52,0.14,149.82992, 9.11698,56281.45166,0
095919.14+090659.4,1109053013145,18.87,0.16,149.82975, 9.11638,56309.38508,0
095919.14+090659.4,1109053013145,18.90,0.16,149.82976, 9.11653,56309.39078,0
095919.14+090659.4,1109053013145,18.50,0.14,149.83019, 9.11671,56309.39661,0
095919.14+090659.4,1109053013145,18.97,0.17,149.82961, 9.11646,56309.40242,0
095919.14+090659.4,1109053013145,18.94,0.17,149.82977, 9.11648,56328.26307,0
095919.14+090659.4,1109053013145,18.96,0.17,149.82969, 9.11654,56328.27096,0
095919.14+090659.4,1109053013145,19.04,0.18,149.82978, 9.11658,56328.27887,0
095919.14+090659.4,1109053013145,18.79,0.16,149.82965, 9.11644,56328.28691,0
095919.14+090659.4,1109053013145,19.10,0.18,149.82943, 9.11637,56352.35779,0
095919.14+090659.4,1109053013145,19.12,0.18,149.82991, 9.11647,56352.36286,0
095919.14+090659.4,1109053013145,18.86,0.16,149.82940, 9.11660,56352.36794,0
095919.14+090659.4,1109053013145,18.67,0.15,149.82971, 9.11660,56352.37311,0
095919.14+090659.4,1109053013145,18.98,0.17,149.82983, 9.11647,56363.22261,0
095919.14+090659.4,1109053013145,18.72,0.15,149.82990, 9.11653,56363.22766,0
095919.14+090659.4,1109053013145,19.13,0.18,149.82983, 9.11643,56363.23267,0
095919.14+090659.4,1109053013145,18.88,0.16,149.82981, 9.11644,56363.23777,0
095919.14+090659.4,1109053013145,19.97,0.32,149.82966, 9.11634,56371.13101,0
095919.14+090659.4,1109053013145,19.66,0.28,149.82964, 9.11672,56371.13494,0
095919.14+090659.4,1109053013145,19.22,0.22,149.83004, 9.11629,56371.14279,0
095919.14+090659.4,1109053013145,18.88,0.19,149.82979, 9.11661,56383.16355,0
095919.14+090659.4,1109053013145,19.25,0.24,149.82979, 9.11622,56383.17255,0
095919.14+090659.4,1109053013145,19.00,0.18,149.82962, 9.11630,56383.18642,0
095919.14+090659.4,1109053013145,18.71,0.16,149.82980, 9.11671,56383.19545,0
095919.14+090659.4,1109053013145,19.07,0.17,149.82970, 9.11647,56389.21572,0
095919.14+090659.4,1109053013145,18.79,0.15,149.82952, 9.11635,56389.23336,0
095919.14+090659.4,1109053013145,18.96,0.15,149.83005, 9.11660,56413.17015,0
095919.14+090659.4,1109053013145,19.06,0.16,149.82968, 9.11641,56413.17763,0
095919.14+090659.4,1109053013145,19.05,0.16,149.82985, 9.11654,56413.18512,0
095919.14+090659.4,1109053013145,18.89,0.15,149.82966, 9.11669,56413.19258,0
095919.14+090659.4,1109053013145,19.11,0.19,149.82980, 9.11642,56426.14044,0
095919.14+090659.4,1109053013145,18.53,0.15,149.82955, 9.11644,56426.14714,0
095919.14+090659.4,1109053013145,19.05,0.18,149.82990, 9.11640,56426.15339,0
095919.14+090659.4,1109053013145,19.08,0.19,149.82967, 9.11623,56426.15957,0
095919.14+090659.4,1109053013145,18.96,0.18,149.82938, 9.11672,56434.14753,0
095919.14+090659.4,1109053013145,19.44,0.22,149.83048, 9.11613,56434.14978,0
095919.14+090659.4,1109053013145,18.87,0.17,149.82990, 9.11644,56446.15642,0
095919.14+090659.4,1109053013145,18.88,0.17,149.82969, 9.11637,56446.16097,0
095919.14+090659.4,1109053013145,20.81,0.48,149.83030, 9.11908,56446.16097,1
095919.14+090659.4,1109053013145,18.87,0.17,149.82955, 9.11673,56446.16547,0
095919.14+090659.4,1109053013145,19.07,0.19,149.82961, 9.11670,56446.16999,0
095919.14+090659.4,1109053013145,18.79,0.16,149.82988, 9.11653,56590.48918,0
095919.14+090659.4,1109053013145,19.29,0.20,149.82978, 9.11632,56590.49324,0
095919.14+090659.4,1109053013145,18.77,0.16,149.82990, 9.11652,56590.49729,0
095919.14+090659.4,1109053013145,18.94,0.17,149.82990, 9.11662,56590.50135,0
095919.14+090659.4,1109053013145,18.58,0.15,149.82981, 9.11646,56596.46256,0
095919.14+090659.4,1109053013145,18.68,0.15,149.82977, 9.11661,56596.47025,0
095919.14+090659.4,1109053013145,18.71,0.15,149.83008, 9.11651,56596.47791,0
095919.14+090659.4,1109053013145,19.08,0.18,149.82994, 9.11633,56596.48557,0
095919.14+090659.4,2109137011314,22.45,0.46,149.82705, 9.11457,53743.41048,0
095919.14+090659.4,2109137011314,22.43,0.43,149.82655, 9.11444,54535.29518,0
095919.14+090659.4,2109137011314,22.65,0.57,149.82634, 9.11437,55241.28958,0
095919.14+090659.4,2109137011314,21.86,0.35,149.82631, 9.11424,55209.34443,0
095919.14+090659.4,2109137011314,22.16,0.38,149.82637, 9.11437,55602.34110,0
095919.14+090659.4,2109137011314,22.34,0.33,149.82647, 9.11420,55625.29272,0
095919.14+090659.4,2109137011314,21.83,0.32,149.82654, 9.11452,55980.25547,0
095919.14+090659.4,2109137011314,21.65,0.33,149.82647, 9.11432,56398.20185,0
095919.14+090659.4,2109137011314,21.67,0.29,149.82675, 9.11417,56680.42774,0
095919.14+090659.4,2109137011431,20.92,0.22,149.83086, 9.11932,55241.28239,0
095919.14+090659.4,2109137011431,22.14,0.38,149.83050, 9.11882,55922.42458,0
095919.14+090659.4,2109137011431,20.75,0.19,149.83081, 9.11930,55930.47814,0
095919.14+090659.4,2109137011431,22.51,0.46,149.82900, 9.11876,56680.43451,0
095919.14+090659.4,2109137011507,19.15,0.10,149.82975, 9.11649,54090.46869,0
095919.14+090659.4,2109137011507,19.19,0.10,149.82978, 9.11651,54090.47602,0
095919.14+090659.4,2109137011507,19.22,0.10,149.82980, 9.11650,54090.48350,0
095919.14+090659.4,2109137011507,19.25,0.10,149.82975, 9.11656,53743.41048,0
095919.14+090659.4,2109137011507,19.03,0.09,149.82976, 9.11650,53743.41683,0
095919.14+090659.4,2109137011507,18.98,0.09,149.82977, 9.11656,53743.42318,0
095919.14+090659.4,2109137011507,19.14,0.10,149.82978, 9.11653,53743.42954,0
095919.14+090659.4,2109137011507,19.26,0.10,149.82980, 9.11642,54440.48335,0
095919.14+090659.4,2109137011507,19.21,0.10,149.82972, 9.11652,54440.48789,0
095919.14+090659.4,2109137011507,19.29,0.10,149.82981, 9.11653,54440.49247,0
095919.14+090659.4,2109137011507,19.16,0.10,149.82981, 9.11654,54440.49696,0
095919.14+090659.4,2109137011507,19.15,0.09,149.82980, 9.11658,54465.38319,0
095919.14+090659.4,2109137011507,19.27,0.10,149.82974, 9.11657,54465.38895,0
095919.14+090659.4,2109137011507,19.24,0.10,149.82977, 9.11656,54465.39469,0
095919.14+090659.4,2109137011507,19.23,0.10,149.82981, 9.11653,54465.40055,0
095919.14+090659.4,2109137011507,19.18,0.10,149.82976, 9.11648,54503.34762,0
095919.14+090659.4,2109137011507,19.18,0.10,149.82975, 9.11651,54503.35680,0
095919.14+090659.4,2109137011507,19.10,0.09,149.82974, 9.11649,54503.36597,0
095919.14+090659.4,2109137011507,19.24,0.10,149.82981, 9.11650,54503.37514,0
095919.14+090659.4,2109137011507,19.17,0.10,149.82973, 9.11656,54480.35929,0
095919.14+090659.4,2109137011507,19.10,0.09,149.82976, 9.11660,54480.36607,0
095919.14+090659.4,2109137011507,19.07,0.09,149.82981, 9.11653,54480.37287,0
095919.14+090659.4,2109137011507,19.25,0.10,149.82974, 9.11653,54480.37962,0
095919.14+090659.4,2109137011507,19.17,0.10,149.82980, 9.11650,54535.27878,0
095919.14+090659.4,2109137011507,19.19,0.10,149.82975, 9.11653,54535.28701,0
095919.14+090659.4,2109137011507,19.22,0.10,149.82973, 9.11653,54535.29518,0
095919.14+090659.4,2109137011507,19.14,0.09,149.82973, 9.11646,54535.30337,0
095919.14+090659.4,2109137011507,19.20,0.11,149.82988, 9.11645,54765.48430,0
095919.14+090659.4,2109137011507,19.17,0.11,149.82981, 9.11649,54765.48881,0
095919.14+090659.4,2109137011507,19.10,0.10,149.82983, 9.11651,54765.49336,0
095919.14+090659.4,2109137011507,19.22,0.11,149.82986, 9.11646,54765.49779,0
095919.14+090659.4,2109137011507,19.28,0.10,149.82979, 9.11652,54851.38441,0
095919.14+090659.4,2109137011507,19.18,0.10,149.82978, 9.11656,54851.39466,0
095919.14+090659.4,2109137011507,19.11,0.09,149.82973, 9.11655,54851.40489,0
095919.14+090659.4,2109137011507,19.19,0.10,149.82977, 9.11654,54851.41507,0
095919.14+090659.4,2109137011507,19.19,0.10,149.82977, 9.11650,54921.17509,0
095919.14+090659.4,2109137011507,19.16,0.10,149.82980, 9.11650,54921.18746,0
095919.14+090659.4,2109137011507,19.29,0.10,149.82981, 9.11652,54921.19983,0
095919.14+090659.4,2109137011507,19.18,0.10,149.82977, 9.11651,54921.21221,0
095919.14+090659.4,2109137011507,19.16,0.10,149.82978, 9.11648,55241.27521,0
095919.14+090659.4,2109137011507,19.27,0.11,149.82978, 9.11649,55241.28239,0
095919.14+090659.4,2109137011507,19.17,0.10,149.82973, 9.11647,55241.28958,0
095919.14+090659.4,2109137011507,19.07,0.10,149.82978, 9.11655,55241.29674,0
095919.14+090659.4,2109137011507,19.10,0.10,149.82980, 9.11649,55209.33735,0
095919.14+090659.4,2109137011507,19.18,0.10,149.82980, 9.11655,55209.34443,0
095919.14+090659.4,2109137011507,19.11,0.10,149.82981, 9.11649,55209.36855,0
095919.14+090659.4,2109137011507,19.14,0.14,149.82976, 9.11646,55209.40479,0
095919.14+090659.4,2109137011507,19.17,0.10,149.82979, 9.11650,55602.32715,0
095919.14+090659.4,2109137011507,19.20,0.10,149.82977, 9.11655,55602.33410,0
095919.14+090659.4,2109137011507,19.13,0.10,149.82975, 9.11652,55602.34110,0
095919.14+090659.4,2109137011507,19.16,0.10,149.82977, 9.11650,55602.34805,0
095919.14+090659.4,2109137011507,19.18,0.10,149.82979, 9.11651,55585.43906,0
095919.14+090659.4,2109137011507,19.17,0.10,149.82965, 9.11656,55585.44435,0
095919.14+090659.4,2109137011507,19.24,0.10,149.82977, 9.11650,55585.44961,0
095919.14+090659.4,2109137011507,19.12,0.10,149.82969, 9.11654,55585.45488,0
095919.14+090659.4,2109137011507,19.08,0.08,149.82978, 9.11652,55625.29272,0
095919.14+090659.4,2109137011507,19.17,0.09,149.82978, 9.11653,55625.30098,0
095919.14+090659.4,2109137011507,19.06,0.08,149.82976, 9.11654,55625.30919,0
095919.14+090659.4,2109137011507,19.14,0.09,149.82975, 9.11649,55625.31749,0
095919.14+090659.4,2109137011507,19.17,0.10,149.82980, 9.11649,55922.41174,0
095919.14+090659.4,2109137011507,19.18,0.10,149.82978, 9.11649,55922.41813,0
095919.14+090659.4,2109137011507,19.05,0.09,149.82982, 9.11651,55922.42458,0
095919.14+090659.4,2109137011507,19.06,0.10,149.82975, 9.11649,55922.43088,0
095919.14+090659.4,2109137011507,19.03,0.09,149.82981, 9.11655,55930.47129,0
095919.14+090659.4,2109137011507,19.13,0.10,149.82977, 9.11650,55930.47814,0
095919.14+090659.4,2109137011507,19.16,0.10,149.82976, 9.11654,55930.48504,0
095919.14+090659.4,2109137011507,19.04,0.09,149.82981, 9.11655,55930.49195,0
095919.14+090659.4,2109137011507,19.08,0.10,149.82977, 9.11652,55980.24035,0
095919.14+090659.4,2109137011507,19.14,0.10,149.82983, 9.11651,55980.24792,0
095919.14+090659.4,2109137011507,19.09,0.10,149.82974, 9.11656,55980.25547,0
095919.14+090659.4,2109137011507,19.06,0.10,149.82978, 9.11650,55980.26300,0
095919.14+090659.4,2109137011507,19.21,0.10,149.82977, 9.11653,56015.22982,0
095919.14+090659.4,2109137011507,19.21,0.10,149.82977, 9.11652,56015.23561,0
095919.14+090659.4,2109137011507,19.09,0.10,149.82978, 9.11648,56015.24145,0
095919.14+090659.4,2109137011507,19.15,0.10,149.82977, 9.11651,56015.24723,0
095919.14+090659.4,2109137011507,19.16,0.10,149.82975, 9.11650,56067.17823,0
095919.14+090659.4,2109137011507,19.06,0.10,149.82976, 9.11653,56067.18516,0
095919.14+090659.4,2109137011507,19.24,0.10,149.82974, 9.11648,56067.19214,0
095919.14+090659.4,2109137011507,19.09,0.10,149.82975, 9.11652,56067.19915,0
095919.14+090659.4,2109137011507,19.12,0.10,149.82983, 9.11650,56339.28633,0
095919.14+090659.4,2109137011507,19.17,0.10,149.82973, 9.11652,56339.29215,0
095919.14+090659.4,2109137011507,19.13,0.10,149.82975, 9.11652,56339.29795,0
095919.14+090659.4,2109137011507,19.15,0.10,149.82975, 9.11653,56339.30425,0
095919.14+090659.4,2109137011507,19.18,0.11,149.82977, 9.11649,56366.23498,0
095919.14+090659.4,2109137011507,19.10,0.10,149.82977, 9.11652,56366.24085,0
095919.14+090659.4,2109137011507,19.11,0.10,149.82975, 9.11654,56366.24669,0
095919.14+090659.4,2109137011507,19.17,0.11,149.82972, 9.11654,56366.25250,0
095919.14+090659.4,2109137011507,19.20,0.12,149.82973, 9.11646,56390.16015,0
095919.14+090659.4,2109137011507,19.11,0.11,149.82978, 9.11654,56390.16535,0
095919.14+090659.4,2109137011507,19.13,0.11,149.82974, 9.11653,56390.17055,0
095919.14+090659.4,2109137011507,19.21,0.11,149.82973, 9.11650,56390.17586,0
095919.14+090659.4,2109137011507,18.98,0.11,149.82975, 9.11674,56398.18422,0
095919.14+090659.4,2109137011507,19.11,0.10,149.82963, 9.11653,56398.18999,0
095919.14+090659.4,2109137011507,19.13,0.11,149.82972, 9.11653,56398.19605,0
095919.14+090659.4,2109137011507,19.25,0.11,149.82978, 9.11652,56398.20185,0
095919.14+090659.4,2109137011507,19.05,0.10,149.82974, 9.11645,56651.50149,0
095919.14+090659.4,2109137011507,19.10,0.10,149.82981, 9.11652,56651.50999,0
095919.14+090659.4,2109137011507,19.18,0.10,149.82976, 9.11649,56651.51850,0
095919.14+090659.4,2109137011507,19.18,0.10,149.82982, 9.11647,56651.52699,0
095919.14+090659.4,2109137011507,19.17,0.10,149.82981, 9.11651,56667.40662,0
095919.14+090659.4,2109137011507,19.23,0.10,149.82979, 9.11645,56667.41238,0
095919.14+090659.4,2109137011507,19.15,0.10,149.82978, 9.11646,56667.41815,0
095919.14+090659.4,2109137011507,19.23,0.10,149.82982, 9.11651,56667.42390,0
095919.14+090659.4,2109137011507,19.23,0.10,149.82986, 9.11649,56680.41054,0
095919.14+090659.4,2109137011507,19.23,0.10,149.82979, 9.11647,56680.42098,0
095919.14+090659.4,2109137011507,19.28,0.10,149.82981, 9.11650,56680.42774,0
095919.14+090659.4,2109137011507,19.16,0.10,149.82976, 9.11651,56680.43451,0
095919.14+090659.4,2109137011544,21.23,0.24,149.82813, 9.12091,54090.47602,0
095919.14+090659.4,2109137011544,21.50,0.27,149.82851, 9.12073,53743.41048,0
095919.14+090659.4,2109137011544,21.91,0.32,149.82860, 9.12072,54440.48789,0
095919.14+090659.4,2109137011544,22.04,0.34,149.82821, 9.12093,54465.38895,0
095919.14+090659.4,2109137011544,20.28,0.14,149.82857, 9.12068,54465.40055,0
095919.14+090659.4,2109137011544,21.31,0.23,149.82841, 9.12095,54503.34762,0
095919.14+090659.4,2109137011544,22.73,0.50,149.82838, 9.12069,54503.36597,0
095919.14+090659.4,2109137011544,21.60,0.27,149.82856, 9.12086,54480.36607,0
095919.14+090659.4,2109137011544,21.87,0.31,149.82819, 9.12068,54480.37287,0
095919.14+090659.4,2109137011544,20.90,0.19,149.82848, 9.12071,54480.37962,0
095919.14+090659.4,2109137011544,21.73,0.29,149.82844, 9.12085,54535.27878,0
095919.14+090659.4,2109137011544,21.21,0.22,149.82824, 9.12088,54535.29518,0
095919.14+090659.4,2109137011544,21.04,0.20,149.82829, 9.12081,54535.30337,0
095919.14+090659.4,2109137011544,21.20,0.26,149.82848, 9.12068,54765.49779,0
095919.14+090659.4,2109137011544,21.50,0.26,149.82829, 9.12099,54851.38441,0
095919.14+090659.4,2109137011544,21.94,0.34,149.82796, 9.12106,54851.39466,0
095919.14+090659.4,2109137011544,21.77,0.31,149.82888, 9.12063,54851.39466,1
095919.14+090659.4,2109137011544,20.96,0.20,149.82825, 9.12091,54851.40489,0
095919.14+090659.4,2109137011544,21.30,0.24,149.82814, 9.12095,54851.41507,0
095919.14+090659.4,2109137011544,21.40,0.26,149.82801, 9.12099,54921.21221,0
095919.14+090659.4,2109137011544,22.64,0.57,149.82816, 9.12103,55241.27521,0
095919.14+090659.4,2109137011544,22.06,0.41,149.82815, 9.12109,55241.28958,0
095919.14+090659.4,2109137011544,22.11,0.42,149.82789, 9.12087,55241.29674,0
095919.14+090659.4,2109137011544,21.20,0.24,149.82837, 9.12087,55209.34443,0
095919.14+090659.4,2109137011544,21.40,0.28,149.82865, 9.12080,55209.36855,0
095919.14+090659.4,2109137011544,21.30,0.24,149.82859, 9.12077,55602.32715,0
095919.14+090659.4,2109137011544,21.23,0.23,149.82828, 9.12093,55602.33410,0
095919.14+090659.4,2109137011544,21.76,0.31,149.82797, 9.12101,55602.34110,0
095919.14+090659.4,2109137011544,21.80,0.31,149.82873, 9.12028,55602.34110,1
095919.14+090659.4,2109137011544,21.79,0.31,149.82819, 9.12120,55602.34805,0
095919.14+090659.4,2109137011544,21.41,0.25,149.82830, 9.12087,55585.44435,0
095919.14+090659.4,2109137011544,20.85,0.16,149.82841, 9.12088,55625.29272,0
095919.14+090659.4,2109137011544,21.82,0.25,149.82856, 9.12082,55625.30098,0
095919.14+090659.4,2109137011544,21.59,0.22,149.82787, 9.12114,55625.30919,0
095919.14+090659.4,2109137011544,21.98,0.27,149.82871, 9.12055,55625.30919,1
095919.14+090659.4,2109137011544,21.07,0.17,149.82824, 9.12091,55625.31749,0
095919.14+090659.4,2109137011544,21.61,0.29,149.82806, 9.12097,55922.41174,0
095919.14+090659.4,2109137011544,20.66,0.18,149.82835, 9.12089,55922.41813,0
095919.14+090659.4,2109137011544,21.49,0.27,149.82827, 9.12092,55922.42458,0
095919.14+090659.4,2109137011544,22.30,0.42,149.82879, 9.12097,55930.47129,0
095919.14+090659.4,2109137011544,21.42,0.26,149.82862, 9.12082,55930.47814,0
095919.14+090659.4,2109137011544,21.70,0.30,149.82819, 9.12088,55930.48504,0
095919.14+090659.4,2109137011544,21.43,0.26,149.82809, 9.12104,55980.24792,0
095919.14+090659.4,2109137011544,21.02,0.21,149.82802, 9.12099,55980.25547,0
095919.14+090659.4,2109137011544,21.53,0.28,149.82811, 9.12090,55980.26300,0
095919.14+090659.4,2109137011544,21.18,0.24,149.82824, 9.12094,56015.22982,0
095919.14+090659.4,2109137011544,20.97,0.21,149.82828, 9.12095,56015.24145,0
095919.14+090659.4,2109137011544,20.81,0.20,149.82813, 9.12075,56015.24723,0
095919.14+090659.4,2109137011544,20.85,0.20,149.82894, 9.12082,56067.17823,0
095919.14+090659.4,2109137011544,22.09,0.38,149.82763, 9.12077,56067.19214,0
095919.14+090659.4,2109137011544,20.85,0.20,149.82825, 9.12073,56067.19915,0
095919.14+090659.4,2109137011544,21.08,0.24,149.82815, 9.12105,56339.28633,0
095919.14+090659.4,2109137011544,21.19,0.25,149.82865, 9.12071,56339.29215,0
095919.14+090659.4,2109137011544,21.65,0.32,149.82862, 9.12066,56339.29795,0
095919.14+090659.4,2109137011544,21.45,0.29,149.82842, 9.12087,56339.30425,0
095919.14+090659.4,2109137011544,22.27,0.47,149.82793, 9.12096,56366.23498,0
095919.14+090659.4,2109137011544,21.53,0.31,149.82820, 9.12100,56366.24085,0
095919.14+090659.4,2109137011544,21.66,0.33,149.82781, 9.12102,56366.24669,0
095919.14+090659.4,2109137011544,21.27,0.27,149.82822, 9.12098,56366.25250,0
095919.14+090659.4,2109137011544,20.71,0.22,149.82853, 9.12067,56390.16535,0
095919.14+090659.4,2109137011544,21.85,0.38,149.82869, 9.12084,56390.17055,0
095919.14+090659.4,2109137011544,20.73,0.22,149.82842, 9.12076,56390.17586,0
095919.14+090659.4,2109137011544,21.84,0.37,149.82789, 9.12091,56398.20185,0
095919.14+090659.4,2109137011544,21.59,0.30,149.82842, 9.12099,56667.41238,0
095919.14+090659.4,2109137011544,21.46,0.28,149.82834, 9.12057,56667.41815,0
095919.14+090659.4,2109137011544,21.03,0.23,149.82844, 9.12074,56667.42390,0
095919.14+090659.4,2109137011544,21.44,0.26,149.82858, 9.12088,56680.41054,0
095919.14+090659.4,2109137011544,21.40,0.25,149.82846, 9.12078,56680.42774,0
095919.14+090659.4,2109137011544,21.20,0.23,149.82896, 9.12025,56680.43451,0
095919.14+090659.4,2109137011549,21.21,0.24,149.83129, 9.11964,54090.46869,0
095919.14+090659.4,2109137011549,21.25,0.24,149.83105, 9.11942,54090.47602,0
095919.14+090659.4,2109137011549,21.38,0.26,149.83100, 9.11940,54090.48350,0
095919.14+090659.4,2109137011549,22.02,0.36,149.83109, 9.11962,53743.41048,0
095919.14+090659.4,2109137011549,21.07,0.22,149.83146, 9.11967,53743.41683,0
095919.14+090659.4,2109137011549,20.68,0.18,149.83110, 9.11949,53743.42954,0
095919.14+090659.4,2109137011549,21.34,0.24,149.83138, 9.11960,54440.48789,0
095919.14+090659.4,2109137011549,21.25,0.23,149.83114, 9.11952,54440.49247,0
095919.14+090659.4,2109137011549,22.12,0.36,149.83104, 9.11947,54440.49696,0
095919.14+090659.4,2109137011549,21.01,0.20,149.83109, 9.11944,54465.38319,0
095919.14+090659.4,2109137011549,22.00,0.33,149.83128, 9.11970,54465.38895,0
095919.14+090659.4,2109137011549,21.09,0.21,149.83115, 9.11956,54465.39469,0
095919.14+090659.4,2109137011549,21.29,0.23,149.83122, 9.11953,54465.40055,0
095919.14+090659.4,2109137011549,20.97,0.20,149.83115, 9.11952,54503.34762,0
095919.14+090659.4,2109137011549,21.64,0.28,149.83112, 9.11953,54503.35680,0
095919.14+090659.4,2109137011549,20.78,0.18,149.83101, 9.11964,54503.37514,0
095919.14+090659.4,2109137011549,22.03,0.34,149.83112, 9.11945,54480.35929,0
095919.14+090659.4,2109137011549,21.13,0.21,149.83113, 9.11953,54480.36607,0
095919.14+090659.4,2109137011549,21.71,0.28,149.83136, 9.11966,54480.37287,0
095919.14+090659.4,2109137011549,21.13,0.21,149.83120, 9.11962,54535.27878,0
095919.14+090659.4,2109137011549,21.14,0.21,149.83124, 9.11952,54535.28701,0
095919.14+090659.4,2109137011549,20.82,0.18,149.83117, 9.11960,54535.29518,0
095919.14+090659.4,2109137011549,20.96,0.20,149.83118, 9.11961,54535.30337,0
095919.14+090659.4,2109137011549,21.61,0.32,149.83123, 9.11952,54765.48430,0
095919.14+090659.4,2109137011549,22.18,0.44,149.83114, 9.11962,54765.48881,0
095919.14+090659.4,2109137011549,21.23,0.26,149.83121, 9.11939,54765.49336,0
095919.14+090659.4,2109137011549,21.11,0.24,149.83129, 9.11959,54765.49779,0
095919.14+090659.4,2109137011549,21.33,0.24,149.83106, 9.11967,54851.38441,0
095919.14+090659.4,2109137011549,21.24,0.23,149.83108, 9.11953,54851.39466,0
095919.14+090659.4,2109137011549,20.81,0.19,149.83111, 9.11948,54851.40489,0
095919.14+090659.4,2109137011549,20.76,0.18,149.83113, 9.11951,54851.41507,0
095919.14+090659.4,2109137011549,20.50,0.17,149.83099, 9.11953,54921.17509,0
095919.14+090659.4,2109137011549,21.12,0.23,149.83102, 9.11950,54921.18746,0
095919.14+090659.4,2109137011549,21.35,0.26,149.83113, 9.11942,54921.19983,0
095919.14+090659.4,2109137011549,21.39,0.26,149.83103, 9.11949,54921.21221,0
095919.14+090659.4,2109137011549,20.92,0.22,149.83117, 9.11954,55241.27521,0
095919.14+090659.4,2109137011549,21.07,0.24,149.83114, 9.11954,55241.28958,0
095919.14+090659.4,2109137011549,20.73,0.20,149.83097, 9.11952,55241.29674,0
095919.14+090659.4,2109137011549,21.00,0.23,149.83131, 9.11976,55209.33735,0
095919.14+090659.4,2109137011549,20.72,0.19,149.83107, 9.11948,55209.34443,0
095919.14+090659.4,2109137011549,20.51,0.18,149.83129, 9.11950,55209.36855,0
095919.14+090659.4,2109137011549,21.05,0.21,149.83109, 9.11935,55602.32715,0
095919.14+090659.4,2109137011549,21.23,0.23,149.83112, 9.11957,55602.33410,0
095919.14+090659.4,2109137011549,21.41,0.25,149.83120, 9.11957,55602.34110,0
095919.14+090659.4,2109137011549,21.21,0.23,149.83115, 9.11961,55602.34805,0
095919.14+090659.4,2109137011549,21.85,0.32,149.83127, 9.11939,55585.44435,0
095919.14+090659.4,2109137011549,20.95,0.20,149.83131, 9.11953,55585.44961,0
095919.14+090659.4,2109137011549,20.85,0.16,149.83131, 9.11970,55625.29272,0
095919.14+090659.4,2109137011549,20.95,0.16,149.83113, 9.11961,55625.30098,0
095919.14+090659.4,2109137011549,20.87,0.16,149.83124, 9.11961,55625.30919,0
095919.14+090659.4,2109137011549,20.67,0.15,149.83102, 9.11975,55625.31749,0
095919.14+090659.4,2109137011549,21.39,0.26,149.83122, 9.11962,55922.41174,0
095919.14+090659.4,2109137011549,21.00,0.21,149.83127, 9.11970,55922.41813,0
095919.14+090659.4,2109137011549,21.40,0.26,149.83129, 9.11961,55922.42458,0
095919.14+090659.4,2109137011549,21.28,0.24,149.83116, 9.11956,55922.43088,0
095919.14+090659.4,2109137011549,21.70,0.30,149.83124, 9.11957,55930.48504,0
095919.14+090659.4,2109137011549,21.10,0.22,149.83109, 9.11956,55930.49195,0
095919.14+090659.4,2109137011549,20.73,0.19,149.83107, 9.11932,55980.24035,0
095919.14+090659.4,2109137011549,20.90,0.20,149.83106, 9.11959,55980.24792,0
095919.14+090659.4,2109137011549,20.91,0.20,149.83108, 9.11952,55980.25547,0
095919.14+090659.4,2109137011549,21.08,0.22,149.83125, 9.11963,55980.26300,0
095919.14+090659.4,2109137011549,20.99,0.22,149.83133, 9.11965,56015.22982,0
095919.14+090659.4,2109137011549,21.08,0.23,149.83118, 9.11973,56015.23561,0
095919.14+090659.4,2109137011549,21.49,0.28,149.83117, 9.11959,56015.24145,0
095919.14+090659.4,2109137011549,20.98,0.22,149.83118, 9.11953,56015.24723,0
095919.14+090659.4,2109137011549,20.94,0.21,149.83127, 9.11940,56067.17823,0
095919.14+090659.4,2109137011549,21.34,0.26,149.83137, 9.11963,56067.19214,0
095919.14+090659.4,2109137011549,21.18,0.24,149.83097, 9.11949,56067.19915,0
095919.14+090659.4,2109137011549,20.67,0.19,149.83116, 9.11959,56339.28633,0
095919.14+090659.4,2109137011549,21.51,0.30,149.83102, 9.11947,56339.29215,0
095919.14+090659.4,2109137011549,21.04,0.23,149.83127, 9.11956,56339.29795,0
095919.14+090659.4,2109137011549,21.05,0.23,149.83114, 9.11956,56339.30425,0
095919.14+090659.4,2109137011549,21.54,0.31,149.83107, 9.11960,56366.24085,0
095919.14+090659.4,2109137011549,20.79,0.21,149.83116, 9.11963,56366.24669,0
095919.14+090659.4,2109137011549,21.41,0.29,149.83117, 9.11967,56366.25250,0
095919.14+090659.4,2109137011549,20.51,0.21,149.83126, 9.11948,56390.16015,0
095919.14+090659.4,2109137011549,20.63,0.21,149.83099, 9.11964,56390.16535,0
095919.14+090659.4,2109137011549,21.00,0.24,149.83111, 9.11939,56390.17055,0
095919.14+090659.4,2109137011549,21.61,0.36,149.83122, 9.11974,56390.17586,0
095919.14+090659.4,2109137011549,20.91,0.23,149.83030, 9.12005,56398.18999,0
095919.14+090659.4,2109137011549,21.34,0.28,149.83088, 9.11948,56398.20185,0
095919.14+090659.4,2109137011549,21.51,0.29,149.83126, 9.12000,56651.50149,0
095919.14+090659.4,2109137011549,21.48,0.29,149.83116, 9.11950,56651.50999,0
095919.14+090659.4,2109137011549,21.04,0.23,149.83126, 9.11949,56651.51850,0
095919.14+090659.4,2109137011549,20.72,0.19,149.83114, 9.11962,56651.52699,0
095919.14+090659.4,2109137011549,21.01,0.22,149.83116, 9.11961,56667.40662,0
095919.14+090659.4,2109137011549,20.90,0.21,149.83135, 9.11952,56667.41238,0
095919.14+090659.4,2109137011549,20.48,0.17,149.83117, 9.11947,56667.41815,0
095919.14+090659.4,2109137011549,21.47,0.28,149.83116, 9.11945,56667.42390,0
095919.14+090659.4,2109137011549,21.00,0.21,149.83117, 9.11953,56680.41054,0
095919.14+090659.4,2109137011549,20.92,0.20,149.83125, 9.11929,56680.42098,0
095919.14+090659.4,2109137011549,20.99,0.21,149.83135, 9.11962,56680.42774,0
095919.14+090659.4,2109137011549,21.28,0.24,149.83111, 9.11968,56680.43451,0
150348.33+193941.3,1118078068475,16.28,0.07,225.95286,19.66569,53557.24292,0
150348.33+193941.3,1118078068475,16.34,0.07,225.95278,19.66572,53557.24933,0
150348.33+193941.3,1118078068475,16.29,0.07,225.95282,19.66569,53557.25572,0
150348.33+193941.3,1118078068475,16.34,0.07,225.95275,19.66576,53557.26212,0
150348.33+193941.3,1118078068475,16.22,0.07,225.95266,19.66556,53567.20348,0
150348.33+193941.3,1118078068475,16.20,0.07,225.95264,19.66517,53523.22604,0
150348.33+193941.3,1118078068475,16.48,0.11,225.95276,19.66573,53523.23140,0
150348.33+193941.3,1118078068475,16.41,0.08,225.95279,19.66571,53523.23677,0
150348.33+193941.3,1118078068475,16.26,0.07,225.95273,19.66579,53523.24214,0
150348.33+193941.3,1118078068475,16.31,0.06,225.95270,19.66579,53529.24589,0
150348.33+193941.3,1118078068475,16.35,0.06,225.95276,19.66580,53529.25665,0
150348.33+193941.3,1118078068475,16.34,0.06,225.95279,19.66573,53529.26734,0
150348.33+193941.3,1118078068475,16.34,0.06,225.95277,19.66576,53529.27810,0
150348.33+193941.3,1118078068475,16.34,0.07,225.95285,19.66574,53551.23712,0
150348.33+193941.3,1118078068475,16.34,0.07,225.95283,19.66571,53551.24471,0
150348.33+193941.3,1118078068475,16.29,0.07,225.95282,19.66569,53551.25230,0
150348.33+193941.3,1118078068475,16.32,0.07,225.95282,19.66570,53551.25988,0
150348.33+193941.3,1118078068475,16.37,0.07,225.95287,19.66570,53507.32125,0
150348.33+193941.3,1118078068475,16.30,0.08,225.95286,19.66567,53507.32930,0
150348.33+193941.3,1118078068475,16.34,0.08,225.95295,19.66568,53507.33734,0
150348.33+193941.3,1118078068475,16.38,0.08,225.95281,19.66573,53507.34535,0
150348.33+193941.3,1118078068475,16.35,0.07,225.95282,19.66571,53827.40078,0
150348.33+193941.3,1118078068475,16.31,0.07,225.95280,19.66570,53827.42012,0
150348.33+193941.3,1118078068475,16.29,0.07,225.95286,19.66573,53827.42785,0
150348.33+193941.3,1118078068475,16.32,0.07,225.95276,19.66570,53827.43577,0
150348.33+193941.3,1118078068475,16.23,0.07,225.95274,19.66540,53850.28728,0
150348.33+193941.3,1118078068475,16.26,0.07,225.95278,19.66535,53850.29292,0
150348.33+193941.3,1118078068475,16.19,0.07,225.95277,19.66538,53850.29849,0
150348.33+193941.3,1118078068475,16.27,0.08,225.95275,19.66574,53850.30406,0
150348.33+193941.3,1118078068475,16.31,0.13,225.95279,19.66557,53905.27193,0
150348.33+193941.3,1118078068475,16.34,0.13,225.95280,19.66565,53905.27330,0
150348.33+193941.3,1118078068475,16.31,0.12,225.95277,19.66576,53905.27468,0
150348.33+193941.3,1118078068475,16.31,0.13,225.95273,19.66558,53905.27606,0
150348.33+193941.3,1118078068475,16.25,0.07,225.95282,19.66534,53819.41200,0
150348.33+193941.3,1118078068475,16.18,0.07,225.95275,19.66523,53819.42085,0
150348.33+193941.3,1118078068475,16.30,0.07,225.95277,19.66576,53819.42976,0
150348.33+193941.3,1118078068475,16.24,0.07,225.95271,19.66575,53819.43865,0
150348.33+193941.3,1118078068475,16.33,0.07,225.95279,19.66574,53858.29858,0
150348.33+193941.3,1118078068475,16.28,0.07,225.95277,19.66578,53858.30668,0
150348.33+193941.3,1118078068475,16.25,0.07,225.95271,19.66537,53858.31478,0
150348.33+193941.3,1118078068475,16.35,0.07,225.95279,19.66577,53858.32284,0
150348.33+193941.3,1118078068475,16.33,0.08,225.95281,19.66572,53873.40043,0
150348.33+193941.3,1118078068475,16.55,0.09,225.95288,19.66599,53873.40464,0
150348.33+193941.3,1118078068475,16.28,0.08,225.95281,19.66577,53873.40886,0
150348.33+193941.3,1118078068475,16.26,0.08,225.95273,19.66547,53873.41306,0
150348.33+193941.3,1118078068475,16.36,0.07,225.95288,19.66575,53879.28953,0
150348.33+193941.3,1118078068475,16.34,0.07,225.95279,19.66574,53879.29752,0
150348.33+193941.3,1118078068475,16.32,0.07,225.95281,19.66574,53879.30552,0
150348.33+193941.3,1118078068475,16.30,0.07,225.95283,19.66577,53879.31351,0
150348.33+193941.3,1118078068475,16.30,0.07,225.95277,19.66575,54201.37018,0
150348.33+193941.3,1118078068475,16.35,0.07,225.95278,19.66575,54201.37948,0
150348.33+193941.3,1118078068475,16.29,0.07,225.95281,19.66567,54201.38873,0
150348.33+193941.3,1118078068475,16.35,0.07,225.95280,19.66576,54201.39800,0
150348.33+193941.3,1118078068475,16.32,0.07,225.95281,19.66568,54117.50032,0
150348.33+193941.3,1118078068475,16.22,0.07,225.95275,19.66573,54117.50698,0
150348.33+193941.3,1118078068475,16.36,0.07,225.95278,19.66573,54117.51362,0
150348.33+193941.3,1118078068475,16.36,0.07,225.95278,19.66568,54117.52028,0
150348.33+193941.3,1118078068475,16.28,0.07,225.95279,19.66577,54290.20143,0
150348.33+193941.3,1118078068475,16.30,0.07,225.95287,19.66576,54290.20836,0
150348.33+193941.3,1118078068475,16.34,0.07,225.95280,19.66574,54290.21529,0
150348.33+193941.3,1118078068475,16.24,0.07,225.95288,19.66575,54290.22220,0
150348.33+193941.3,1118078068475,16.30,0.07,225.95282,19.66575,54257.26595,0
150348.33+193941.3,1118078068475,16.29,0.07,225.95283,19.66572,54257.27557,0
150348.33+193941.3,1118078068475,16.27,0.07,225.95278,19.66574,54257.28523,0
150348.33+193941.3,1118078068475,16.34,0.07,225.95288,19.66576,54257.29489,0
150348.33+193941.3,1118078068475,16.31,0.07,225.95287,19.66573,54267.23490,0
150348.33+193941.3,1118078068475,16.32,0.07,225.95287,19.66579,54267.24297,0
150348.33+193941.3,1118078068475,16.31,0.07,225.95283,19.66574,54267.25105,0
150348.33+193941.3,1118078068475,16.31,0.07,225.95281,19.66572,54267.25913,0
150348.33+193941.3,1118078068475,16.33,0.07,225.95276,19.66568,54175.39046,0
150348.33+193941.3,1118078068475,16.34,0.07,225.95279,19.66574,54175.39834,0
150348.33+193941.3,1118078068475,16.37,0.07,225.95281,19.66574,54175.40620,0
150348.33+193941.3,1118078068475,16.29,0.07,225.95277,19.66570,54175.41405,0
150348.33+193941.3,1118078068475,16.34,0.07,225.95281,19.66579,54228.28700,0
150348.33+193941.3,1118078068475,16.26,0.07,225.95275,19.66575,54228.29562,0
150348.33+193941.3,1118078068475,16.30,0.07,225.95277,19.66580,54228.30421,0
150348.33+193941.3,1118078068475,16.35,0.07,225.95276,19.66568,54228.31285,0
150348.33+193941.3,1118078068475,16.31,0.07,225.95280,19.66574,54242.30667,0
150348.33+193941.3,1118078068475,16.31,0.07,225.95279,19.66577,54242.31480,0
150348.33+193941.3,1118078068475,16.30,0.07,225.95277,19.66569,54242.32295,0
150348.33+193941.3,1118078068475,16.31,0.07,225.95277,19.66576,54242.33108,0
150348.33+193941.3,1118078068475,16.25,0.07,225.95277,19.66574,54346.12717,0
150348.33+193941.3,1118078068475,16.30,0.07,225.95278,19.66577,54346.13147,0
150348.33+193941.3,1118078068475,16.33,0.07,225.95281,19.66576,54346.13575,0
150348.33+193941.3,1118078068475,16.31,0.07,225.95274,19.66568,54346.14004,0
150348.33+193941.3,1118078068475,16.32,0.07,225.95281,19.66575,54557.48585,0
150348.33+193941.3,1118078068475,16.28,0.07,225.95283,19.66576,54557.49030,0
150348.33+193941.3,1118078068475,16.32,0.07,225.95285,19.66571,54557.49478,0
150348.33+193941.3,1118078068475,16.29,0.07,225.95284,19.66575,54557.49932,0
150348.33+193941.3,1118078068475,16.31,0.07,225.95281,19.66573,54566.40305,0
150348.33+193941.3,1118078068475,16.32,0.07,225.95281,19.66569,54566.40877,0
150348.33+193941.3,1118078068475,16.34,0.07,225.95282,19.66570,54566.41449,0
150348.33+193941.3,1118078068475,16.34,0.07,225.95282,19.66570,54566.42024,0
150348.33+193941.3,1118078068475,16.28,0.07,225.95284,19.66579,54571.35542,0
150348.33+193941.3,1118078068475,16.31,0.07,225.95278,19.66573,54571.36188,0
150348.33+193941.3,1118078068475,16.34,0.07,225.95277,19.66581,54571.36835,0
150348.33+193941.3,1118078068475,16.28,0.07,225.95278,19.66579,54571.37483,0
150348.33+193941.3,1118078068475,16.31,0.07,225.95275,19.66575,54582.31467,0
150348.33+193941.3,1118078068475,16.24,0.07,225.95279,19.66573,54582.32221,0
150348.33+193941.3,1118078068475,16.31,0.07,225.95272,19.66570,54582.32976,0
150348.33+193941.3,1118078068475,16.39,0.07,225.95273,19.66579,54582.33728,0
150348.33+193941.3,1118078068475,16.31,0.07,225.95284,19.66571,54504.41829,0
150348.33+193941.3,1118078068475,16.28,0.07,225.95280,19.66572,54504.42618,0
150348.33+193941.3,1118078068475,16.31,0.07,225.95282,19.66566,54504.43405,0
150348.33+193941.3,1118078068475,16.29,0.07,225.95282,19.66573,54504.44195,0
150348.33+193941.3,1118078068475,16.34,0.07,225.95282,19.66579,54514.47110,0
150348.33+193941.3,1118078068475,16.32,0.07,225.95281,19.66583,54514.47768,0
150348.33+193941.3,1118078068475,16.33,0.07,225.95276,19.66577,54514.48432,0
150348.33+193941.3,1118078068475,16.35,0.07,225.95278,19.66574,54514.49088,0
150348.33+193941.3,1118078068475,16.35,0.07,225.95276,19.66576,54625.31638,0
150348.33+193941.3,1118078068475,16.32,0.07,225.95283,19.66576,54625.32358,0
150348.33+193941.3,1118078068475,16.30,0.07,225.95273,19.66579,54625.33088,0
150348.33+193941.3,1118078068475,16.30,0.07,225.95274,19.66572,54625.33813,0
150348.33+193941.3,1118078068475,16.39,0.07,225.95272,19.66576,54641.33347,0
150348.33+193941.3,1118078068475,16.36,0.07,225.95278,19.66578,54641.34002,0
150348.33+193941.3,1118078068475,16.36,0.07,225.95268,19.66580,54641.34661,0
150348.33+193941.3,1118078068475,16.36,0.07,225.95291,19.66569,54641.35315,0
150348.33+193941.3,1118078068475,16.38,0.07,225.95282,19.66572,54528.40893,0
150348.33+193941.3,1118078068475,16.34,0.07,225.95283,19.66574,54528.41551,0
150348.33+193941.3,1118078068475,16.32,0.07,225.95278,19.66576,54528.42209,0
150348.33+193941.3,1118078068475,16.32,0.07,225.95285,19.66578,54528.42867,0
150348.33+193941.3,1118078068475,16.37,0.07,225.95275,19.66574,54536.43816,0
150348.33+193941.3,1118078068475,16.31,0.07,225.95277,19.66575,54536.44414,0
150348.33+193941.3,1118078068475,16.33,0.07,225.95281,19.66577,54536.45011,0
150348.33+193941.3,1118078068475,16.35,0.07,225.95283,19.66578,54536.45608,0
150348.33+193941.3,1118078068475,16.28,0.07,225.95279,19.66572,54588.37189,0
150348.33+193941.3,1118078068475,16.33,0.07,225.95281,19.66575,54588.37682,0
150348.33+193941.3,1118078068475,16.32,0.07,225.95278,19.66575,54588.38178,0
150348.33+193941.3,1118078068475,16.32,0.07,225.95278,19.66573,54588.38673,0
150348.33+193941.3,1118078068475,16.30,0.07,225.95282,19.66575,54593.31770,0
150348.33+193941.3,1118078068475,16.33,0.07,225.95280,19.66575,54593.32362,0
150348.33+193941.3,1118078068475,16.35,0.07,225.95275,19.66576,54593.32953,0
150348.33+193941.3,1118078068475,16.36,0.07,225.95279,19.66576,54593.33541,0
150348.33+193941.3,1118078068475,16.31,0.07,225.95277,19.66577,54600.22853,0
150348.33+193941.3,1118078068475,16.45,0.07,225.95278,19.66581,54600.24142,0
150348.33+193941.3,1118078068475,16.29,0.07,225.95284,19.66580,54601.29502,0
150348.33+193941.3,1118078068475,16.34,0.07,225.95282,19.66573,54601.30164,0
150348.33+193941.3,1118078068475,16.30,0.07,225.95281,19.66568,54601.30823,0
150348.33+193941.3,1118078068475,16.28,0.07,225.95276,19.66575,54601.31485,0
150348.33+193941.3,1118078068475,16.34,0.07,225.95282,19.66573,54715.13756,0
150348.33+193941.3,1118078068475,16.37,0.07,225.95285,19.66578,54715.14407,0
150348.33+193941.3,1118078068475,16.28,0.07,225.95287,19.66574,54715.15061,0
150348.33+193941.3,1118078068475,16.36,0.07,225.95289,19.66582,54715.15709,0
150348.33+193941.3,1118078068475,16.30,0.07,225.95280,19.66579,54944.39454,0
150348.33+193941.3,1118078068475,16.37,0.07,225.95272,19.66578,54944.40174,0
150348.33+193941.3,1118078068475,16.20,0.07,225.95272,19.66575,54944.40879,0
150348.33+193941.3,1118078068475,16.34,0.07,225.95276,19.66580,54944.41596,0
150348.33+193941.3,1118078068475,16.36,0.07,225.95282,19.66575,54867.42580,0
150348.33+193941.3,1118078068475,16.39,0.07,225.95276,19.66582,54867.43787,0
150348.33+193941.3,1118078068475,16.38,0.08,225.95277,19.66574,54867.45005,0
150348.33+193941.3,1118078068475,16.38,0.07,225.95277,19.66573,54867.46234,0
150348.33+193941.3,1118078068475,16.29,0.07,225.95268,19.66575,54890.44372,0
150348.33+193941.3,1118078068475,16.34,0.07,225.95270,19.66573,54890.44959,0
150348.33+193941.3,1118078068475,16.24,0.07,225.95274,19.66578,54890.45561,0
150348.33+193941.3,1118078068475,16.25,0.07,225.95277,19.66580,54890.46164,0
150348.33+193941.3,1118078068475,16.32,0.07,225.95279,19.66572,54861.48797,0
150348.33+193941.3,1118078068475,16.33,0.07,225.95278,19.66580,54861.49662,0
150348.33+193941.3,1118078068475,16.28,0.07,225.95274,19.66581,54861.50525,0
150348.33+193941.3,1118078068475,16.31,0.07,225.95275,19.66572,54861.51406,0
150348.33+193941.3,1118078068475,16.32,0.07,225.95274,19.66575,54997.28027,0
150348.33+193941.3,1118078068475,16.32,0.07,225.95271,19.66579,54997.28516,0
150348.33+193941.3,1118078068475,16.31,0.07,225.95271,19.66578,54997.28996,0
150348.33+193941.3,1118078068475,16.27,0.07,225.95268,19.66579,54997.29477,0
150348.33+193941.3,1118078068475,16.33,0.07,225.95275,19.66584,54912.33591,0
150348.33+193941.3,1118078068475,16.31,0.07,225.95280,19.66580,54912.34071,0
150348.33+193941.3,1118078068475,16.28,0.07,225.95275,19.66580,54912.34552,0
150348.33+193941.3,1118078068475,16.33,0.07,225.95282,19.66582,54912.35041,0
150348.33+193941.3,1118078068475,16.33,0.07,225.95274,19.66581,54919.37530,0
150348.33+193941.3,1118078068475,16.38,0.07,225.95275,19.66578,54919.38195,0
150348.33+193941.3,1118078068475,16.33,0.07,225.95274,19.66580,54919.38850,0
150348.33+193941.3,1118078068475,16.33,0.07,225.95276,19.66582,54919.39521,0
150348.33+193941.3,1118078068475,16.35,0.07,225.95275,19.66572,54964.37867,0
150348.33+193941.3,1118078068475,16.33,0.07,225.95276,19.66567,54964.38554,0
150348.33+193941.3,1118078068475,16.26,0.07,225.95272,19.66573,54964.39242,0
150348.33+193941.3,1118078068475,16.33,0.07,225.95275,19.66575,54964.39941,0
150348.33+193941.3,1118078068475,16.33,0.07,225.95276,19.66575,54978.31385,0
150348.33+193941.3,1118078068475,16.29,0.07,225.95276,19.66579,54978.32182,0
150348.33+193941.3,1118078068475,16.30,0.07,225.95274,19.66571,54978.32966,0
150348.33+193941.3,1118078068475,16.30,0.07,225.95277,19.66576,54978.33800,0
150348.33+193941.3,1118078068475,16.42,0.08,225.95267,19.66573,55096.10082,0
150348.33+193941.3,1118078068475,16.36,0.08,225.95274,19.66571,55096.10527,0
150348.33+193941.3,1118078068475,16.35,0.08,225.95277,19.66573,55096.10977,0
150348.33+193941.3,1118078068475,16.26,0.07,225.95270,19.66577,55096.11407,0
150348.33+193941.3,1118078068475,16.32,0.07,225.95266,19.66576,55292.43428,0
150348.33+193941.3,1118078068475,16.35,0.07,225.95269,19.66572,55292.43995,0
150348.33+193941.3,1118078068475,16.32,0.07,225.95276,19.66570,55292.44575,0
150348.33+193941.3,1118078068475,16.29,0.07,225.95274,19.66572,55292.45159,0
150348.33+193941.3,1118078068475,16.26,0.07,225.95275,19.66566,55303.34576,0
150348.33+193941.3,1118078068475,16.30,0.07,225.95279,19.66569,55303.35261,0
150348.33+193941.3,1118078068475,16.33,0.07,225.95274,19.66568,55303.35947,0
150348.33+193941.3,1118078068475,16.31,0.07,225.95279,19.66567,55303.36637,0
150348.33+193941.3,1118078068475,16.34,0.07,225.95274,19.66571,55382.17722,0
150348.33+193941.3,1118078068475,16.31,0.07,225.95271,19.66576,55382.18566,0
150348.33+193941.3,1118078068475,16.30,0.07,225.95272,19.66572,55382.19417,0
150348.33+193941.3,1118078068475,16.33,0.07,225.95272,19.66572,55382.20275,0
150348.33+193941.3,1118078068475,16.38,0.08,225.95275,19.66569,55351.26961,0
150348.33+193941.3,1118078068475,16.31,0.07,225.95281,19.66567,55351.27760,0
150348.33+193941.3,1118078068475,16.35,0.07,225.95279,19.66569,55351.28505,0
150348.33+193941.3,1118078068475,16.31,0.07,225.95273,19.66568,55351.29249,0
150348.33+193941.3,1118078068475,16.33,0.07,225.95271,19.66567,55365.25411,0
150348.33+193941.3,1118078068475,16.31,0.07,225.95273,19.66565,55365.25918,0
150348.33+193941.3,1118078068475,16.31,0.07,225.95276,19.66569,55365.26437,0
150348.33+193941.3,1118078068475,16.29,0.07,225.95277,19.66566,55365.26953,0
150348.33+193941.3,1118078068475,16.30,0.07,225.95266,19.66569,55274.35942,0
150348.33+193941.3,1118078068475,16.32,0.07,225.95267,19.66568,55274.36699,0
150348.33+193941.3,1118078068475,16.32,0.07,225.95268,19.66570,55274.37443,0
150348.33+193941.3,1118078068475,16.26,0.07,225.95266,19.66565,55274.38196,0
150348.33+193941.3,1118078068475,16.33,0.07,225.95284,19.66567,55325.34682,0
150348.33+193941.3,1118078068475,16.32,0.07,225.95278,19.66566,55325.35437,0
150348.33+193941.3,1118078068475,16.33,0.07,225.95280,19.66565,55325.36190,0
150348.33+193941.3,1118078068475,16.33,0.07,225.95283,19.66562,55325.36942,0
150348.33+193941.3,1118078068475,16.33,0.07,225.95276,19.66572,55332.27822,0
150348.33+193941.3,1118078068475,16.31,0.07,225.95276,19.66563,55332.28515,0
150348.33+193941.3,1118078068475,16.33,0.07,225.95277,19.66570,55332.29205,0
150348.33+193941.3,1118078068475,16.34,0.07,225.95278,19.66569,55332.29896,0
150348.33+193941.3,1118078068475,16.30,0.07,225.95270,19.66561,55340.20822,0
150348.33+193941.3,1118078068475,16.17,0.07,225.95272,19.66568,55340.21447,0
150348.33+193941.3,1118078068475,16.29,0.07,225.95270,19.66565,55340.22076,0
150348.33+193941.3,1118078068475,16.33,0.07,225.95269,19.66568,55340.22665,0
150348.33+193941.3,1118078068475,16.34,0.07,225.95274,19.66577,55657.40636,0
150348.33+193941.3,1118078068475,16.36,0.07,225.95277,19.66576,55657.41212,0
150348.33+193941.3,1118078068475,16.31,0.07,225.95274,19.66575,55657.41783,0
150348.33+193941.3,1118078068475,16.34,0.07,225.95277,19.66580,55657.42362,0
150348.33+193941.3,1118078068475,16.42,0.07,225.95271,19.66581,55674.46262,0
150348.33+193941.3,1118078068475,16.35,0.07,225.95271,19.66588,55674.46951,0
150348.33+193941.3,1118078068475,16.32,0.07,225.95269,19.66581,55674.47643,0
150348.33+193941.3,1118078068475,16.34,0.07,225.95264,19.66580,55674.48328,0
150348.33+193941.3,1118078068475,16.31,0.07,225.95263,19.66581,55717.32205,0
150348.33+193941.3,1118078068475,16.36,0.07,225.95263,19.66580,55717.33135,0
150348.33+193941.3,1118078068475,16.33,0.07,225.95264,19.66576,55717.34061,0
150348.33+193941.3,1118078068475,16.37,0.07,225.95266,19.66582,55717.35003,0
150348.33+193941.3,1118078068475,16.34,0.07,225.95278,19.66582,55631.49085,0
150348.33+193941.3,1118078068475,16.36,0.07,225.95277,19.66575,55631.49603,0
150348.33+193941.3,1118078068475,16.37,0.07,225.95279,19.66581,55631.50124,0
150348.33+193941.3,1118078068475,16.33,0.07,225.95276,19.66577,55631.50643,0
150348.33+193941.3,1118078068475,16.28,0.07,225.95276,19.66575,55649.38451,0
150348.33+193941.3,1118078068475,16.31,0.07,225.95273,19.66573,55649.39262,0
150348.33+193941.3,1118078068475,16.34,0.07,225.95275,19.66575,55649.40072,0
150348.33+193941.3,1118078068475,16.34,0.07,225.95268,19.66574,55649.40883,0
150348.33+193941.3,1118078068475,16.33,0.07,225.95264,19.66577,55683.37095,0
150348.33+193941.3,1118078068475,16.33,0.07,225.95266,19.66580,55683.38143,0
150348.33+193941.3,1118078068475,16.30,0.07,225.95271,19.66578,55683.39198,0
150348.33+193941.3,1118078068475,16.34,0.07,225.95263,19.66576,55683.40252,0
150348.33+193941.3,1118078068475,16.35,0.07,225.95258,19.66578,55689.34322,0
150348.33+193941.3,1118078068475,16.30,0.07,225.95264,19.66582,55689.34967,0
150348.33+193941.3,1118078068475,16.35,0.07,225.95268,19.66584,55689.35605,0
150348.33+193941.3,1118078068475,16.37,0.07,225.95263,19.66581,55689.36250,0
150348.33+193941.3,1118078068475,16.32,0.07,225.95263,19.66577,55701.35001,0
150348.33+193941.3,1118078068475,16.32,0.07,225.95270,19.66580,55701.35795,0
150348.33+193941.3,1118078068475,16.36,0.07,225.95264,19.66577,55701.36586,0
150348.33+193941.3,1118078068475,16.32,0.07,225.95265,19.66578,55701.37373,0
150348.33+193941.3,1118078068475,16.36,0.07,225.95277,19.66565,55944.51420,0
150348.33+193941.3,1118078068475,16.34,0.07,225.95268,19.66566,55944.51923,0
150348.33+193941.3,1118078068475,16.31,0.07,225.95275,19.66566,55944.52430,0
150348.33+193941.3,1118078068475,16.31,0.07,225.95269,19.66567,55944.52936,0
150348.33+193941.3,1118078068475,16.28,0.07,225.95276,19.66574,55980.50756,0
150348.33+193941.3,1118078068475,16.32,0.07,225.95278,19.66577,55980.51542,0
150348.33+193941.3,1118078068475,16.27,0.07,225.95271,19.66570,55980.52339,0
150348.33+193941.3,1118078068475,16.29,0.07,225.95273,19.66572,55980.53132,0
150348.33+193941.3,1118078068475,16.35,0.07,225.95274,19.66571,55988.41879,0
150348.33+193941.3,1118078068475,16.28,0.07,225.95276,19.66575,55988.42512,0
150348.33+193941.3,1118078068475,16.32,0.07,225.95278,19.66570,55988.43149,0
150348.33+193941.3,1118078068475,16.31,0.07,225.95271,19.66578,55988.43792,0
150348.33+193941.3,1118078068475,16.30,0.07,225.95273,19.66566,56000.47494,0
150348.33+193941.3,1118078068475,16.28,0.07,225.95270,19.66564,56000.48000,0
150348.33+193941.3,1118078068475,16.36,0.07,225.95269,19.66566,56000.48510,0
150348.33+193941.3,1118078068475,16.31,0.07,225.95274,19.66569,56000.49023,0
150348.33+193941.3,1118078068475,16.30,0.07,225.95275,19.66564,56009.37996,0
150348.33+193941.3,1118078068475,16.36,0.07,225.95276,19.66565,56009.38791,0
150348.33+193941.3,1118078068475,16.33,0.07,225.95274,19.66567,56009.39585,0
150348.33+193941.3,1118078068475,16.31,0.07,225.95271,19.66570,56009.40373,0
150348.33+193941.3,1118078068475,16.31,0.07,225.95273,19.66565,56036.34487,0
150348.33+193941.3,1118078068475,16.32,0.07,225.95277,19.66568,56036.34995,0
150348.33+193941.3,1118078068475,16.32,0.07,225.95274,19.66567,56036.35504,0
150348.33+193941.3,1118078068475,16.30,0.07,225.95274,19.66567,56036.36014,0
150348.33+193941.3,1118078068475,16.27,0.07,225.95276,19.66567,56042.29069,0
150348.33+193941.3,1118078068475,16.35,0.07,225.95268,19.66575,56048.41695,0
150348.33+193941.3,1118078068475,16.33,0.07,225.95274,19.66572,56048.42544,0
150348.33+193941.3,1118078068475,16.33,0.07,225.95275,19.66573,56048.43398,0
150348.33+193941.3,1118078068475,16.31,0.07,225.95274,19.66572,56048.44261,0
150348.33+193941.3,1118078068475,16.32,0.07,225.95279,19.66568,56062.37843,0
150348.33+193941.3,1118078068475,16.34,0.07,225.95279,19.66569,56062.38700,0
150348.33+193941.3,1118078068475,16.35,0.07,225.95278,19.66571,56062.39549,0
150348.33+193941.3,1118078068475,16.26,0.07,225.95272,19.66571,56062.40409,0
150348.33+193941.3,1118078068475,16.33,0.07,225.95275,19.66577,56070.32106,0
150348.33+193941.3,1118078068475,16.26,0.07,225.95279,19.66575,56070.32793,0
150348.33+193941.3,1118078068475,16.32,0.07,225.95278,19.66572,56070.33476,0
150348.33+193941.3,1118078068475,16.31,0.07,225.95277,19.66568,56070.34167,0
150348.33+193941.3,1118078068475,16.31,0.07,225.95283,19.66562,56090.26821,0
150348.33+193941.3,1118078068475,16.31,0.07,225.95274,19.66564,56090.27608,0
150348.33+193941.3,1118078068475,16.35,0.07,225.95281,19.66565,56090.28403,0
150348.33+193941.3,1118078068475,16.35,0.07,225.95272,19.66566,56090.29188,0
150348.33+193941.3,1118078068475,16.34,0.07,225.95271,19.66578,56358.42620,0
150348.33+193941.3,1118078068475,16.32,0.07,225.95269,19.66574,56358.43411,0
150348.33+193941.3,1118078068475,16.34,0.07,225.95274,19.66574,56358.44199,0
150348.33+193941.3,1118078068475,16.29,0.07,225.95277,19.66575,56358.44996,0
150348.33+193941.3,1118078068475,16.33,0.07,225.95268,19.66578,56367.46051,0
150348.33+193941.3,1118078068475,16.37,0.07,225.95269,19.66580,56367.47011,0
150348.33+193941.3,1118078068475,16.31,0.07,225.95270,19.66578,56367.47975,0
150348.33+193941.3,1118078068475,16.32,0.07,225.95266,19.66574,56367.48931,0
150348.33+193941.3,1118078068475,16.26,0.07,225.95273,19.66575,56385.46135,0
150348.33+193941.3,1118078068475,16.28,0.07,225.95265,19.66581,56385.46638,0
150348.33+193941.3,1118078068475,16.35,0.07,225.95270,19.66574,56385.47150,0
150348.33+193941.3,1118078068475,16.34,0.07,225.95270,19.66573,56385.47661,0
150348.33+193941.3,1118078068475,16.29,0.07,225.95272,19.66575,56392.47183,0
150348.33+193941.3,1118078068475,16.32,0.07,225.95270,19.66579,56392.47526,0
150348.33+193941.3,1118078068475,16.29,0.07,225.95272,19.66579,56392.47865,0
150348.33+193941.3,1118078068475,16.34,0.07,225.95268,19.66576,56392.48210,0
150348.33+193941.3,1118078068475,16.33,0.07,225.95271,19.66579,56403.32869,0
150348.33+193941.3,1118078068475,16.34,0.07,225.95272,19.66576,56403.33607,0
150348.33+193941.3,1118078068475,16.25,0.07,225.95272,19.66570,56403.34340,0
150348.33+193941.3,1118078068475,16.33,0.07,225.95267,19.66576,56403.35080,0
150348.33+193941.3,1118078068475,16.31,0.07,225.95282,19.66578,56415.36232,0
150348.33+193941.3,1118078068475,16.30,0.07,225.95271,19.66580,56415.37034,0
150348.33+193941.3,1118078068475,16.31,0.07,225.95271,19.66576,56415.37826,0
150348.33+193941.3,1118078068475,16.29,0.07,225.95275,19.66570,56415.38627,0
150348.33+193941.3,1118078068475,16.31,0.07,225.95270,19.66580,56425.31488,0
150348.33+193941.3,1118078068475,16.30,0.07,225.95266,19.66578,56425.32171,0
150348.33+193941.3,1118078068475,16.36,0.07,225.95275,19.66574,56425.32849,0
150348.33+193941.3,1118078068475,16.26,0.07,225.95276,19.66576,56425.33532,0
150348.33+193941.3,1118078068475,16.34,0.07,225.95271,19.66575,56431.23426,0
150348.33+193941.3,1118078068475,16.33,0.07,225.95265,19.66576,56431.23990,0
150348.33+193941.3,1118078068475,16.26,0.07,225.95270,19.66565,56431.24553,0
150348.33+193941.3,1118078068475,16.23,0.07,225.95269,19.66569,56431.25121,0
150348.33+193941.3,1118078068475,16.33,0.07,225.95263,19.66583,56445.32369,0
150348.33+193941.3,1118078068475,16.37,0.07,225.95271,19.66584,56445.33161,0
150348.33+193941.3,1118078068475,16.32,0.07,225.95264,19.66578,56445.33954,0
150348.33+193941.3,1118078068475,16.36,0.07,225.95270,19.66583,56445.34749,0
150348.33+193941.3,1118078068475,16.35,0.07,225.95271,19.66579,56452.31995,0
150348.33+193941.3,1118078068475,16.30,0.07,225.95269,19.66574,56452.32619,0
150348.33+193941.3,1118078068475,16.39,0.07,225.95276,19.66575,56452.33244,0
150348.33+193941.3,1118078068475,16.30,0.07,225.95275,19.66576,56452.33866,0
150348.33+193941.3,1118078068475,16.29,0.07,225.95266,19.66582,56459.27792,0
150348.33+193941.3,1118078068475,16.35,0.07,225.95267,19.66584,56459.28579,0
150348.33+193941.3,1118078068475,16.29,0.07,225.95264,19.66578,56459.29360,0
150348.33+193941.3,1118078068475,16.35,0.07,225.95266,19.66581,56459.30151,0
150348.33+193941.3,1118078068475,16.39,0.07,225.95288,19.66573,56540.14100,0
150348.33+193941.3,1118078068475,16.30,0.07,225.95291,19.66573,56540.14591,0
150348.33+193941.3,1118078068475,16.30,0.07,225.95284,19.66573,56540.15097,0
150348.33+193941.3,1118078068475,16.32,0.07,225.95291,19.66574,56540.15598,0
150348.33+193941.3,1118078068503,18.71,0.15,225.95126,19.66157,53557.24292,0
150348.33+193941.3,1118078068503,18.55,0.14,225.95140,19.66164,53557.24933,0
150348.33+193941.3,1118078068503,18.64,0.15,225.95148,19.66139,53557.25572,0
150348.33+193941.3,1118078068503,18.74,0.16,225.95147,19.66164,53557.26212,0
150348.33+193941.3,1118078068503,18.03,0.14,225.95181,19.66172,53523.23677,0
150348.33+193941.3,1118078068503,18.62,0.15,225.95143,19.66155,53523.24214,0
150348.33+193941.3,1118078068503,18.68,0.11,225.95114,19.66158,53529.24589,0
150348.33+193941.3,1118078068503,18.85,0.12,225.95122,19.66180,53529.25665,0
150348.33+193941.3,1118078068503,18.65,0.11,225.95130,19.66168,53529.26734,0
150348.33+193941.3,1118078068503,18.67,0.11,225.95119,19.66168,53529.27810,0
150348.33+193941.3,1118078068503,18.87,0.16,225.95132,19.66152,53551.23712,0
150348.33+193941.3,1118078068503,18.35,0.13,225.95120,19.66175,53551.24471,0
150348.33+193941.3,1118078068503,18.18,0.12,225.95114,19.66158,53551.25230,0
150348.33+193941.3,1118078068503,18.38,0.13,225.95153,19.66160,53551.25988,0
150348.33+193941.3,1118078068503,19.10,0.19,225.95169,19.66169,53507.32125,0
150348.33+193941.3,1118078068503,18.99,0.21,225.95087,19.66159,53507.32930,0
150348.33+193941.3,1118078068503,17.70,0.13,225.95089,19.66192,53507.33734,0
150348.33+193941.3,1118078068503,18.65,0.18,225.95213,19.66144,53507.34535,0
150348.33+193941.3,1118078068503,18.67,0.15,225.95133,19.66172,53827.40078,0
150348.33+193941.3,1118078068503,18.75,0.16,225.95127,19.66153,53827.42012,0
150348.33+193941.3,1118078068503,18.70,0.15,225.95137,19.66158,53827.42785,0
150348.33+193941.3,1118078068503,18.79,0.16,225.95141,19.66167,53827.43577,0
150348.33+193941.3,1118078068503,18.78,0.18,225.95135,19.66154,53850.30406,0
150348.33+193941.3,1118078068503,18.82,0.18,225.95136,19.66177,53819.42976,0
150348.33+193941.3,1118078068503,18.61,0.15,225.95138,19.66173,53819.43865,0
150348.33+193941.3,1118078068503,19.15,0.19,225.95140,19.66160,53858.29858,0
150348.33+193941.3,1118078068503,18.82,0.16,225.95151,19.66169,53858.30668,0
150348.33+193941.3,1118078068503,18.55,0.15,225.95129,19.66181,53858.32284,0
150348.33+193941.3,1118078068503,18.58,0.18,225.95153,19.66161,53873.40043,0
150348.33+193941.3,1118078068503,18.81,0.21,225.95153,19.66156,53873.40464,0
150348.33+193941.3,1118078068503,18.30,0.16,225.95152,19.66163,53873.40886,0
150348.33+193941.3,1118078068503,18.79,0.16,225.95120,19.66143,53879.28953,0
150348.33+193941.3,1118078068503,18.60,0.15,225.95157,19.66176,53879.29752,0
150348.33+193941.3,1118078068503,18.82,0.16,225.95125,19.66162,53879.30552,0
150348.33+193941.3,1118078068503,18.62,0.15,225.95150,19.66179,53879.31351,0
150348.33+193941.3,1118078068503,18.89,0.16,225.95133,19.66167,54201.37018,0
150348.33+193941.3,1118078068503,18.65,0.15,225.95154,19.66162,54201.37948,0
150348.33+193941.3,1118078068503,18.69,0.15,225.95148,19.66179,54201.38873,0
150348.33+193941.3,1118078068503,18.67,0.15,225.95123,19.66176,54201.39800,0
150348.33+193941.3,1118078068503,18.69,0.14,225.95142,19.66162,54117.50032,0
150348.33+193941.3,1118078068503,18.47,0.13,225.95120,19.66166,54117.50698,0
150348.33+193941.3,1118078068503,18.66,0.14,225.95155,19.66172,54117.51362,0
150348.33+193941.3,1118078068503,18.59,0.14,225.95128,19.66166,54117.52028,0
150348.33+193941.3,1118078068503,19.05,0.19,225.95137,19.66149,54290.20143,0
150348.33+193941.3,1118078068503,18.79,0.17,225.95136,19.66185,54290.20836,0
150348.33+193941.3,1118078068503,18.50,0.15,225.95142,19.66164,54290.21529,0
150348.33+193941.3,1118078068503,18.70,0.16,225.95125,19.66153,54290.22220,0
150348.33+193941.3,1118078068503,18.70,0.15,225.95138,19.66176,54257.26595,0
150348.33+193941.3,1118078068503,19.16,0.19,225.95147,19.66162,54257.27557,0
150348.33+193941.3,1118078068503,19.02,0.17,225.95146,19.66172,54257.28523,0
150348.33+193941.3,1118078068503,18.60,0.15,225.95133,19.66148,54257.29489,0
150348.33+193941.3,1118078068503,18.78,0.16,225.95112,19.66151,54267.23490,0
150348.33+193941.3,1118078068503,18.44,0.14,225.95141,19.66188,54267.24297,0
150348.33+193941.3,1118078068503,18.76,0.16,225.95142,19.66156,54267.25105,0
150348.33+193941.3,1118078068503,18.58,0.15,225.95128,19.66176,54267.25913,0
150348.33+193941.3,1118078068503,18.64,0.14,225.95140,19.66171,54175.39046,0
150348.33+193941.3,1118078068503,18.38,0.13,225.95149,19.66175,54175.39834,0
150348.33+193941.3,1118078068503,18.49,0.13,225.95138,19.66171,54175.40620,0
150348.33+193941.3,1118078068503,18.60,0.14,225.95134,19.66137,54175.41405,0
150348.33+193941.3,1118078068503,18.29,0.13,225.95121,19.66158,54228.28700,0
150348.33+193941.3,1118078068503,18.62,0.15,225.95124,19.66161,54228.29562,0
150348.33+193941.3,1118078068503,18.94,0.17,225.95129,19.66177,54228.30421,0
150348.33+193941.3,1118078068503,18.35,0.13,225.95136,19.66164,54228.31285,0
150348.33+193941.3,1118078068503,18.71,0.15,225.95112,19.66175,54242.30667,0
150348.33+193941.3,1118078068503,18.83,0.16,225.95142,19.66176,54242.31480,0
150348.33+193941.3,1118078068503,18.66,0.15,225.95121,19.66156,54242.32295,0
150348.33+193941.3,1118078068503,18.77,0.16,225.95134,19.66167,54242.33108,0
150348.33+193941.3,1118078068503,19.00,0.17,225.95140,19.66188,54346.12717,0
150348.33+193941.3,1118078068503,18.58,0.14,225.95119,19.66175,54346.13147,0
150348.33+193941.3,1118078068503,18.51,0.14,225.95138,19.66181,54346.13575,0
150348.33+193941.3,1118078068503,18.41,0.13,225.95135,19.66154,54346.14004,0
150348.33+193941.3,1118078068503,18.45,0.14,225.95121,19.66161,54557.48585,0
150348.33+193941.3,1118078068503,18.20,0.12,225.95142,19.66180,54557.49030,0
150348.33+193941.3,1118078068503,18.62,0.14,225.95161,19.66162,54557.49478,0
150348.33+193941.3,1118078068503,18.56,0.14,225.95122,19.66159,54557.49932,0
150348.33+193941.3,1118078068503,18.78,0.16,225.95112,19.66164,54566.40305,0
150348.33+193941.3,1118078068503,18.78,0.15,225.95139,19.66172,54566.40877,0
150348.33+193941.3,1118078068503,18.51,0.14,225.95137,19.66152,54566.41449,0
150348.33+193941.3,1118078068503,18.59,0.14,225.95160,19.66171,54566.42024,0
150348.33+193941.3,1118078068503,18.53,0.14,225.95164,19.66167,54571.35542,0
150348.33+193941.3,1118078068503,18.48,0.13,225.95130,19.66174,54571.36188,0
150348.33+193941.3,1118078068503,18.36,0.13,225.95151,19.66170,54571.36835,0
150348.33+193941.3,1118078068503,18.86,0.16,225.95152,19.66172,54571.37483,0
150348.33+193941.3,1118078068503,18.47,0.13,225.95130,19.66187,54582.31467,0
150348.33+193941.3,1118078068503,18.81,0.16,225.95158,19.66171,54582.32221,0
150348.33+193941.3,1118078068503,18.46,0.13,225.95137,19.66154,54582.32976,0
150348.33+193941.3,1118078068503,18.42,0.13,225.95095,19.66145,54582.33728,0
150348.33+193941.3,1118078068503,18.72,0.14,225.95159,19.66174,54504.41829,0
150348.33+193941.3,1118078068503,18.75,0.14,225.95143,19.66183,54504.42618,0
150348.33+193941.3,1118078068503,18.97,0.15,225.95121,19.66168,54504.43405,0
150348.33+193941.3,1118078068503,18.76,0.14,225.95146,19.66165,54504.44195,0
150348.33+193941.3,1118078068503,18.50,0.13,225.95134,19.66178,54514.47110,0
150348.33+193941.3,1118078068503,18.61,0.14,225.95129,19.66172,54514.47768,0
150348.33+193941.3,1118078068503,18.68,0.14,225.95119,19.66157,54514.48432,0
150348.33+193941.3,1118078068503,18.63,0.14,225.95129,19.66172,54514.49088,0
150348.33+193941.3,1118078068503,18.62,0.14,225.95105,19.66179,54625.31638,0
150348.33+193941.3,1118078068503,18.48,0.14,225.95131,19.66172,54625.32358,0
150348.33+193941.3,1118078068503,18.69,0.15,225.95127,19.66169,54625.33088,0
150348.33+193941.3,1118078068503,18.50,0.14,225.95124,19.66156,54625.33813,0
150348.33+193941.3,1118078068503,18.40,0.14,225.95135,19.66163,54641.33347,0
150348.33+193941.3,1118078068503,19.25,0.21,225.95124,19.66154,54641.34002,0
150348.33+193941.3,1118078068503,19.11,0.20,225.95122,19.66174,54641.34661,0
150348.33+193941.3,1118078068503,18.99,0.19,225.95159,19.66163,54641.35315,0
150348.33+193941.3,1118078068503,18.57,0.14,225.95160,19.66172,54528.40893,0
150348.33+193941.3,1118078068503,18.99,0.16,225.95145,19.66179,54528.41551,0
150348.33+193941.3,1118078068503,18.88,0.16,225.95138,19.66164,54528.42209,0
150348.33+193941.3,1118078068503,18.71,0.14,225.95156,19.66189,54528.42867,0
150348.33+193941.3,1118078068503,18.60,0.14,225.95155,19.66159,54536.43816,0
150348.33+193941.3,1118078068503,18.68,0.14,225.95131,19.66178,54536.44414,0
150348.33+193941.3,1118078068503,18.68,0.14,225.95147,19.66166,54536.45011,0
150348.33+193941.3,1118078068503,18.63,0.14,225.95145,19.66178,54536.45608,0
150348.33+193941.3,1118078068503,18.64,0.14,225.95125,19.66153,54588.37189,0
150348.33+193941.3,1118078068503,18.53,0.14,225.95126,19.66165,54588.37682,0
150348.33+193941.3,1118078068503,18.65,0.14,225.95136,19.66188,54588.38178,0
150348.33+193941.3,1118078068503,18.67,0.14,225.95144,19.66163,54588.38673,0
150348.33+193941.3,1118078068503,18.44,0.13,225.95129,19.66166,54593.31770,0
150348.33+193941.3,1118078068503,18.56,0.14,225.95127,19.66172,54593.32362,0
150348.33+193941.3,1118078068503,18.82,0.15,225.95134,19.66177,54593.32953,0
150348.33+193941.3,1118078068503,18.89,0.16,225.95124,19.66161,54593.33541,0
150348.33+193941.3,1118078068503,18.90,0.16,225.95121,19.66163,54600.22210,0
150348.33+193941.3,1118078068503,18.74,0.15,225.95120,19.66199,54600.22853,0
150348.33+193941.3,1118078068503,18.88,0.16,225.95153,19.66177,54600.23497,0
150348.33+193941.3,1118078068503,18.41,0.13,225.95161,19.66205,54600.24142,0
150348.33+193941.3,1118078068503,18.53,0.14,225.95134,19.66164,54601.29502,0
150348.33+193941.3,1118078068503,18.43,0.13,225.95154,19.66156,54601.30164,0
150348.33+193941.3,1118078068503,18.50,0.14,225.95157,19.66162,54601.30823,0
150348.33+193941.3,1118078068503,18.38,0.13,225.95130,19.66162,54601.31485,0
150348.33+193941.3,1118078068503,18.66,0.15,225.95126,19.66171,54715.13756,0
150348.33+193941.3,1118078068503,18.33,0.13,225.95131,19.66155,54715.14407,0
150348.33+193941.3,1118078068503,18.41,0.13,225.95149,19.66179,54715.15061,0
150348.33+193941.3,1118078068503,18.47,0.14,225.95138,19.66170,54715.15709,0
150348.33+193941.3,1118078068503,18.44,0.13,225.95137,19.66181,54944.39454,0
150348.33+193941.3,1118078068503,18.49,0.13,225.95131,19.66167,54944.40174,0
150348.33+193941.3,1118078068503,18.47,0.14,225.95139,19.66178,54944.40879,0
150348.33+193941.3,1118078068503,18.63,0.14,225.95157,19.66192,54944.41596,0
150348.33+193941.3,1118078068503,18.72,0.16,225.95146,19.66160,54867.42580,0
150348.33+193941.3,1118078068503,18.28,0.14,225.95148,19.66180,54867.43787,0
150348.33+193941.3,1118078068503,18.75,0.17,225.95136,19.66164,54867.45005,0
150348.33+193941.3,1118078068503,18.40,0.14,225.95136,19.66155,54867.46234,0
150348.33+193941.3,1118078068503,18.41,0.13,225.95127,19.66176,54890.44372,0
150348.33+193941.3,1118078068503,18.64,0.15,225.95137,19.66139,54890.44959,0
150348.33+193941.3,1118078068503,18.82,0.18,225.95122,19.66197,54890.45561,0
150348.33+193941.3,1118078068503,18.57,0.14,225.95128,19.66162,54890.46164,0
150348.33+193941.3,1118078068503,18.96,0.16,225.95155,19.66195,54861.48797,0
150348.33+193941.3,1118078068503,18.68,0.14,225.95161,19.66180,54861.49662,0
150348.33+193941.3,1118078068503,18.86,0.15,225.95127,19.66177,54861.50525,0
150348.33+193941.3,1118078068503,18.77,0.15,225.95147,19.66183,54861.51406,0
150348.33+193941.3,1118078068503,18.59,0.14,225.95142,19.66176,54997.28027,0
150348.33+193941.3,1118078068503,18.51,0.14,225.95137,19.66184,54997.28516,0
150348.33+193941.3,1118078068503,18.71,0.15,225.95141,19.66172,54997.28996,0
150348.33+193941.3,1118078068503,18.74,0.15,225.95132,19.66162,54997.29477,0
150348.33+193941.3,1118078068503,18.41,0.13,225.95155,19.66206,54912.33591,0
150348.33+193941.3,1118078068503,18.81,0.15,225.95153,19.66180,54912.34071,0
150348.33+193941.3,1118078068503,18.67,0.15,225.95141,19.66186,54912.34552,0
150348.33+193941.3,1118078068503,18.46,0.13,225.95135,19.66197,54912.35041,0
150348.33+193941.3,1118078068503,18.57,0.14,225.95143,19.66209,54919.37530,0
150348.33+193941.3,1118078068503,18.56,0.14,225.95129,19.66165,54919.38195,0
150348.33+193941.3,1118078068503,18.54,0.14,225.95152,19.66197,54919.38850,0
150348.33+193941.3,1118078068503,18.63,0.16,225.95143,19.66179,54919.39521,0
150348.33+193941.3,1118078068503,19.03,0.19,225.95119,19.66190,54964.37867,0
150348.33+193941.3,1118078068503,18.51,0.15,225.95141,19.66171,54964.38554,0
150348.33+193941.3,1118078068503,18.77,0.17,225.95138,19.66159,54964.39242,0
150348.33+193941.3,1118078068503,18.22,0.13,225.95133,19.66156,54964.39941,0
150348.33+193941.3,1118078068503,18.47,0.13,225.95155,19.66175,54978.31385,0
150348.33+193941.3,1118078068503,18.74,0.15,225.95148,19.66164,54978.32182,0
150348.33+193941.3,1118078068503,18.78,0.15,225.95134,19.66175,54978.32966,0
150348.33+193941.3,1118078068503,18.65,0.15,225.95130,19.66181,54978.33800,0
150348.33+193941.3,1118078068503,17.98,0.13,225.95117,19.66165,55096.10082,0
150348.33+193941.3,1118078068503,18.85,0.18,225.95103,19.66171,55096.10527,0
150348.33+193941.3,1118078068503,18.37,0.15,225.95115,19.66171,55096.10977,0
150348.33+193941.3,1118078068503,18.45,0.15,225.95102,19.66153,55096.11407,0
150348.33+193941.3,1118078068503,18.31,0.13,225.95101,19.66153,55292.43428,0
150348.33+193941.3,1118078068503,18.63,0.14,225.95117,19.66145,55292.43995,0
150348.33+193941.3,1118078068503,18.39,0.13,225.95099,19.66164,55292.44575,0
150348.33+193941.3,1118078068503,18.59,0.14,225.95112,19.66161,55292.45159,0
150348.33+193941.3,1118078068503,18.58,0.14,225.95122,19.66156,55303.34576,0
150348.33+193941.3,1118078068503,18.43,0.14,225.95115,19.66154,55303.35261,0
150348.33+193941.3,1118078068503,18.39,0.13,225.95130,19.66141,55303.35947,0
150348.33+193941.3,1118078068503,18.55,0.14,225.95127,19.66162,55303.36637,0
150348.33+193941.3,1118078068503,18.46,0.13,225.95136,19.66155,55382.17722,0
150348.33+193941.3,1118078068503,18.64,0.15,225.95114,19.66158,55382.18566,0
150348.33+193941.3,1118078068503,18.31,0.13,225.95131,19.66148,55382.19417,0
150348.33+193941.3,1118078068503,18.50,0.14,225.95115,19.66162,55382.20275,0
150348.33+193941.3,1118078068503,18.65,0.17,225.95123,19.66153,55351.26961,0
150348.33+193941.3,1118078068503,18.47,0.14,225.95129,19.66174,55351.27760,0
150348.33+193941.3,1118078068503,18.45,0.13,225.95122,19.66145,55351.28505,0
150348.33+193941.3,1118078068503,18.58,0.14,225.95124,19.66150,55351.29249,0
150348.33+193941.3,1118078068503,18.57,0.14,225.95108,19.66160,55365.25411,0
150348.33+193941.3,1118078068503,18.56,0.14,225.95118,19.66151,55365.25918,0
150348.33+193941.3,1118078068503,18.28,0.12,225.95124,19.66158,55365.26437,0
150348.33+193941.3,1118078068503,18.50,0.14,225.95118,19.66162,55365.26953,0
150348.33+193941.3,1118078068503,18.56,0.14,225.95135,19.66159,55274.35942,0
150348.33+193941.3,1118078068503,18.48,0.13,225.95141,19.66153,55274.36699,0
150348.33+193941.3,1118078068503,18.52,0.14,225.95104,19.66167,55274.37443,0
150348.33+193941.3,1118078068503,18.58,0.14,225.95132,19.66146,55274.38196,0
150348.33+193941.3,1118078068503,18.47,0.13,225.95123,19.66160,55325.34682,0
150348.33+193941.3,1118078068503,18.33,0.13,225.95124,19.66140,55325.35437,0
150348.33+193941.3,1118078068503,18.35,0.13,225.95137,19.66129,55325.36190,0
150348.33+193941.3,1118078068503,18.37,0.13,225.95122,19.66147,55325.36942,0
150348.33+193941.3,1118078068503,18.74,0.15,225.95118,19.66156,55332.27822,0
150348.33+193941.3,1118078068503,18.25,0.12,225.95142,19.66149,55332.28515,0
150348.33+193941.3,1118078068503,18.40,0.13,225.95119,19.66156,55332.29205,0
150348.33+193941.3,1118078068503,18.53,0.14,225.95110,19.66162,55332.29896,0
150348.33+193941.3,1118078068503,18.32,0.13,225.95122,19.66161,55340.20822,0
150348.33+193941.3,1118078068503,18.91,0.16,225.95091,19.66129,55340.21447,0
150348.33+193941.3,1118078068503,18.27,0.12,225.95106,19.66137,55340.22076,0
150348.33+193941.3,1118078068503,18.04,0.11,225.95165,19.66193,55340.22665,0
150348.33+193941.3,1118078068503,18.51,0.14,225.95150,19.66183,55657.40636,0
150348.33+193941.3,1118078068503,18.45,0.14,225.95143,19.66186,55657.41212,0
150348.33+193941.3,1118078068503,18.58,0.14,225.95127,19.66164,55657.41783,0
150348.33+193941.3,1118078068503,18.42,0.14,225.95128,19.66165,55657.42362,0
150348.33+193941.3,1118078068503,18.29,0.13,225.95131,19.66176,55674.46262,0
150348.33+193941.3,1118078068503,18.53,0.14,225.95129,19.66178,55674.46951,0
150348.33+193941.3,1118078068503,18.25,0.13,225.95125,19.66165,55674.47643,0
150348.33+193941.3,1118078068503,18.58,0.15,225.95126,19.66179,55674.48328,0
150348.33+193941.3,1118078068503,18.20,0.13,225.95132,19.66175,55717.32205,0
150348.33+193941.3,1118078068503,18.23,0.13,225.95114,19.66158,55717.33135,0
150348.33+193941.3,1118078068503,18.44,0.14,225.95120,19.66169,55717.34061,0
150348.33+193941.3,1118078068503,18.22,0.13,225.95103,19.66179,55717.35003,0
150348.33+193941.3,1118078068503,18.51,0.14,225.95118,19.66193,55631.49085,0
150348.33+193941.3,1118078068503,18.63,0.15,225.95156,19.66180,55631.49603,0
150348.33+193941.3,1118078068503,18.53,0.14,225.95133,19.66190,55631.50124,0
150348.33+193941.3,1118078068503,18.46,0.14,225.95130,19.66162,55631.50643,0
150348.33+193941.3,1118078068503,18.58,0.14,225.95131,19.66166,55649.38451,0
150348.33+193941.3,1118078068503,18.48,0.14,225.95120,19.66164,55649.39262,0
150348.33+193941.3,1118078068503,18.42,0.14,225.95120,19.66174,55649.40072,0
150348.33+193941.3,1118078068503,18.48,0.14,225.95141,19.66175,55649.40883,0
150348.33+193941.3,1118078068503,18.54,0.12,225.95128,19.66181,55683.37095,0
150348.33+193941.3,1118078068503,18.76,0.14,225.95145,19.66167,55683.38143,0
150348.33+193941.3,1118078068503,18.30,0.11,225.95128,19.66189,55683.39198,0
150348.33+193941.3,1118078068503,18.60,0.13,225.95127,19.66191,55683.40252,0
150348.33+193941.3,1118078068503,18.36,0.13,225.95141,19.66182,55689.34322,0
150348.33+193941.3,1118078068503,18.31,0.13,225.95126,19.66186,55689.34967,0
150348.33+193941.3,1118078068503,18.50,0.14,225.95130,19.66197,55689.35605,0
150348.33+193941.3,1118078068503,18.36,0.13,225.95126,19.66173,55689.36250,0
150348.33+193941.3,1118078068503,18.25,0.13,225.95123,19.66169,55701.35001,0
150348.33+193941.3,1118078068503,18.40,0.14,225.95125,19.66192,55701.35795,0
150348.33+193941.3,1118078068503,18.03,0.12,225.95140,19.66172,55701.36586,0
150348.33+193941.3,1118078068503,18.28,0.13,225.95107,19.66172,55701.37373,0
150348.33+193941.3,1118078068503,18.71,0.15,225.95125,19.66162,55944.51420,0
150348.33+193941.3,1118078068503,18.50,0.14,225.95139,19.66170,55944.51923,0
150348.33+193941.3,1118078068503,18.49,0.13,225.95126,19.66155,55944.52430,0
150348.33+193941.3,1118078068503,18.81,0.15,225.95121,19.66142,55944.52936,0
150348.33+193941.3,1118078068503,18.51,0.14,225.95121,19.66145,55980.50756,0
150348.33+193941.3,1118078068503,18.64,0.14,225.95112,19.66166,55980.51542,0
150348.33+193941.3,1118078068503,18.62,0.14,225.95124,19.66165,55980.52339,0
150348.33+193941.3,1118078068503,18.60,0.14,225.95126,19.66161,55980.53132,0
150348.33+193941.3,1118078068503,18.67,0.15,225.95145,19.66156,55988.41879,0
150348.33+193941.3,1118078068503,18.85,0.16,225.95113,19.66158,55988.42512,0
150348.33+193941.3,1118078068503,18.70,0.15,225.95125,19.66161,55988.43149,0
150348.33+193941.3,1118078068503,18.89,0.16,225.95139,19.66159,55988.43792,0
150348.33+193941.3,1118078068503,18.48,0.13,225.95120,19.66167,56000.47494,0
150348.33+193941.3,1118078068503,18.47,0.13,225.95125,19.66163,56000.48000,0
150348.33+193941.3,1118078068503,18.58,0.14,225.95108,19.66165,56000.48510,0
150348.33+193941.3,1118078068503,18.56,0.14,225.95150,19.66169,56000.49023,0
150348.33+193941.3,1118078068503,18.54,0.14,225.95127,19.66155,56009.37996,0
150348.33+193941.3,1118078068503,18.62,0.14,225.95134,19.66152,56009.38791,0
150348.33+193941.3,1118078068503,18.64,0.14,225.95128,19.66150,56009.39585,0
150348.33+193941.3,1118078068503,18.55,0.14,225.95120,19.66176,56009.40373,0
150348.33+193941.3,1118078068503,18.66,0.15,225.95135,19.66160,56036.34487,0
150348.33+193941.3,1118078068503,18.50,0.14,225.95127,19.66161,56036.34995,0
150348.33+193941.3,1118078068503,18.66,0.15,225.95121,19.66155,56036.35504,0
150348.33+193941.3,1118078068503,18.44,0.14,225.95139,19.66163,56036.36014,0
150348.33+193941.3,1118078068503,18.89,0.16,225.95116,19.66151,56042.28482,0
150348.33+193941.3,1118078068503,18.76,0.15,225.95135,19.66164,56042.29069,0
150348.33+193941.3,1118078068503,18.76,0.15,225.95102,19.66156,56042.30222,0
150348.33+193941.3,1118078068503,18.54,0.14,225.95131,19.66172,56048.41695,0
150348.33+193941.3,1118078068503,18.74,0.16,225.95109,19.66157,56048.42544,0
150348.33+193941.3,1118078068503,18.49,0.14,225.95107,19.66164,56048.43398,0
150348.33+193941.3,1118078068503,18.46,0.14,225.95138,19.66158,56048.44261,0
150348.33+193941.3,1118078068503,18.60,0.14,225.95103,19.66161,56062.37843,0
150348.33+193941.3,1118078068503,18.53,0.14,225.95151,19.66162,56062.38700,0
150348.33+193941.3,1118078068503,18.48,0.13,225.95114,19.66152,56062.39549,0
150348.33+193941.3,1118078068503,18.42,0.13,225.95128,19.66148,56062.40409,0
150348.33+193941.3,1118078068503,19.06,0.15,225.95144,19.66191,56070.32106,0
150348.33+193941.3,1118078068503,18.96,0.14,225.95141,19.66193,56070.32793,0
150348.33+193941.3,1118078068503,18.84,0.14,225.95128,19.66177,56070.33476,0
150348.33+193941.3,1118078068503,18.63,0.12,225.95122,19.66163,56070.34167,0
150348.33+193941.3,1118078068503,18.64,0.14,225.95129,19.66143,56090.26821,0
150348.33+193941.3,1118078068503,18.58,0.14,225.95133,19.66145,56090.27608,0
150348.33+193941.3,1118078068503,18.67,0.15,225.95136,19.66148,56090.28403,0
150348.33+193941.3,1118078068503,18.63,0.14,225.95129,19.66133,56090.29188,0
150348.33+193941.3,1118078068503,18.74,0.15,225.95124,19.66172,56358.42620,0
150348.33+193941.3,1118078068503,18.74,0.15,225.95123,19.66183,56358.43411,0
150348.33+193941.3,1118078068503,18.77,0.15,225.95139,19.66159,56358.44199,0
150348.33+193941.3,1118078068503,18.69,0.15,225.95124,19.66177,56358.44996,0
150348.33+193941.3,1118078068503,18.63,0.14,225.95131,19.66172,56367.46051,0
150348.33+193941.3,1118078068503,18.69,0.15,225.95135,19.66180,56367.47011,0
150348.33+193941.3,1118078068503,18.75,0.15,225.95121,19.66171,56367.47975,0
150348.33+193941.3,1118078068503,18.80,0.16,225.95125,19.66185,56367.48931,0
150348.33+193941.3,1118078068503,19.09,0.18,225.95111,19.66151,56385.46135,0
150348.33+193941.3,1118078068503,18.73,0.15,225.95115,19.66186,56385.46638,0
150348.33+193941.3,1118078068503,18.23,0.12,225.95136,19.66177,56385.47150,0
150348.33+193941.3,1118078068503,18.82,0.16,225.95121,19.66203,56385.47661,0
150348.33+193941.3,1118078068503,19.07,0.18,225.95142,19.66191,56392.47183,0
150348.33+193941.3,1118078068503,18.53,0.14,225.95128,19.66207,56392.47526,0
150348.33+193941.3,1118078068503,18.37,0.13,225.95130,19.66182,56392.47865,0
150348.33+193941.3,1118078068503,18.45,0.14,225.95124,19.66162,56392.48210,0
150348.33+193941.3,1118078068503,18.68,0.15,225.95142,19.66216,56403.32869,0
150348.33+193941.3,1118078068503,18.75,0.15,225.95126,19.66177,56403.33607,0
150348.33+193941.3,1118078068503,18.63,0.15,225.95121,19.66177,56403.34340,0
150348.33+193941.3,1118078068503,18.71,0.15,225.95139,19.66159,56403.35080,0
150348.33+193941.3,1118078068503,18.60,0.15,225.95148,19.66186,56415.36232,0
150348.33+193941.3,1118078068503,19.23,0.19,225.95095,19.66151,56415.37034,0
150348.33+193941.3,1118078068503,19.17,0.19,225.95138,19.66197,56415.37826,0
150348.33+193941.3,1118078068503,18.98,0.17,225.95117,19.66187,56415.38627,0
150348.33+193941.3,1118078068503,18.77,0.16,225.95115,19.66191,56425.31488,0
150348.33+193941.3,1118078068503,18.71,0.16,225.95129,19.66182,56425.32171,0
150348.33+193941.3,1118078068503,18.59,0.15,225.95130,19.66173,56425.32849,0
150348.33+193941.3,1118078068503,18.56,0.15,225.95148,19.66185,56425.33532,0
150348.33+193941.3,1118078068503,18.83,0.16,225.95147,19.66187,56431.23426,0
150348.33+193941.3,1118078068503,18.71,0.16,225.95126,19.66169,56431.23990,0
150348.33+193941.3,1118078068503,19.03,0.18,225.95125,19.66147,56431.24553,0
150348.33+193941.3,1118078068503,18.87,0.17,225.95113,19.66162,56431.25121,0
150348.33+193941.3,1118078068503,18.90,0.17,225.95110,19.66177,56445.32369,0
150348.33+193941.3,1118078068503,18.81,0.17,225.95109,19.66183,56445.33161,0
150348.33+193941.3,1118078068503,18.45,0.14,225.95143,19.66183,56445.33954,0
150348.33+193941.3,1118078068503,18.53,0.15,225.95128,19.66186,56445.34749,0
150348.33+193941.3,1118078068503,18.64,0.14,225.95137,19.66188,56452.31995,0
150348.33+193941.3,1118078068503,18.90,0.16,225.95089,19.66168,56452.32619,0
150348.33+193941.3,1118078068503,18.63,0.14,225.95130,19.66180,56452.33244,0
150348.33+193941.3,1118078068503,18.68,0.15,225.95128,19.66206,56452.33866,0
150348.33+193941.3,1118078068503,18.61,0.15,225.95132,19.66198,56459.27792,0
150348.33+193941.3,1118078068503,18.60,0.15,225.95104,19.66183,56459.28579,0
150348.33+193941.3,1118078068503,18.43,0.14,225.95102,19.66183,56459.29360,0
150348.33+193941.3,1118078068503,18.50,0.15,225.95110,19.66178,56459.30151,0
150348.33+193941.3,1118078068503,18.46,0.15,225.95162,19.66195,56540.14100,0
150348.33+193941.3,1118078068503,19.39,0.23,225.95121,19.66177,56540.14591,0
150348.33+193941.3,1118078068503,18.81,0.17,225.95162,19.66161,56540.15097,0
150348.33+193941.3,1118078068503,18.41,0.15,225.95133,19.66180,56540.15598,0
092158.92+034235.7,1104050022834,18.34,0.13,140.49579, 3.70986,53464.20075,0
092158.92+034235.7,1104050022834,18.42,0.13,140.49572, 3.70989,53464.20916,0
092158.92+034235.7,1104050022834,17.92,0.11,140.49592, 3.71024,53464.21756,0
092158.92+034235.7,1104050022834,18.48,0.13,140.49553, 3.70995,53464.22591,0
092158.92+034235.7,1104050022834,18.45,0.13,140.49566, 3.70987,53710.43686,0
092158.92+034235.7,1104050022834,18.36,0.13,140.49587, 3.70982,53710.44385,0
092158.92+034235.7,1104050022834,18.29,0.12,140.49576, 3.70987,53710.45089,0
092158.92+034235.7,1104050022834,18.21,0.12,140.49572, 3.71000,53710.45793,0
092158.92+034235.7,1104050022834,18.43,0.13,140.49557, 3.70992,53732.46284,0
092158.92+034235.7,1104050022834,18.47,0.13,140.49560, 3.70998,53732.46988,0
092158.92+034235.7,1104050022834,18.28,0.12,140.49565, 3.70989,53732.47702,0
092158.92+034235.7,1104050022834,18.37,0.13,140.49555, 3.70990,53732.48385,0
092158.92+034235.7,1104050022834,18.29,0.13,140.49560, 3.70996,53494.17471,0
092158.92+034235.7,1104050022834,18.09,0.12,140.49570, 3.70979,53494.18370,0
092158.92+034235.7,1104050022834,18.53,0.14,140.49574, 3.71005,53494.19177,0
092158.92+034235.7,1104050022834,18.26,0.13,140.49547, 3.70986,53494.19983,0
092158.92+034235.7,1104050022834,18.27,0.14,140.49573, 3.70984,53703.42450,0
092158.92+034235.7,1104050022834,18.46,0.14,140.49600, 3.70989,53703.43487,0
092158.92+034235.7,1104050022834,18.22,0.13,140.49577, 3.71005,53703.44143,0
092158.92+034235.7,1104050022834,18.32,0.13,140.49543, 3.70981,53703.44802,0
092158.92+034235.7,1104050022834,18.08,0.12,140.49539, 3.70974,53845.16249,0
092158.92+034235.7,1104050022834,18.40,0.14,140.49560, 3.71006,53845.17199,0
092158.92+034235.7,1104050022834,18.34,0.13,140.49549, 3.70982,53845.18152,0
092158.92+034235.7,1104050022834,18.33,0.13,140.49571, 3.70999,53845.19102,0
092158.92+034235.7,1104050022834,18.39,0.12,140.49568, 3.70986,54070.42249,0
092158.92+034235.7,1104050022834,18.57,0.13,140.49582, 3.70977,54070.43015,0
092158.92+034235.7,1104050022834,18.35,0.12,140.49565, 3.71000,54070.43812,0
092158.92+034235.7,1104050022834,18.46,0.13,140.49561, 3.71009,54070.44588,0
092158.92+034235.7,1104050022834,17.63,0.10,140.49487, 3.70976,54082.45551,0
092158.92+034235.7,1104050022834,17.25,0.09,140.49499, 3.70999,54082.46096,0
092158.92+034235.7,1104050022834,18.40,0.13,140.49560, 3.70993,54082.46640,0
092158.92+034235.7,1104050022834,18.40,0.13,140.49556, 3.70991,54082.47186,0
092158.92+034235.7,1104050022834,18.29,0.12,140.49574, 3.70999,54090.41792,0
092158.92+034235.7,1104050022834,18.41,0.13,140.49563, 3.70984,54090.42524,0
092158.92+034235.7,1104050022834,18.55,0.13,140.49562, 3.70969,54090.43265,0
092158.92+034235.7,1104050022834,18.35,0.12,140.49567, 3.70988,54090.44035,0
092158.92+034235.7,1104050022834,18.34,0.13,140.49580, 3.70999,53772.26630,0
092158.92+034235.7,1104050022834,18.31,0.13,140.49557, 3.70992,53772.27380,0
092158.92+034235.7,1104050022834,18.58,0.16,140.49649, 3.70976,53772.28129,0
092158.92+034235.7,1104050022834,18.61,0.16,140.49565, 3.70973,53772.29342,0
092158.92+034235.7,1104050022834,18.49,0.14,140.49569, 3.71001,53773.30322,0
092158.92+034235.7,1104050022834,18.32,0.13,140.49590, 3.70995,53773.30964,0
092158.92+034235.7,1104050022834,18.16,0.12,140.49576, 3.71001,53773.31607,0
092158.92+034235.7,1104050022834,18.41,0.13,140.49579, 3.70979,53773.32249,0
092158.92+034235.7,1104050022834,18.38,0.13,140.49557, 3.70984,53788.26221,0
092158.92+034235.7,1104050022834,18.58,0.14,140.49565, 3.70991,53788.26864,0
092158.92+034235.7,1104050022834,18.35,0.13,140.49578, 3.70996,53788.27507,0
092158.92+034235.7,1104050022834,18.14,0.12,140.49597, 3.70973,53788.28149,0
092158.92+034235.7,1104050022834,18.36,0.13,140.49553, 3.71010,53739.35148,0
092158.92+034235.7,1104050022834,18.27,0.12,140.49584, 3.70994,53739.35789,0
092158.92+034235.7,1104050022834,18.34,0.13,140.49554, 3.70973,53739.36431,0
092158.92+034235.7,1104050022834,18.37,0.13,140.49579, 3.70999,53739.37071,0
092158.92+034235.7,1104050022834,18.23,0.12,140.49554, 3.70981,53745.38419,0
092158.92+034235.7,1104050022834,18.32,0.13,140.49560, 3.70984,53745.39258,0
092158.92+034235.7,1104050022834,18.29,0.13,140.49559, 3.70996,53745.40106,0
092158.92+034235.7,1104050022834,18.49,0.14,140.49575, 3.70998,53745.40950,0
092158.92+034235.7,1104050022834,18.41,0.13,140.49581, 3.70983,53758.26477,0
092158.92+034235.7,1104050022834,18.27,0.13,140.49575, 3.70990,53758.27126,0
092158.92+034235.7,1104050022834,18.48,0.14,140.49560, 3.70994,53758.27773,0
092158.92+034235.7,1104050022834,18.42,0.13,140.49562, 3.70977,53758.28420,0
092158.92+034235.7,1104050022834,18.30,0.13,140.49585, 3.70996,53765.28001,0
092158.92+034235.7,1104050022834,18.51,0.14,140.49572, 3.70994,53765.28748,0
092158.92+034235.7,1104050022834,18.47,0.14,140.49574, 3.71000,53765.29495,0
092158.92+034235.7,1104050022834,18.31,0.13,140.49584, 3.70985,53765.30242,0
092158.92+034235.7,1104050022834,18.41,0.13,140.49570, 3.70997,53798.24443,0
092158.92+034235.7,1104050022834,18.38,0.13,140.49571, 3.70997,53798.25317,0
092158.92+034235.7,1104050022834,18.37,0.13,140.49577, 3.71004,53798.26174,0
092158.92+034235.7,1104050022834,18.33,0.13,140.49571, 3.70980,53798.27048,0
092158.92+034235.7,1104050022834,18.32,0.13,140.49588, 3.70992,53817.16075,0
092158.92+034235.7,1104050022834,18.20,0.12,140.49571, 3.71003,53817.16928,0
092158.92+034235.7,1104050022834,18.28,0.13,140.49581, 3.70996,53817.17781,0
092158.92+034235.7,1104050022834,18.55,0.14,140.49569, 3.70998,53817.18635,0
092158.92+034235.7,1104050022834,18.30,0.13,140.49566, 3.70989,53856.15387,0
092158.92+034235.7,1104050022834,18.15,0.12,140.49574, 3.70977,53856.15929,0
092158.92+034235.7,1104050022834,18.18,0.12,140.49573, 3.71009,53856.16472,0
092158.92+034235.7,1104050022834,18.37,0.13,140.49551, 3.70989,53856.17013,0
092158.92+034235.7,1104050022834,18.33,0.12,140.49590, 3.70976,54056.42861,0
092158.92+034235.7,1104050022834,18.22,0.12,140.49577, 3.70995,54056.43590,0
092158.92+034235.7,1104050022834,18.28,0.12,140.49564, 3.70987,54056.44317,0
092158.92+034235.7,1104050022834,18.42,0.13,140.49570, 3.70977,54056.45051,0
092158.92+034235.7,1104050022834,18.20,0.12,140.49555, 3.70982,54038.48163,0
092158.92+034235.7,1104050022834,18.32,0.12,140.49569, 3.70988,54038.48801,0
092158.92+034235.7,1104050022834,18.42,0.13,140.49560, 3.70980,54038.49443,0
092158.92+034235.7,1104050022834,18.39,0.13,140.49580, 3.70987,54038.50081,0
092158.92+034235.7,1104050022834,18.24,0.12,140.49571, 3.70974,54212.15408,0
092158.92+034235.7,1104050022834,18.42,0.13,140.49549, 3.70984,54212.16442,0
092158.92+034235.7,1104050022834,18.21,0.12,140.49548, 3.70993,54212.17473,0
092158.92+034235.7,1104050022834,18.26,0.12,140.49582, 3.71009,54212.18502,0
092158.92+034235.7,1104050022834,18.49,0.14,140.49553, 3.70975,54213.14491,0
092158.92+034235.7,1104050022834,18.38,0.13,140.49562, 3.70986,54213.15528,0
092158.92+034235.7,1104050022834,18.09,0.12,140.49546, 3.70989,54213.16559,0
092158.92+034235.7,1104050022834,18.49,0.14,140.49569, 3.70979,54213.17587,0
092158.92+034235.7,1104050022834,18.36,0.13,140.49573, 3.70999,54439.36813,0
092158.92+034235.7,1104050022834,18.37,0.13,140.49571, 3.70999,54439.37467,0
092158.92+034235.7,1104050022834,18.37,0.13,140.49562, 3.70986,54439.38124,0
092158.92+034235.7,1104050022834,18.22,0.12,140.49564, 3.70992,54439.38782,0
092158.92+034235.7,1104050022834,18.02,0.11,140.49567, 3.70988,54454.44506,0
092158.92+034235.7,1104050022834,17.74,0.10,140.49582, 3.70973,54454.45166,0
092158.92+034235.7,1104050022834,18.18,0.12,140.49567, 3.70989,54454.45817,0
092158.92+034235.7,1104050022834,18.15,0.11,140.49588, 3.71000,54454.46480,0
092158.92+034235.7,1104050022834,18.19,0.12,140.49562, 3.70984,54465.42109,0
092158.92+034235.7,1104050022834,17.74,0.10,140.49569, 3.70997,54465.42771,0
092158.92+034235.7,1104050022834,18.20,0.12,140.49582, 3.71003,54465.43431,0
092158.92+034235.7,1104050022834,18.11,0.11,140.49563, 3.71002,54465.44102,0
092158.92+034235.7,1104050022834,18.30,0.12,140.49567, 3.70983,54141.26538,0
092158.92+034235.7,1104050022834,18.48,0.13,140.49572, 3.70989,54141.27179,0
092158.92+034235.7,1104050022834,18.43,0.13,140.49567, 3.70985,54141.27820,0
092158.92+034235.7,1104050022834,18.39,0.13,140.49581, 3.70992,54141.28463,0
092158.92+034235.7,1104050022834,18.14,0.12,140.49590, 3.71019,54146.33328,0
092158.92+034235.7,1104050022834,18.35,0.12,140.49562, 3.70982,54146.33956,0
092158.92+034235.7,1104050022834,18.26,0.12,140.49573, 3.70985,54146.34589,0
092158.92+034235.7,1104050022834,18.20,0.12,140.49555, 3.70988,54146.35217,0
092158.92+034235.7,1104050022834,18.59,0.14,140.49572, 3.70986,54109.42591,0
092158.92+034235.7,1104050022834,18.46,0.14,140.49574, 3.70995,54109.43183,0
092158.92+034235.7,1104050022834,18.38,0.13,140.49563, 3.71003,54109.43776,0
092158.92+034235.7,1104050022834,18.12,0.12,140.49603, 3.71004,54109.44368,0
092158.92+034235.7,1104050022834,18.56,0.14,140.49585, 3.70988,54125.30040,0
092158.92+034235.7,1104050022834,18.38,0.13,140.49586, 3.70999,54125.31061,0
092158.92+034235.7,1104050022834,18.35,0.12,140.49569, 3.70985,54125.32085,0
092158.92+034235.7,1104050022834,18.45,0.13,140.49572, 3.70975,54125.33107,0
092158.92+034235.7,1104050022834,18.25,0.12,140.49575, 3.71002,54170.19083,0
092158.92+034235.7,1104050022834,18.33,0.12,140.49572, 3.70984,54170.19730,0
092158.92+034235.7,1104050022834,18.30,0.12,140.49575, 3.70975,54170.20378,0
092158.92+034235.7,1104050022834,18.37,0.13,140.49562, 3.70970,54170.21037,0
092158.92+034235.7,1104050022834,18.30,0.12,140.49582, 3.70988,54415.45849,0
092158.92+034235.7,1104050022834,18.14,0.11,140.49573, 3.70988,54415.46715,0
092158.92+034235.7,1104050022834,18.35,0.12,140.49575, 3.70990,54415.47574,0
092158.92+034235.7,1104050022834,18.34,0.12,140.49576, 3.71001,54415.48437,0
092158.92+034235.7,1104050022834,18.41,0.13,140.49569, 3.70991,54423.38135,0
092158.92+034235.7,1104050022834,18.32,0.12,140.49582, 3.71002,54423.38955,0
092158.92+034235.7,1104050022834,18.19,0.12,140.49564, 3.70999,54423.39777,0
092158.92+034235.7,1104050022834,18.17,0.12,140.49579, 3.70991,54423.40601,0
092158.92+034235.7,1104050022834,18.52,0.15,140.49566, 3.70986,54385.48700,0
092158.92+034235.7,1104050022834,18.25,0.13,140.49586, 3.70995,54385.49366,0
092158.92+034235.7,1104050022834,18.15,0.13,140.49561, 3.70991,54385.50030,0
092158.92+034235.7,1104050022834,18.55,0.15,140.49567, 3.71016,54385.50696,0
092158.92+034235.7,1104050022834,17.99,0.10,140.49569, 3.70999,54563.18182,0
092158.92+034235.7,1104050022834,18.31,0.11,140.49572, 3.70997,54563.18850,0
092158.92+034235.7,1104050022834,18.31,0.11,140.49569, 3.70996,54563.19517,0
092158.92+034235.7,1104050022834,18.45,0.12,140.49567, 3.71006,54563.20184,0
092158.92+034235.7,1104050022834,18.62,0.14,140.49549, 3.70993,54574.14030,0
092158.92+034235.7,1104050022834,18.78,0.15,140.49563, 3.70992,54574.14886,0
092158.92+034235.7,1104050022834,18.55,0.14,140.49533, 3.70996,54574.15741,0
092158.92+034235.7,1104050022834,18.99,0.17,140.49560, 3.71012,54574.16598,0
092158.92+034235.7,1104050022834,18.28,0.12,140.49564, 3.70990,54801.43667,0
092158.92+034235.7,1104050022834,18.34,0.12,140.49556, 3.70994,54801.44452,0
092158.92+034235.7,1104050022834,18.41,0.13,140.49559, 3.70986,54801.45233,0
092158.92+034235.7,1104050022834,18.22,0.12,140.49561, 3.70986,54801.46031,0
092158.92+034235.7,1104050022834,18.26,0.12,140.49564, 3.70999,54822.44492,0
092158.92+034235.7,1104050022834,18.28,0.12,140.49560, 3.70989,54822.45154,0
092158.92+034235.7,1104050022834,18.03,0.11,140.49555, 3.71003,54822.45824,0
092158.92+034235.7,1104050022834,18.24,0.12,140.49559, 3.70992,54822.46485,0
092158.92+034235.7,1104050022834,18.32,0.11,140.49566, 3.70988,54499.26753,0
092158.92+034235.7,1104050022834,18.33,0.11,140.49565, 3.70992,54499.27362,0
092158.92+034235.7,1104050022834,18.24,0.11,140.49567, 3.70990,54499.27963,0
092158.92+034235.7,1104050022834,18.26,0.11,140.49563, 3.71000,54499.28564,0
092158.92+034235.7,1104050022834,18.32,0.11,140.49563, 3.70997,54505.30127,0
092158.92+034235.7,1104050022834,18.37,0.11,140.49574, 3.71002,54505.30987,0
092158.92+034235.7,1104050022834,18.39,0.11,140.49567, 3.70983,54505.31846,0
092158.92+034235.7,1104050022834,18.18,0.10,140.49564, 3.70986,54505.32706,0
092158.92+034235.7,1104050022834,18.22,0.12,140.49582, 3.70991,54477.31765,0
092158.92+034235.7,1104050022834,18.26,0.12,140.49574, 3.70992,54477.32414,0
092158.92+034235.7,1104050022834,18.31,0.12,140.49570, 3.70992,54477.33063,0
092158.92+034235.7,1104050022834,18.21,0.12,140.49552, 3.70980,54477.33713,0
092158.92+034235.7,1104050022834,18.23,0.12,140.49562, 3.70994,54529.20352,0
092158.92+034235.7,1104050022834,18.10,0.11,140.49553, 3.70987,54529.21275,0
092158.92+034235.7,1104050022834,18.28,0.12,140.49559, 3.70989,54529.22195,0
092158.92+034235.7,1104050022834,18.16,0.12,140.49579, 3.70993,54529.23122,0
092158.92+034235.7,1104050022834,18.33,0.11,140.49581, 3.71001,54537.22855,0
092158.92+034235.7,1104050022834,18.25,0.11,140.49566, 3.70992,54537.23522,0
092158.92+034235.7,1104050022834,18.16,0.10,140.49570, 3.70993,54537.24187,0
092158.92+034235.7,1104050022834,18.14,0.10,140.49564, 3.71000,54537.24856,0
092158.92+034235.7,1104050022834,18.25,0.12,140.49557, 3.71000,54588.15715,0
092158.92+034235.7,1104050022834,18.26,0.12,140.49576, 3.71004,54588.16259,0
092158.92+034235.7,1104050022834,18.40,0.13,140.49565, 3.70991,54588.16800,0
092158.92+034235.7,1104050022834,18.23,0.12,140.49572, 3.70994,54588.17339,0
092158.92+034235.7,1104050022834,18.10,0.11,140.49564, 3.70987,54776.49329,0
092158.92+034235.7,1104050022834,18.37,0.12,140.49546, 3.70995,54776.50036,0
092158.92+034235.7,1104050022834,18.18,0.12,140.49581, 3.71001,54776.50768,0
092158.92+034235.7,1104050022834,18.30,0.12,140.49566, 3.70997,54776.51487,0
092158.92+034235.7,1104050022834,18.25,0.12,140.49568, 3.70991,54945.12614,0
092158.92+034235.7,1104050022834,18.24,0.12,140.49563, 3.70987,54945.13286,0
092158.92+034235.7,1104050022834,18.22,0.12,140.49544, 3.70993,54945.13950,0
092158.92+034235.7,1104050022834,18.38,0.13,140.49565, 3.71010,54945.14620,0
092158.92+034235.7,1104050022834,18.26,0.12,140.49559, 3.70993,54864.29171,0
092158.92+034235.7,1104050022834,18.37,0.12,140.49570, 3.71000,54864.29809,0
092158.92+034235.7,1104050022834,18.32,0.12,140.49570, 3.70983,54864.30452,0
092158.92+034235.7,1104050022834,18.28,0.12,140.49562, 3.70989,54864.31092,0
092158.92+034235.7,1104050022834,18.35,0.14,140.49571, 3.70985,54875.26753,0
092158.92+034235.7,1104050022834,18.22,0.13,140.49572, 3.70992,54875.27294,0
092158.92+034235.7,1104050022834,18.32,0.13,140.49572, 3.70986,54875.27826,0
092158.92+034235.7,1104050022834,18.28,0.13,140.49565, 3.70995,54875.28356,0
092158.92+034235.7,1104050022834,18.07,0.11,140.49577, 3.71008,54888.24657,0
092158.92+034235.7,1104050022834,18.22,0.12,140.49573, 3.70989,54888.25462,0
092158.92+034235.7,1104050022834,18.26,0.12,140.49573, 3.70985,54888.26262,0
092158.92+034235.7,1104050022834,18.20,0.12,140.49570, 3.70987,54888.27057,0
092158.92+034235.7,1104050022834,18.19,0.12,140.49578, 3.71012,54849.33285,0
092158.92+034235.7,1104050022834,18.22,0.12,140.49573, 3.71009,54849.34005,0
092158.92+034235.7,1104050022834,18.18,0.12,140.49574, 3.70994,54849.34737,0
092158.92+034235.7,1104050022834,18.19,0.12,140.49576, 3.71012,54849.35470,0
092158.92+034235.7,1104050022834,18.44,0.13,140.49562, 3.71005,54908.15671,0
092158.92+034235.7,1104050022834,18.30,0.12,140.49566, 3.70982,54908.16221,0
092158.92+034235.7,1104050022834,18.34,0.13,140.49574, 3.70998,54908.16781,0
092158.92+034235.7,1104050022834,18.35,0.13,140.49566, 3.70998,54908.17331,0
092158.92+034235.7,1104050022834,18.14,0.12,140.49586, 3.71001,54919.21440,0
092158.92+034235.7,1104050022834,18.23,0.12,140.49569, 3.70995,54919.21926,0
092158.92+034235.7,1104050022834,18.18,0.12,140.49570, 3.70988,54919.22417,0
092158.92+034235.7,1104050022834,18.20,0.12,140.49555, 3.70983,54919.22901,0
092158.92+034235.7,1104050022834,18.29,0.14,140.49546, 3.70984,55122.49671,0
092158.92+034235.7,1104050022834,18.32,0.14,140.49573, 3.70983,55122.50047,0
092158.92+034235.7,1104050022834,18.03,0.12,140.49569, 3.70995,55122.50430,0
092158.92+034235.7,1104050022834,18.52,0.15,140.49567, 3.70993,55122.50818,0
092158.92+034235.7,1104050022834,18.40,0.13,140.49562, 3.70994,55294.17008,0
092158.92+034235.7,1104050022834,18.15,0.12,140.49562, 3.70993,55294.17523,0
092158.92+034235.7,1104050022834,18.34,0.13,140.49560, 3.70996,55294.18037,0
092158.92+034235.7,1104050022834,18.16,0.12,140.49558, 3.70986,55294.18548,0
092158.92+034235.7,1104050022834,18.29,0.12,140.49562, 3.70984,55301.17843,0
092158.92+034235.7,1104050022834,18.52,0.14,140.49536, 3.70983,55301.18534,0
092158.92+034235.7,1104050022834,18.28,0.12,140.49550, 3.70969,55301.19224,0
092158.92+034235.7,1104050022834,18.42,0.13,140.49584, 3.70987,55301.19920,0
092158.92+034235.7,1104050022834,18.42,0.12,140.49559, 3.70996,55533.46754,0
092158.92+034235.7,1104050022834,18.30,0.11,140.49554, 3.71004,55533.48874,0
092158.92+034235.7,1104050022834,18.35,0.12,140.49560, 3.70995,55533.49935,0
092158.92+034235.7,1104050022834,18.32,0.14,140.49553, 3.70991,55236.32522,0
092158.92+034235.7,1104050022834,18.11,0.12,140.49587, 3.70999,55243.21593,0
092158.92+034235.7,1104050022834,18.28,0.12,140.49569, 3.70985,55243.22330,0
092158.92+034235.7,1104050022834,18.07,0.11,140.49543, 3.71017,55243.23074,0
092158.92+034235.7,1104050022834,18.26,0.12,140.49566, 3.70980,55243.23818,0
092158.92+034235.7,1104050022834,18.43,0.13,140.49573, 3.70994,55203.35811,0
092158.92+034235.7,1104050022834,18.15,0.12,140.49575, 3.70974,55203.36270,0
092158.92+034235.7,1104050022834,18.36,0.12,140.49568, 3.70980,55203.36727,0
092158.92+034235.7,1104050022834,18.44,0.13,140.49555, 3.70983,55203.37185,0
092158.92+034235.7,1104050022834,18.34,0.13,140.49577, 3.70988,55270.20910,0
092158.92+034235.7,1104050022834,18.20,0.12,140.49558, 3.70973,55270.21537,0
092158.92+034235.7,1104050022834,18.26,0.12,140.49567, 3.70976,55270.22166,0
092158.92+034235.7,1104050022834,18.19,0.12,140.49573, 3.71009,55270.22786,0
092158.92+034235.7,1104050022834,18.20,0.12,140.49555, 3.70989,55325.18414,0
092158.92+034235.7,1104050022834,18.20,0.12,140.49573, 3.70979,55325.19155,0
092158.92+034235.7,1104050022834,18.42,0.13,140.49566, 3.70977,55325.19903,0
092158.92+034235.7,1104050022834,18.19,0.12,140.49561, 3.70981,55325.20653,0
092158.92+034235.7,1104050022834,18.26,0.12,140.49563, 3.70995,55512.49310,0
092158.92+034235.7,1104050022834,18.47,0.13,140.49563, 3.70991,55512.50812,0
092158.92+034235.7,1104050022834,18.13,0.12,140.49578, 3.70997,55512.51564,0
092158.92+034235.7,1104050022834,18.23,0.11,140.49566, 3.70979,55679.19609,0
092158.92+034235.7,1104050022834,18.30,0.12,140.49574, 3.70999,55679.20423,0
092158.92+034235.7,1104050022834,18.26,0.11,140.49567, 3.70997,55679.21248,0
092158.92+034235.7,1104050022834,18.15,0.11,140.49573, 3.70992,55679.22072,0
092158.92+034235.7,1104050022834,18.50,0.12,140.49570, 3.70990,55598.35311,0
092158.92+034235.7,1104050022834,18.41,0.12,140.49573, 3.70996,55598.36281,0
092158.92+034235.7,1104050022834,18.32,0.11,140.49565, 3.70994,55598.37249,0
092158.92+034235.7,1104050022834,18.42,0.12,140.49569, 3.71004,55598.38219,0
092158.92+034235.7,1104050022834,18.44,0.12,140.49564, 3.70997,55603.24392,0
092158.92+034235.7,1104050022834,18.50,0.12,140.49570, 3.70999,55603.25509,0
092158.92+034235.7,1104050022834,18.20,0.11,140.49541, 3.70979,55603.26627,0
092158.92+034235.7,1104050022834,18.23,0.11,140.49578, 3.71001,55603.27738,0
092158.92+034235.7,1104050022834,18.30,0.13,140.49563, 3.70999,55617.24984,0
092158.92+034235.7,1104050022834,18.55,0.14,140.49578, 3.70997,55617.25796,0
092158.92+034235.7,1104050022834,18.51,0.14,140.49568, 3.70992,55617.26599,0
092158.92+034235.7,1104050022834,18.36,0.13,140.49556, 3.70992,55617.27398,0
092158.92+034235.7,1104050022834,18.33,0.13,140.49574, 3.70997,55574.32845,0
092158.92+034235.7,1104050022834,18.35,0.13,140.49575, 3.70989,55574.33624,0
092158.92+034235.7,1104050022834,18.17,0.12,140.49574, 3.71003,55574.34714,0
092158.92+034235.7,1104050022834,18.17,0.12,140.49589, 3.70997,55574.35502,0
092158.92+034235.7,1104050022834,18.67,0.16,140.49572, 3.71006,55586.34804,0
092158.92+034235.7,1104050022834,18.23,0.12,140.49580, 3.70991,55586.35501,0
092158.92+034235.7,1104050022834,18.34,0.13,140.49579, 3.71014,55586.36189,0
092158.92+034235.7,1104050022834,18.47,0.14,140.49588, 3.70991,55586.36881,0
092158.92+034235.7,1104050022834,18.37,0.13,140.49590, 3.71013,55587.29474,0
092158.92+034235.7,1104050022834,18.52,0.14,140.49563, 3.70988,55587.30168,0
092158.92+034235.7,1104050022834,18.37,0.13,140.49565, 3.70992,55587.30860,0
092158.92+034235.7,1104050022834,18.44,0.13,140.49577, 3.70990,55587.31554,0
092158.92+034235.7,1104050022834,18.19,0.13,140.49566, 3.71004,55626.16724,0
092158.92+034235.7,1104050022834,18.23,0.13,140.49604, 3.71008,55626.17295,0
092158.92+034235.7,1104050022834,18.65,0.15,140.49571, 3.70990,55626.17873,0
092158.92+034235.7,1104050022834,18.37,0.14,140.49585, 3.71015,55626.18451,0
092158.92+034235.7,1104050022834,18.18,0.12,140.49543, 3.71002,55633.23130,0
092158.92+034235.7,1104050022834,18.36,0.13,140.49584, 3.70993,55633.23638,0
092158.92+034235.7,1104050022834,18.63,0.16,140.49578, 3.71012,55633.24158,0
092158.92+034235.7,1104050022834,18.45,0.15,140.49563, 3.70990,55633.24676,0
092158.92+034235.7,1104050022834,18.35,0.13,140.49576, 3.70990,55646.13947,0
092158.92+034235.7,1104050022834,18.51,0.14,140.49576, 3.70997,55646.14637,0
092158.92+034235.7,1104050022834,18.16,0.12,140.49581, 3.70996,55646.15328,0
092158.92+034235.7,1104050022834,18.41,0.13,140.49563, 3.70997,55646.16021,0
092158.92+034235.7,1104050022834,18.08,0.13,140.49557, 3.70968,55695.16885,0
092158.92+034235.7,1104050022834,18.08,0.14,140.49611, 3.70996,55695.17708,0
092158.92+034235.7,1104050022834,18.80,0.19,140.49582, 3.70946,55695.18536,0
092158.92+034235.7,1104050022834,18.93,0.20,140.49547, 3.70980,55695.19368,0
092158.92+034235.7,1104050022834,18.29,0.12,140.49599, 3.70986,55867.50789,0
092158.92+034235.7,1104050022834,18.31,0.12,140.49572, 3.70980,55867.51239,0
092158.92+034235.7,1104050022834,18.26,0.12,140.49577, 3.70998,55867.51696,0
092158.92+034235.7,1104050022834,18.38,0.13,140.49583, 3.71014,55867.52139,0
092158.92+034235.7,1104050022834,18.21,0.12,140.49558, 3.71016,55922.37357,0
092158.92+034235.7,1104050022834,18.04,0.11,140.49571, 3.70987,55922.38096,0
092158.92+034235.7,1104050022834,18.61,0.14,140.49570, 3.70981,55922.38822,0
092158.92+034235.7,1104050022834,18.32,0.12,140.49586, 3.70985,55922.39554,0
092158.92+034235.7,1104050022834,18.44,0.13,140.49577, 3.70992,55929.30102,0
092158.92+034235.7,1104050022834,18.63,0.14,140.49564, 3.70988,55929.30951,0
092158.92+034235.7,1104050022834,18.26,0.12,140.49581, 3.71009,55929.31803,0
092158.92+034235.7,1104050022834,18.32,0.13,140.49571, 3.71008,55929.32652,0
092158.92+034235.7,1104050022834,18.34,0.13,140.49589, 3.70969,55958.27781,0
092158.92+034235.7,1104050022834,18.35,0.13,140.49570, 3.70998,55958.28286,0
092158.92+034235.7,1104050022834,18.10,0.11,140.49577, 3.70991,55958.28803,0
092158.92+034235.7,1104050022834,18.52,0.13,140.49566, 3.71002,55958.29314,0
092158.92+034235.7,1104050022834,18.27,0.12,140.49560, 3.71005,55968.26685,0
092158.92+034235.7,1104050022834,18.27,0.12,140.49581, 3.71001,55968.27532,0
092158.92+034235.7,1104050022834,18.32,0.12,140.49595, 3.70996,55968.28369,0
092158.92+034235.7,1104050022834,18.19,0.12,140.49594, 3.70996,55968.29217,0
092158.92+034235.7,1104050022834,18.23,0.11,140.49600, 3.71030,55982.24918,0
092158.92+034235.7,1104050022834,18.41,0.12,140.49571, 3.70997,55982.25531,0
092158.92+034235.7,1104050022834,18.40,0.11,140.49574, 3.70992,55982.26144,0
092158.92+034235.7,1104050022834,18.28,0.11,140.49582, 3.71010,55982.26757,0
092158.92+034235.7,1104050022834,18.18,0.12,140.49565, 3.70990,55988.14870,0
092158.92+034235.7,1104050022834,18.47,0.13,140.49572, 3.71000,55988.15384,0
092158.92+034235.7,1104050022834,18.37,0.13,140.49560, 3.70973,55988.15894,0
092158.92+034235.7,1104050022834,18.49,0.13,140.49570, 3.70986,55988.16407,0
092158.92+034235.7,1104050022834,18.39,0.13,140.49557, 3.70979,56015.18923,0
092158.92+034235.7,1104050022834,18.47,0.14,140.49578, 3.70994,56015.19718,0
092158.92+034235.7,1104050022834,18.19,0.12,140.49586, 3.70982,56015.20507,0
092158.92+034235.7,1104050022834,18.29,0.13,140.49586, 3.70978,56015.21301,0
092158.92+034235.7,1104050022834,18.34,0.13,140.49561, 3.70990,56033.16789,0
092158.92+034235.7,1104050022834,18.25,0.12,140.49580, 3.70993,56033.17302,0
092158.92+034235.7,1104050022834,18.28,0.13,140.49564, 3.70990,56033.17813,0
092158.92+034235.7,1104050022834,18.25,0.12,140.49570, 3.70978,56033.18330,0
092158.92+034235.7,1104050022834,18.55,0.12,140.49581, 3.70990,56038.15979,0
092158.92+034235.7,1104050022834,18.37,0.12,140.49588, 3.70998,56038.16792,0
092158.92+034235.7,1104050022834,18.52,0.12,140.49589, 3.70980,56038.17604,0
092158.92+034235.7,1104050022834,18.33,0.11,140.49575, 3.70982,56038.18418,0
092158.92+034235.7,1104050022834,18.66,0.15,140.49603, 3.70984,56066.16589,0
092158.92+034235.7,1104050022834,18.59,0.14,140.49598, 3.70968,56066.17101,0
092158.92+034235.7,1104050022834,18.60,0.14,140.49583, 3.70985,56066.17621,0
092158.92+034235.7,1104050022834,18.30,0.13,140.49583, 3.70956,56066.18137,0
092158.92+034235.7,1104050022834,18.62,0.16,140.49581, 3.71007,56227.45998,0
092158.92+034235.7,1104050022834,17.97,0.12,140.49575, 3.70981,56227.46608,0
092158.92+034235.7,1104050022834,18.63,0.16,140.49574, 3.70982,56227.47211,0
092158.92+034235.7,1104050022834,18.60,0.16,140.49595, 3.70995,56227.47829,0
092158.92+034235.7,1104050022834,18.51,0.14,140.49566, 3.70980,56297.32119,0
092158.92+034235.7,1104050022834,18.43,0.13,140.49554, 3.70998,56297.32848,0
092158.92+034235.7,1104050022834,18.45,0.13,140.49561, 3.70991,56297.33597,0
092158.92+034235.7,1104050022834,18.35,0.13,140.49569, 3.71001,56297.34333,0
092158.92+034235.7,1104050022834,18.31,0.13,140.49552, 3.70998,56309.32938,0
092158.92+034235.7,1104050022834,18.34,0.13,140.49554, 3.70972,56309.33581,0
092158.92+034235.7,1104050022834,18.15,0.12,140.49561, 3.71001,56309.34233,0
092158.92+034235.7,1104050022834,18.30,0.12,140.49570, 3.70995,56309.34907,0
092158.92+034235.7,1104050022834,18.51,0.14,140.49559, 3.70996,56324.43248,0
092158.92+034235.7,1104050022834,18.41,0.13,140.49560, 3.71026,56324.43757,0
092158.92+034235.7,1104050022834,18.41,0.13,140.49573, 3.70996,56324.44267,0
092158.92+034235.7,1104050022834,18.18,0.12,140.49573, 3.70997,56324.44779,0
092158.92+034235.7,1104050022834,18.56,0.14,140.49577, 3.70983,56330.30918,0
092158.92+034235.7,1104050022834,18.43,0.13,140.49572, 3.70998,56330.31484,0
092158.92+034235.7,1104050022834,18.32,0.13,140.49563, 3.70996,56330.32050,0
092158.92+034235.7,1104050022834,18.52,0.14,140.49562, 3.70990,56330.32615,0
092158.92+034235.7,1104050022834,18.26,0.12,140.49582, 3.70970,56340.25340,0
092158.92+034235.7,1104050022834,18.36,0.13,140.49596, 3.71008,56340.26007,0
092158.92+034235.7,1104050022834,18.40,0.13,140.49559, 3.70999,56340.26690,0
092158.92+034235.7,1104050022834,18.40,0.13,140.49578, 3.71005,56340.27367,0
092158.92+034235.7,1104050022834,18.45,0.13,140.49560, 3.70981,56352.23477,0
092158.92+034235.7,1104050022834,18.41,0.13,140.49575, 3.70982,56352.24216,0
092158.92+034235.7,1104050022834,18.34,0.13,140.49567, 3.70986,56352.24783,0
092158.92+034235.7,1104050022834,18.08,0.12,140.49595, 3.71010,56352.25350,0
092158.92+034235.7,1104050022834,18.50,0.14,140.49575, 3.70977,56366.19535,0
092158.92+034235.7,1104050022834,18.39,0.13,140.49593, 3.70990,56366.20164,0
092158.92+034235.7,1104050022834,18.29,0.13,140.49576, 3.71010,56366.20796,0
092158.92+034235.7,1104050022834,18.45,0.13,140.49569, 3.70994,56366.21420,0
092158.92+034235.7,1104050022834,18.21,0.12,140.49588, 3.71000,55946.23215,0
092158.92+034235.7,1104050022834,18.21,0.12,140.49583, 3.70996,55946.23662,0
092158.92+034235.7,1104050022834,18.35,0.13,140.49583, 3.70938,55946.24120,0
092158.92+034235.7,1104050022834,18.37,0.13,140.49578, 3.71000,55946.24568,0
092158.92+034235.7,1104050022834,18.29,0.12,140.49545, 3.71000,56427.15206,0
092158.92+034235.7,1104050022834,18.24,0.12,140.49571, 3.70993,56427.15876,0
092158.92+034235.7,1104050022834,18.25,0.12,140.49560, 3.70996,56427.16556,0
092158.92+034235.7,1104050022834,18.38,0.12,140.49574, 3.71001,56427.17238,0
164331.90+304835.5,1129079079094,17.05,0.09,250.88293,30.81005,53470.41639,0
164331.90+304835.5,1129079079094,17.05,0.09,250.88302,30.81000,53470.42359,0
164331.90+304835.5,1129079079094,16.98,0.08,250.88300,30.81012,53470.43076,0
164331.90+304835.5,1129079079094,16.99,0.09,250.88308,30.81004,53470.43797,0
164331.90+304835.5,1129079079094,17.08,0.08,250.88305,30.80993,53479.37856,0
164331.90+304835.5,1129079079094,17.06,0.08,250.88307,30.81000,53479.38725,0
164331.90+304835.5,1129079079094,17.08,0.08,250.88296,30.81005,53479.39593,0
164331.90+304835.5,1129079079094,16.93,0.08,250.88301,30.80995,53479.40464,0
164331.90+304835.5,1129079079094,16.96,0.08,250.88306,30.81005,53557.27373,0
164331.90+304835.5,1129079079094,16.94,0.08,250.88301,30.81007,53557.28026,0
164331.90+304835.5,1129079079094,16.97,0.08,250.88293,30.80998,53557.28677,0
164331.90+304835.5,1129079079094,16.91,0.08,250.88308,30.81006,53557.29329,0
164331.90+304835.5,1129079079094,17.06,0.08,250.88296,30.81005,53562.24919,0
164331.90+304835.5,1129079079094,16.96,0.08,250.88298,30.81013,53562.25628,0
164331.90+304835.5,1129079079094,16.94,0.08,250.88296,30.81009,53562.26336,0
164331.90+304835.5,1129079079094,16.97,0.08,250.88298,30.81000,53527.36915,0
164331.90+304835.5,1129079079094,16.87,0.08,250.88299,30.81007,53527.37795,0
164331.90+304835.5,1129079079094,16.95,0.08,250.88302,30.81006,53527.38668,0
164331.90+304835.5,1129079079094,16.91,0.08,250.88301,30.81003,53527.39537,0
164331.90+304835.5,1129079079094,16.91,0.08,250.88297,30.81007,53549.28244,0
164331.90+304835.5,1129079079094,16.86,0.08,250.88302,30.81008,53549.28896,0
164331.90+304835.5,1129079079094,16.85,0.08,250.88306,30.80996,53549.29547,0
164331.90+304835.5,1129079079094,16.90,0.08,250.88303,30.81001,53549.30203,0
164331.90+304835.5,1129079079094,16.95,0.08,250.88301,30.81011,53497.35428,0
164331.90+304835.5,1129079079094,16.92,0.08,250.88296,30.81012,53497.36238,0
164331.90+304835.5,1129079079094,16.99,0.08,250.88304,30.81010,53497.37042,0
164331.90+304835.5,1129079079094,16.99,0.08,250.88302,30.81008,53497.37848,0
164331.90+304835.5,1129079079094,16.97,0.09,250.88304,30.81005,53506.39169,0
164331.90+304835.5,1129079079094,16.97,0.09,250.88297,30.80998,53506.39844,0
164331.90+304835.5,1129079079094,16.86,0.08,250.88294,30.80997,53506.40528,0
164331.90+304835.5,1129079079094,16.97,0.09,250.88299,30.81004,53506.41202,0
164331.90+304835.5,1129079079094,16.68,0.08,250.88297,30.81006,53654.09348,0
164331.90+304835.5,1129079079094,16.88,0.08,250.88288,30.81016,53654.09823,0
164331.90+304835.5,1129079079094,16.84,0.08,250.88299,30.81006,53654.10299,0
164331.90+304835.5,1129079079094,16.81,0.08,250.88295,30.81008,53654.10775,0
164331.90+304835.5,1129079079094,16.96,0.09,250.88292,30.81005,53627.12269,0
164331.90+304835.5,1129079079094,17.00,0.09,250.88298,30.81004,53627.12921,0
164331.90+304835.5,1129079079094,17.00,0.09,250.88303,30.81006,53627.13573,0
164331.90+304835.5,1129079079094,17.06,0.09,250.88304,30.81008,53627.14226,0
164331.90+304835.5,1129079079094,16.90,0.08,250.88303,30.81004,53851.37524,0
164331.90+304835.5,1129079079094,16.95,0.08,250.88301,30.81003,53851.38260,0
164331.90+304835.5,1129079079094,16.96,0.08,250.88303,30.81008,53851.38996,0
164331.90+304835.5,1129079079094,16.97,0.08,250.88308,30.81004,53851.39734,0
164331.90+304835.5,1129079079094,16.93,0.17,250.88282,30.80993,53925.35370,0
164331.90+304835.5,1129079079094,17.10,0.19,250.88320,30.81001,53925.35529,0
164331.90+304835.5,1129079079094,16.79,0.16,250.88341,30.81012,53925.35678,0
164331.90+304835.5,1129079079094,17.04,0.18,250.88311,30.80997,53925.35835,0
164331.90+304835.5,1129079079094,17.04,0.19,250.88316,30.81005,53900.29634,0
164331.90+304835.5,1129079079094,16.87,0.17,250.88295,30.81009,53900.29731,0
164331.90+304835.5,1129079079094,16.76,0.17,250.88314,30.80991,53900.29830,0
164331.90+304835.5,1129079079094,16.78,0.17,250.88333,30.81001,53900.29928,0
164331.90+304835.5,1129079079094,17.03,0.10,250.88296,30.81006,53817.50587,0
164331.90+304835.5,1129079079094,16.82,0.10,250.88293,30.81002,53817.50807,0
164331.90+304835.5,1129079079094,17.00,0.10,250.88293,30.81002,53817.51022,0
164331.90+304835.5,1129079079094,17.01,0.10,250.88301,30.81001,53817.51244,0
164331.90+304835.5,1129079079094,17.02,0.08,250.88302,30.80999,53859.41365,0
164331.90+304835.5,1129079079094,16.99,0.08,250.88303,30.80999,53859.42171,0
164331.90+304835.5,1129079079094,16.81,0.08,250.88306,30.81001,53859.42977,0
164331.90+304835.5,1129079079094,16.88,0.08,250.88305,30.81000,53859.43783,0
164331.90+304835.5,1129079079094,17.21,0.19,250.88327,30.80986,53866.37429,0
164331.90+304835.5,1129079079094,17.16,0.19,250.88294,30.81003,53866.37510,0
164331.90+304835.5,1129079079094,16.97,0.17,250.88293,30.81017,53866.37597,0
164331.90+304835.5,1129079079094,17.15,0.19,250.88304,30.81011,53866.37696,0
164331.90+304835.5,1129079079094,16.98,0.17,250.88310,30.81010,53874.39421,0
164331.90+304835.5,1129079079094,17.08,0.18,250.88300,30.81004,53874.39497,0
164331.90+304835.5,1129079079094,17.07,0.18,250.88306,30.81011,53874.39571,0
164331.90+304835.5,1129079079094,16.93,0.17,250.88296,30.81008,53874.39646,0
164331.90+304835.5,1129079079094,17.02,0.08,250.88308,30.81003,53879.40181,0
164331.90+304835.5,1129079079094,16.94,0.08,250.88301,30.81008,53879.41133,0
164331.90+304835.5,1129079079094,16.92,0.08,250.88304,30.81000,53879.42085,0
164331.90+304835.5,1129079079094,16.93,0.08,250.88301,30.80997,53879.43028,0
164331.90+304835.5,1129079079094,16.98,0.08,250.88314,30.81004,53886.25665,0
164331.90+304835.5,1129079079094,16.90,0.08,250.88300,30.81007,53886.26732,0
164331.90+304835.5,1129079079094,16.91,0.08,250.88300,30.81007,53886.27800,0
164331.90+304835.5,1129079079094,16.90,0.08,250.88307,30.81001,53886.28865,0
164331.90+304835.5,1129079079094,17.06,0.08,250.88298,30.81015,54035.09056,0
164331.90+304835.5,1129079079094,17.12,0.08,250.88292,30.81010,54035.09537,0
164331.90+304835.5,1129079079094,17.14,0.08,250.88298,30.81009,54035.10018,0
164331.90+304835.5,1129079079094,16.94,0.08,250.88289,30.81011,54035.10498,0
164331.90+304835.5,1129079079094,16.98,0.08,250.88294,30.81005,53995.11809,0
164331.90+304835.5,1129079079094,17.04,0.08,250.88299,30.81013,53995.12780,0
164331.90+304835.5,1129079079094,16.87,0.08,250.88300,30.81014,53995.13742,0
164331.90+304835.5,1129079079094,16.93,0.08,250.88294,30.81008,53995.14708,0
164331.90+304835.5,1129079079094,17.02,0.09,250.88309,30.81007,54008.11135,0
164331.90+304835.5,1129079079094,16.91,0.09,250.88315,30.81010,54008.11859,0
164331.90+304835.5,1129079079094,17.10,0.09,250.88302,30.81009,54008.12584,0
164331.90+304835.5,1129079079094,16.95,0.09,250.88297,30.81021,54008.13308,0
164331.90+304835.5,1129079079094,17.31,0.09,250.88308,30.81014,54212.31199,0
164331.90+304835.5,1129079079094,17.06,0.08,250.88306,30.81007,54212.32078,0
164331.90+304835.5,1129079079094,17.11,0.08,250.88306,30.81001,54212.32960,0
164331.90+304835.5,1129079079094,17.12,0.08,250.88301,30.81000,54212.33837,0
164331.90+304835.5,1129079079094,16.99,0.21,250.88298,30.81015,54140.54190,0
164331.90+304835.5,1129079079094,17.20,0.22,250.88305,30.80998,54140.54345,0
164331.90+304835.5,1129079079094,16.56,0.16,250.88300,30.81004,54140.54502,0
164331.90+304835.5,1129079079094,16.81,0.18,250.88318,30.81008,54140.54660,0
164331.90+304835.5,1129079079094,17.16,0.09,250.88301,30.81009,54294.26479,0
164331.90+304835.5,1129079079094,17.07,0.09,250.88299,30.81007,54294.26964,0
164331.90+304835.5,1129079079094,17.09,0.09,250.88292,30.81010,54294.27453,0
164331.90+304835.5,1129079079094,17.01,0.09,250.88295,30.81021,54294.27938,0
164331.90+304835.5,1129079079094,17.03,0.08,250.88304,30.81007,54258.33233,0
164331.90+304835.5,1129079079094,17.03,0.08,250.88303,30.81007,54258.33887,0
164331.90+304835.5,1129079079094,16.99,0.08,250.88297,30.81004,54258.34539,0
164331.90+304835.5,1129079079094,16.96,0.08,250.88300,30.81000,54258.35191,0
164331.90+304835.5,1129079079094,16.98,0.08,250.88301,30.81017,54269.33902,0
164331.90+304835.5,1129079079094,17.07,0.08,250.88296,30.81009,54269.34548,0
164331.90+304835.5,1129079079094,17.00,0.08,250.88306,30.81010,54269.35194,0
164331.90+304835.5,1129079079094,16.89,0.08,250.88291,30.81003,54269.35839,0
164331.90+304835.5,1129079079094,17.03,0.08,250.88303,30.80997,54176.45704,0
164331.90+304835.5,1129079079094,17.04,0.08,250.88303,30.81000,54176.46574,0
164331.90+304835.5,1129079079094,17.00,0.08,250.88303,30.81004,54176.47443,0
164331.90+304835.5,1129079079094,17.00,0.08,250.88300,30.81003,54176.48308,0
164331.90+304835.5,1129079079094,17.17,0.10,250.88297,30.80993,54186.45898,0
164331.90+304835.5,1129079079094,16.83,0.09,250.88288,30.80992,54186.46091,0
164331.90+304835.5,1129079079094,17.06,0.09,250.88299,30.81005,54186.46282,0
164331.90+304835.5,1129079079094,17.50,0.11,250.88286,30.81015,54186.46472,0
164331.90+304835.5,1129079079094,16.97,0.10,250.88291,30.81008,54234.26903,0
164331.90+304835.5,1129079079094,17.00,0.09,250.88297,30.81010,54234.27295,0
164331.90+304835.5,1129079079094,16.92,0.09,250.88295,30.81020,54234.27692,0
164331.90+304835.5,1129079079094,17.37,0.15,250.88281,30.80992,54234.28087,0
164331.90+304835.5,1129079079094,16.96,0.08,250.88309,30.81010,54244.37639,0
164331.90+304835.5,1129079079094,16.95,0.08,250.88298,30.81004,54244.38368,0
164331.90+304835.5,1129079079094,17.05,0.08,250.88301,30.81008,54244.39098,0
164331.90+304835.5,1129079079094,17.05,0.08,250.88299,30.81015,54244.39830,0
164331.90+304835.5,1129079079094,16.98,0.09,250.88269,30.81005,54407.06696,0
164331.90+304835.5,1129079079094,17.08,0.10,250.88292,30.81009,54407.07084,0
164331.90+304835.5,1129079079094,16.92,0.09,250.88312,30.81006,54407.07467,0
164331.90+304835.5,1129079079094,17.18,0.10,250.88311,30.81009,54407.07854,0
164331.90+304835.5,1129079079094,17.06,0.10,250.88304,30.81025,54381.09301,0
164331.90+304835.5,1129079079094,17.14,0.11,250.88314,30.81010,54381.09590,0
164331.90+304835.5,1129079079094,17.03,0.10,250.88312,30.81020,54381.09879,0
164331.90+304835.5,1129079079094,17.15,0.11,250.88322,30.81025,54381.10168,0
164331.90+304835.5,1129079079094,16.93,0.09,250.88338,30.81015,54387.07527,0
164331.90+304835.5,1129079079094,16.84,0.09,250.88317,30.81006,54387.08042,0
164331.90+304835.5,1129079079094,16.82,0.09,250.88303,30.81018,54387.08554,0
164331.90+304835.5,1129079079094,16.95,0.09,250.88316,30.81015,54387.09068,0
164331.90+304835.5,1129079079094,17.24,0.11,250.88310,30.81006,54393.08260,0
164331.90+304835.5,1129079079094,17.21,0.11,250.88312,30.81011,54393.08476,0
164331.90+304835.5,1129079079094,17.18,0.11,250.88302,30.81018,54393.08691,0
164331.90+304835.5,1129079079094,17.14,0.11,250.88321,30.81023,54393.08907,0
164331.90+304835.5,1129079079094,16.83,0.07,250.88312,30.81031,54347.19384,0
164331.90+304835.5,1129079079094,16.87,0.07,250.88313,30.81024,54347.20112,0
164331.90+304835.5,1129079079094,16.96,0.08,250.88318,30.81031,54347.20840,0
164331.90+304835.5,1129079079094,16.96,0.08,250.88329,30.81038,54347.21566,0
164331.90+304835.5,1129079079094,17.01,0.08,250.88319,30.81015,54358.13591,0
164331.90+304835.5,1129079079094,16.94,0.08,250.88322,30.81016,54358.14246,0
164331.90+304835.5,1129079079094,17.03,0.08,250.88308,30.81017,54358.14900,0
164331.90+304835.5,1129079079094,17.07,0.08,250.88306,30.81017,54358.15553,0
164331.90+304835.5,1129079079094,17.05,0.08,250.88308,30.81014,54559.42070,0
164331.90+304835.5,1129079079094,17.00,0.08,250.88305,30.81005,54559.42609,0
164331.90+304835.5,1129079079094,16.93,0.08,250.88297,30.81004,54559.43166,0
164331.90+304835.5,1129079079094,17.08,0.08,250.88314,30.81006,54559.43706,0
164331.90+304835.5,1129079079094,16.97,0.08,250.88307,30.81009,54567.45184,0
164331.90+304835.5,1129079079094,17.00,0.08,250.88302,30.80998,54567.45964,0
164331.90+304835.5,1129079079094,17.07,0.08,250.88305,30.81011,54567.46746,0
164331.90+304835.5,1129079079094,17.00,0.08,250.88301,30.80999,54567.47528,0
164331.90+304835.5,1129079079094,16.95,0.08,250.88293,30.81007,54573.40453,0
164331.90+304835.5,1129079079094,17.03,0.08,250.88296,30.81004,54573.41379,0
164331.90+304835.5,1129079079094,17.02,0.08,250.88307,30.81008,54573.42304,0
164331.90+304835.5,1129079079094,16.92,0.08,250.88298,30.81004,54573.43232,0
164331.90+304835.5,1129079079094,16.99,0.08,250.88301,30.81013,54583.35603,0
164331.90+304835.5,1129079079094,17.07,0.08,250.88298,30.81014,54583.36356,0
164331.90+304835.5,1129079079094,17.10,0.08,250.88302,30.81010,54583.37113,0
164331.90+304835.5,1129079079094,17.12,0.08,250.88302,30.81007,54583.37864,0
164331.90+304835.5,1129079079094,17.03,0.08,250.88317,30.81003,54508.48342,0
164331.90+304835.5,1129079079094,16.95,0.08,250.88303,30.81012,54508.48835,0
164331.90+304835.5,1129079079094,16.98,0.08,250.88302,30.81007,54508.49325,0
164331.90+304835.5,1129079079094,17.02,0.08,250.88307,30.81006,54508.49818,0
164331.90+304835.5,1129079079094,17.00,0.08,250.88291,30.81023,54627.31021,0
164331.90+304835.5,1129079079094,17.06,0.08,250.88306,30.81024,54627.31848,0
164331.90+304835.5,1129079079094,16.83,0.08,250.88306,30.81021,54627.32676,0
164331.90+304835.5,1129079079094,16.97,0.08,250.88307,30.81015,54627.33507,0
164331.90+304835.5,1129079079094,16.97,0.08,250.88294,30.81005,54641.36156,0
164331.90+304835.5,1129079079094,16.99,0.08,250.88301,30.81008,54641.36760,0
164331.90+304835.5,1129079079094,17.13,0.09,250.88295,30.81000,54641.37363,0
164331.90+304835.5,1129079079094,17.06,0.09,250.88292,30.81005,54641.37969,0
164331.90+304835.5,1129079079094,16.93,0.08,250.88310,30.81011,54527.50783,0
164331.90+304835.5,1129079079094,16.92,0.08,250.88308,30.81017,54527.51432,0
164331.90+304835.5,1129079079094,16.93,0.08,250.88299,30.81006,54527.52084,0
164331.90+304835.5,1129079079094,17.09,0.08,250.88309,30.81011,54527.52732,0
164331.90+304835.5,1129079079094,16.97,0.08,250.88304,30.81011,54536.51665,0
164331.90+304835.5,1129079079094,16.94,0.08,250.88302,30.81005,54536.52115,0
164331.90+304835.5,1129079079094,17.04,0.08,250.88302,30.81002,54536.52573,0
164331.90+304835.5,1129079079094,17.05,0.08,250.88301,30.80998,54536.53028,0
164331.90+304835.5,1129079079094,16.91,0.08,250.88314,30.81003,54548.47423,0
164331.90+304835.5,1129079079094,16.87,0.08,250.88309,30.81016,54548.48094,0
164331.90+304835.5,1129079079094,16.98,0.08,250.88297,30.81008,54548.48774,0
164331.90+304835.5,1129079079094,17.01,0.08,250.88310,30.80992,54548.49464,0
164331.90+304835.5,1129079079094,17.23,0.09,250.88309,30.81010,54589.40346,0
164331.90+304835.5,1129079079094,17.07,0.08,250.88307,30.81004,54589.40785,0
164331.90+304835.5,1129079079094,17.12,0.08,250.88302,30.81009,54589.41224,0
164331.90+304835.5,1129079079094,17.03,0.08,250.88306,30.81010,54589.41666,0
164331.90+304835.5,1129079079094,17.01,0.08,250.88305,30.81012,54596.31003,0
164331.90+304835.5,1129079079094,17.00,0.08,250.88300,30.81009,54596.31776,0
164331.90+304835.5,1129079079094,16.96,0.08,250.88306,30.81011,54596.32553,0
164331.90+304835.5,1129079079094,16.96,0.08,250.88299,30.81020,54596.33327,0
164331.90+304835.5,1129079079094,16.97,0.09,250.88333,30.81028,54747.08973,0
164331.90+304835.5,1129079079094,17.03,0.09,250.88326,30.81030,54747.09464,0
164331.90+304835.5,1129079079094,16.89,0.09,250.88318,30.81031,54747.09957,0
164331.90+304835.5,1129079079094,16.92,0.09,250.88330,30.81030,54747.10445,0
164331.90+304835.5,1129079079094,16.87,0.08,250.88315,30.81028,54718.19165,0
164331.90+304835.5,1129079079094,17.06,0.08,250.88298,30.81011,54947.45530,0
164331.90+304835.5,1129079079094,17.05,0.08,250.88302,30.81013,54947.46014,0
164331.90+304835.5,1129079079094,17.06,0.08,250.88305,30.81013,54947.46494,0
164331.90+304835.5,1129079079094,17.10,0.08,250.88310,30.81010,54947.46983,0
164331.90+304835.5,1129079079094,17.05,0.09,250.88321,30.81006,54875.50493,0
164331.90+304835.5,1129079079094,17.09,0.09,250.88305,30.81006,54875.51034,0
164331.90+304835.5,1129079079094,17.05,0.09,250.88284,30.81004,54875.51581,0
164331.90+304835.5,1129079079094,16.98,0.08,250.88306,30.81009,54875.52122,0
164331.90+304835.5,1129079079094,17.20,0.09,250.88304,30.81015,54851.53596,0
164331.90+304835.5,1129079079094,17.20,0.09,250.88303,30.81015,54851.54179,0
164331.90+304835.5,1129079079094,17.18,0.09,250.88306,30.81010,54851.54775,0
164331.90+304835.5,1129079079094,17.26,0.09,250.88300,30.81011,54851.55361,0
164331.90+304835.5,1129079079094,16.93,0.09,250.88294,30.81009,55043.22621,0
164331.90+304835.5,1129079079094,17.15,0.10,250.88298,30.81018,55043.23219,0
164331.90+304835.5,1129079079094,16.98,0.09,250.88301,30.81000,55043.23820,0
164331.90+304835.5,1129079079094,16.97,0.09,250.88300,30.81008,55043.24398,0
164331.90+304835.5,1129079079094,17.18,0.09,250.88314,30.81012,54993.35441,0
164331.90+304835.5,1129079079094,17.11,0.09,250.88312,30.81008,54993.35972,0
164331.90+304835.5,1129079079094,17.06,0.09,250.88289,30.81012,54993.36502,0
164331.90+304835.5,1129079079094,17.00,0.09,250.88301,30.81021,54993.37045,0
164331.90+304835.5,1129079079094,17.11,0.08,250.88301,30.81013,54891.46300,0
164331.90+304835.5,1129079079094,16.99,0.08,250.88301,30.81021,54891.47072,0
164331.90+304835.5,1129079079094,17.13,0.08,250.88305,30.81015,54891.47867,0
164331.90+304835.5,1129079079094,17.12,0.08,250.88302,30.81019,54891.48651,0
164331.90+304835.5,1129079079094,17.10,0.08,250.88308,30.81013,54920.37846,0
164331.90+304835.5,1129079079094,17.14,0.08,250.88306,30.81009,54920.38641,0
164331.90+304835.5,1129079079094,17.04,0.08,250.88306,30.81005,54920.40228,0
164331.90+304835.5,1129079079094,17.16,0.09,250.88297,30.81008,54966.44315,0
164331.90+304835.5,1129079079094,17.02,0.08,250.88305,30.81010,54979.38160,0
164331.90+304835.5,1129079079094,17.02,0.08,250.88288,30.81009,54979.38642,0
164331.90+304835.5,1129079079094,17.07,0.08,250.88295,30.81016,54979.39128,0
164331.90+304835.5,1129079079094,17.02,0.08,250.88299,30.81004,54979.39615,0
164331.90+304835.5,1129079079094,17.09,0.08,250.88304,30.80998,55141.06605,0
164331.90+304835.5,1129079079094,16.89,0.08,250.88312,30.81010,55141.07069,0
164331.90+304835.5,1129079079094,17.01,0.08,250.88292,30.81012,55141.07551,0
164331.90+304835.5,1129079079094,17.15,0.09,250.88300,30.81026,55141.08032,0
164331.90+304835.5,1129079079094,16.92,0.09,250.88305,30.81018,55128.07801,0
164331.90+304835.5,1129079079094,16.96,0.09,250.88297,30.81009,55128.08086,0
164331.90+304835.5,1129079079094,16.99,0.09,250.88292,30.81021,55128.08377,0
164331.90+304835.5,1129079079094,16.93,0.09,250.88293,30.81013,55128.08673,0
164331.90+304835.5,1129079079094,16.82,0.08,250.88286,30.81007,55095.14634,0
164331.90+304835.5,1129079079094,16.88,0.08,250.88290,30.81009,55095.15188,0
164331.90+304835.5,1129079079094,16.97,0.08,250.88304,30.81012,55095.15741,0
164331.90+304835.5,1129079079094,16.89,0.08,250.88318,30.81013,55095.16277,0
164331.90+304835.5,1129079079094,17.00,0.09,250.88293,30.80995,55102.09440,0
164331.90+304835.5,1129079079094,16.95,0.09,250.88319,30.81012,55102.09836,0
164331.90+304835.5,1129079079094,16.91,0.09,250.88309,30.80993,55102.10232,0
164331.90+304835.5,1129079079094,17.12,0.10,250.88293,30.81007,55102.10629,0
164331.90+304835.5,1129079079094,17.16,0.08,250.88301,30.81004,55296.39907,0
164331.90+304835.5,1129079079094,17.04,0.08,250.88295,30.81001,55296.40478,0
164331.90+304835.5,1129079079094,17.06,0.08,250.88295,30.81005,55296.41057,0
164331.90+304835.5,1129079079094,17.01,0.08,250.88296,30.81009,55296.41631,0
164331.90+304835.5,1129079079094,17.06,0.09,250.88296,30.81005,55350.38163,0
164331.90+304835.5,1129079079094,17.14,0.09,250.88299,30.81003,55350.38738,0
164331.90+304835.5,1129079079094,17.18,0.09,250.88289,30.81005,55350.39310,0
164331.90+304835.5,1129079079094,16.83,0.09,250.88258,30.81012,55350.39890,0
164331.90+304835.5,1129079079094,17.10,0.08,250.88291,30.81007,55356.36752,0
164331.90+304835.5,1129079079094,17.03,0.08,250.88299,30.81007,55356.37444,0
164331.90+304835.5,1129079079094,16.96,0.08,250.88297,30.81004,55356.38141,0
164331.90+304835.5,1129079079094,17.09,0.08,250.88286,30.81000,55356.38841,0
164331.90+304835.5,1129079079094,17.10,0.08,250.88297,30.81000,55363.36303,0
164331.90+304835.5,1129079079094,16.95,0.08,250.88287,30.81008,55363.36820,0
164331.90+304835.5,1129079079094,17.34,0.09,250.88299,30.81007,55363.37341,0
164331.90+304835.5,1129079079094,16.99,0.08,250.88286,30.81010,55363.37863,0
164331.90+304835.5,1129079079094,17.19,0.09,250.88293,30.81000,55368.20387,0
164331.90+304835.5,1129079079094,17.15,0.09,250.88301,30.81011,55368.20955,0
164331.90+304835.5,1129079079094,16.88,0.08,250.88296,30.80999,55368.21532,0
164331.90+304835.5,1129079079094,17.04,0.08,250.88296,30.81012,55368.22103,0
164331.90+304835.5,1129079079094,16.93,0.08,250.88295,30.81008,55273.45967,0
164331.90+304835.5,1129079079094,17.14,0.08,250.88291,30.81007,55273.46488,0
164331.90+304835.5,1129079079094,17.07,0.08,250.88303,30.81000,55273.47012,0
164331.90+304835.5,1129079079094,17.03,0.08,250.88300,30.81001,55273.47535,0
164331.90+304835.5,1129079079094,17.02,0.08,250.88291,30.81010,55280.40921,0
164331.90+304835.5,1129079079094,17.03,0.08,250.88303,30.81003,55280.41611,0
164331.90+304835.5,1129079079094,17.01,0.08,250.88300,30.81004,55280.42301,0
164331.90+304835.5,1129079079094,17.11,0.08,250.88300,30.81005,55280.42995,0
164331.90+304835.5,1129079079094,17.05,0.08,250.88303,30.81005,55329.27444,0
164331.90+304835.5,1129079079094,16.89,0.08,250.88296,30.81007,55329.28129,0
164331.90+304835.5,1129079079094,17.07,0.08,250.88300,30.81004,55329.28821,0
164331.90+304835.5,1129079079094,17.00,0.08,250.88305,30.81006,55329.29502,0
164331.90+304835.5,1129079079094,17.16,0.09,250.88291,30.81008,55340.30234,0
164331.90+304835.5,1129079079094,16.98,0.08,250.88295,30.81016,55340.30744,0
164331.90+304835.5,1129079079094,17.04,0.08,250.88300,30.81024,55340.31260,0
164331.90+304835.5,1129079079094,16.94,0.08,250.88298,30.81007,55340.31774,0
164331.90+304835.5,1129079079094,17.18,0.09,250.88334,30.81009,55454.16048,0
164331.90+304835.5,1129079079094,17.02,0.08,250.88343,30.81005,55454.17543,0
164331.90+304835.5,1129079079094,16.91,0.08,250.88339,30.81004,55454.18286,0
164331.90+304835.5,1129079079094,17.13,0.09,250.88296,30.81009,55676.40442,0
164331.90+304835.5,1129079079094,17.68,0.15,250.88286,30.81007,55676.41193,0
164331.90+304835.5,1129079079094,17.42,0.13,250.88290,30.81003,55676.41951,0
164331.90+304835.5,1129079079094,17.22,0.09,250.88290,30.81006,55676.42691,0
164331.90+304835.5,1129079079094,17.06,0.09,250.88294,30.81026,55713.28910,0
164331.90+304835.5,1129079079094,16.79,0.10,250.88300,30.81027,55713.29361,0
164331.90+304835.5,1129079079094,17.36,0.13,250.88283,30.81032,55713.30759,0
164331.90+304835.5,1129079079094,17.01,0.09,250.88302,30.81036,55713.31220,0
164331.90+304835.5,1129079079094,17.08,0.08,250.88306,30.81021,55720.33251,0
164331.90+304835.5,1129079079094,16.94,0.08,250.88299,30.81026,55720.33826,0
164331.90+304835.5,1129079079094,17.01,0.08,250.88300,30.81021,55720.34410,0
164331.90+304835.5,1129079079094,17.04,0.08,250.88297,30.81023,55720.34989,0
164331.90+304835.5,1129079079094,16.94,0.10,250.88314,30.81024,55629.52431,0
164331.90+304835.5,1129079079094,16.91,0.10,250.88320,30.81034,55629.52596,0
164331.90+304835.5,1129079079094,16.98,0.10,250.88301,30.81034,55629.52755,0
164331.90+304835.5,1129079079094,17.07,0.11,250.88312,30.81044,55629.52924,0
164331.90+304835.5,1129079079094,17.07,0.08,250.88291,30.81015,55648.41951,0
164331.90+304835.5,1129079079094,17.09,0.08,250.88292,30.81023,55648.42811,0
164331.90+304835.5,1129079079094,17.06,0.08,250.88289,30.81013,55648.43672,0
164331.90+304835.5,1129079079094,17.11,0.09,250.88292,30.81019,55648.44532,0
164331.90+304835.5,1129079079094,17.04,0.08,250.88307,30.81020,55688.36925,0
164331.90+304835.5,1129079079094,17.07,0.09,250.88302,30.81022,55688.37538,0
164331.90+304835.5,1129079079094,17.03,0.08,250.88301,30.81033,55688.38152,0
164331.90+304835.5,1129079079094,17.08,0.09,250.88311,30.81016,55688.38768,0
164331.90+304835.5,1129079079094,17.09,0.09,250.88299,30.81020,55701.41768,0
164331.90+304835.5,1129079079094,17.14,0.09,250.88303,30.81015,55701.42450,0
164331.90+304835.5,1129079079094,17.18,0.09,250.88291,30.81031,55701.43133,0
164331.90+304835.5,1129079079094,17.09,0.09,250.88298,30.81015,55701.43813,0
164331.90+304835.5,1129079079094,17.07,0.09,250.88308,30.81028,54387.09970,0
164331.90+304835.5,1129079079094,16.90,0.09,250.88313,30.81024,54387.10485,0
164331.90+304835.5,1129079079094,17.14,0.10,250.88302,30.81036,54387.11000,0
164331.90+304835.5,1129079079094,16.94,0.09,250.88316,30.81036,54387.11514,0
164331.90+304835.5,1129079079094,17.07,0.08,250.88301,30.81009,54966.44905,0
164331.90+304835.5,1129079079094,17.02,0.08,250.88304,30.81007,54966.45676,0
164331.90+304835.5,1129079079094,17.01,0.08,250.88294,30.81007,54966.46472,0
164331.90+304835.5,1129079079094,17.00,0.08,250.88296,30.81010,54966.47263,0
164331.90+304835.5,1129079079094,17.02,0.08,250.88310,30.80995,55822.12404,0
164331.90+304835.5,1129079079094,17.02,0.08,250.88317,30.81004,55822.13171,0
164331.90+304835.5,1129079079094,17.02,0.08,250.88311,30.81003,55822.13877,0
164331.90+304835.5,1129079079094,17.00,0.08,250.88328,30.80994,55822.14568,0
164331.90+304835.5,1129079079094,17.00,0.08,250.88312,30.81003,55853.08696,0
164331.90+304835.5,1129079079094,17.11,0.08,250.88307,30.80999,55853.09200,0
164331.90+304835.5,1129079079094,16.96,0.08,250.88306,30.81003,55853.09713,0
164331.90+304835.5,1129079079094,17.13,0.08,250.88296,30.81000,55853.10230,0
164331.90+304835.5,1129079079094,17.15,0.08,250.88306,30.81002,56007.42321,0
164331.90+304835.5,1129079079094,17.18,0.08,250.88310,30.81002,56007.43341,0
164331.90+304835.5,1129079079094,17.15,0.08,250.88304,30.80999,56007.44363,0
164331.90+304835.5,1129079079094,17.14,0.08,250.88305,30.80996,56007.45397,0
164331.90+304835.5,1129079079094,17.12,0.08,250.88301,30.81003,56019.44832,0
164331.90+304835.5,1129079079094,17.11,0.08,250.88310,30.81008,56019.45721,0
164331.90+304835.5,1129079079094,16.97,0.08,250.88298,30.81002,56019.46627,0
164331.90+304835.5,1129079079094,17.15,0.09,250.88317,30.80999,56019.47538,0
164331.90+304835.5,1129079079094,17.01,0.08,250.88302,30.81007,56041.39388,0
164331.90+304835.5,1129079079094,17.12,0.09,250.88310,30.81001,56041.39895,0
164331.90+304835.5,1129079079094,17.13,0.09,250.88304,30.81004,56041.40407,0
164331.90+304835.5,1129079079094,17.13,0.09,250.88304,30.80995,56041.40907,0
164331.90+304835.5,1129079079094,17.18,0.09,250.88316,30.81017,56047.28104,0
164331.90+304835.5,1129079079094,17.05,0.08,250.88290,30.81004,56047.28680,0
164331.90+304835.5,1129079079094,17.04,0.08,250.88299,30.81006,56047.29259,0
164331.90+304835.5,1129079079094,17.00,0.08,250.88287,30.81009,56047.29827,0
164331.90+304835.5,1129079079094,17.09,0.08,250.88305,30.81002,56063.40398,0
164331.90+304835.5,1129079079094,17.11,0.08,250.88307,30.80997,56063.41077,0
164331.90+304835.5,1129079079094,17.11,0.08,250.88303,30.81004,56063.41764,0
164331.90+304835.5,1129079079094,17.06,0.08,250.88307,30.80996,56063.42447,0
164331.90+304835.5,1129079079094,17.19,0.08,250.88307,30.80996,56072.34537,0
164331.90+304835.5,1129079079094,17.19,0.08,250.88305,30.80993,56072.35045,0
164331.90+304835.5,1129079079094,17.12,0.08,250.88302,30.80992,56072.35552,0
164331.90+304835.5,1129079079094,17.16,0.08,250.88299,30.80998,56072.36057,0
164331.90+304835.5,1129079079094,17.07,0.08,250.88300,30.81004,56086.42776,0
164331.90+304835.5,1129079079094,17.13,0.08,250.88299,30.81000,56086.43286,0
164331.90+304835.5,1129079079094,17.16,0.09,250.88298,30.80999,56086.43800,0
164331.90+304835.5,1129079079094,17.15,0.09,250.88307,30.81009,56086.44318,0
164331.90+304835.5,1129079079094,17.17,0.09,250.88295,30.81001,56093.29817,0
164331.90+304835.5,1129079079094,17.11,0.08,250.88306,30.80997,56093.30663,0
164331.90+304835.5,1129079079094,17.11,0.08,250.88315,30.81001,56093.31521,0
164331.90+304835.5,1129079079094,17.13,0.09,250.88299,30.81000,56093.32365,0
164331.90+304835.5,1129079079094,17.06,0.08,250.88314,30.81003,56099.24943,0
164331.90+304835.5,1129079079094,17.09,0.08,250.88316,30.81010,56099.25799,0
164331.90+304835.5,1129079079094,17.06,0.08,250.88313,30.81009,56099.26658,0
164331.90+304835.5,1129079079094,17.13,0.09,250.88323,30.81007,56099.27511,0
164331.90+304835.5,1129079079094,17.05,0.08,250.88296,30.81012,56187.18006,0
164331.90+304835.5,1129079079094,16.95,0.08,250.88304,30.81013,56187.18485,0
164331.90+304835.5,1129079079094,16.97,0.08,250.88295,30.81013,56187.18965,0
164331.90+304835.5,1129079079094,17.03,0.08,250.88292,30.81005,56187.19439,0
164331.90+304835.5,1129079079094,16.98,0.08,250.88303,30.81018,56194.14313,0
164331.90+304835.5,1129079079094,17.22,0.08,250.88298,30.81000,56194.14658,0
164331.90+304835.5,1129079079094,16.96,0.08,250.88318,30.81006,56194.15001,0
164331.90+304835.5,1129079079094,16.98,0.08,250.88293,30.81011,56194.15341,0
164331.90+304835.5,1129079079094,17.15,0.09,250.88303,30.81010,56215.08668,0
164331.90+304835.5,1129079079094,17.09,0.09,250.88305,30.81017,56215.09120,0
164331.90+304835.5,1129079079094,17.07,0.08,250.88292,30.81010,56215.09570,0
164331.90+304835.5,1129079079094,17.14,0.09,250.88304,30.81008,56215.10019,0
164331.90+304835.5,1129079079094,17.09,0.08,250.88292,30.81010,56221.08697,0
164331.90+304835.5,1129079079094,17.19,0.08,250.88297,30.81014,56221.09308,0
164331.90+304835.5,1129079079094,17.02,0.08,250.88306,30.81013,56221.09917,0
164331.90+304835.5,1129079079094,17.10,0.08,250.88296,30.81008,56221.10525,0
164331.90+304835.5,1129079079094,17.69,0.10,250.88275,30.81022,56374.43812,0
164331.90+304835.5,1129079079094,17.23,0.09,250.88302,30.81017,56374.44551,0
164331.90+304835.5,1129079079094,17.17,0.09,250.88297,30.81009,56374.45291,0
164331.90+304835.5,1129079079094,17.17,0.09,250.88321,30.81011,56374.46030,0
164331.90+304835.5,1129079079094,17.04,0.08,250.88298,30.81015,56395.42791,0
164331.90+304835.5,1129079079094,17.06,0.08,250.88309,30.81011,56395.43472,0
164331.90+304835.5,1129079079094,17.06,0.08,250.88314,30.81020,56395.44154,0
164331.90+304835.5,1129079079094,17.13,0.09,250.88310,30.81009,56395.44842,0
164331.90+304835.5,1129079079094,17.09,0.09,250.88300,30.81006,56417.33168,0
164331.90+304835.5,1129079079094,17.07,0.09,250.88301,30.81010,56417.33771,0
164331.90+304835.5,1129079079094,17.04,0.09,250.88308,30.81013,56417.34286,0
164331.90+304835.5,1129079079094,17.18,0.09,250.88309,30.81016,56417.34798,0
164331.90+304835.5,1129079079094,17.24,0.09,250.88309,30.81013,56429.24344,0
164331.90+304835.5,1129079079094,17.17,0.09,250.88297,30.80998,56429.24851,0
164331.90+304835.5,1129079079094,17.12,0.09,250.88310,30.81005,56429.25358,0
164331.90+304835.5,1129079079094,17.23,0.10,250.88307,30.81012,56429.25870,0
164331.90+304835.5,1129079079094,17.03,0.09,250.88299,30.81020,56443.38775,0
164331.90+304835.5,1129079079094,17.23,0.09,250.88302,30.81009,56443.39462,0
164331.90+304835.5,1129079079094,17.02,0.09,250.88293,30.81009,56443.40143,0
164331.90+304835.5,1129079079094,17.13,0.09,250.88296,30.81011,56443.40823,0
164331.90+304835.5,1129079079094,17.21,0.09,250.88305,30.81007,56451.33444,0
164331.90+304835.5,1129079079094,17.21,0.09,250.88302,30.81006,56451.34065,0
164331.90+304835.5,1129079079094,17.17,0.09,250.88301,30.81011,56451.34693,0
164331.90+304835.5,1129079079094,17.13,0.09,250.88303,30.81013,56451.35314,0
164331.90+304835.5,1129079079094,17.27,0.09,250.88291,30.81015,56459.35124,0
164331.90+304835.5,1129079079094,17.22,0.09,250.88304,30.81011,56459.36024,0
164331.90+304835.5,1129079079094,17.24,0.09,250.88300,30.81017,56459.36935,0
164331.90+304835.5,1129079079094,17.23,0.09,250.88301,30.81009,56459.37845,0
164331.90+304835.5,1129079079094,17.18,0.09,250.88305,30.81010,56470.35499,0
164331.90+304835.5,1129079079094,17.13,0.09,250.88303,30.81019,56470.36235,0
164331.90+304835.5,1129079079094,17.20,0.09,250.88309,30.81012,56470.36975,0
164331.90+304835.5,1129079079094,17.24,0.09,250.88305,30.81015,56470.37714,0
164331.90+304835.5,1129079079094,17.02,0.09,250.88305,30.81010,56536.15096,0
164331.90+304835.5,1129079079094,17.21,0.09,250.88298,30.81003,56536.15765,0
164331.90+304835.5,1129079079094,17.09,0.09,250.88304,30.81005,56536.16435,0
164331.90+304835.5,1129079079094,16.99,0.08,250.88308,30.80998,56536.17113,0
164331.90+304835.5,1129079079094,17.29,0.09,250.88307,30.81003,56567.13298,0
164331.90+304835.5,1129079079094,17.16,0.09,250.88296,30.81003,56567.13968,0
164331.90+304835.5,1129079079094,17.24,0.09,250.88307,30.81002,56567.14638,0
164331.90+304835.5,1129079079094,17.16,0.09,250.88306,30.81003,56567.15307,0
164331.90+304835.5,1129079079094,17.24,0.08,250.88292,30.81004,56587.08061,0
164331.90+304835.5,1129079079094,17.23,0.08,250.88307,30.81002,56587.08743,0
164331.90+304835.5,1129079079094,17.21,0.08,250.88301,30.81005,56587.09426,0
164331.90+304835.5,1129079079094,17.08,0.08,250.88303,30.80996,56587.10109,0
083325.69+391204.7,1138037061290,18.05,0.12,128.35704,39.20139,53706.39041,0
083325.69+391204.7,1138037061290,17.70,0.11,128.35697,39.20135,53706.40067,0
083325.69+391204.7,1138037061290,18.01,0.11,128.35704,39.20139,53706.41162,0
083325.69+391204.7,1138037061290,17.84,0.11,128.35721,39.20133,53712.34031,0
083325.69+391204.7,1138037061290,18.01,0.11,128.35706,39.20153,53725.47995,0
083325.69+391204.7,1138037061290,18.14,0.12,128.35700,39.20148,53725.48786,0
083325.69+391204.7,1138037061290,17.98,0.11,128.35713,39.20143,53725.49579,0
083325.69+391204.7,1138037061290,18.05,0.11,128.35707,39.20141,53725.50366,0
083325.69+391204.7,1138037061290,18.04,0.11,128.35693,39.20140,53734.29909,0
083325.69+391204.7,1138037061290,17.97,0.11,128.35711,39.20145,53734.30616,0
083325.69+391204.7,1138037061290,17.87,0.11,128.35696,39.20123,53734.32026,0
083325.69+391204.7,1138037061290,18.05,0.12,128.35695,39.20135,53678.39939,0
083325.69+391204.7,1138037061290,17.87,0.11,128.35719,39.20131,53678.40604,0
083325.69+391204.7,1138037061290,17.87,0.11,128.35695,39.20141,53678.41263,0
083325.69+391204.7,1138037061290,17.92,0.11,128.35712,39.20129,53678.41924,0
083325.69+391204.7,1138037061290,18.06,0.12,128.35701,39.20133,53687.41469,0
083325.69+391204.7,1138037061290,18.04,0.11,128.35704,39.20138,53687.42070,0
083325.69+391204.7,1138037061290,17.89,0.11,128.35720,39.20137,53687.42679,0
083325.69+391204.7,1138037061290,17.94,0.11,128.35720,39.20133,53687.43298,0
083325.69+391204.7,1138037061290,18.01,0.12,128.35698,39.20154,53854.16383,0
083325.69+391204.7,1138037061290,17.88,0.11,128.35700,39.20138,53854.17034,0
083325.69+391204.7,1138037061290,18.10,0.12,128.35708,39.20137,53854.17682,0
083325.69+391204.7,1138037061290,18.03,0.11,128.35712,39.20136,54089.32046,0
083325.69+391204.7,1138037061290,17.97,0.11,128.35695,39.20130,54089.32767,0
083325.69+391204.7,1138037061290,18.02,0.11,128.35705,39.20133,54089.33479,0
083325.69+391204.7,1138037061290,18.00,0.11,128.35708,39.20148,54089.34199,0
083325.69+391204.7,1138037061290,17.97,0.11,128.35706,39.20141,53770.19950,0
083325.69+391204.7,1138037061290,18.00,0.11,128.35696,39.20143,53770.20674,0
083325.69+391204.7,1138037061290,17.93,0.11,128.35701,39.20131,53770.21399,0
083325.69+391204.7,1138037061290,17.96,0.11,128.35698,39.20140,53770.22122,0
083325.69+391204.7,1138037061290,17.98,0.13,128.35709,39.20135,53788.12768,0
083325.69+391204.7,1138037061290,17.98,0.12,128.35714,39.20137,53788.13422,0
083325.69+391204.7,1138037061290,17.94,0.12,128.35710,39.20133,53788.14108,0
083325.69+391204.7,1138037061290,18.02,0.12,128.35696,39.20149,53788.14765,0
083325.69+391204.7,1138037061290,17.90,0.11,128.35706,39.20135,53741.31444,0
083325.69+391204.7,1138037061290,18.01,0.11,128.35696,39.20147,53741.32156,0
083325.69+391204.7,1138037061290,17.88,0.11,128.35705,39.20141,53757.29102,0
083325.69+391204.7,1138037061290,17.95,0.11,128.35696,39.20147,53757.29814,0
083325.69+391204.7,1138037061290,17.81,0.11,128.35688,39.20138,53762.23154,0
083325.69+391204.7,1138037061290,17.80,0.11,128.35692,39.20126,53762.23801,0
083325.69+391204.7,1138037061290,17.95,0.11,128.35709,39.20129,53762.25097,0
083325.69+391204.7,1138037061290,18.00,0.11,128.35691,39.20139,53797.22852,0
083325.69+391204.7,1138037061290,18.04,0.11,128.35701,39.20143,53797.23694,0
083325.69+391204.7,1138037061290,18.03,0.11,128.35695,39.20147,53797.25330,0
083325.69+391204.7,1138037061290,18.01,0.11,128.35692,39.20131,53819.16000,0
083325.69+391204.7,1138037061290,18.03,0.11,128.35714,39.20133,53819.16640,0
083325.69+391204.7,1138037061290,17.94,0.11,128.35700,39.20143,53819.17277,0
083325.69+391204.7,1138037061290,18.02,0.12,128.35706,39.20140,53819.17905,0
083325.69+391204.7,1138037061290,18.08,0.11,128.35712,39.20151,54059.38853,0
083325.69+391204.7,1138037061290,18.07,0.11,128.35698,39.20141,54059.39446,0
083325.69+391204.7,1138037061290,17.96,0.11,128.35713,39.20136,54059.40039,0
083325.69+391204.7,1138037061290,18.07,0.11,128.35699,39.20147,54059.40630,0
083325.69+391204.7,1138037061290,18.17,0.11,128.35709,39.20135,54035.42615,0
083325.69+391204.7,1138037061290,17.89,0.10,128.35713,39.20123,54035.43274,0
083325.69+391204.7,1138037061290,18.00,0.11,128.35702,39.20140,54035.43929,0
083325.69+391204.7,1138037061290,17.96,0.11,128.35665,39.20139,54035.44584,0
083325.69+391204.7,1138037061290,18.19,0.12,128.35681,39.20140,54209.13700,0
083325.69+391204.7,1138037061290,18.12,0.12,128.35682,39.20140,54209.14402,0
083325.69+391204.7,1138037061290,17.82,0.10,128.35701,39.20141,54209.15100,0
083325.69+391204.7,1138037061290,17.98,0.11,128.35691,39.20135,54209.15802,0
083325.69+391204.7,1138037061290,17.94,0.11,128.35717,39.20149,54450.31723,0
083325.69+391204.7,1138037061290,18.03,0.11,128.35707,39.20151,54450.32394,0
083325.69+391204.7,1138037061290,18.12,0.11,128.35689,39.20155,54450.33063,0
083325.69+391204.7,1138037061290,18.15,0.11,128.35702,39.20139,54450.33731,0
083325.69+391204.7,1138037061290,18.11,0.12,128.35695,39.20140,54156.17525,0
083325.69+391204.7,1138037061290,18.20,0.13,128.35712,39.20147,54156.18249,0
083325.69+391204.7,1138037061290,18.09,0.12,128.35701,39.20145,54156.19969,0
083325.69+391204.7,1138037061290,18.11,0.12,128.35681,39.20139,54156.20697,0
083325.69+391204.7,1138037061290,17.97,0.11,128.35686,39.20144,54170.25012,0
083325.69+391204.7,1138037061290,18.06,0.11,128.35713,39.20146,54170.25728,0
083325.69+391204.7,1138037061290,17.99,0.11,128.35711,39.20142,54170.26439,0
083325.69+391204.7,1138037061290,17.95,0.11,128.35696,39.20139,54170.27151,0
083325.69+391204.7,1138037061290,18.15,0.12,128.35707,39.20140,54176.10229,0
083325.69+391204.7,1138037061290,18.06,0.11,128.35689,39.20148,54176.10992,0
083325.69+391204.7,1138037061290,18.03,0.11,128.35698,39.20153,54176.11769,0
083325.69+391204.7,1138037061290,18.22,0.12,128.35696,39.20135,54176.12588,0
083325.69+391204.7,1138037061290,18.12,0.12,128.35698,39.20167,54237.13619,0
083325.69+391204.7,1138037061290,18.00,0.12,128.35707,39.20156,54237.14267,0
083325.69+391204.7,1138037061290,18.11,0.12,128.35703,39.20154,54237.14918,0
083325.69+391204.7,1138037061290,18.00,0.12,128.35713,39.20156,54237.15569,0
083325.69+391204.7,1138037061290,18.01,0.11,128.35704,39.20145,54409.40966,0
083325.69+391204.7,1138037061290,17.98,0.11,128.35715,39.20153,54409.42579,0
083325.69+391204.7,1138037061290,18.04,0.11,128.35718,39.20146,54409.44197,0
083325.69+391204.7,1138037061290,17.95,0.11,128.35713,39.20130,54409.45810,0
083325.69+391204.7,1138037061290,18.19,0.12,128.35707,39.20144,54416.34761,0
083325.69+391204.7,1138037061290,18.04,0.11,128.35695,39.20143,54416.35478,0
083325.69+391204.7,1138037061290,18.09,0.11,128.35697,39.20148,54416.36201,0
083325.69+391204.7,1138037061290,17.92,0.11,128.35710,39.20137,54416.36923,0
083325.69+391204.7,1138037061290,17.78,0.10,128.35683,39.20148,54424.42660,0
083325.69+391204.7,1138037061290,18.12,0.11,128.35711,39.20142,54424.43316,0
083325.69+391204.7,1138037061290,18.25,0.12,128.35697,39.20160,54424.43972,0
083325.69+391204.7,1138037061290,17.94,0.11,128.35711,39.20142,54424.44623,0
083325.69+391204.7,1138037061290,18.05,0.11,128.35696,39.20144,54382.45813,0
083325.69+391204.7,1138037061290,18.24,0.12,128.35705,39.20149,54382.46795,0
083325.69+391204.7,1138037061290,17.95,0.11,128.35728,39.20158,54382.47776,0
083325.69+391204.7,1138037061290,18.04,0.11,128.35704,39.20150,54382.48762,0
083325.69+391204.7,1138037061290,18.18,0.12,128.35709,39.20157,54364.47909,0
083325.69+391204.7,1138037061290,18.20,0.12,128.35703,39.20164,54364.48575,0
083325.69+391204.7,1138037061290,17.81,0.10,128.35692,39.20140,54557.18018,0
083325.69+391204.7,1138037061290,18.02,0.11,128.35705,39.20147,54557.18919,0
083325.69+391204.7,1138037061290,18.05,0.11,128.35685,39.20145,54557.19805,0
083325.69+391204.7,1138037061290,18.23,0.12,128.35709,39.20154,54557.20689,0
083325.69+391204.7,1138037061290,17.93,0.11,128.35704,39.20146,54566.12711,0
083325.69+391204.7,1138037061290,17.97,0.11,128.35706,39.20140,54566.13279,0
083325.69+391204.7,1138037061290,17.90,0.11,128.35699,39.20135,54566.13829,0
083325.69+391204.7,1138037061290,17.91,0.11,128.35703,39.20137,54566.14382,0
083325.69+391204.7,1138037061290,17.78,0.10,128.35723,39.20162,54572.18651,0
083325.69+391204.7,1138037061290,17.93,0.11,128.35692,39.20137,54572.19532,0
083325.69+391204.7,1138037061290,17.98,0.11,128.35698,39.20153,54572.20397,0
083325.69+391204.7,1138037061290,17.95,0.11,128.35693,39.20161,54572.21262,0
083325.69+391204.7,1138037061290,18.22,0.12,128.35704,39.20149,54804.38242,0
083325.69+391204.7,1138037061290,18.14,0.11,128.35710,39.20142,54804.38908,0
083325.69+391204.7,1138037061290,18.24,0.13,128.35697,39.20159,54804.39585,0
083325.69+391204.7,1138037061290,18.11,0.13,128.35706,39.20137,54804.40252,0
083325.69+391204.7,1138037061290,18.08,0.12,128.35691,39.20143,54822.50024,0
083325.69+391204.7,1138037061290,18.14,0.12,128.35700,39.20146,54822.50623,0
083325.69+391204.7,1138037061290,18.04,0.12,128.35690,39.20139,54822.51229,0
083325.69+391204.7,1138037061290,18.06,0.12,128.35706,39.20142,54822.51841,0
083325.69+391204.7,1138037061290,18.11,0.11,128.35708,39.20139,54466.46353,0
083325.69+391204.7,1138037061290,18.17,0.12,128.35714,39.20148,54466.47129,0
083325.69+391204.7,1138037061290,18.04,0.11,128.35693,39.20143,54466.47897,0
083325.69+391204.7,1138037061290,18.05,0.11,128.35700,39.20140,54466.48668,0
083325.69+391204.7,1138037061290,18.16,0.13,128.35702,39.20142,54476.28646,0
083325.69+391204.7,1138037061290,17.99,0.11,128.35708,39.20147,54476.29526,0
083325.69+391204.7,1138037061290,18.11,0.11,128.35712,39.20137,54476.30407,0
083325.69+391204.7,1138037061290,18.02,0.11,128.35699,39.20140,54476.31295,0
083325.69+391204.7,1138037061290,18.10,0.11,128.35693,39.20137,54496.23699,0
083325.69+391204.7,1138037061290,17.98,0.11,128.35701,39.20139,54496.24135,0
083325.69+391204.7,1138037061290,18.04,0.11,128.35718,39.20139,54496.24696,0
083325.69+391204.7,1138037061290,17.98,0.11,128.35699,39.20144,54496.25130,0
083325.69+391204.7,1138037061290,17.97,0.11,128.35707,39.20143,54529.26472,0
083325.69+391204.7,1138037061290,18.04,0.11,128.35692,39.20138,54529.27133,0
083325.69+391204.7,1138037061290,17.91,0.11,128.35692,39.20115,54529.27792,0
083325.69+391204.7,1138037061290,18.06,0.11,128.35688,39.20148,54529.28447,0
083325.69+391204.7,1138037061290,18.10,0.11,128.35692,39.20141,54534.23466,0
083325.69+391204.7,1138037061290,17.99,0.11,128.35678,39.20129,54534.23953,0
083325.69+391204.7,1138037061290,18.04,0.11,128.35706,39.20151,54534.24443,0
083325.69+391204.7,1138037061290,18.16,0.12,128.35699,39.20139,54534.24931,0
083325.69+391204.7,1138037061290,18.15,0.12,128.35723,39.20174,54778.35606,0
083325.69+391204.7,1138037061290,18.18,0.12,128.35681,39.20163,54778.36852,0
083325.69+391204.7,1138037061290,18.17,0.12,128.35687,39.20145,54778.38090,0
083325.69+391204.7,1138037061290,18.16,0.12,128.35702,39.20139,54778.39334,0
083325.69+391204.7,1138037061290,18.20,0.12,128.35709,39.20144,54791.35514,0
083325.69+391204.7,1138037061290,17.97,0.11,128.35717,39.20144,54791.36242,0
083325.69+391204.7,1138037061290,18.27,0.12,128.35695,39.20147,54791.36966,0
083325.69+391204.7,1138037061290,18.13,0.12,128.35704,39.20135,54791.37693,0
083325.69+391204.7,1138037061290,18.17,0.12,128.35701,39.20145,54764.40763,0
083325.69+391204.7,1138037061290,18.18,0.12,128.35724,39.20148,54764.41504,0
083325.69+391204.7,1138037061290,18.07,0.11,128.35706,39.20145,54764.42238,0
083325.69+391204.7,1138037061290,17.99,0.11,128.35725,39.20151,54764.42967,0
083325.69+391204.7,1138037061290,18.11,0.11,128.35758,39.20153,54738.48759,0
083325.69+391204.7,1138037061290,18.13,0.11,128.35707,39.20145,54738.49250,0
083325.69+391204.7,1138037061290,18.02,0.11,128.35705,39.20144,54738.49740,0
083325.69+391204.7,1138037061290,18.02,0.11,128.35694,39.20147,54738.50241,0
083325.69+391204.7,1138037061290,18.01,0.11,128.35697,39.20147,54942.14676,0
083325.69+391204.7,1138037061290,18.04,0.11,128.35697,39.20148,54942.15218,0
083325.69+391204.7,1138037061290,17.99,0.11,128.35698,39.20157,54942.15759,0
083325.69+391204.7,1138037061290,17.98,0.11,128.35696,39.20138,54942.16304,0
083325.69+391204.7,1138037061290,17.92,0.14,128.35700,39.20142,55178.33228,0
083325.69+391204.7,1138037061290,17.81,0.13,128.35695,39.20135,55178.33801,0
083325.69+391204.7,1138037061290,17.93,0.15,128.35693,39.20148,55178.34376,0
083325.69+391204.7,1138037061290,17.95,0.15,128.35670,39.20120,55178.34954,0
083325.69+391204.7,1138037061290,17.87,0.10,128.35693,39.20138,55185.33333,0
083325.69+391204.7,1138037061290,17.94,0.11,128.35707,39.20137,55185.34211,0
083325.69+391204.7,1138037061290,17.91,0.10,128.35685,39.20132,55185.35090,0
083325.69+391204.7,1138037061290,17.83,0.10,128.35723,39.20126,55185.36053,0
083325.69+391204.7,1138037061290,17.87,0.10,128.35689,39.20143,54875.32198,0
083325.69+391204.7,1138037061290,18.30,0.12,128.35698,39.20161,54875.32802,0
083325.69+391204.7,1138037061290,18.06,0.11,128.35703,39.20152,54875.33398,0
083325.69+391204.7,1138037061290,17.83,0.10,128.35690,39.20144,54875.34002,0
083325.69+391204.7,1138037061290,17.76,0.10,128.35692,39.20130,54889.18143,0
083325.69+391204.7,1138037061290,18.05,0.11,128.35694,39.20153,54889.18927,0
083325.69+391204.7,1138037061290,17.98,0.11,128.35714,39.20146,54889.19706,0
083325.69+391204.7,1138037061290,17.92,0.11,128.35700,39.20147,54889.20495,0
083325.69+391204.7,1138037061290,17.97,0.10,128.35680,39.20142,54851.27117,0
083325.69+391204.7,1138037061290,18.09,0.10,128.35709,39.20151,54851.27758,0
083325.69+391204.7,1138037061290,18.07,0.10,128.35683,39.20143,54851.28401,0
083325.69+391204.7,1138037061290,18.10,0.10,128.35703,39.20151,54851.29057,0
083325.69+391204.7,1138037061290,18.06,0.11,128.35700,39.20140,54861.19413,0
083325.69+391204.7,1138037061290,17.92,0.11,128.35707,39.20149,54861.20332,0
083325.69+391204.7,1138037061290,17.91,0.11,128.35689,39.20131,54861.21245,0
083325.69+391204.7,1138037061290,17.83,0.10,128.35722,39.20135,54861.22167,0
083325.69+391204.7,1138037061290,18.00,0.11,128.35704,39.20157,54913.20954,0
083325.69+391204.7,1138037061290,18.02,0.11,128.35707,39.20149,54913.21558,0
083325.69+391204.7,1138037061290,17.96,0.11,128.35705,39.20131,54913.22168,0
083325.69+391204.7,1138037061290,17.99,0.11,128.35717,39.20139,54913.22780,0
083325.69+391204.7,1138037061290,18.12,0.12,128.35700,39.20144,54965.16520,0
083325.69+391204.7,1138037061290,17.97,0.11,128.35685,39.20154,54965.17072,0
083325.69+391204.7,1138037061290,18.21,0.12,128.35708,39.20154,54965.17615,0
083325.69+391204.7,1138037061290,17.77,0.11,128.35713,39.20125,54965.18154,0
083325.69+391204.7,1138037061290,17.96,0.11,128.35697,39.20139,55151.38257,0
083325.69+391204.7,1138037061290,18.01,0.11,128.35697,39.20151,55151.39494,0
083325.69+391204.7,1138037061290,17.86,0.11,128.35698,39.20148,55151.40723,0
083325.69+391204.7,1138037061290,17.97,0.11,128.35697,39.20147,55151.41941,0
083325.69+391204.7,1138037061290,18.03,0.11,128.35720,39.20143,55130.41742,0
083325.69+391204.7,1138037061290,18.05,0.11,128.35708,39.20148,55130.42654,0
083325.69+391204.7,1138037061290,17.87,0.11,128.35716,39.20137,55130.43570,0
083325.69+391204.7,1138037061290,17.98,0.11,128.35701,39.20133,55130.44482,0
083325.69+391204.7,1138037061290,17.98,0.11,128.35692,39.20159,55091.47246,0
083325.69+391204.7,1138037061290,18.01,0.11,128.35732,39.20158,55091.47923,0
083325.69+391204.7,1138037061290,18.15,0.12,128.35720,39.20158,55091.48601,0
083325.69+391204.7,1138037061290,18.09,0.12,128.35725,39.20139,55091.49272,0
083325.69+391204.7,1138037061290,17.83,0.10,128.35703,39.20126,55293.23150,0
083325.69+391204.7,1138037061290,17.90,0.11,128.35692,39.20139,55293.23608,0
083325.69+391204.7,1138037061290,17.97,0.11,128.35685,39.20146,55293.24070,0
083325.69+391204.7,1138037061290,17.82,0.10,128.35709,39.20151,55293.24529,0
083325.69+391204.7,1138037061290,17.65,0.10,128.35683,39.20139,55300.14431,0
083325.69+391204.7,1138037061290,17.76,0.10,128.35660,39.20132,55300.15120,0
083325.69+391204.7,1138037061290,17.80,0.10,128.35686,39.20130,55300.15806,0
083325.69+391204.7,1138037061290,17.84,0.10,128.35700,39.20142,55300.16494,0
083325.69+391204.7,1138037061290,17.90,0.10,128.35701,39.20140,55533.35620,0
083325.69+391204.7,1138037061290,18.05,0.10,128.35691,39.20150,55533.36826,0
083325.69+391204.7,1138037061290,17.97,0.10,128.35710,39.20170,55533.37431,0
083325.69+391204.7,1138037061290,18.03,0.10,128.35694,39.20130,55543.37870,0
083325.69+391204.7,1138037061290,17.95,0.10,128.35709,39.20133,55543.39397,0
083325.69+391204.7,1138037061290,17.85,0.10,128.35695,39.20146,55543.40160,0
083325.69+391204.7,1138037061290,17.82,0.23,128.35692,39.20191,55229.33474,0
083325.69+391204.7,1138037061290,17.31,0.20,128.35724,39.20074,55229.34598,0
083325.69+391204.7,1138037061290,17.95,0.11,128.35694,39.20143,55240.22097,0
083325.69+391204.7,1138037061290,17.92,0.11,128.35688,39.20140,55240.22844,0
083325.69+391204.7,1138037061290,17.91,0.11,128.35684,39.20132,55240.23598,0
083325.69+391204.7,1138037061290,17.79,0.10,128.35687,39.20138,55240.24350,0
083325.69+391204.7,1138037061290,17.84,0.10,128.35704,39.20150,55246.25607,0
083325.69+391204.7,1138037061290,17.87,0.11,128.35712,39.20147,55246.26438,0
083325.69+391204.7,1138037061290,17.90,0.11,128.35698,39.20142,55246.27172,0
083325.69+391204.7,1138037061290,17.83,0.10,128.35688,39.20146,55246.27879,0
083325.69+391204.7,1138037061290,17.72,0.12,128.35689,39.20147,55206.26643,0
083325.69+391204.7,1138037061290,17.96,0.15,128.35697,39.20126,55206.27281,0
083325.69+391204.7,1138037061290,17.73,0.13,128.35687,39.20137,55206.27916,0
083325.69+391204.7,1138037061290,17.97,0.15,128.35694,39.20139,55206.28551,0
083325.69+391204.7,1138037061290,17.66,0.10,128.35691,39.20139,55274.21277,0
083325.69+391204.7,1138037061290,17.75,0.10,128.35702,39.20138,55274.22018,0
083325.69+391204.7,1138037061290,17.93,0.11,128.35691,39.20144,55274.22762,0
083325.69+391204.7,1138037061290,17.84,0.11,128.35702,39.20145,55274.23505,0
083325.69+391204.7,1138037061290,17.81,0.11,128.35687,39.20145,55328.14149,0
083325.69+391204.7,1138037061290,17.85,0.11,128.35697,39.20125,55328.14840,0
083325.69+391204.7,1138037061290,17.87,0.11,128.35693,39.20161,55328.15528,0
083325.69+391204.7,1138037061290,17.89,0.11,128.35695,39.20162,55328.16221,0
083325.69+391204.7,1138037061290,17.92,0.11,128.35687,39.20149,55503.42529,0
083325.69+391204.7,1138037061290,18.01,0.11,128.35725,39.20145,55503.43670,0
083325.69+391204.7,1138037061290,17.98,0.11,128.35695,39.20147,55503.44245,0
083325.69+391204.7,1138037061290,17.89,0.11,128.35704,39.20150,55510.41242,0
083325.69+391204.7,1138037061290,17.85,0.11,128.35685,39.20142,55510.42277,0
083325.69+391204.7,1138037061290,18.16,0.12,128.35689,39.20153,55510.42798,0
083325.69+391204.7,1138037061290,17.92,0.11,128.35704,39.20157,55500.47743,0
083325.69+391204.7,1138037061290,17.69,0.10,128.35704,39.20142,55500.49112,0
083325.69+391204.7,1138037061290,18.05,0.11,128.35704,39.20147,55680.18108,0
083325.69+391204.7,1138037061290,18.01,0.10,128.35705,39.20149,55680.18933,0
083325.69+391204.7,1138037061290,17.90,0.10,128.35698,39.20149,55680.19762,0
083325.69+391204.7,1138037061290,17.83,0.10,128.35693,39.20135,55680.20582,0
083325.69+391204.7,1138037061290,17.89,0.10,128.35691,39.20146,55598.18743,0
083325.69+391204.7,1138037061290,18.01,0.10,128.35699,39.20175,55598.19428,0
083325.69+391204.7,1138037061290,18.04,0.10,128.35701,39.20163,55598.20114,0
083325.69+391204.7,1138037061290,17.66,0.09,128.35709,39.20138,55598.20797,0
083325.69+391204.7,1138037061290,17.97,0.12,128.35710,39.20152,55564.28137,0
083325.69+391204.7,1138037061290,17.81,0.11,128.35699,39.20149,55564.28884,0
083325.69+391204.7,1138037061290,17.98,0.11,128.35689,39.20152,55564.29637,0
083325.69+391204.7,1138037061290,18.03,0.11,128.35700,39.20145,55564.30386,0
083325.69+391204.7,1138037061290,18.03,0.11,128.35713,39.20152,55571.34814,0
083325.69+391204.7,1138037061290,17.99,0.11,128.35701,39.20156,55571.35284,0
083325.69+391204.7,1138037061290,17.94,0.15,128.35685,39.20162,55571.35760,0
083325.69+391204.7,1138037061290,18.17,0.18,128.35689,39.20158,55571.36254,0
083325.69+391204.7,1138037061290,17.78,0.10,128.35709,39.20155,55589.24352,0
083325.69+391204.7,1138037061290,17.97,0.11,128.35696,39.20158,55589.24924,0
083325.69+391204.7,1138037061290,18.06,0.11,128.35677,39.20150,55589.25503,0
083325.69+391204.7,1138037061290,17.86,0.11,128.35700,39.20151,55589.26080,0
083325.69+391204.7,1138037061290,17.91,0.13,128.35676,39.20165,55626.12217,0
083325.69+391204.7,1138037061290,18.01,0.12,128.35703,39.20174,55626.12558,0
083325.69+391204.7,1138037061290,17.83,0.11,128.35712,39.20143,55626.12912,0
083325.69+391204.7,1138037061290,18.11,0.12,128.35700,39.20160,55626.13258,0
083325.69+391204.7,1138037061290,18.23,0.15,128.35724,39.20172,55632.11380,0
083325.69+391204.7,1138037061290,17.82,0.14,128.35701,39.20172,55632.11655,0
083325.69+391204.7,1138037061290,17.94,0.13,128.35702,39.20154,55632.12234,0
083325.69+391204.7,1138037061290,17.88,0.14,128.35669,39.20142,55632.12510,0
083325.69+391204.7,1138037061290,18.09,0.11,128.35706,39.20136,55862.43367,0
083325.69+391204.7,1138037061290,18.02,0.11,128.35687,39.20128,55862.44183,0
083325.69+391204.7,1138037061290,17.88,0.11,128.35709,39.20129,55862.45004,0
083325.69+391204.7,1138037061290,17.87,0.11,128.35684,39.20129,55862.45817,0
083325.69+391204.7,1138037061290,17.82,0.11,128.35712,39.20129,55834.43824,0
083325.69+391204.7,1138037061290,17.95,0.11,128.35711,39.20124,55834.44517,0
083325.69+391204.7,1138037061290,18.00,0.11,128.35715,39.20126,55834.45213,0
083325.69+391204.7,1138037061290,17.91,0.11,128.35699,39.20130,55834.45909,0
083325.69+391204.7,1138037061290,17.99,0.11,128.35712,39.20160,55851.44950,0
083325.69+391204.7,1138037061290,18.03,0.11,128.35694,39.20154,55851.45761,0
083325.69+391204.7,1138037061290,17.95,0.11,128.35719,39.20140,55851.46571,0
083325.69+391204.7,1138037061290,18.22,0.12,128.35715,39.20145,55851.47382,0
083325.69+391204.7,1138037061290,17.86,0.10,128.35719,39.20126,55892.44774,0
083325.69+391204.7,1138037061290,17.94,0.11,128.35703,39.20147,55892.45241,0
083325.69+391204.7,1138037061290,18.02,0.11,128.35711,39.20129,55892.45705,0
083325.69+391204.7,1138037061290,17.93,0.11,128.35710,39.20134,55892.46173,0
083325.69+391204.7,1138037061290,18.00,0.11,128.35705,39.20143,55922.33695,0
083325.69+391204.7,1138037061290,17.93,0.11,128.35699,39.20139,55922.34369,0
083325.69+391204.7,1138037061290,18.02,0.11,128.35705,39.20145,55922.35058,0
083325.69+391204.7,1138037061290,17.90,0.11,128.35722,39.20144,55922.35738,0
083325.69+391204.7,1138037061290,17.79,0.10,128.35731,39.20136,55928.27880,0
083325.69+391204.7,1138037061290,17.89,0.11,128.35711,39.20130,55928.28809,0
083325.69+391204.7,1138037061290,17.80,0.10,128.35689,39.20125,55928.29729,0
083325.69+391204.7,1138037061290,18.04,0.11,128.35699,39.20145,55928.30649,0
083325.69+391204.7,1138037061290,17.99,0.11,128.35685,39.20141,55940.26658,0
083325.69+391204.7,1138037061290,17.90,0.11,128.35704,39.20148,55940.27166,0
083325.69+391204.7,1138037061290,17.92,0.11,128.35713,39.20146,55940.27678,0
083325.69+391204.7,1138037061290,17.99,0.11,128.35713,39.20140,55940.28193,0
083325.69+391204.7,1138037061290,18.15,0.12,128.35719,39.20130,55967.19847,0
083325.69+391204.7,1138037061290,17.83,0.11,128.35711,39.20142,55967.20641,0
083325.69+391204.7,1138037061290,17.91,0.11,128.35705,39.20150,55967.21429,0
083325.69+391204.7,1138037061290,18.04,0.11,128.35704,39.20144,55967.22221,0
083325.69+391204.7,1138037061290,17.82,0.11,128.35710,39.20137,55975.16173,0
083325.69+391204.7,1138037061290,17.92,0.11,128.35718,39.20122,55975.16851,0
083325.69+391204.7,1138037061290,18.13,0.12,128.35700,39.20146,55975.17647,0
083325.69+391204.7,1138037061290,17.66,0.10,128.35699,39.20103,55975.18320,0
083325.69+391204.7,1138037061290,18.02,0.11,128.35712,39.20127,55980.16621,0
083325.69+391204.7,1138037061290,17.87,0.11,128.35712,39.20116,55980.17235,0
083325.69+391204.7,1138037061290,17.99,0.11,128.35677,39.20143,55980.17858,0
083325.69+391204.7,1138037061290,18.00,0.11,128.35693,39.20128,55980.18472,0
083325.69+391204.7,1138037061290,18.09,0.12,128.35707,39.20139,55987.14208,0
083325.69+391204.7,1138037061290,17.94,0.11,128.35719,39.20143,55987.14886,0
083325.69+391204.7,1138037061290,17.98,0.12,128.35699,39.20127,55987.15569,0
083325.69+391204.7,1138037061290,18.01,0.12,128.35720,39.20144,55987.16250,0
083325.69+391204.7,1138037061290,18.08,0.10,128.35696,39.20151,56014.16543,0
083325.69+391204.7,1138037061290,18.16,0.11,128.35706,39.20135,56014.17436,0
083325.69+391204.7,1138037061290,18.07,0.10,128.35671,39.20143,56014.18326,0
083325.69+391204.7,1138037061290,18.10,0.11,128.35713,39.20142,56014.19217,0
083325.69+391204.7,1138037061290,18.22,0.12,128.35702,39.20131,56044.18723,0
083325.69+391204.7,1138037061290,18.18,0.12,128.35711,39.20145,56044.19576,0
083325.69+391204.7,1138037061290,18.10,0.12,128.35694,39.20132,56044.20430,0
083325.69+391204.7,1138037061290,18.07,0.12,128.35698,39.20141,56044.21293,0
083325.69+391204.7,1138037061290,18.01,0.11,128.35723,39.20134,56069.14525,0
083325.69+391204.7,1138037061290,17.91,0.11,128.35688,39.20129,56069.15092,0
083325.69+391204.7,1138037061290,18.19,0.12,128.35704,39.20137,56069.15657,0
083325.69+391204.7,1138037061290,18.03,0.11,128.35724,39.20133,56069.16232,0
083325.69+391204.7,1138037061290,18.20,0.12,128.35698,39.20145,56074.15666,0
083325.69+391204.7,1138037061290,18.05,0.11,128.35701,39.20132,56074.16176,0
083325.69+391204.7,1138037061290,17.91,0.11,128.35688,39.20133,56074.16686,0
083325.69+391204.7,1138037061290,18.10,0.12,128.35701,39.20115,56074.17190,0
083325.69+391204.7,1138037061290,17.85,0.12,128.35747,39.20149,56225.39396,0
083325.69+391204.7,1138037061290,18.14,0.13,128.35694,39.20139,56225.40001,0
083325.69+391204.7,1138037061290,18.03,0.13,128.35689,39.20156,56225.40607,0
083325.69+391204.7,1138037061290,18.16,0.13,128.35672,39.20141,56225.41215,0
083325.69+391204.7,1138037061290,18.18,0.13,128.35662,39.20130,56227.39493,0
083325.69+391204.7,1138037061290,18.07,0.13,128.35720,39.20154,56227.40255,0
083325.69+391204.7,1138037061290,17.87,0.12,128.35689,39.20138,56227.41015,0
083325.69+391204.7,1138037061290,17.71,0.11,128.35675,39.20108,56227.41777,0
083325.69+391204.7,1138037061290,18.19,0.11,128.35712,39.20149,56238.50609,0
083325.69+391204.7,1138037061290,17.95,0.10,128.35696,39.20131,56238.51185,0
083325.69+391204.7,1138037061290,18.00,0.10,128.35676,39.20151,56238.51769,0
083325.69+391204.7,1138037061290,17.89,0.10,128.35701,39.20144,56238.52360,0
083325.69+391204.7,1138037061290,18.15,0.15,128.35712,39.20135,56246.35985,0
083325.69+391204.7,1138037061290,17.96,0.11,128.35692,39.20151,56246.36667,0
083325.69+391204.7,1138037061290,17.91,0.11,128.35713,39.20148,56246.37349,0
083325.69+391204.7,1138037061290,17.96,0.11,128.35690,39.20147,56246.38036,0
083325.69+391204.7,1138037061290,17.67,0.09,128.35717,39.20144,56255.30725,0
083325.69+391204.7,1138037061290,17.84,0.10,128.35697,39.20138,56255.31700,0
083325.69+391204.7,1138037061290,18.01,0.10,128.35711,39.20152,56255.32685,0
083325.69+391204.7,1138037061290,17.91,0.10,128.35693,39.20150,56255.33668,0
083325.69+391204.7,1138037061290,17.86,0.11,128.35692,39.20135,56270.41323,0
083325.69+391204.7,1138037061290,18.01,0.11,128.35693,39.20141,56270.41842,0
083325.69+391204.7,1138037061290,17.83,0.11,128.35722,39.20136,56270.42379,0
083325.69+391204.7,1138037061290,17.84,0.11,128.35711,39.20133,56270.42935,0
083325.69+391204.7,1138037061290,17.96,0.11,128.35703,39.20147,56295.23741,0
083325.69+391204.7,1138037061290,17.91,0.11,128.35685,39.20152,56295.24407,0
083325.69+391204.7,1138037061290,18.16,0.12,128.35662,39.20146,56295.25115,0
083325.69+391204.7,1138037061290,18.03,0.11,128.35691,39.20141,56295.25798,0
083325.69+391204.7,1138037061290,17.92,0.10,128.35699,39.20135,56307.23293,0
083325.69+391204.7,1138037061290,17.95,0.10,128.35686,39.20133,56307.23829,0
083325.69+391204.7,1138037061290,18.07,0.10,128.35698,39.20143,56307.24373,0
083325.69+391204.7,1138037061290,17.93,0.10,128.35702,39.20145,56307.24918,0
083325.69+391204.7,1138037061290,17.86,0.12,128.35710,39.20131,56313.39755,0
083325.69+391204.7,1138037061290,18.12,0.18,128.35724,39.20145,56313.40320,0
083325.69+391204.7,1138037061290,17.52,0.13,128.35652,39.20143,56313.40889,0
083325.69+391204.7,1138037061290,18.04,0.18,128.35692,39.20146,56313.41456,0
083325.69+391204.7,1138037061290,17.88,0.11,128.35715,39.20152,56323.41443,0
083325.69+391204.7,1138037061290,17.91,0.12,128.35685,39.20148,56323.41950,0
083325.69+391204.7,1138037061290,18.09,0.12,128.35669,39.20172,56323.42456,0
083325.69+391204.7,1138037061290,18.15,0.12,128.35657,39.20158,56323.42968,0
083325.69+391204.7,1138037061290,17.88,0.11,128.35703,39.20148,56330.22486,0
083325.69+391204.7,1138037061290,17.95,0.11,128.35709,39.20157,56330.23001,0
083325.69+391204.7,1138037061290,18.08,0.12,128.35700,39.20161,56330.23515,0
083325.69+391204.7,1138037061290,17.90,0.11,128.35683,39.20156,56330.24034,0
083325.69+391204.7,1138037061290,18.03,0.10,128.35694,39.20148,56341.17528,0
083325.69+391204.7,1138037061290,17.96,0.10,128.35700,39.20152,56341.18140,0
083325.69+391204.7,1138037061290,17.92,0.10,128.35698,39.20142,56341.18759,0
083325.69+391204.7,1138037061290,17.84,0.10,128.35705,39.20144,56341.19377,0
083325.69+391204.7,1138037061290,17.98,0.11,128.35695,39.20144,56356.15289,0
083325.69+391204.7,1138037061290,18.07,0.12,128.35703,39.20133,56356.16266,0
083325.69+391204.7,1138037061290,17.87,0.11,128.35709,39.20152,56356.17256,0
083325.69+391204.7,1138037061290,18.01,0.11,128.35676,39.20154,56356.18236,0
083325.69+391204.7,1138037061290,18.02,0.12,128.35702,39.20151,56367.35176,0
083325.69+391204.7,1138037061290,17.92,0.11,128.35719,39.20144,56367.35513,0
083325.69+391204.7,1138037061290,18.50,0.18,128.35686,39.20160,56367.35852,0
083325.69+391204.7,1138037061290,18.06,0.12,128.35705,39.20130,56367.36193,0
083325.69+391204.7,1138037061290,18.00,0.11,128.35712,39.20139,55947.17127,0
083325.69+391204.7,1138037061290,18.00,0.11,128.35708,39.20140,55947.17687,0
083325.69+391204.7,1138037061290,18.07,0.11,128.35695,39.20148,55947.18254,0
083325.69+391204.7,1138037061290,18.08,0.12,128.35707,39.20155,55947.18832,0
083325.69+391204.7,1138037061290,17.93,0.11,128.35707,39.20138,56399.13410,0
083325.69+391204.7,1138037061290,18.07,0.12,128.35705,39.20147,56399.14138,0
083325.69+391204.7,1138037061290,18.11,0.12,128.35694,39.20140,56399.14877,0
083325.69+391204.7,1138037061290,18.05,0.12,128.35704,39.20138,56399.15600,0
083325.69+391204.7,1138037061290,18.00,0.10,128.35722,39.20150,56404.16467,0
083325.69+391204.7,1138037061290,18.10,0.11,128.35685,39.20128,56404.17412,0
083325.69+391204.7,1138037061290,17.99,0.10,128.35718,39.20142,56404.18368,0
083325.69+391204.7,1138037061290,17.77,0.09,128.35744,39.20150,56404.19323,0
083325.69+391204.7,1138037061290,17.98,0.12,128.35713,39.20162,56431.17858,0
083325.69+391204.7,1138037061290,17.89,0.11,128.35725,39.20154,56431.18359,0
083325.69+391204.7,1138037061290,18.19,0.13,128.35711,39.20144,56431.18869,0
083325.69+391204.7,1138037061290,17.90,0.12,128.35731,39.20139,56431.19372,0
083325.69+391204.7,1138037061290,18.10,0.12,128.35704,39.20149,56569.46080,0
083325.69+391204.7,1138037061290,18.05,0.11,128.35712,39.20138,56569.46803,0
083325.69+391204.7,1138037061290,17.91,0.11,128.35708,39.20144,56569.47539,0
083325.69+391204.7,1138037061290,18.07,0.12,128.35706,39.20147,56569.48262,0
083325.69+391204.7,1138037061290,18.03,0.11,128.35694,39.20143,56593.49301,0
083325.69+391204.7,1138037061290,17.99,0.11,128.35706,39.20140,56593.49704,0
083325.69+391204.7,1138037061290,18.11,0.12,128.35701,39.20148,56593.50108,0
083325.69+391204.7,1138037061290,18.19,0.12,128.35691,39.20146,56593.50512,0
154535.87+014958.1,1101085056191,17.33,0.09,236.39945, 1.83289,53464.43882,0
154535.87+014958.1,1101085056191,17.33,0.09,236.39942, 1.83276,53464.44694,0
154535.87+014958.1,1101085056191,17.45,0.10,236.39940, 1.83293,53464.45521,0
154535.87+014958.1,1101085056191,17.52,0.10,236.39932, 1.83302,53464.46336,0
154535.87+014958.1,1101085056191,17.58,0.10,236.39925, 1.83279,53556.26027,0
154535.87+014958.1,1101085056191,17.47,0.10,236.39940, 1.83287,53556.26850,0
154535.87+014958.1,1101085056191,17.55,0.10,236.39937, 1.83292,53556.27680,0
154535.87+014958.1,1101085056191,17.47,0.10,236.39938, 1.83282,53556.28499,0
154535.87+014958.1,1101085056191,17.55,0.11,236.39937, 1.83274,53537.22642,0
154535.87+014958.1,1101085056191,17.58,0.11,236.39926, 1.83283,53537.23362,0
154535.87+014958.1,1101085056191,17.43,0.11,236.39939, 1.83282,53537.24073,0
154535.87+014958.1,1101085056191,17.09,0.09,236.39958, 1.83292,53537.24784,0
154535.87+014958.1,1101085056191,17.36,0.09,236.39955, 1.83301,53494.35923,0
154535.87+014958.1,1101085056191,17.25,0.09,236.39942, 1.83279,53494.36881,0
154535.87+014958.1,1101085056191,17.42,0.10,236.39943, 1.83279,53494.37840,0
154535.87+014958.1,1101085056191,17.20,0.09,236.39935, 1.83300,53494.38795,0
154535.87+014958.1,1101085056191,17.45,0.10,236.39941, 1.83295,53509.19270,0
154535.87+014958.1,1101085056191,17.42,0.10,236.39944, 1.83289,53509.20124,0
154535.87+014958.1,1101085056191,17.18,0.09,236.39941, 1.83289,53509.20979,0
154535.87+014958.1,1101085056191,17.26,0.09,236.39930, 1.83267,53509.21835,0
154535.87+014958.1,1101085056191,17.48,0.10,236.39926, 1.83271,53521.33378,0
154535.87+014958.1,1101085056191,17.31,0.09,236.39934, 1.83297,53521.34347,0
154535.87+014958.1,1101085056191,17.57,0.10,236.39943, 1.83286,53521.35324,0
154535.87+014958.1,1101085056191,17.42,0.10,236.39943, 1.83301,53521.36300,0
154535.87+014958.1,1101085056191,17.36,0.10,236.39938, 1.83292,53834.45561,0
154535.87+014958.1,1101085056191,17.48,0.10,236.39948, 1.83299,53846.29913,0
154535.87+014958.1,1101085056191,17.31,0.10,236.39932, 1.83295,53846.30910,0
154535.87+014958.1,1101085056191,17.51,0.10,236.39931, 1.83283,53846.31891,0
154535.87+014958.1,1101085056191,17.40,0.10,236.39940, 1.83291,53846.32877,0
154535.87+014958.1,1101085056191,17.45,0.11,236.39936, 1.83273,53976.15329,0
154535.87+014958.1,1101085056191,17.56,0.12,236.39936, 1.83274,53976.15710,0
154535.87+014958.1,1101085056191,17.45,0.11,236.39941, 1.83301,53976.16089,0
154535.87+014958.1,1101085056191,17.08,0.10,236.39923, 1.83279,53976.16467,0
154535.87+014958.1,1101085056191,17.16,0.09,236.39963, 1.83300,53768.48256,0
154535.87+014958.1,1101085056191,17.34,0.10,236.39928, 1.83296,53768.48913,0
154535.87+014958.1,1101085056191,17.38,0.10,236.39944, 1.83270,53768.49575,0
154535.87+014958.1,1101085056191,17.42,0.10,236.39946, 1.83289,53768.50227,0
154535.87+014958.1,1101085056191,17.12,0.09,236.39943, 1.83283,53745.52208,0
154535.87+014958.1,1101085056191,17.34,0.10,236.39933, 1.83268,53745.52860,0
154535.87+014958.1,1101085056191,17.52,0.10,236.39943, 1.83295,53745.53514,0
154535.87+014958.1,1101085056191,17.46,0.10,236.39934, 1.83281,53745.54168,0
154535.87+014958.1,1101085056191,17.91,0.30,236.39946, 1.83293,53904.30133,0
154535.87+014958.1,1101085056191,17.43,0.23,236.39948, 1.83291,53904.30239,0
154535.87+014958.1,1101085056191,17.53,0.24,236.39926, 1.83307,53904.30345,0
154535.87+014958.1,1101085056191,17.55,0.25,236.39927, 1.83291,53904.30451,0
154535.87+014958.1,1101085056191,17.39,0.10,236.39931, 1.83287,53907.25507,0
154535.87+014958.1,1101085056191,17.50,0.10,236.39945, 1.83293,53907.26592,0
154535.87+014958.1,1101085056191,17.35,0.10,236.39957, 1.83302,53907.27682,0
154535.87+014958.1,1101085056191,17.53,0.11,236.39950, 1.83295,53907.28770,0
154535.87+014958.1,1101085056191,17.49,0.10,236.39936, 1.83291,53856.32256,0
154535.87+014958.1,1101085056191,17.40,0.10,236.39943, 1.83302,53856.33247,0
154535.87+014958.1,1101085056191,17.46,0.10,236.39923, 1.83289,53856.34241,0
154535.87+014958.1,1101085056191,17.37,0.10,236.39936, 1.83289,53856.35235,0
154535.87+014958.1,1101085056191,17.31,0.22,236.39923, 1.83274,53863.41436,0
154535.87+014958.1,1101085056191,17.60,0.25,236.39907, 1.83271,53863.41520,0
154535.87+014958.1,1101085056191,17.33,0.22,236.39910, 1.83309,53863.41593,0
154535.87+014958.1,1101085056191,17.49,0.24,236.39941, 1.83268,53863.41669,0
154535.87+014958.1,1101085056191,17.54,0.10,236.39950, 1.83289,53878.32670,0
154535.87+014958.1,1101085056191,17.58,0.10,236.39934, 1.83286,53878.33157,0
154535.87+014958.1,1101085056191,17.47,0.10,236.39944, 1.83294,53878.33649,0
154535.87+014958.1,1101085056191,17.20,0.09,236.39923, 1.83283,53878.34141,0
154535.87+014958.1,1101085056191,17.43,0.10,236.39936, 1.83292,53882.23168,0
154535.87+014958.1,1101085056191,17.44,0.10,236.39934, 1.83277,53882.24022,0
154535.87+014958.1,1101085056191,17.36,0.10,236.39949, 1.83297,53882.24876,0
154535.87+014958.1,1101085056191,17.35,0.10,236.39916, 1.83288,53882.25730,0
154535.87+014958.1,1101085056191,17.64,0.13,236.39957, 1.83280,53989.10940,0
154535.87+014958.1,1101085056191,17.56,0.13,236.39953, 1.83287,53989.11158,0
154535.87+014958.1,1101085056191,17.31,0.12,236.39928, 1.83263,53989.11378,0
154535.87+014958.1,1101085056191,17.15,0.11,236.39955, 1.83273,53989.11595,0
154535.87+014958.1,1101085056191,17.44,0.09,236.39923, 1.83289,53994.10930,0
154535.87+014958.1,1101085056191,17.27,0.09,236.39951, 1.83293,53994.11407,0
154535.87+014958.1,1101085056191,17.32,0.09,236.39939, 1.83317,53994.11886,0
154535.87+014958.1,1101085056191,17.38,0.10,236.39929, 1.83289,54206.41841,0
154535.87+014958.1,1101085056191,17.30,0.09,236.39930, 1.83294,54206.42442,0
154535.87+014958.1,1101085056191,17.24,0.09,236.39956, 1.83281,54206.43040,0
154535.87+014958.1,1101085056191,17.11,0.09,236.39911, 1.83287,54206.43638,0
154535.87+014958.1,1101085056191,17.51,0.10,236.39942, 1.83291,54213.34334,0
154535.87+014958.1,1101085056191,17.40,0.10,236.39927, 1.83288,54213.35274,0
154535.87+014958.1,1101085056191,17.49,0.10,236.39951, 1.83292,54213.36213,0
154535.87+014958.1,1101085056191,17.41,0.10,236.39949, 1.83293,54213.37151,0
154535.87+014958.1,1101085056191,17.22,0.11,236.39938, 1.83303,54256.21909,0
154535.87+014958.1,1101085056191,17.54,0.14,236.39950, 1.83295,54256.22553,0
154535.87+014958.1,1101085056191,17.10,0.13,236.39960, 1.83255,54256.23201,0
154535.87+014958.1,1101085056191,17.52,0.14,236.39943, 1.83290,54256.23843,0
154535.87+014958.1,1101085056191,17.60,0.11,236.39939, 1.83271,54263.29452,0
154535.87+014958.1,1101085056191,17.25,0.09,236.39930, 1.83288,54263.29987,0
154535.87+014958.1,1101085056191,17.31,0.10,236.39941, 1.83305,54263.30524,0
154535.87+014958.1,1101085056191,17.46,0.10,236.39942, 1.83289,54263.31059,0
154535.87+014958.1,1101085056191,17.48,0.10,236.39940, 1.83286,54269.22705,0
154535.87+014958.1,1101085056191,17.40,0.10,236.39943, 1.83290,54269.23557,0
154535.87+014958.1,1101085056191,17.30,0.09,236.39938, 1.83276,54269.24408,0
154535.87+014958.1,1101085056191,17.47,0.10,236.39945, 1.83288,54269.25261,0
154535.87+014958.1,1101085056191,17.36,0.09,236.39943, 1.83311,54175.45776,0
154535.87+014958.1,1101085056191,17.43,0.10,236.39936, 1.83302,54175.46492,0
154535.87+014958.1,1101085056191,17.38,0.09,236.39941, 1.83278,54175.47202,0
154535.87+014958.1,1101085056191,17.41,0.09,236.39950, 1.83293,54175.47910,0
154535.87+014958.1,1101085056191,17.37,0.10,236.39948, 1.83285,54229.40978,0
154535.87+014958.1,1101085056191,17.43,0.10,236.39949, 1.83279,54229.41855,0
154535.87+014958.1,1101085056191,17.41,0.10,236.39946, 1.83281,54229.42733,0
154535.87+014958.1,1101085056191,17.26,0.09,236.39934, 1.83282,54229.43609,0
154535.87+014958.1,1101085056191,17.44,0.10,236.39940, 1.83286,54239.31473,0
154535.87+014958.1,1101085056191,17.29,0.10,236.39931, 1.83284,54239.32556,0
154535.87+014958.1,1101085056191,17.44,0.10,236.39928, 1.83291,54239.33645,0
154535.87+014958.1,1101085056191,17.35,0.10,236.39925, 1.83293,54239.34732,0
154535.87+014958.1,1101085056191,17.44,0.10,236.39928, 1.83277,54246.30679,0
154535.87+014958.1,1101085056191,17.59,0.10,236.39928, 1.83285,54246.31659,0
154535.87+014958.1,1101085056191,17.28,0.09,236.39943, 1.83293,54246.32641,0
154535.87+014958.1,1101085056191,17.43,0.10,236.39943, 1.83295,54246.33618,0
154535.87+014958.1,1101085056191,17.37,0.09,236.39942, 1.83282,54567.40073,0
154535.87+014958.1,1101085056191,17.35,0.09,236.39931, 1.83299,54567.40507,0
154535.87+014958.1,1101085056191,17.38,0.09,236.39949, 1.83288,54567.40942,0
154535.87+014958.1,1101085056191,17.26,0.09,236.39947, 1.83296,54567.41373,0
154535.87+014958.1,1101085056191,17.42,0.10,236.39946, 1.83283,54572.45695,0
154535.87+014958.1,1101085056191,17.31,0.09,236.39944, 1.83304,54572.46338,0
154535.87+014958.1,1101085056191,17.32,0.10,236.39936, 1.83298,54572.46980,0
154535.87+014958.1,1101085056191,17.66,0.11,236.39952, 1.83276,54572.47624,0
154535.87+014958.1,1101085056191,17.44,0.09,236.39946, 1.83291,54506.50281,0
154535.87+014958.1,1101085056191,17.37,0.09,236.39932, 1.83290,54506.51035,0
154535.87+014958.1,1101085056191,17.35,0.09,236.39938, 1.83284,54506.51861,0
154535.87+014958.1,1101085056191,17.40,0.09,236.39932, 1.83292,54506.52680,0
154535.87+014958.1,1101085056191,17.36,0.09,236.39936, 1.83280,54510.51004,0
154535.87+014958.1,1101085056191,17.33,0.09,236.39929, 1.83283,54510.51651,0
154535.87+014958.1,1101085056191,17.56,0.10,236.39953, 1.83279,54510.52300,0
154535.87+014958.1,1101085056191,17.45,0.10,236.39940, 1.83290,54510.52948,0
154535.87+014958.1,1101085056191,17.43,0.11,236.39929, 1.83281,54476.51883,0
154535.87+014958.1,1101085056191,17.36,0.11,236.39947, 1.83294,54476.52320,0
154535.87+014958.1,1101085056191,17.34,0.11,236.39952, 1.83300,54476.52748,0
154535.87+014958.1,1101085056191,17.57,0.12,236.39937, 1.83289,54476.53174,0
154535.87+014958.1,1101085056191,17.30,0.09,236.39944, 1.83287,54648.19533,0
154535.87+014958.1,1101085056191,17.43,0.10,236.39930, 1.83285,54648.20031,0
154535.87+014958.1,1101085056191,17.30,0.10,236.39944, 1.83296,54648.20528,0
154535.87+014958.1,1101085056191,17.47,0.10,236.39947, 1.83281,54648.21031,0
154535.87+014958.1,1101085056191,17.36,0.09,236.39932, 1.83286,54529.49687,0
154535.87+014958.1,1101085056191,17.38,0.09,236.39944, 1.83281,54529.50573,0
154535.87+014958.1,1101085056191,17.42,0.09,236.39939, 1.83291,54529.51466,0
154535.87+014958.1,1101085056191,17.28,0.09,236.39921, 1.83289,54529.52339,0
154535.87+014958.1,1101085056191,17.35,0.09,236.39943, 1.83293,54555.42645,0
154535.87+014958.1,1101085056191,17.35,0.09,236.39927, 1.83280,54555.43354,0
154535.87+014958.1,1101085056191,17.36,0.09,236.39932, 1.83276,54555.44061,0
154535.87+014958.1,1101085056191,17.55,0.10,236.39935, 1.83288,54555.44773,0
154535.87+014958.1,1101085056191,17.42,0.10,236.39938, 1.83295,54600.31247,0
154535.87+014958.1,1101085056191,17.33,0.09,236.39942, 1.83291,54600.31899,0
154535.87+014958.1,1101085056191,17.35,0.09,236.39940, 1.83299,54600.32549,0
154535.87+014958.1,1101085056191,17.42,0.10,236.39960, 1.83292,54600.33198,0
154535.87+014958.1,1101085056191,17.37,0.10,236.39936, 1.83280,54937.39930,0
154535.87+014958.1,1101085056191,17.30,0.09,236.39924, 1.83286,54937.40412,0
154535.87+014958.1,1101085056191,17.36,0.09,236.39926, 1.83281,54937.40901,0
154535.87+014958.1,1101085056191,17.61,0.10,236.39929, 1.83282,54937.41367,0
154535.87+014958.1,1101085056191,17.45,0.10,236.39934, 1.83292,54945.40992,0
154535.87+014958.1,1101085056191,17.19,0.11,236.39959, 1.83282,55062.18855,0
154535.87+014958.1,1101085056191,17.44,0.12,236.39949, 1.83277,55062.19450,0
154535.87+014958.1,1101085056191,17.34,0.11,236.39949, 1.83314,55062.20022,0
154535.87+014958.1,1101085056191,17.69,0.13,236.39930, 1.83305,55062.20599,0
154535.87+014958.1,1101085056191,17.39,0.10,236.39939, 1.83297,54863.51398,0
154535.87+014958.1,1101085056191,17.36,0.10,236.39948, 1.83296,54863.51888,0
154535.87+014958.1,1101085056191,17.45,0.10,236.39947, 1.83296,54863.52359,0
154535.87+014958.1,1101085056191,17.41,0.10,236.39933, 1.83284,54863.52839,0
154535.87+014958.1,1101085056191,17.39,0.09,236.39945, 1.83296,54881.50327,0
154535.87+014958.1,1101085056191,17.33,0.09,236.39927, 1.83292,54881.50982,0
154535.87+014958.1,1101085056191,17.29,0.09,236.39938, 1.83294,54881.51639,0
154535.87+014958.1,1101085056191,17.38,0.09,236.39942, 1.83281,54881.52294,0
154535.87+014958.1,1101085056191,17.38,0.09,236.39933, 1.83285,54856.51633,0
154535.87+014958.1,1101085056191,17.30,0.09,236.39933, 1.83300,54856.52407,0
154535.87+014958.1,1101085056191,17.36,0.09,236.39922, 1.83289,54856.53191,0
154535.87+014958.1,1101085056191,17.23,0.09,236.39938, 1.83277,54856.53970,0
154535.87+014958.1,1101085056191,17.16,0.09,236.39924, 1.83297,55040.20455,0
154535.87+014958.1,1101085056191,17.49,0.10,236.39937, 1.83299,55040.20999,0
154535.87+014958.1,1101085056191,17.31,0.09,236.39934, 1.83272,55040.21529,0
154535.87+014958.1,1101085056191,17.40,0.10,236.39917, 1.83290,55040.22077,0
154535.87+014958.1,1101085056191,17.16,0.09,236.39934, 1.83285,55001.30902,0
154535.87+014958.1,1101085056191,17.50,0.10,236.39932, 1.83274,55001.31383,0
154535.87+014958.1,1101085056191,17.35,0.10,236.39938, 1.83281,55001.31870,0
154535.87+014958.1,1101085056191,17.37,0.10,236.39946, 1.83284,55001.32349,0
154535.87+014958.1,1101085056191,17.38,0.09,236.39938, 1.83296,54911.43708,0
154535.87+014958.1,1101085056191,17.35,0.09,236.39935, 1.83286,54911.44319,0
154535.87+014958.1,1101085056191,17.38,0.09,236.39925, 1.83284,54911.44918,0
154535.87+014958.1,1101085056191,17.42,0.09,236.39942, 1.83283,54911.45511,0
154535.87+014958.1,1101085056191,17.45,0.10,236.39931, 1.83296,54966.31985,0
154535.87+014958.1,1101085056191,17.48,0.10,236.39941, 1.83289,54966.32669,0
154535.87+014958.1,1101085056191,17.47,0.10,236.39935, 1.83287,54966.33356,0
154535.87+014958.1,1101085056191,17.21,0.09,236.39937, 1.83304,54966.34041,0
154535.87+014958.1,1101085056191,17.43,0.10,236.39938, 1.83288,55295.40584,0
154535.87+014958.1,1101085056191,17.40,0.09,236.39937, 1.83287,55295.41321,0
154535.87+014958.1,1101085056191,17.36,0.09,236.39936, 1.83294,55295.42065,0
154535.87+014958.1,1101085056191,17.30,0.09,236.39929, 1.83296,55295.42813,0
154535.87+014958.1,1101085056191,17.32,0.09,236.39934, 1.83287,55356.27273,0
154535.87+014958.1,1101085056191,17.25,0.09,236.39934, 1.83288,55356.28014,0
154535.87+014958.1,1101085056191,17.39,0.10,236.39930, 1.83281,55356.28757,0
154535.87+014958.1,1101085056191,17.34,0.10,236.39915, 1.83296,55356.29506,0
154535.87+014958.1,1101085056191,17.34,0.09,236.39934, 1.83276,55363.26701,0
154535.87+014958.1,1101085056191,17.42,0.10,236.39946, 1.83285,55363.27155,0
154535.87+014958.1,1101085056191,17.39,0.10,236.39940, 1.83274,55363.27616,0
154535.87+014958.1,1101085056191,17.24,0.09,236.39952, 1.83282,55363.28067,0
154535.87+014958.1,1101085056191,17.41,0.10,236.39928, 1.83293,55271.45540,0
154535.87+014958.1,1101085056191,17.42,0.10,236.39924, 1.83295,55271.46237,0
154535.87+014958.1,1101085056191,17.46,0.10,236.39941, 1.83285,55271.46936,0
154535.87+014958.1,1101085056191,17.42,0.10,236.39948, 1.83288,55271.47632,0
154535.87+014958.1,1101085056191,17.24,0.10,236.39943, 1.83280,55320.42946,0
154535.87+014958.1,1101085056191,17.45,0.11,236.39916, 1.83279,55320.43518,0
154535.87+014958.1,1101085056191,17.34,0.10,236.39931, 1.83276,55320.44095,0
154535.87+014958.1,1101085056191,17.44,0.10,236.39915, 1.83277,55320.44671,0
154535.87+014958.1,1101085056191,17.45,0.10,236.39937, 1.83270,55347.28920,0
154535.87+014958.1,1101085056191,17.46,0.10,236.39927, 1.83289,55347.29607,0
154535.87+014958.1,1101085056191,17.48,0.10,236.39937, 1.83297,55347.30303,0
154535.87+014958.1,1101085056191,17.43,0.10,236.39939, 1.83280,55347.30994,0
154535.87+014958.1,1101085056191,17.60,0.16,236.39919, 1.83298,55457.10450,0
154535.87+014958.1,1101085056191,17.38,0.15,236.39949, 1.83264,55457.10717,0
154535.87+014958.1,1101085056191,17.79,0.18,236.39945, 1.83296,55457.10848,0
154535.87+014958.1,1101085056191,17.36,0.10,236.39940, 1.83303,55656.45288,0
154535.87+014958.1,1101085056191,17.48,0.10,236.39921, 1.83279,55656.45810,0
154535.87+014958.1,1101085056191,17.21,0.09,236.39929, 1.83269,55656.46336,0
154535.87+014958.1,1101085056191,17.32,0.09,236.39938, 1.83295,55656.46857,0
154535.87+014958.1,1101085056191,17.27,0.10,236.39923, 1.83283,55675.36009,0
154535.87+014958.1,1101085056191,17.51,0.11,236.39945, 1.83298,55675.36758,0
154535.87+014958.1,1101085056191,17.22,0.10,236.39929, 1.83291,55675.37519,0
154535.87+014958.1,1101085056191,17.41,0.11,236.39913, 1.83300,55675.38281,0
154535.87+014958.1,1101085056191,17.46,0.10,236.39932, 1.83301,55618.45724,0
154535.87+014958.1,1101085056191,17.20,0.09,236.39929, 1.83296,55618.46289,0
154535.87+014958.1,1101085056191,17.42,0.10,236.39927, 1.83300,55618.46758,0
154535.87+014958.1,1101085056191,17.66,0.14,236.39979, 1.83272,55618.47224,0
154535.87+014958.1,1101085056191,17.45,0.10,236.39929, 1.83298,55743.25195,0
154535.87+014958.1,1101085056191,17.29,0.10,236.39938, 1.83276,55743.25874,0
154535.87+014958.1,1101085056191,17.32,0.10,236.39964, 1.83284,55743.26563,0
154535.87+014958.1,1101085056191,17.48,0.10,236.39913, 1.83296,55743.27251,0
154535.87+014958.1,1101085056191,17.33,0.10,236.39940, 1.83296,55715.22427,0
154535.87+014958.1,1101085056191,17.49,0.10,236.39939, 1.83281,55715.23066,0
154535.87+014958.1,1101085056191,17.48,0.10,236.39926, 1.83291,55715.23705,0
154535.87+014958.1,1101085056191,17.54,0.10,236.39924, 1.83287,55715.24342,0
154535.87+014958.1,1101085056191,17.47,0.10,236.39934, 1.83297,55723.29411,0
154535.87+014958.1,1101085056191,17.37,0.10,236.39919, 1.83286,55723.30156,0
154535.87+014958.1,1101085056191,17.26,0.09,236.39927, 1.83281,55723.31089,0
154535.87+014958.1,1101085056191,17.34,0.10,236.39928, 1.83302,55723.31846,0
154535.87+014958.1,1101085056191,17.18,0.09,236.39931, 1.83283,55734.23962,0
154535.87+014958.1,1101085056191,17.34,0.10,236.39933, 1.83288,55734.24574,0
154535.87+014958.1,1101085056191,17.25,0.09,236.39936, 1.83294,55734.25183,0
154535.87+014958.1,1101085056191,17.22,0.09,236.39938, 1.83298,55734.25786,0
154535.87+014958.1,1101085056191,17.24,0.10,236.39917, 1.83299,55650.44722,0
154535.87+014958.1,1101085056191,17.37,0.10,236.39932, 1.83285,55650.45477,0
154535.87+014958.1,1101085056191,17.39,0.10,236.39921, 1.83287,55650.46234,0
154535.87+014958.1,1101085056191,17.40,0.10,236.39939, 1.83286,55650.46984,0
154535.87+014958.1,1101085056191,17.41,0.10,236.39935, 1.83271,55705.39349,0
154535.87+014958.1,1101085056191,17.34,0.10,236.39930, 1.83311,55705.40096,0
154535.87+014958.1,1101085056191,17.49,0.10,236.39941, 1.83295,55705.40855,0
154535.87+014958.1,1101085056191,17.31,0.10,236.39915, 1.83298,55705.41605,0
154535.87+014958.1,1101085056191,17.37,0.09,236.39938, 1.83302,54945.45036,0
154535.87+014958.1,1101085056191,17.46,0.10,236.39930, 1.83303,55618.45724,0
154535.87+014958.1,1101085056191,17.11,0.09,236.39929, 1.83300,55618.46289,0
154535.87+014958.1,1101085056191,17.41,0.10,236.39932, 1.83298,55618.46758,0
154535.87+014958.1,1101085056191,17.87,0.15,236.39981, 1.83274,55618.47224,0
154535.87+014958.1,1101085056191,17.42,0.10,236.39963, 1.83293,55987.45579,0
154535.87+014958.1,1101085056191,17.37,0.10,236.39928, 1.83286,55987.46088,0
154535.87+014958.1,1101085056191,17.25,0.09,236.39925, 1.83275,55987.46597,0
154535.87+014958.1,1101085056191,17.55,0.10,236.39933, 1.83297,55987.47111,0
154535.87+014958.1,1101085056191,17.49,0.10,236.39931, 1.83280,56034.39773,0
154535.87+014958.1,1101085056191,17.56,0.10,236.39935, 1.83301,56034.40381,0
154535.87+014958.1,1101085056191,17.19,0.09,236.39932, 1.83290,56034.40994,0
154535.87+014958.1,1101085056191,17.41,0.10,236.39937, 1.83297,56034.41611,0
154535.87+014958.1,1101085056191,17.41,0.09,236.39938, 1.83280,56059.36885,0
154535.87+014958.1,1101085056191,17.31,0.09,236.39939, 1.83279,56059.37565,0
154535.87+014958.1,1101085056191,17.49,0.10,236.39943, 1.83304,56059.38252,0
154535.87+014958.1,1101085056191,17.30,0.09,236.39953, 1.83286,56059.38930,0
154535.87+014958.1,1101085056191,17.32,0.09,236.39954, 1.83283,56066.35446,0
154535.87+014958.1,1101085056191,17.35,0.09,236.39935, 1.83289,56066.36118,0
154535.87+014958.1,1101085056191,17.50,0.10,236.39954, 1.83283,56066.36802,0
154535.87+014958.1,1101085056191,17.40,0.09,236.39929, 1.83294,56066.37487,0
154535.87+014958.1,1101085056191,17.32,0.09,236.39927, 1.83296,56087.34316,0
154535.87+014958.1,1101085056191,17.52,0.10,236.39941, 1.83287,56087.34827,0
154535.87+014958.1,1101085056191,17.49,0.10,236.39928, 1.83277,56087.35343,0
154535.87+014958.1,1101085056191,17.49,0.10,236.39947, 1.83296,56087.35853,0
154535.87+014958.1,1101085056191,17.28,0.08,236.39933, 1.83295,56097.29472,0
154535.87+014958.1,1101085056191,17.43,0.09,236.39943, 1.83290,56097.30256,0
154535.87+014958.1,1101085056191,17.36,0.09,236.39925, 1.83302,56097.31039,0
154535.87+014958.1,1101085056191,17.38,0.09,236.39935, 1.83285,56097.31828,0
154535.87+014958.1,1101085056191,17.49,0.11,236.39896, 1.83283,56152.19085,0
154535.87+014958.1,1101085056191,17.43,0.10,236.39905, 1.83273,56152.19595,0
154535.87+014958.1,1101085056191,17.40,0.10,236.39925, 1.83289,56152.20118,0
154535.87+014958.1,1101085056191,17.84,0.12,236.39894, 1.83301,56152.20627,0
154535.87+014958.1,1101085056191,17.37,0.10,236.39942, 1.83291,56314.53119,0
154535.87+014958.1,1101085056191,17.30,0.10,236.39946, 1.83300,56314.53409,0
154535.87+014958.1,1101085056191,17.21,0.10,236.39927, 1.83308,56314.53716,0
154535.87+014958.1,1101085056191,17.24,0.10,236.39944, 1.83293,56314.54016,0
154535.87+014958.1,1101085056191,17.40,0.10,236.39946, 1.83305,56366.44408,0
154535.87+014958.1,1101085056191,17.31,0.09,236.39942, 1.83288,56366.45144,0
154535.87+014958.1,1101085056191,17.42,0.10,236.39931, 1.83287,56366.45875,0
154535.87+014958.1,1101085056191,17.29,0.09,236.39942, 1.83287,56366.46619,0
154535.87+014958.1,1101085056191,17.33,0.09,236.39944, 1.83286,55956.51991,0
154535.87+014958.1,1101085056191,17.30,0.09,236.39945, 1.83297,55956.52795,0
154535.87+014958.1,1101085056191,17.37,0.09,236.39941, 1.83292,55956.53608,0
154535.87+014958.1,1101085056191,17.38,0.09,236.39934, 1.83279,55956.54419,0
154535.87+014958.1,1101085056191,17.37,0.10,236.39931, 1.83303,56393.42259,0
154535.87+014958.1,1101085056191,17.42,0.10,236.39936, 1.83306,56393.42763,0
154535.87+014958.1,1101085056191,17.41,0.10,236.39933, 1.83292,56393.43280,0
154535.87+014958.1,1101085056191,17.43,0.10,236.39930, 1.83300,56393.43793,0
154535.87+014958.1,1101085056191,17.52,0.10,236.39926, 1.83295,56424.34037,0
154535.87+014958.1,1101085056191,17.42,0.10,236.39932, 1.83288,56424.34938,0
154535.87+014958.1,1101085056191,17.54,0.10,236.39936, 1.83292,56424.35846,0
154535.87+014958.1,1101085056191,17.48,0.10,236.39933, 1.83277,56424.36755,0
154535.87+014958.1,1101085056191,17.39,0.10,236.39935, 1.83300,56430.32179,0
154535.87+014958.1,1101085056191,17.47,0.10,236.39936, 1.83296,56430.32686,0
154535.87+014958.1,1101085056191,17.37,0.10,236.39919, 1.83291,56430.33191,0
154535.87+014958.1,1101085056191,17.41,0.10,236.39931, 1.83289,56430.33692,0
154535.87+014958.1,1101085056191,17.33,0.10,236.39938, 1.83290,56443.32851,0
154535.87+014958.1,1101085056191,17.49,0.10,236.39942, 1.83292,56443.33587,0
154535.87+014958.1,1101085056191,17.47,0.10,236.39931, 1.83305,56443.34331,0
154535.87+014958.1,1101085056191,17.37,0.10,236.39912, 1.83301,56443.35071,0
154535.87+014958.1,1101085056191,17.42,0.10,236.39920, 1.83294,56457.26450,0
154535.87+014958.1,1101085056191,17.23,0.10,236.39937, 1.83280,56457.27138,0
154535.87+014958.1,1101085056191,17.56,0.11,236.39928, 1.83293,56457.27828,0
154535.87+014958.1,1101085056191,17.19,0.09,236.39924, 1.83309,56457.28517,0
154535.87+014958.1,1101085056191,17.23,0.09,236.39925, 1.83306,56470.25519,0
154535.87+014958.1,1101085056191,17.39,0.10,236.39901, 1.83304,56470.26307,0
154535.87+014958.1,1101085056191,17.49,0.10,236.39920, 1.83292,56470.27098,0
154535.87+014958.1,1101085056191,17.45,0.10,236.39926, 1.83296,56470.27893,0
154535.87+014958.1,2101219022211,21.00,0.21,236.39895, 1.83543,54213.34378,0
154535.87+014958.1,2101219022211,20.87,0.20,236.39884, 1.83552,54213.36116,0
154535.87+014958.1,2101219022211,20.72,0.19,236.39888, 1.83549,54213.36991,0
154535.87+014958.1,2101219022211,21.46,0.29,236.39878, 1.83539,54148.53692,0
154535.87+014958.1,2101219022211,20.77,0.24,236.39887, 1.83528,54504.47567,0
154535.87+014958.1,2101219022211,21.36,0.28,236.39887, 1.83547,54882.46989,0
154535.87+014958.1,2101219022211,20.93,0.22,236.39875, 1.83545,54882.47601,0
154535.87+014958.1,2101219022211,21.33,0.27,236.39875, 1.83551,54882.48216,0
154535.87+014958.1,2101219022211,21.13,0.25,236.39872, 1.83556,54882.48812,0
154535.87+014958.1,2101219022211,21.00,0.23,236.39893, 1.83538,54952.35115,0
154535.87+014958.1,2101219022211,21.56,0.31,236.39883, 1.83560,54952.36910,0
154535.87+014958.1,2101219022211,21.30,0.27,236.39886, 1.83542,54952.37799,0
154535.87+014958.1,2101219022211,20.73,0.23,236.39891, 1.83543,55329.40214,0
154535.87+014958.1,2101219022211,20.97,0.26,236.39861, 1.83541,55329.42090,0
154535.87+014958.1,2101219022211,20.63,0.20,236.39895, 1.83547,56013.44418,0
154535.87+014958.1,2101219022211,20.32,0.17,236.39884, 1.83514,56013.45274,0
154535.87+014958.1,2101219022211,21.06,0.24,236.39874, 1.83544,56013.46145,0
154535.87+014958.1,2101219022211,20.92,0.23,236.39864, 1.83544,56013.47015,0
154535.87+014958.1,2101219022211,21.22,0.25,236.39883, 1.83545,56073.25599,0
154535.87+014958.1,2101219022211,22.15,0.42,236.39872, 1.83564,56073.27098,0
154535.87+014958.1,2101219022211,20.89,0.26,236.39883, 1.83512,56663.53116,0
154535.87+014958.1,2101219022413,17.49,0.07,236.39946, 1.83278,54213.34378,0
154535.87+014958.1,2101219022413,17.48,0.07,236.39952, 1.83279,54213.35248,0
154535.87+014958.1,2101219022413,17.48,0.07,236.39939, 1.83275,54213.36116,0
154535.87+014958.1,2101219022413,17.50,0.07,236.39944, 1.83278,54213.36991,0
154535.87+014958.1,2101219022413,17.46,0.07,236.39944, 1.83284,54148.52589,0
154535.87+014958.1,2101219022413,17.44,0.07,236.39946, 1.83276,54148.53135,0
154535.87+014958.1,2101219022413,17.55,0.07,236.39941, 1.83280,54148.53692,0
154535.87+014958.1,2101219022413,17.45,0.07,236.39953, 1.83279,54148.54244,0
154535.87+014958.1,2101219022413,17.41,0.07,236.39948, 1.83279,54290.18983,0
154535.87+014958.1,2101219022413,17.36,0.07,236.39941, 1.83278,54290.19640,0
154535.87+014958.1,2101219022413,17.50,0.07,236.39944, 1.83279,54290.20287,0
154535.87+014958.1,2101219022413,17.49,0.07,236.39947, 1.83281,54290.20936,0
154535.87+014958.1,2101219022413,17.48,0.07,236.39937, 1.83277,54504.47567,0
154535.87+014958.1,2101219022413,17.43,0.07,236.39944, 1.83278,54504.47900,0
154535.87+014958.1,2101219022413,17.49,0.07,236.39940, 1.83278,54504.48233,0
154535.87+014958.1,2101219022413,17.44,0.07,236.39947, 1.83276,54504.48563,0
154535.87+014958.1,2101219022413,17.50,0.07,236.39949, 1.83278,54882.46989,0
154535.87+014958.1,2101219022413,17.46,0.07,236.39942, 1.83276,54882.47601,0
154535.87+014958.1,2101219022413,17.56,0.07,236.39948, 1.83282,54882.48216,0
154535.87+014958.1,2101219022413,17.47,0.07,236.39937, 1.83278,54882.48812,0
154535.87+014958.1,2101219022413,17.49,0.07,236.39942, 1.83279,54920.39319,0
154535.87+014958.1,2101219022413,17.49,0.07,236.39943, 1.83281,54920.40556,0
154535.87+014958.1,2101219022413,17.48,0.07,236.39936, 1.83283,54920.41801,0
154535.87+014958.1,2101219022413,17.49,0.07,236.39940, 1.83284,54920.43031,0
154535.87+014958.1,2101219022413,17.46,0.07,236.39939, 1.83273,54952.35115,0
154535.87+014958.1,2101219022413,17.51,0.07,236.39946, 1.83277,54952.36012,0
154535.87+014958.1,2101219022413,17.48,0.07,236.39949, 1.83282,54952.36910,0
154535.87+014958.1,2101219022413,17.42,0.07,236.39949, 1.83278,54952.37799,0
154535.87+014958.1,2101219022413,17.46,0.07,236.39943, 1.83284,55329.40214,0
154535.87+014958.1,2101219022413,17.41,0.07,236.39941, 1.83278,55329.40835,0
154535.87+014958.1,2101219022413,17.50,0.07,236.39947, 1.83276,55329.41465,0
154535.87+014958.1,2101219022413,17.48,0.07,236.39945, 1.83272,55329.42090,0
154535.87+014958.1,2101219022413,17.50,0.08,236.39946, 1.83279,55635.48381,0
154535.87+014958.1,2101219022413,17.52,0.08,236.39956, 1.83279,55635.48794,0
154535.87+014958.1,2101219022413,17.48,0.08,236.39946, 1.83273,55635.49207,0
154535.87+014958.1,2101219022413,17.53,0.08,236.39949, 1.83286,55635.49624,0
154535.87+014958.1,2101219022413,17.58,0.07,236.39944, 1.83277,56013.44418,0
154535.87+014958.1,2101219022413,17.55,0.07,236.39944, 1.83276,56013.45274,0
154535.87+014958.1,2101219022413,17.49,0.07,236.39937, 1.83276,56013.46145,0
154535.87+014958.1,2101219022413,17.54,0.07,236.39946, 1.83278,56013.47015,0
154535.87+014958.1,2101219022413,17.50,0.07,236.39941, 1.83278,56073.24853,0
154535.87+014958.1,2101219022413,17.53,0.07,236.39948, 1.83278,56073.25599,0
154535.87+014958.1,2101219022413,17.44,0.07,236.39939, 1.83277,56073.26348,0
154535.87+014958.1,2101219022413,17.53,0.07,236.39945, 1.83274,56073.27098,0
154535.87+014958.1,2101219022413,17.49,0.07,236.39944, 1.83280,56400.40543,0
154535.87+014958.1,2101219022413,17.43,0.07,236.39940, 1.83279,56400.41611,0
154535.87+014958.1,2101219022413,17.51,0.07,236.39940, 1.83275,56400.42680,0
154535.87+014958.1,2101219022413,17.45,0.07,236.39944, 1.83278,56400.43740,0
154535.87+014958.1,2101219022413,17.47,0.07,236.39937, 1.83283,56663.53116,0
154535.87+014958.1,2101219022413,17.55,0.07,236.39939, 1.83279,56663.53579,0
154535.87+014958.1,2101219022413,17.47,0.07,236.39942, 1.83280,56663.54043,0
154535.87+014958.1,2101219022413,17.46,0.07,236.39940, 1.83278,56663.54506,0
093856.54+435415.0,1143039031601,20.79,0.41,144.74149,43.90636,54805.40490,0
093856.54+435415.0,1143039031601,21.29,0.55,144.74152,43.90555,54535.34827,0
093856.54+435415.0,1143039031601,21.13,0.49,144.74182,43.90636,54861.23664,0
093856.54+435415.0,1143039031601,20.64,0.37,144.74116,43.90626,54913.15927,0
093856.54+435415.0,1143039031601,21.45,0.61,144.74164,43.90667,54920.18453,0
093856.54+435415.0,1143039031601,20.73,0.40,144.74101,43.90641,54920.19138,0
093856.54+435415.0,1143039031601,21.13,0.50,144.74145,43.90586,55244.27686,0
093856.54+435415.0,1143039031601,20.94,0.49,144.74037,43.90600,55679.25490,0
093856.54+435415.0,1143039031601,20.16,0.30,144.74050,43.90597,55569.34480,0
093856.54+435415.0,1143039031601,20.46,0.35,144.74085,43.90590,55591.32147,0
093856.54+435415.0,1143039031601,20.17,0.30,144.74266,43.90662,55591.32635,0
093856.54+435415.0,1143039031601,20.04,0.30,144.74139,43.90562,55721.19210,0
093856.54+435415.0,1143039031601,21.46,0.65,144.74179,43.90583,55628.25185,0
093856.54+435415.0,1143039031601,20.50,0.36,144.74184,43.90694,54478.34799,0
093856.54+435415.0,1143039031601,20.40,0.33,144.74201,43.90547,55945.33639,0
093856.54+435415.0,1143039031601,20.33,0.32,144.74146,43.90603,55945.34151,0
093856.54+435415.0,1143039031601,19.77,0.24,144.74069,43.90597,55958.38711,0
093856.54+435415.0,1143039031601,20.85,0.44,144.74353,43.90742,56018.16967,0
093856.54+435415.0,1143039031601,21.58,0.55,144.74138,43.90567,56306.48868,0
093856.54+435415.0,1143039031601,20.54,0.31,144.74137,43.90597,56334.31967,0
093856.54+435415.0,1143039031601,20.31,0.33,144.74074,43.90642,56402.16090,0
093856.54+435415.0,1143039031680,20.62,0.40,144.72923,43.90672,53712.37425,0
093856.54+435415.0,1143039031680,20.21,0.32,144.72893,43.90613,53793.22190,0
093856.54+435415.0,1143039031680,21.19,0.55,144.73021,43.90623,53823.18756,0
093856.54+435415.0,1143039031680,21.29,0.56,144.72886,43.90666,54204.20230,0
093856.54+435415.0,1143039031680,20.74,0.40,144.73038,43.90641,54805.39702,0
093856.54+435415.0,1143039031680,20.52,0.36,144.72922,43.90647,54943.27803,0
093856.54+435415.0,1143039031680,20.25,0.30,144.72988,43.90584,54884.26443,0
093856.54+435415.0,1143039031680,21.09,0.56,144.72938,43.90622,54850.50430,0
093856.54+435415.0,1143039031680,19.58,0.21,144.72907,43.90629,54892.18858,0
093856.54+435415.0,1143039031680,20.70,0.39,144.72861,43.90586,54920.18453,0
093856.54+435415.0,1143039031680,20.69,0.39,144.72960,43.90615,54920.19138,0
093856.54+435415.0,1143039031680,19.65,0.22,144.72977,43.90709,54920.19813,0
093856.54+435415.0,1143039031680,20.22,0.30,144.73002,43.90636,55155.43631,0
093856.54+435415.0,1143039031680,20.53,0.43,144.72986,43.90633,55119.45019,0
093856.54+435415.0,1143039031680,17.41,0.10,144.72845,43.90435,55119.46471,0
093856.54+435415.0,1143039031680,20.00,0.27,144.72959,43.90574,55544.41657,0
093856.54+435415.0,1143039031680,20.10,0.29,144.72946,43.90604,55244.25611,0
093856.54+435415.0,1143039031680,19.82,0.25,144.73009,43.90575,55244.26997,0
093856.54+435415.0,1143039031680,19.16,0.18,144.72973,43.90522,55272.33443,0
093856.54+435415.0,1143039031680,19.16,0.18,144.72984,43.90562,55327.15368,0
093856.54+435415.0,1143039031680,20.49,0.36,144.72927,43.90567,55327.16896,0
093856.54+435415.0,1143039031680,21.20,0.58,144.72925,43.90611,55505.48319,0
093856.54+435415.0,1143039031680,21.27,0.59,144.72939,43.90685,55505.48901,0
093856.54+435415.0,1143039031680,19.81,0.26,144.72945,43.90642,55679.25490,0
093856.54+435415.0,1143039031680,19.86,0.27,144.72906,43.90619,55679.27213,0
093856.54+435415.0,1143039031680,19.34,0.20,144.72949,43.90599,55569.34480,0
093856.54+435415.0,1143039031680,21.24,0.55,144.72883,43.90650,55591.32635,0
093856.54+435415.0,1143039031680,19.65,0.23,144.72957,43.90643,55591.33610,0
093856.54+435415.0,1143039031680,19.63,0.24,144.72982,43.90624,55721.18271,0
093856.54+435415.0,1143039031680,21.10,0.52,144.73040,43.90658,55628.24433,0
093856.54+435415.0,1143039031680,20.39,0.35,144.73001,43.90579,55628.25185,0
093856.54+435415.0,1143039031680,19.47,0.29,144.72902,43.90716,55685.16931,0
093856.54+435415.0,1143039031680,19.85,0.21,144.72961,43.90610,55867.46095,0
093856.54+435415.0,1143039031680,19.75,0.24,144.73018,43.90663,55958.37691,0
093856.54+435415.0,1143039031680,20.13,0.29,144.72971,43.90606,55958.38711,0
093856.54+435415.0,1143039031680,20.29,0.31,144.72987,43.90647,55958.39214,0
093856.54+435415.0,1143039031680,19.31,0.21,144.72937,43.90583,55987.21097,0
093856.54+435415.0,1143039031680,20.88,0.44,144.72859,43.90616,56018.16967,0
093856.54+435415.0,1143039031680,20.31,0.33,144.73002,43.90553,56045.25274,0
093856.54+435415.0,1143039031680,20.53,0.31,144.72985,43.90618,56306.47560,0
093856.54+435415.0,1143039031680,19.90,0.26,144.73020,43.90665,56314.26599,0
093856.54+435415.0,1143039031680,20.58,0.32,144.72965,43.90627,56334.31337,0
093856.54+435415.0,1143039031680,20.71,0.34,144.72913,43.90644,56334.32586,0
093856.54+435415.0,1143039031680,20.80,0.44,144.72864,43.90626,56402.16090,0
093856.54+435415.0,1143039031680,20.61,0.41,144.73178,43.90692,56433.22628,0
093856.54+435415.0,1143039031714,18.88,0.16,144.73573,43.90422,53712.35591,0
093856.54+435415.0,1143039031714,18.67,0.15,144.73564,43.90429,53712.36812,0
093856.54+435415.0,1143039031714,18.75,0.15,144.73514,43.90422,53712.37425,0
093856.54+435415.0,1143039031714,18.87,0.16,144.73551,43.90426,53734.34271,0
093856.54+435415.0,1143039031714,19.07,0.17,144.73546,43.90411,53734.35207,0
093856.54+435415.0,1143039031714,19.22,0.18,144.73521,43.90428,53734.36144,0
093856.54+435415.0,1143039031714,18.96,0.16,144.73559,43.90428,53734.37087,0
093856.54+435415.0,1143039031714,19.09,0.18,144.73487,43.90409,53531.15985,0
093856.54+435415.0,1143039031714,19.19,0.19,144.73560,43.90414,53531.16636,0
093856.54+435415.0,1143039031714,19.47,0.22,144.73544,43.90427,53531.17297,0
093856.54+435415.0,1143039031714,18.91,0.17,144.73502,43.90414,53531.17946,0
093856.54+435415.0,1143039031714,18.77,0.16,144.73525,43.90428,53854.24834,0
093856.54+435415.0,1143039031714,19.59,0.22,144.73566,43.90427,54094.28540,0
093856.54+435415.0,1143039031714,19.15,0.17,144.73549,43.90419,54094.29686,0
093856.54+435415.0,1143039031714,19.24,0.18,144.73556,43.90394,54094.31962,0
093856.54+435415.0,1143039031714,19.13,0.21,144.73536,43.90432,53769.27348,0
093856.54+435415.0,1143039031714,19.10,0.23,144.73565,43.90433,53769.28102,0
093856.54+435415.0,1143039031714,18.87,0.18,144.73544,43.90405,53769.28856,0
093856.54+435415.0,1143039031714,18.70,0.17,144.73544,43.90417,53769.29605,0
093856.54+435415.0,1143039031714,19.33,0.20,144.73525,43.90429,53793.22190,0
093856.54+435415.0,1143039031714,18.98,0.18,144.73561,43.90430,53793.22750,0
093856.54+435415.0,1143039031714,19.78,0.26,144.73530,43.90416,53744.34049,0
093856.54+435415.0,1143039031714,18.75,0.16,144.73514,43.90413,53744.34807,0
093856.54+435415.0,1143039031714,18.96,0.17,144.73528,43.90434,53744.35565,0
093856.54+435415.0,1143039031714,19.31,0.20,144.73547,43.90428,53744.36329,0
093856.54+435415.0,1143039031714,18.84,0.16,144.73534,43.90431,53823.16065,0
093856.54+435415.0,1143039031714,19.04,0.17,144.73546,43.90420,53823.16935,0
093856.54+435415.0,1143039031714,19.20,0.19,144.73538,43.90398,53823.17817,0
093856.54+435415.0,1143039031714,19.07,0.18,144.73546,43.90431,53823.18756,0
093856.54+435415.0,1143039031714,18.61,0.15,144.73551,43.90428,53863.18536,0
093856.54+435415.0,1143039031714,18.79,0.16,144.73523,43.90446,53863.19125,0
093856.54+435415.0,1143039031714,18.76,0.16,144.73535,43.90420,53863.19724,0
093856.54+435415.0,1143039031714,19.10,0.17,144.73547,43.90439,54059.50055,0
093856.54+435415.0,1143039031714,18.93,0.15,144.73557,43.90396,54059.50573,0
093856.54+435415.0,1143039031714,19.00,0.16,144.73536,43.90417,54059.51086,0
093856.54+435415.0,1143039031714,19.19,0.17,144.73550,43.90399,54059.51604,0
093856.54+435415.0,1143039031714,18.88,0.16,144.73528,43.90428,54204.19378,0
093856.54+435415.0,1143039031714,19.03,0.17,144.73533,43.90450,54204.20230,0
093856.54+435415.0,1143039031714,18.98,0.16,144.73551,43.90404,54204.21081,0
093856.54+435415.0,1143039031714,19.24,0.18,144.73561,43.90414,54204.21932,0
093856.54+435415.0,1143039031714,18.89,0.16,144.73541,43.90435,54452.32199,0
093856.54+435415.0,1143039031714,19.23,0.18,144.73535,43.90425,54452.32755,0
093856.54+435415.0,1143039031714,19.16,0.18,144.73515,43.90429,54452.33313,0
093856.54+435415.0,1143039031714,19.39,0.20,144.73569,43.90424,54452.33868,0
093856.54+435415.0,1143039031714,19.18,0.20,144.73518,43.90422,54138.28484,0
093856.54+435415.0,1143039031714,19.01,0.17,144.73539,43.90442,54138.28919,0
093856.54+435415.0,1143039031714,19.12,0.18,144.73511,43.90413,54138.29354,0
093856.54+435415.0,1143039031714,19.17,0.19,144.73479,43.90427,54157.17460,0
093856.54+435415.0,1143039031714,19.60,0.24,144.73553,43.90424,54157.18385,0
093856.54+435415.0,1143039031714,18.88,0.17,144.73536,43.90414,54157.20404,0
093856.54+435415.0,1143039031714,19.08,0.13,144.73490,43.90402,54262.16476,0
093856.54+435415.0,1143039031714,19.04,0.13,144.73592,43.90428,54262.17280,0
093856.54+435415.0,1143039031714,19.04,0.13,144.73518,43.90405,54262.18083,0
093856.54+435415.0,1143039031714,18.84,0.12,144.73557,43.90407,54262.18885,0
093856.54+435415.0,1143039031714,18.79,0.15,144.73509,43.90422,54170.30319,0
093856.54+435415.0,1143039031714,19.23,0.18,144.73520,43.90425,54170.30854,0
093856.54+435415.0,1143039031714,19.36,0.19,144.73529,43.90416,54170.31389,0
093856.54+435415.0,1143039031714,19.09,0.17,144.73526,43.90430,54170.31925,0
093856.54+435415.0,1143039031714,19.15,0.18,144.73563,43.90422,54176.13677,0
093856.54+435415.0,1143039031714,19.58,0.22,144.73548,43.90407,54176.14594,0
093856.54+435415.0,1143039031714,18.88,0.16,144.73547,43.90413,54176.15511,0
093856.54+435415.0,1143039031714,19.11,0.17,144.73560,43.90411,54176.16433,0
093856.54+435415.0,1143039031714,18.73,0.15,144.73596,43.90418,54246.15356,0
093856.54+435415.0,1143039031714,19.03,0.18,144.73510,43.90440,54246.16983,0
093856.54+435415.0,1143039031714,18.99,0.17,144.73539,43.90442,54246.17795,0
093856.54+435415.0,1143039031714,18.69,0.14,144.73551,43.90458,54415.43392,0
093856.54+435415.0,1143039031714,19.01,0.16,144.73566,43.90428,54415.43892,0
093856.54+435415.0,1143039031714,19.12,0.17,144.73538,43.90421,54415.44388,0
093856.54+435415.0,1143039031714,19.09,0.17,144.73540,43.90442,54415.44882,0
093856.54+435415.0,1143039031714,19.13,0.17,144.73589,43.90430,54425.38933,0
093856.54+435415.0,1143039031714,19.54,0.21,144.73585,43.90441,54425.39368,0
093856.54+435415.0,1143039031714,19.12,0.17,144.73513,43.90434,54425.39806,0
093856.54+435415.0,1143039031714,18.89,0.15,144.73561,43.90422,54805.38140,0
093856.54+435415.0,1143039031714,18.66,0.14,144.73544,43.90393,54805.38910,0
093856.54+435415.0,1143039031714,18.89,0.15,144.73520,43.90433,54805.39702,0
093856.54+435415.0,1143039031714,19.01,0.16,144.73506,43.90408,54805.40490,0
093856.54+435415.0,1143039031714,19.13,0.17,144.73522,43.90432,54504.24011,0
093856.54+435415.0,1143039031714,19.57,0.21,144.73544,43.90440,54504.24558,0
093856.54+435415.0,1143039031714,19.23,0.18,144.73534,43.90418,54504.25101,0
093856.54+435415.0,1143039031714,19.00,0.16,144.73506,43.90422,54504.25654,0
093856.54+435415.0,1143039031714,19.15,0.17,144.73546,43.90430,54466.48919,0
093856.54+435415.0,1143039031714,19.27,0.18,144.73528,43.90417,54466.49474,0
093856.54+435415.0,1143039031714,18.80,0.15,144.73534,43.90415,54466.50023,0
093856.54+435415.0,1143039031714,18.94,0.16,144.73540,43.90431,54466.50573,0
093856.54+435415.0,1143039031714,19.52,0.26,144.73531,43.90425,54632.17854,0
093856.54+435415.0,1143039031714,18.83,0.18,144.73511,43.90408,54632.18615,0
093856.54+435415.0,1143039031714,18.93,0.16,144.73533,43.90417,54535.34027,0
093856.54+435415.0,1143039031714,19.00,0.16,144.73531,43.90418,54535.34428,0
093856.54+435415.0,1143039031714,19.30,0.19,144.73539,43.90427,54535.34827,0
093856.54+435415.0,1143039031714,19.06,0.17,144.73527,43.90424,54535.35225,0
093856.54+435415.0,1143039031714,18.43,0.13,144.73533,43.90446,54549.30841,0
093856.54+435415.0,1143039031714,18.57,0.14,144.73586,43.90405,54549.31523,0
093856.54+435415.0,1143039031714,19.27,0.19,144.73543,43.90426,54549.32202,0
093856.54+435415.0,1143039031714,19.60,0.22,144.73539,43.90420,54549.32880,0
093856.54+435415.0,1143039031714,18.64,0.14,144.73548,43.90442,54588.25313,0
093856.54+435415.0,1143039031714,18.61,0.14,144.73522,43.90424,54588.25762,0
093856.54+435415.0,1143039031714,18.69,0.15,144.73540,43.90418,54588.26218,0
093856.54+435415.0,1143039031714,19.33,0.19,144.73536,43.90412,54588.26671,0
093856.54+435415.0,1143039031714,19.15,0.17,144.73572,43.90423,54789.49495,0
093856.54+435415.0,1143039031714,19.06,0.17,144.73544,43.90442,54789.50099,0
093856.54+435415.0,1143039031714,18.69,0.14,144.73554,43.90419,54789.50701,0
093856.54+435415.0,1143039031714,18.95,0.16,144.73537,43.90432,54789.51315,0
093856.54+435415.0,1143039031714,19.24,0.18,144.73551,43.90427,54767.48986,0
093856.54+435415.0,1143039031714,19.03,0.16,144.73552,43.90426,54767.49786,0
093856.54+435415.0,1143039031714,19.26,0.18,144.73549,43.90425,54767.50580,0
093856.54+435415.0,1143039031714,19.07,0.16,144.73577,43.90418,54767.51387,0
093856.54+435415.0,1143039031714,18.99,0.17,144.73515,43.90428,54943.25008,0
093856.54+435415.0,1143039031714,18.89,0.16,144.73531,43.90438,54943.26562,0
093856.54+435415.0,1143039031714,18.66,0.15,144.73532,43.90423,54943.27108,0
093856.54+435415.0,1143039031714,18.85,0.16,144.73509,43.90416,54943.27803,0
093856.54+435415.0,1143039031714,19.27,0.18,144.73527,43.90433,55182.37736,0
093856.54+435415.0,1143039031714,19.22,0.18,144.73559,43.90428,55182.38255,0
093856.54+435415.0,1143039031714,18.92,0.16,144.73530,43.90406,55182.38772,0
093856.54+435415.0,1143039031714,19.00,0.16,144.73549,43.90448,55182.39291,0
093856.54+435415.0,1143039031714,18.85,0.15,144.73558,43.90422,54875.34967,0
093856.54+435415.0,1143039031714,19.13,0.17,144.73508,43.90407,54875.35568,0
093856.54+435415.0,1143039031714,18.69,0.14,144.73516,43.90432,54875.36178,0
093856.54+435415.0,1143039031714,19.11,0.17,144.73525,43.90398,54875.36781,0
093856.54+435415.0,1143039031714,18.72,0.14,144.73565,43.90411,54884.24775,0
093856.54+435415.0,1143039031714,19.22,0.18,144.73516,43.90421,54884.25332,0
093856.54+435415.0,1143039031714,19.06,0.17,144.73558,43.90435,54884.25892,0
093856.54+435415.0,1143039031714,19.10,0.17,144.73488,43.90433,54884.26443,0
093856.54+435415.0,1143039031714,19.00,0.18,144.73514,43.90441,54850.49941,0
093856.54+435415.0,1143039031714,18.85,0.17,144.73531,43.90436,54850.50430,0
093856.54+435415.0,1143039031714,19.17,0.20,144.73497,43.90420,54850.50915,0
093856.54+435415.0,1143039031714,19.14,0.19,144.73525,43.90425,54850.51396,0
093856.54+435415.0,1143039031714,19.10,0.17,144.73557,43.90424,54861.23664,0
093856.54+435415.0,1143039031714,18.91,0.15,144.73535,43.90419,54861.24450,0
093856.54+435415.0,1143039031714,18.56,0.13,144.73549,43.90431,54861.25243,0
093856.54+435415.0,1143039031714,18.93,0.16,144.73530,43.90439,54861.26033,0
093856.54+435415.0,1143039031714,18.65,0.14,144.73511,43.90428,54892.16647,0
093856.54+435415.0,1143039031714,18.89,0.15,144.73536,43.90419,54892.17754,0
093856.54+435415.0,1143039031714,19.32,0.19,144.73537,43.90460,54892.18858,0
093856.54+435415.0,1143039031714,18.95,0.16,144.73534,43.90439,54892.19960,0
093856.54+435415.0,1143039031714,19.13,0.25,144.73521,43.90392,54912.11320,0
093856.54+435415.0,1143039031714,19.32,0.25,144.73556,43.90427,54912.11733,0
093856.54+435415.0,1143039031714,19.14,0.17,144.73553,43.90435,54913.15927,0
093856.54+435415.0,1143039031714,19.22,0.18,144.73518,43.90418,54913.16482,0
093856.54+435415.0,1143039031714,19.07,0.17,144.73546,43.90413,54913.17573,0
093856.54+435415.0,1143039031714,18.79,0.15,144.73533,43.90426,54920.18453,0
093856.54+435415.0,1143039031714,18.90,0.16,144.73548,43.90413,54920.19138,0
093856.54+435415.0,1143039031714,19.12,0.17,144.73539,43.90432,54920.19813,0
093856.54+435415.0,1143039031714,18.52,0.13,144.73507,43.90453,54920.20487,0
093856.54+435415.0,1143039031714,18.96,0.16,144.73537,43.90427,55155.43631,0
093856.54+435415.0,1143039031714,18.88,0.16,144.73541,43.90429,55155.44163,0
093856.54+435415.0,1143039031714,18.80,0.15,144.73545,43.90433,55155.44714,0
093856.54+435415.0,1143039031714,18.48,0.13,144.73533,43.90411,55155.45260,0
093856.54+435415.0,1143039031714,18.80,0.17,144.73543,43.90407,55119.45019,0
093856.54+435415.0,1143039031714,18.91,0.18,144.73555,43.90439,55119.45492,0
093856.54+435415.0,1143039031714,18.99,0.19,144.73532,43.90410,55119.45977,0
093856.54+435415.0,1143039031714,18.65,0.14,144.73535,43.90473,55131.44249,0
093856.54+435415.0,1143039031714,18.70,0.15,144.73547,43.90427,55131.45087,0
093856.54+435415.0,1143039031714,19.17,0.18,144.73568,43.90407,55131.45942,0
093856.54+435415.0,1143039031714,18.81,0.15,144.73544,43.90423,55131.46787,0
093856.54+435415.0,1143039031714,18.69,0.15,144.73523,43.90401,55297.21430,0
093856.54+435415.0,1143039031714,19.02,0.17,144.73516,43.90435,55297.22120,0
093856.54+435415.0,1143039031714,18.93,0.16,144.73510,43.90411,55297.22818,0
093856.54+435415.0,1143039031714,18.37,0.13,144.73522,43.90418,55297.23511,0
093856.54+435415.0,1143039031714,18.63,0.14,144.73498,43.90418,55544.40732,0
093856.54+435415.0,1143039031714,18.84,0.16,144.73525,43.90432,55544.41657,0
093856.54+435415.0,1143039031714,18.54,0.14,144.73539,43.90409,55544.42122,0
093856.54+435415.0,1143039031714,18.89,0.16,144.73527,43.90414,55244.25611,0
093856.54+435415.0,1143039031714,18.87,0.16,144.73540,43.90413,55244.26305,0
093856.54+435415.0,1143039031714,18.99,0.16,144.73531,43.90417,55244.26997,0
093856.54+435415.0,1143039031714,18.52,0.13,144.73521,43.90403,55244.27686,0
093856.54+435415.0,1143039031714,19.55,0.30,144.73487,43.90425,55212.29400,0
093856.54+435415.0,1143039031714,19.04,0.24,144.73489,43.90419,55212.30020,0
093856.54+435415.0,1143039031714,19.19,0.25,144.73532,43.90431,55212.30639,0
093856.54+435415.0,1143039031714,18.80,0.15,144.73526,43.90414,55272.32982,0
093856.54+435415.0,1143039031714,19.15,0.18,144.73525,43.90422,55272.33443,0
093856.54+435415.0,1143039031714,18.72,0.14,144.73542,43.90413,55272.33911,0
093856.54+435415.0,1143039031714,19.06,0.17,144.73526,43.90393,55272.34377,0
093856.54+435415.0,1143039031714,19.01,0.17,144.73539,43.90416,55272.34841,0
093856.54+435415.0,1143039031714,18.88,0.16,144.73543,43.90441,55327.14604,0
093856.54+435415.0,1143039031714,18.77,0.15,144.73539,43.90437,55327.15368,0
093856.54+435415.0,1143039031714,18.51,0.14,144.73531,43.90415,55327.16135,0
093856.54+435415.0,1143039031714,19.25,0.19,144.73513,43.90409,55327.16896,0
093856.54+435415.0,1143039031714,19.46,0.24,144.73524,43.90417,55505.47152,0
093856.54+435415.0,1143039031714,19.04,0.18,144.73528,43.90419,55505.48319,0
093856.54+435415.0,1143039031714,18.86,0.16,144.73526,43.90416,55505.48901,0
093856.54+435415.0,1143039031714,19.09,0.18,144.73508,43.90403,55679.25490,0
093856.54+435415.0,1143039031714,19.14,0.19,144.73526,43.90435,55679.26064,0
093856.54+435415.0,1143039031714,18.75,0.16,144.73517,43.90420,55679.26635,0
093856.54+435415.0,1143039031714,18.91,0.17,144.73520,43.90432,55679.27213,0
093856.54+435415.0,1143039031714,19.19,0.19,144.73561,43.90416,55601.23453,0
093856.54+435415.0,1143039031714,18.98,0.17,144.73544,43.90413,55601.24097,0
093856.54+435415.0,1143039031714,18.85,0.16,144.73504,43.90440,55601.24736,0
093856.54+435415.0,1143039031714,18.89,0.16,144.73526,43.90445,55601.25377,0
093856.54+435415.0,1143039031714,18.90,0.16,144.73560,43.90436,55569.33953,0
093856.54+435415.0,1143039031714,18.88,0.16,144.73540,43.90439,55569.34480,0
093856.54+435415.0,1143039031714,18.76,0.15,144.73539,43.90435,55569.34996,0
093856.54+435415.0,1143039031714,18.94,0.16,144.73536,43.90411,55569.35519,0
093856.54+435415.0,1143039031714,19.22,0.19,144.73537,43.90430,55591.32147,0
093856.54+435415.0,1143039031714,19.11,0.18,144.73543,43.90433,55591.32635,0
093856.54+435415.0,1143039031714,18.71,0.15,144.73534,43.90411,55591.33124,0
093856.54+435415.0,1143039031714,19.22,0.19,144.73520,43.90425,55591.33610,0
093856.54+435415.0,1143039031714,18.63,0.15,144.73547,43.90436,55721.18271,0
093856.54+435415.0,1143039031714,18.48,0.14,144.73503,43.90399,55721.18743,0
093856.54+435415.0,1143039031714,19.29,0.20,144.73543,43.90409,55721.19210,0
093856.54+435415.0,1143039031714,18.92,0.17,144.73510,43.90446,55721.19671,0
093856.54+435415.0,1143039031714,18.70,0.15,144.73526,43.90442,55628.23692,0
093856.54+435415.0,1143039031714,19.36,0.20,144.73569,43.90421,55628.24433,0
093856.54+435415.0,1143039031714,19.14,0.18,144.73544,43.90419,55628.25185,0
093856.54+435415.0,1143039031714,19.14,0.22,144.73540,43.90440,55628.25938,0
093856.54+435415.0,1143039031714,19.41,0.28,144.73446,43.90408,55685.16931,0
093856.54+435415.0,1143039031714,19.49,0.24,144.73504,43.90430,55685.17494,0
093856.54+435415.0,1143039031714,19.05,0.19,144.73535,43.90419,54478.33477,0
093856.54+435415.0,1143039031714,19.14,0.18,144.73512,43.90433,54478.34136,0
093856.54+435415.0,1143039031714,18.89,0.16,144.73534,43.90443,54478.34799,0
093856.54+435415.0,1143039031714,19.17,0.19,144.73513,43.90407,54478.35463,0
093856.54+435415.0,1143039031714,19.26,0.16,144.73541,43.90419,55867.46095,0
093856.54+435415.0,1143039031714,19.13,0.15,144.73546,43.90424,55867.46778,0
093856.54+435415.0,1143039031714,18.67,0.13,144.73536,43.90406,55867.47458,0
093856.54+435415.0,1143039031714,19.19,0.16,144.73573,43.90411,55867.48143,0
093856.54+435415.0,1143039031714,18.99,0.17,144.73543,43.90415,55923.35283,0
093856.54+435415.0,1143039031714,18.61,0.14,144.73533,43.90424,55923.35844,0
093856.54+435415.0,1143039031714,18.75,0.16,144.73550,43.90417,55923.36414,0
093856.54+435415.0,1143039031714,18.86,0.16,144.73548,43.90398,55923.36977,0
093856.54+435415.0,1143039031714,19.20,0.18,144.73565,43.90419,55945.33639,0
093856.54+435415.0,1143039031714,18.78,0.15,144.73588,43.90443,55945.34151,0
093856.54+435415.0,1143039031714,19.22,0.18,144.73556,43.90410,55945.34665,0
093856.54+435415.0,1143039031714,18.97,0.16,144.73562,43.90412,55945.35179,0
093856.54+435415.0,1143039031714,19.09,0.17,144.73544,43.90434,55958.37691,0
093856.54+435415.0,1143039031714,19.03,0.17,144.73537,43.90435,55958.38204,0
093856.54+435415.0,1143039031714,19.08,0.17,144.73536,43.90419,55958.38711,0
093856.54+435415.0,1143039031714,18.89,0.16,144.73531,43.90423,55958.39214,0
093856.54+435415.0,1143039031714,18.74,0.15,144.73523,43.90436,55967.37909,0
093856.54+435415.0,1143039031714,18.89,0.16,144.73516,43.90405,55967.38782,0
093856.54+435415.0,1143039031714,19.28,0.19,144.73558,43.90430,55967.39648,0
093856.54+435415.0,1143039031714,19.21,0.18,144.73499,43.90434,55967.40519,0
093856.54+435415.0,1143039031714,19.13,0.18,144.73516,43.90426,55981.21734,0
093856.54+435415.0,1143039031714,18.44,0.13,144.73539,43.90423,55981.22409,0
093856.54+435415.0,1143039031714,19.28,0.19,144.73502,43.90397,55981.23084,0
093856.54+435415.0,1143039031714,19.12,0.18,144.73541,43.90420,55981.23768,0
093856.54+435415.0,1143039031714,19.17,0.20,144.73541,43.90390,55987.19073,0
093856.54+435415.0,1143039031714,19.83,0.27,144.73541,43.90417,55987.19742,0
093856.54+435415.0,1143039031714,18.72,0.16,144.73577,43.90452,55987.20425,0
093856.54+435415.0,1143039031714,18.64,0.15,144.73499,43.90432,55987.21097,0
093856.54+435415.0,1143039031714,18.67,0.14,144.73595,43.90445,56018.14381,0
093856.54+435415.0,1143039031714,18.95,0.16,144.73566,43.90399,56018.15239,0
093856.54+435415.0,1143039031714,19.25,0.19,144.73517,43.90414,56018.16103,0
093856.54+435415.0,1143039031714,18.68,0.15,144.73499,43.90431,56018.16967,0
093856.54+435415.0,1143039031714,18.99,0.17,144.73525,43.90439,56045.24414,0
093856.54+435415.0,1143039031714,18.90,0.16,144.73511,43.90421,56045.25274,0
093856.54+435415.0,1143039031714,19.24,0.19,144.73444,43.90420,56045.26130,0
093856.54+435415.0,1143039031714,19.15,0.18,144.73545,43.90413,56045.26987,0
093856.54+435415.0,1143039031714,19.07,0.17,144.73571,43.90397,56067.21222,0
093856.54+435415.0,1143039031714,18.78,0.15,144.73524,43.90419,56087.15636,0
093856.54+435415.0,1143039031714,18.95,0.16,144.73524,43.90411,56087.16142,0
093856.54+435415.0,1143039031714,18.98,0.16,144.73534,43.90410,56087.16652,0
093856.54+435415.0,1143039031714,18.82,0.15,144.73551,43.90441,56087.17164,0
093856.54+435415.0,1143039031714,19.09,0.17,144.73508,43.90384,56271.36010,0
093856.54+435415.0,1143039031714,19.01,0.17,144.73529,43.90415,56271.36816,0
093856.54+435415.0,1143039031714,19.25,0.19,144.73542,43.90438,56271.37629,0
093856.54+435415.0,1143039031714,18.88,0.16,144.73545,43.90425,56271.38438,0
093856.54+435415.0,1143039031714,18.90,0.22,144.73559,43.90423,56299.33593,0
093856.54+435415.0,1143039031714,19.39,0.25,144.73539,43.90431,56299.34202,0
093856.54+435415.0,1143039031714,19.09,0.15,144.73544,43.90429,56306.47560,0
093856.54+435415.0,1143039031714,18.59,0.12,144.73539,43.90430,56306.48214,0
093856.54+435415.0,1143039031714,18.94,0.14,144.73528,43.90414,56306.48868,0
093856.54+435415.0,1143039031714,18.87,0.14,144.73505,43.90417,56306.49521,0
093856.54+435415.0,1143039031714,18.75,0.15,144.73514,43.90423,56314.24871,0
093856.54+435415.0,1143039031714,18.66,0.15,144.73541,43.90426,56314.25732,0
093856.54+435415.0,1143039031714,18.89,0.16,144.73510,43.90404,56314.26599,0
093856.54+435415.0,1143039031714,18.81,0.15,144.73478,43.90436,56314.27474,0
093856.54+435415.0,1143039031714,19.87,0.27,144.73546,43.90471,56323.50692,0
093856.54+435415.0,1143039031714,19.25,0.21,144.73504,43.90426,56323.52237,0
093856.54+435415.0,1143039031714,18.98,0.14,144.73538,43.90422,56334.30698,0
093856.54+435415.0,1143039031714,19.15,0.16,144.73507,43.90427,56334.31337,0
093856.54+435415.0,1143039031714,18.90,0.14,144.73531,43.90423,56334.31967,0
093856.54+435415.0,1143039031714,18.91,0.14,144.73541,43.90434,56334.32586,0
093856.54+435415.0,1143039031714,19.06,0.18,144.73555,43.90441,56394.19107,0
093856.54+435415.0,1143039031714,19.59,0.23,144.73538,43.90568,56394.19667,0
093856.54+435415.0,1143039031714,19.35,0.20,144.73535,43.90416,56394.20232,0
093856.54+435415.0,1143039031714,19.15,0.18,144.73503,43.90446,56394.20800,0
093856.54+435415.0,1143039031714,18.88,0.16,144.73577,43.90422,56402.15077,0
093856.54+435415.0,1143039031714,18.98,0.17,144.73550,43.90442,56402.15586,0
093856.54+435415.0,1143039031714,19.13,0.18,144.73571,43.90426,56402.16090,0
093856.54+435415.0,1143039031714,18.97,0.17,144.73493,43.90407,56420.18831,0
093856.54+435415.0,1143039031714,18.98,0.17,144.73563,43.90486,56420.19857,0
093856.54+435415.0,1143039031714,18.79,0.16,144.73531,43.90458,56420.20890,0
093856.54+435415.0,1143039031714,19.47,0.22,144.73547,43.90421,56420.21917,0
093856.54+435415.0,1143039031714,18.71,0.15,144.73488,43.90434,56433.22076,0
093856.54+435415.0,1143039031714,18.88,0.17,144.73496,43.90443,56433.22628,0
093856.54+435415.0,1143039031714,19.43,0.22,144.73539,43.90482,56433.23187,0
093856.54+435415.0,1143039031714,19.06,0.18,144.73576,43.90435,56433.23751,0
093856.54+435415.0,1143039031807,17.03,0.08,144.73639,43.90053,53712.35591,0
093856.54+435415.0,1143039031807,16.79,0.08,144.73643,43.90085,53712.36196,0
093856.54+435415.0,1143039031807,16.95,0.08,144.73640,43.90052,53712.36812,0
093856.54+435415.0,1143039031807,16.95,0.08,144.73641,43.90051,53712.37425,0
093856.54+435415.0,1143039031807,16.99,0.08,144.73647,43.90055,53734.34271,0
093856.54+435415.0,1143039031807,16.92,0.08,144.73654,43.90050,53734.35207,0
093856.54+435415.0,1143039031807,16.90,0.08,144.73645,43.90056,53734.36144,0
093856.54+435415.0,1143039031807,16.95,0.08,144.73637,43.90052,53734.37087,0
093856.54+435415.0,1143039031807,16.90,0.08,144.73653,43.90046,53531.15985,0
093856.54+435415.0,1143039031807,16.96,0.08,144.73645,43.90042,53531.16636,0
093856.54+435415.0,1143039031807,16.95,0.08,144.73632,43.90052,53531.17297,0
093856.54+435415.0,1143039031807,16.88,0.08,144.73635,43.90053,53531.17946,0
093856.54+435415.0,1143039031807,16.92,0.08,144.73645,43.90044,53854.24834,0
093856.54+435415.0,1143039031807,16.84,0.08,144.73640,43.90082,53854.25491,0
093856.54+435415.0,1143039031807,16.84,0.08,144.73652,43.90077,53854.26146,0
093856.54+435415.0,1143039031807,16.82,0.08,144.73642,43.90092,53854.26802,0
093856.54+435415.0,1143039031807,16.93,0.08,144.73647,43.90049,54094.28540,0
093856.54+435415.0,1143039031807,16.95,0.08,144.73645,43.90053,54094.29686,0
093856.54+435415.0,1143039031807,16.75,0.08,144.73640,43.90099,54094.30825,0
093856.54+435415.0,1143039031807,16.94,0.08,144.73648,43.90050,54094.31962,0
093856.54+435415.0,1143039031807,16.99,0.09,144.73641,43.90059,53769.27348,0
093856.54+435415.0,1143039031807,16.98,0.09,144.73654,43.90048,53769.28102,0
093856.54+435415.0,1143039031807,17.02,0.09,144.73647,43.90054,53769.28856,0
093856.54+435415.0,1143039031807,16.99,0.09,144.73654,43.90057,53769.29605,0
093856.54+435415.0,1143039031807,16.86,0.08,144.73640,43.90056,53793.22190,0
093856.54+435415.0,1143039031807,17.03,0.09,144.73637,43.90057,53793.22750,0
093856.54+435415.0,1143039031807,16.90,0.11,144.73649,43.90050,53793.23311,0
093856.54+435415.0,1143039031807,16.77,0.13,144.73632,43.90070,53793.23871,0
093856.54+435415.0,1143039031807,17.03,0.08,144.73638,43.90055,53744.34049,0
093856.54+435415.0,1143039031807,16.95,0.08,144.73645,43.90045,53744.34807,0
093856.54+435415.0,1143039031807,16.97,0.08,144.73647,43.90045,53744.35565,0
093856.54+435415.0,1143039031807,16.98,0.08,144.73637,43.90057,53744.36329,0
093856.54+435415.0,1143039031807,16.96,0.08,144.73648,43.90051,53823.16065,0
093856.54+435415.0,1143039031807,17.02,0.08,144.73643,43.90052,53823.16935,0
093856.54+435415.0,1143039031807,16.95,0.08,144.73645,43.90051,53823.17817,0
093856.54+435415.0,1143039031807,17.00,0.08,144.73646,43.90047,53823.18756,0
093856.54+435415.0,1143039031807,16.78,0.08,144.73645,43.90075,53863.17935,0
093856.54+435415.0,1143039031807,17.02,0.09,144.73635,43.90055,53863.18536,0
093856.54+435415.0,1143039031807,16.97,0.08,144.73639,43.90039,53863.19125,0
093856.54+435415.0,1143039031807,16.99,0.08,144.73644,43.90058,53863.19724,0
093856.54+435415.0,1143039031807,16.95,0.08,144.73643,43.90052,54059.50055,0
093856.54+435415.0,1143039031807,17.04,0.08,144.73642,43.90054,54059.50573,0
093856.54+435415.0,1143039031807,16.99,0.08,144.73640,43.90054,54059.51086,0
093856.54+435415.0,1143039031807,16.91,0.08,144.73645,43.90055,54059.51604,0
093856.54+435415.0,1143039031807,16.95,0.08,144.73647,43.90056,54204.19378,0
093856.54+435415.0,1143039031807,16.95,0.08,144.73652,43.90052,54204.20230,0
093856.54+435415.0,1143039031807,16.99,0.08,144.73641,43.90048,54204.21081,0
093856.54+435415.0,1143039031807,17.00,0.08,144.73651,43.90048,54204.21932,0
093856.54+435415.0,1143039031807,16.95,0.08,144.73648,43.90058,54452.32199,0
093856.54+435415.0,1143039031807,16.98,0.08,144.73647,43.90051,54452.32755,0
093856.54+435415.0,1143039031807,16.97,0.08,144.73651,43.90053,54452.33313,0
093856.54+435415.0,1143039031807,16.97,0.08,144.73655,43.90052,54452.33868,0
093856.54+435415.0,1143039031807,16.96,0.08,144.73647,43.90058,54138.28484,0
093856.54+435415.0,1143039031807,16.97,0.08,144.73652,43.90040,54138.28919,0
093856.54+435415.0,1143039031807,17.01,0.08,144.73645,43.90055,54138.29354,0
093856.54+435415.0,1143039031807,17.02,0.09,144.73650,43.90046,54138.29789,0
093856.54+435415.0,1143039031807,16.96,0.08,144.73649,43.90048,54157.17460,0
093856.54+435415.0,1143039031807,16.93,0.08,144.73642,43.90054,54157.18385,0
093856.54+435415.0,1143039031807,16.82,0.08,144.73650,43.90088,54157.19385,0
093856.54+435415.0,1143039031807,16.98,0.08,144.73641,43.90058,54157.20404,0
093856.54+435415.0,1143039031807,17.04,0.07,144.73646,43.90043,54262.16476,0
093856.54+435415.0,1143039031807,17.00,0.07,144.73650,43.90047,54262.17280,0
093856.54+435415.0,1143039031807,16.98,0.07,144.73651,43.90048,54262.18083,0
093856.54+435415.0,1143039031807,16.90,0.07,144.73633,43.90034,54262.18885,0
093856.54+435415.0,1143039031807,16.96,0.08,144.73646,43.90051,54170.30319,0
093856.54+435415.0,1143039031807,16.93,0.08,144.73643,43.90057,54170.30854,0
093856.54+435415.0,1143039031807,16.88,0.08,144.73641,43.90050,54170.31389,0
093856.54+435415.0,1143039031807,16.88,0.08,144.73649,43.90056,54170.31925,0
093856.54+435415.0,1143039031807,16.96,0.08,144.73651,43.90048,54176.13677,0
093856.54+435415.0,1143039031807,16.89,0.08,144.73646,43.90053,54176.14594,0
093856.54+435415.0,1143039031807,16.99,0.08,144.73643,43.90050,54176.15511,0
093856.54+435415.0,1143039031807,16.95,0.08,144.73641,43.90052,54176.16433,0
093856.54+435415.0,1143039031807,16.94,0.08,144.73655,43.90048,54246.15356,0
093856.54+435415.0,1143039031807,16.86,0.08,144.73655,43.90051,54246.16168,0
093856.54+435415.0,1143039031807,16.97,0.08,144.73654,43.90042,54246.16983,0
093856.54+435415.0,1143039031807,17.08,0.08,144.73651,43.90066,54246.17795,0
093856.54+435415.0,1143039031807,17.01,0.08,144.73648,43.90056,54415.43392,0
093856.54+435415.0,1143039031807,16.94,0.08,144.73651,43.90056,54415.43892,0
093856.54+435415.0,1143039031807,16.92,0.08,144.73638,43.90060,54415.44388,0
093856.54+435415.0,1143039031807,16.93,0.08,144.73645,43.90052,54415.44882,0
093856.54+435415.0,1143039031807,16.98,0.08,144.73655,43.90053,54425.38499,0
093856.54+435415.0,1143039031807,16.98,0.08,144.73656,43.90039,54425.38933,0
093856.54+435415.0,1143039031807,16.95,0.08,144.73652,43.90061,54425.39368,0
093856.54+435415.0,1143039031807,16.99,0.08,144.73637,43.90059,54425.39806,0
093856.54+435415.0,1143039031807,17.00,0.08,144.73642,43.90055,54805.38140,0
093856.54+435415.0,1143039031807,16.97,0.08,144.73643,43.90051,54805.38910,0
093856.54+435415.0,1143039031807,17.02,0.08,144.73638,43.90053,54805.39702,0
093856.54+435415.0,1143039031807,17.03,0.08,144.73644,43.90051,54805.40490,0
093856.54+435415.0,1143039031807,16.89,0.08,144.73641,43.90055,54504.24011,0
093856.54+435415.0,1143039031807,16.93,0.08,144.73646,43.90060,54504.24558,0
093856.54+435415.0,1143039031807,16.88,0.08,144.73635,43.90052,54504.25101,0
093856.54+435415.0,1143039031807,16.96,0.08,144.73638,43.90055,54504.25654,0
093856.54+435415.0,1143039031807,16.91,0.08,144.73643,43.90052,54466.48919,0
093856.54+435415.0,1143039031807,16.96,0.08,144.73650,43.90046,54466.49474,0
093856.54+435415.0,1143039031807,16.92,0.08,144.73641,43.90047,54466.50023,0
093856.54+435415.0,1143039031807,16.99,0.08,144.73652,43.90054,54466.50573,0
093856.54+435415.0,1143039031807,16.71,0.21,144.73635,43.90054,54478.32590,0
093856.54+435415.0,1143039031807,16.81,0.09,144.73649,43.90052,54632.17472,0
093856.54+435415.0,1143039031807,16.98,0.09,144.73660,43.90053,54632.17854,0
093856.54+435415.0,1143039031807,17.00,0.09,144.73624,43.90054,54632.18234,0
093856.54+435415.0,1143039031807,16.94,0.09,144.73636,43.90047,54632.18615,0
093856.54+435415.0,1143039031807,16.96,0.08,144.73648,43.90049,54535.34027,0
093856.54+435415.0,1143039031807,17.00,0.08,144.73646,43.90054,54535.34428,0
093856.54+435415.0,1143039031807,16.96,0.08,144.73650,43.90052,54535.34827,0
093856.54+435415.0,1143039031807,16.98,0.08,144.73645,43.90053,54535.35225,0
093856.54+435415.0,1143039031807,16.99,0.08,144.73644,43.90058,54549.30841,0
093856.54+435415.0,1143039031807,16.97,0.08,144.73631,43.90047,54549.31523,0
093856.54+435415.0,1143039031807,17.05,0.08,144.73641,43.90059,54549.32202,0
093856.54+435415.0,1143039031807,16.97,0.08,144.73639,43.90051,54549.32880,0
093856.54+435415.0,1143039031807,17.00,0.08,144.73641,43.90051,54588.25313,0
093856.54+435415.0,1143039031807,16.93,0.08,144.73642,43.90055,54588.25762,0
093856.54+435415.0,1143039031807,17.01,0.08,144.73638,43.90053,54588.26218,0
093856.54+435415.0,1143039031807,17.04,0.08,144.73646,43.90055,54588.26671,0
093856.54+435415.0,1143039031807,16.94,0.08,144.73640,43.90054,54789.49495,0
093856.54+435415.0,1143039031807,16.96,0.08,144.73642,43.90055,54789.50099,0
093856.54+435415.0,1143039031807,16.97,0.08,144.73643,43.90058,54789.50701,0
093856.54+435415.0,1143039031807,16.99,0.08,144.73648,43.90050,54789.51315,0
093856.54+435415.0,1143039031807,17.01,0.08,144.73662,43.90057,54767.48986,0
093856.54+435415.0,1143039031807,16.96,0.08,144.73654,43.90055,54767.49786,0
093856.54+435415.0,1143039031807,16.99,0.08,144.73651,43.90055,54767.50580,0
093856.54+435415.0,1143039031807,16.99,0.08,144.73647,43.90059,54767.51387,0
093856.54+435415.0,1143039031807,17.00,0.08,144.73635,43.90044,54943.25008,0
093856.54+435415.0,1143039031807,16.96,0.08,144.73637,43.90058,54943.26562,0
093856.54+435415.0,1143039031807,16.96,0.08,144.73644,43.90055,54943.27108,0
093856.54+435415.0,1143039031807,16.96,0.08,144.73639,43.90060,54943.27803,0
093856.54+435415.0,1143039031807,16.87,0.08,144.73635,43.90047,55182.37736,0
093856.54+435415.0,1143039031807,16.92,0.08,144.73638,43.90052,55182.38255,0
093856.54+435415.0,1143039031807,16.99,0.08,144.73636,43.90047,55182.38772,0
093856.54+435415.0,1143039031807,17.00,0.08,144.73640,43.90048,55182.39291,0
093856.54+435415.0,1143039031807,16.94,0.08,144.73640,43.90049,54875.34967,0
093856.54+435415.0,1143039031807,17.00,0.08,144.73632,43.90056,54875.35568,0
093856.54+435415.0,1143039031807,17.00,0.08,144.73650,43.90046,54875.36178,0
093856.54+435415.0,1143039031807,16.97,0.08,144.73642,43.90053,54875.36781,0
093856.54+435415.0,1143039031807,16.92,0.08,144.73638,43.90054,54884.24775,0
093856.54+435415.0,1143039031807,16.94,0.08,144.73638,43.90056,54884.25332,0
093856.54+435415.0,1143039031807,16.94,0.08,144.73639,43.90058,54884.25892,0
093856.54+435415.0,1143039031807,16.94,0.08,144.73648,43.90058,54884.26443,0
093856.54+435415.0,1143039031807,16.96,0.09,144.73638,43.90054,54850.49941,0
093856.54+435415.0,1143039031807,16.87,0.08,144.73637,43.90055,54850.50430,0
093856.54+435415.0,1143039031807,17.02,0.09,144.73638,43.90049,54850.50915,0
093856.54+435415.0,1143039031807,16.95,0.08,144.73633,43.90057,54850.51396,0
093856.54+435415.0,1143039031807,17.03,0.08,144.73639,43.90055,54861.23664,0
093856.54+435415.0,1143039031807,16.92,0.08,144.73644,43.90059,54861.24450,0
093856.54+435415.0,1143039031807,17.00,0.08,144.73649,43.90051,54861.25243,0
093856.54+435415.0,1143039031807,16.97,0.08,144.73641,43.90054,54861.26033,0
093856.54+435415.0,1143039031807,16.98,0.08,144.73633,43.90056,54892.16647,0
093856.54+435415.0,1143039031807,17.01,0.08,144.73635,43.90059,54892.17754,0
093856.54+435415.0,1143039031807,16.92,0.08,144.73639,43.90058,54892.18858,0
093856.54+435415.0,1143039031807,16.94,0.08,144.73637,43.90058,54892.19960,0
093856.54+435415.0,1143039031807,16.92,0.10,144.73643,43.90049,54912.11320,0
093856.54+435415.0,1143039031807,16.93,0.09,144.73634,43.90061,54912.11733,0
093856.54+435415.0,1143039031807,17.08,0.14,144.73646,43.90041,54912.12154,0
093856.54+435415.0,1143039031807,16.92,0.08,144.73634,43.90056,54913.15927,0
093856.54+435415.0,1143039031807,16.91,0.08,144.73640,43.90057,54913.16482,0
093856.54+435415.0,1143039031807,16.84,0.08,144.73625,43.90083,54913.17027,0
093856.54+435415.0,1143039031807,16.96,0.08,144.73640,43.90051,54913.17573,0
093856.54+435415.0,1143039031807,16.97,0.08,144.73648,43.90049,54920.18453,0
093856.54+435415.0,1143039031807,16.87,0.08,144.73648,43.90056,54920.19138,0
093856.54+435415.0,1143039031807,16.93,0.08,144.73646,43.90056,54920.19813,0
093856.54+435415.0,1143039031807,17.01,0.08,144.73640,43.90057,54920.20487,0
093856.54+435415.0,1143039031807,16.99,0.08,144.73638,43.90054,55155.43631,0
093856.54+435415.0,1143039031807,16.97,0.08,144.73642,43.90051,55155.44163,0
093856.54+435415.0,1143039031807,17.03,0.08,144.73634,43.90059,55155.44714,0
093856.54+435415.0,1143039031807,17.03,0.08,144.73633,43.90055,55155.45260,0
093856.54+435415.0,1143039031807,17.03,0.09,144.73639,43.90053,55119.45019,0
093856.54+435415.0,1143039031807,17.00,0.09,144.73647,43.90061,55119.45492,0
093856.54+435415.0,1143039031807,16.98,0.09,144.73646,43.90053,55119.45977,0
093856.54+435415.0,1143039031807,16.99,0.08,144.73641,43.90047,55131.44249,0
093856.54+435415.0,1143039031807,16.98,0.08,144.73647,43.90056,55131.45087,0
093856.54+435415.0,1143039031807,16.91,0.08,144.73635,43.90050,55131.45942,0
093856.54+435415.0,1143039031807,16.91,0.08,144.73647,43.90058,55131.46787,0
093856.54+435415.0,1143039031807,17.00,0.08,144.73643,43.90041,55297.21430,0
093856.54+435415.0,1143039031807,16.94,0.08,144.73638,43.90050,55297.22120,0
093856.54+435415.0,1143039031807,17.01,0.08,144.73632,43.90050,55297.22818,0
093856.54+435415.0,1143039031807,17.02,0.08,144.73635,43.90046,55297.23511,0
093856.54+435415.0,1143039031807,17.01,0.08,144.73642,43.90054,55544.40732,0
093856.54+435415.0,1143039031807,16.99,0.08,144.73634,43.90057,55544.41657,0
093856.54+435415.0,1143039031807,16.98,0.08,144.73643,43.90054,55544.42122,0
093856.54+435415.0,1143039031807,16.91,0.08,144.73633,43.90047,55244.25611,0
093856.54+435415.0,1143039031807,16.95,0.08,144.73633,43.90047,55244.26305,0
093856.54+435415.0,1143039031807,16.95,0.08,144.73638,43.90047,55244.26997,0
093856.54+435415.0,1143039031807,16.97,0.08,144.73636,43.90049,55244.27686,0
093856.54+435415.0,1143039031807,16.99,0.10,144.73650,43.90059,55212.29400,0
093856.54+435415.0,1143039031807,16.81,0.09,144.73638,43.90045,55212.30020,0
093856.54+435415.0,1143039031807,16.94,0.10,144.73639,43.90045,55212.30639,0
093856.54+435415.0,1143039031807,16.89,0.10,144.73643,43.90051,55212.31261,0
093856.54+435415.0,1143039031807,16.90,0.08,144.73645,43.90047,55272.32982,0
093856.54+435415.0,1143039031807,16.94,0.08,144.73642,43.90048,55272.33443,0
093856.54+435415.0,1143039031807,16.91,0.08,144.73633,43.90051,55272.33911,0
093856.54+435415.0,1143039031807,16.89,0.08,144.73639,43.90047,55272.34377,0
093856.54+435415.0,1143039031807,17.00,0.08,144.73645,43.90047,55272.34841,0
093856.54+435415.0,1143039031807,16.90,0.08,144.73639,43.90048,55327.14604,0
093856.54+435415.0,1143039031807,17.05,0.08,144.73640,43.90043,55327.15368,0
093856.54+435415.0,1143039031807,17.07,0.08,144.73641,43.90047,55327.16135,0
093856.54+435415.0,1143039031807,16.99,0.08,144.73641,43.90049,55327.16896,0
093856.54+435415.0,1143039031807,16.83,0.15,144.73631,43.90053,55502.52901,0
093856.54+435415.0,1143039031807,16.54,0.13,144.73660,43.90063,55502.53135,0
093856.54+435415.0,1143039031807,16.97,0.16,144.73644,43.90061,55502.53250,0
093856.54+435415.0,1143039031807,16.87,0.08,144.73644,43.90060,55505.47152,0
093856.54+435415.0,1143039031807,16.98,0.08,144.73636,43.90058,55505.48319,0
093856.54+435415.0,1143039031807,16.88,0.08,144.73645,43.90055,55505.48901,0
093856.54+435415.0,1143039031807,17.03,0.08,144.73639,43.90053,55679.25490,0
093856.54+435415.0,1143039031807,16.98,0.08,144.73643,43.90051,55679.26064,0
093856.54+435415.0,1143039031807,16.95,0.08,144.73639,43.90052,55679.26635,0
093856.54+435415.0,1143039031807,16.95,0.08,144.73648,43.90050,55679.27213,0
093856.54+435415.0,1143039031807,16.96,0.08,144.73641,43.90058,55601.23453,0
093856.54+435415.0,1143039031807,16.98,0.08,144.73644,43.90058,55601.24097,0
093856.54+435415.0,1143039031807,16.94,0.08,144.73649,43.90058,55601.24736,0
093856.54+435415.0,1143039031807,16.95,0.08,144.73641,43.90062,55601.25377,0
093856.54+435415.0,1143039031807,16.95,0.08,144.73643,43.90052,55569.33953,0
093856.54+435415.0,1143039031807,16.93,0.08,144.73640,43.90053,55569.34480,0
093856.54+435415.0,1143039031807,16.91,0.08,144.73632,43.90060,55569.34996,0
093856.54+435415.0,1143039031807,16.95,0.08,144.73638,43.90063,55569.35519,0
093856.54+435415.0,1143039031807,16.93,0.08,144.73641,43.90058,55591.32147,0
093856.54+435415.0,1143039031807,16.95,0.08,144.73641,43.90058,55591.32635,0
093856.54+435415.0,1143039031807,16.91,0.08,144.73641,43.90059,55591.33124,0
093856.54+435415.0,1143039031807,16.92,0.08,144.73640,43.90060,55591.33610,0
093856.54+435415.0,1143039031807,16.89,0.08,144.73653,43.90051,55721.18271,0
093856.54+435415.0,1143039031807,16.97,0.08,144.73644,43.90051,55721.18743,0
093856.54+435415.0,1143039031807,16.97,0.08,144.73646,43.90047,55721.19210,0
093856.54+435415.0,1143039031807,17.03,0.09,144.73642,43.90057,55721.19671,0
093856.54+435415.0,1143039031807,16.88,0.08,144.73640,43.90054,55628.23692,0
093856.54+435415.0,1143039031807,16.99,0.08,144.73642,43.90058,55628.24433,0
093856.54+435415.0,1143039031807,16.91,0.08,144.73645,43.90058,55628.25185,0
093856.54+435415.0,1143039031807,16.92,0.09,144.73650,43.90058,55628.25938,0
093856.54+435415.0,1143039031807,16.91,0.10,144.73643,43.90061,55685.16931,0
093856.54+435415.0,1143039031807,17.03,0.09,144.73633,43.90061,55685.17494,0
093856.54+435415.0,1143039031807,16.93,0.10,144.73627,43.90068,55685.18069,0
093856.54+435415.0,1143039031807,16.91,0.10,144.73639,43.90052,55685.18631,0
093856.54+435415.0,1143039031807,16.96,0.09,144.73638,43.90057,54478.33477,0
093856.54+435415.0,1143039031807,17.00,0.08,144.73631,43.90055,54478.34136,0
093856.54+435415.0,1143039031807,17.04,0.08,144.73636,43.90054,54478.34799,0
093856.54+435415.0,1143039031807,17.00,0.08,144.73639,43.90061,54478.35463,0
093856.54+435415.0,1143039031807,16.95,0.07,144.73641,43.90053,55867.46095,0
093856.54+435415.0,1143039031807,16.99,0.08,144.73639,43.90056,55867.46778,0
093856.54+435415.0,1143039031807,16.99,0.08,144.73646,43.90054,55867.47458,0
093856.54+435415.0,1143039031807,16.98,0.07,144.73641,43.90056,55867.48143,0
093856.54+435415.0,1143039031807,17.04,0.08,144.73646,43.90049,55923.35283,0
093856.54+435415.0,1143039031807,16.96,0.08,144.73655,43.90054,55923.35844,0
093856.54+435415.0,1143039031807,16.93,0.08,144.73650,43.90047,55923.36414,0
093856.54+435415.0,1143039031807,17.04,0.08,144.73644,43.90053,55923.36977,0
093856.54+435415.0,1143039031807,16.97,0.08,144.73649,43.90046,55945.33639,0
093856.54+435415.0,1143039031807,16.97,0.08,144.73649,43.90057,55945.34151,0
093856.54+435415.0,1143039031807,16.89,0.08,144.73653,43.90048,55945.34665,0
093856.54+435415.0,1143039031807,16.90,0.08,144.73647,43.90050,55945.35179,0
093856.54+435415.0,1143039031807,16.92,0.08,144.73641,43.90050,55958.37691,0
093856.54+435415.0,1143039031807,17.02,0.08,144.73644,43.90052,55958.38204,0
093856.54+435415.0,1143039031807,16.97,0.08,144.73651,43.90051,55958.38711,0
093856.54+435415.0,1143039031807,16.94,0.08,144.73644,43.90051,55958.39214,0
093856.54+435415.0,1143039031807,17.00,0.08,144.73643,43.90054,55967.37909,0
093856.54+435415.0,1143039031807,16.91,0.08,144.73650,43.90052,55967.38782,0
093856.54+435415.0,1143039031807,17.01,0.08,144.73638,43.90050,55967.39648,0
093856.54+435415.0,1143039031807,16.91,0.08,144.73641,43.90046,55967.40519,0
093856.54+435415.0,1143039031807,16.86,0.08,144.73646,43.90054,55981.21734,0
093856.54+435415.0,1143039031807,17.03,0.08,144.73644,43.90049,55981.22409,0
093856.54+435415.0,1143039031807,16.92,0.08,144.73648,43.90049,55981.23084,0
093856.54+435415.0,1143039031807,16.99,0.08,144.73641,43.90049,55981.23768,0
093856.54+435415.0,1143039031807,17.07,0.09,144.73639,43.90050,55987.19073,0
093856.54+435415.0,1143039031807,16.85,0.08,144.73647,43.90056,55987.19742,0
093856.54+435415.0,1143039031807,16.91,0.08,144.73647,43.90059,55987.20425,0
093856.54+435415.0,1143039031807,16.99,0.08,144.73633,43.90053,55987.21097,0
093856.54+435415.0,1143039031807,17.04,0.08,144.73649,43.90054,56018.14381,0
093856.54+435415.0,1143039031807,16.96,0.08,144.73642,43.90051,56018.15239,0
093856.54+435415.0,1143039031807,16.80,0.08,144.73645,43.90055,56018.16103,0
093856.54+435415.0,1143039031807,16.86,0.08,144.73649,43.90058,56018.16967,0
093856.54+435415.0,1143039031807,17.06,0.08,144.73649,43.90049,56045.24414,0
093856.54+435415.0,1143039031807,17.01,0.08,144.73639,43.90050,56045.25274,0
093856.54+435415.0,1143039031807,16.90,0.08,144.73643,43.90059,56045.26130,0
093856.54+435415.0,1143039031807,16.88,0.08,144.73635,43.90052,56045.26987,0
093856.54+435415.0,1143039031807,16.85,0.08,144.73645,43.90049,56067.21222,0
093856.54+435415.0,1143039031807,16.69,0.08,144.73630,43.90108,56067.21886,0
093856.54+435415.0,1143039031807,16.82,0.08,144.73632,43.90087,56067.22560,0
093856.54+435415.0,1143039031807,16.73,0.08,144.73644,43.90095,56067.23235,0
093856.54+435415.0,1143039031807,16.99,0.08,144.73646,43.90037,56087.15636,0
093856.54+435415.0,1143039031807,16.99,0.08,144.73654,43.90049,56087.16142,0
093856.54+435415.0,1143039031807,17.00,0.08,144.73638,43.90047,56087.16652,0
093856.54+435415.0,1143039031807,16.89,0.08,144.73649,43.90045,56087.17164,0
093856.54+435415.0,1143039031807,16.91,0.08,144.73645,43.90056,56271.36010,0
093856.54+435415.0,1143039031807,16.90,0.08,144.73643,43.90061,56271.36816,0
093856.54+435415.0,1143039031807,16.94,0.08,144.73642,43.90063,56271.37629,0
093856.54+435415.0,1143039031807,17.05,0.08,144.73635,43.90054,56271.38438,0
093856.54+435415.0,1143039031807,17.04,0.10,144.73637,43.90056,56299.32986,0
093856.54+435415.0,1143039031807,16.97,0.10,144.73639,43.90058,56299.33593,0
093856.54+435415.0,1143039031807,16.88,0.09,144.73648,43.90061,56299.34202,0
093856.54+435415.0,1143039031807,16.80,0.10,144.73638,43.90063,56299.34809,0
093856.54+435415.0,1143039031807,16.94,0.07,144.73637,43.90055,56306.47560,0
093856.54+435415.0,1143039031807,16.97,0.08,144.73641,43.90053,56306.48214,0
093856.54+435415.0,1143039031807,16.98,0.08,144.73638,43.90052,56306.48868,0
093856.54+435415.0,1143039031807,16.94,0.07,144.73643,43.90053,56306.49521,0
093856.54+435415.0,1143039031807,17.04,0.08,144.73634,43.90051,56314.24871,0
093856.54+435415.0,1143039031807,16.97,0.08,144.73639,43.90051,56314.25732,0
093856.54+435415.0,1143039031807,17.05,0.08,144.73638,43.90055,56314.26599,0
093856.54+435415.0,1143039031807,17.00,0.08,144.73647,43.90046,56314.27474,0
093856.54+435415.0,1143039031807,16.91,0.08,144.73628,43.90065,56323.50692,0
093856.54+435415.0,1143039031807,16.89,0.08,144.73642,43.90046,56323.51210,0
093856.54+435415.0,1143039031807,16.78,0.08,144.73639,43.90061,56323.51727,0
093856.54+435415.0,1143039031807,16.98,0.09,144.73647,43.90051,56323.52237,0
093856.54+435415.0,1143039031807,16.96,0.08,144.73639,43.90055,56334.30698,0
093856.54+435415.0,1143039031807,17.04,0.08,144.73640,43.90055,56334.31337,0
093856.54+435415.0,1143039031807,16.83,0.07,144.73638,43.90054,56334.31967,0
093856.54+435415.0,1143039031807,16.95,0.07,144.73646,43.90057,56334.32586,0
093856.54+435415.0,1143039031807,16.93,0.08,144.73640,43.90060,56394.19107,0
093856.54+435415.0,1143039031807,16.88,0.08,144.73631,43.90069,56394.19667,0
093856.54+435415.0,1143039031807,16.83,0.08,144.73633,43.90061,56394.20232,0
093856.54+435415.0,1143039031807,16.93,0.08,144.73638,43.90055,56394.20800,0
093856.54+435415.0,1143039031807,16.98,0.08,144.73634,43.90054,56402.15077,0
093856.54+435415.0,1143039031807,16.87,0.08,144.73653,43.90052,56402.15586,0
093856.54+435415.0,1143039031807,17.00,0.08,144.73646,43.90051,56402.16090,0
093856.54+435415.0,1143039031807,17.01,0.08,144.73638,43.90051,56402.16599,0
093856.54+435415.0,1143039031807,16.88,0.08,144.73639,43.90059,56420.18831,0
093856.54+435415.0,1143039031807,16.91,0.08,144.73643,43.90063,56420.19857,0
093856.54+435415.0,1143039031807,17.02,0.08,144.73635,43.90056,56420.20890,0
093856.54+435415.0,1143039031807,16.92,0.08,144.73634,43.90062,56420.21917,0
093856.54+435415.0,1143039031807,17.00,0.08,144.73633,43.90058,56433.22076,0
093856.54+435415.0,1143039031807,16.99,0.08,144.73643,43.90061,56433.22628,0
093856.54+435415.0,1143039031807,17.01,0.08,144.73651,43.90045,56433.23187,0
093856.54+435415.0,1143039031807,16.97,0.08,144.73633,43.90053,56433.23751,0
172052.29+590153.7,1157052071742,17.81,0.28,260.21830,59.03167,53901.38102,0
172052.29+590153.7,1157052071742,17.76,0.27,260.21791,59.03153,53901.38206,0
172052.29+590153.7,1157052071742,18.17,0.12,260.21772,59.03163,53856.44490,0
172052.29+590153.7,1157052071742,18.12,0.12,260.21797,59.03157,53856.45043,0
172052.29+590153.7,1157052071742,18.05,0.12,260.21789,59.03163,53856.45597,0
172052.29+590153.7,1157052071742,17.91,0.11,260.21767,59.03148,53856.46153,0
172052.29+590153.7,1157052071742,17.94,0.11,260.21770,59.03173,53880.32816,0
172052.29+590153.7,1157052071742,18.07,0.12,260.21793,59.03156,53880.33661,0
172052.29+590153.7,1157052071742,17.53,0.10,260.21794,59.03168,53880.34508,0
172052.29+590153.7,1157052071742,17.97,0.11,260.21789,59.03155,53880.35352,0
172052.29+590153.7,1157052071742,18.18,0.12,260.21779,59.03165,54057.06883,0
172052.29+590153.7,1157052071742,18.13,0.12,260.21776,59.03160,54057.07424,0
172052.29+590153.7,1157052071742,18.16,0.11,260.21776,59.03152,54057.07968,0
172052.29+590153.7,1157052071742,18.05,0.11,260.21762,59.03153,54057.08513,0
172052.29+590153.7,1157052071742,18.02,0.11,260.21786,59.03157,53997.13649,0
172052.29+590153.7,1157052071742,18.13,0.11,260.21742,59.03160,53997.14608,0
172052.29+590153.7,1157052071742,18.01,0.11,260.21748,59.03165,53997.15566,0
172052.29+590153.7,1157052071742,18.07,0.11,260.21798,59.03160,53997.16524,0
172052.29+590153.7,1157052071742,18.01,0.11,260.21801,59.03159,54210.47029,0
172052.29+590153.7,1157052071742,18.05,0.11,260.21771,59.03156,54210.47421,0
172052.29+590153.7,1157052071742,18.07,0.11,260.21757,59.03162,54210.47815,0
172052.29+590153.7,1157052071742,18.17,0.12,260.21775,59.03152,54210.48206,0
172052.29+590153.7,1157052071742,18.19,0.12,260.21789,59.03165,54158.50440,0
172052.29+590153.7,1157052071742,18.20,0.12,260.21788,59.03159,54158.50942,0
172052.29+590153.7,1157052071742,18.15,0.12,260.21768,59.03152,54158.51447,0
172052.29+590153.7,1157052071742,18.17,0.12,260.21782,59.03143,54158.51958,0
172052.29+590153.7,1157052071742,18.17,0.12,260.21760,59.03160,54270.32001,0
172052.29+590153.7,1157052071742,18.14,0.12,260.21822,59.03172,54270.32448,0
172052.29+590153.7,1157052071742,17.69,0.10,260.21799,59.03163,54270.32897,0
172052.29+590153.7,1157052071742,18.04,0.12,260.21798,59.03169,54270.33345,0
172052.29+590153.7,1157052071742,18.22,0.12,260.21764,59.03156,54277.30552,0
172052.29+590153.7,1157052071742,18.12,0.12,260.21815,59.03143,54277.31000,0
172052.29+590153.7,1157052071742,18.14,0.12,260.21804,59.03146,54277.31452,0
172052.29+590153.7,1157052071742,18.12,0.12,260.21780,59.03144,54277.31904,0
172052.29+590153.7,1157052071742,18.13,0.19,260.21737,59.03195,54186.44949,0
172052.29+590153.7,1157052071742,18.28,0.19,260.21798,59.03172,54186.45119,0
172052.29+590153.7,1157052071742,17.93,0.15,260.21797,59.03161,54186.45292,0
172052.29+590153.7,1157052071742,18.17,0.16,260.21801,59.03153,54186.45466,0
172052.29+590153.7,1157052071742,18.08,0.12,260.21777,59.03165,54239.36711,0
172052.29+590153.7,1157052071742,18.23,0.13,260.21755,59.03158,54239.37690,0
172052.29+590153.7,1157052071742,18.13,0.12,260.21797,59.03150,54239.38658,0
172052.29+590153.7,1157052071742,18.12,0.12,260.21807,59.03161,54239.39622,0
172052.29+590153.7,1157052071742,18.04,0.11,260.21783,59.03164,54630.33467,0
172052.29+590153.7,1157052071742,18.14,0.12,260.21761,59.03147,54630.34016,0
172052.29+590153.7,1157052071742,18.25,0.12,260.21762,59.03162,54630.34557,0
172052.29+590153.7,1157052071742,18.21,0.12,260.21793,59.03162,54630.35096,0
172052.29+590153.7,1157052071742,18.34,0.13,260.21777,59.03184,54767.07871,0
172052.29+590153.7,1157052071742,17.87,0.11,260.21793,59.03144,54767.08316,0
172052.29+590153.7,1157052071742,18.24,0.13,260.21776,59.03171,54767.08761,0
172052.29+590153.7,1157052071742,18.13,0.12,260.21758,59.03173,54767.09199,0
172052.29+590153.7,1157052071742,18.01,0.11,260.21769,59.03164,54716.20559,0
172052.29+590153.7,1157052071742,18.19,0.12,260.21761,59.03171,54716.21115,0
172052.29+590153.7,1157052071742,18.06,0.11,260.21759,59.03154,54716.21670,0
172052.29+590153.7,1157052071742,18.10,0.11,260.21751,59.03149,54716.22237,0
172052.29+590153.7,1157052071742,18.20,0.13,260.21745,59.03168,54948.39154,0
172052.29+590153.7,1157052071742,18.30,0.14,260.21777,59.03168,54948.39644,0
172052.29+590153.7,1157052071742,18.23,0.13,260.21815,59.03165,54948.40135,0
172052.29+590153.7,1157052071742,18.25,0.13,260.21724,59.03177,54948.40626,0
172052.29+590153.7,1157052071742,18.16,0.12,260.21782,59.03169,54866.50076,0
172052.29+590153.7,1157052071742,18.09,0.11,260.21774,59.03158,54866.50696,0
172052.29+590153.7,1157052071742,17.99,0.11,260.21771,59.03166,54866.51309,0
172052.29+590153.7,1157052071742,18.19,0.12,260.21773,59.03175,54866.51925,0
172052.29+590153.7,1157052071742,18.03,0.12,260.21743,59.03175,55006.36639,0
172052.29+590153.7,1157052071742,18.09,0.12,260.21756,59.03184,55006.37125,0
172052.29+590153.7,1157052071742,18.12,0.12,260.21749,59.03167,55006.37609,0
172052.29+590153.7,1157052071742,18.25,0.12,260.21758,59.03185,55006.38076,0
172052.29+590153.7,1157052071742,18.39,0.14,260.21795,59.03189,54913.46908,0
172052.29+590153.7,1157052071742,18.05,0.11,260.21766,59.03179,54913.47459,0
172052.29+590153.7,1157052071742,18.08,0.11,260.21738,59.03180,54913.47997,0
172052.29+590153.7,1157052071742,18.10,0.11,260.21760,59.03173,54913.48548,0
172052.29+590153.7,1157052071742,18.04,0.12,260.21763,59.03156,54969.33161,0
172052.29+590153.7,1157052071742,18.18,0.12,260.21719,59.03174,54969.33833,0
172052.29+590153.7,1157052071742,18.18,0.13,260.21789,59.03175,54969.34509,0
172052.29+590153.7,1157052071742,18.06,0.12,260.21765,59.03172,54969.35188,0
172052.29+590153.7,1157052071742,18.06,0.14,260.21822,59.03191,55129.08928,0
172052.29+590153.7,1157052071742,18.20,0.14,260.21762,59.03162,55129.09330,0
172052.29+590153.7,1157052071742,18.11,0.14,260.21810,59.03170,55129.09729,0
172052.29+590153.7,1157052071742,18.01,0.13,260.21730,59.03157,55129.10129,0
172052.29+590153.7,1157052071742,18.15,0.12,260.21757,59.03159,55101.14312,0
172052.29+590153.7,1157052071742,18.15,0.12,260.21777,59.03166,55101.14680,0
172052.29+590153.7,1157052071742,18.17,0.12,260.21757,59.03180,55101.15051,0
172052.29+590153.7,1157052071742,17.99,0.11,260.21770,59.03179,55101.15425,0
172052.29+590153.7,1157052071742,18.16,0.12,260.21774,59.03176,55297.44142,0
172052.29+590153.7,1157052071742,18.15,0.12,260.21751,59.03167,55297.44664,0
172052.29+590153.7,1157052071742,18.05,0.11,260.21783,59.03164,55297.45193,0
172052.29+590153.7,1157052071742,18.08,0.11,260.21734,59.03159,55297.45716,0
172052.29+590153.7,1157052071742,18.32,0.13,260.21754,59.03164,55357.38104,0
172052.29+590153.7,1157052071742,17.95,0.11,260.21727,59.03172,55357.38512,0
172052.29+590153.7,1157052071742,18.04,0.11,260.21764,59.03175,55357.38922,0
172052.29+590153.7,1157052071742,18.05,0.11,260.21762,59.03152,55357.39328,0
172052.29+590153.7,1157052071742,18.12,0.12,260.21774,59.03160,55366.30283,0
172052.29+590153.7,1157052071742,18.05,0.11,260.21795,59.03171,55366.30918,0
172052.29+590153.7,1157052071742,17.86,0.11,260.21743,59.03162,55366.31550,0
172052.29+590153.7,1157052071742,18.19,0.12,260.21768,59.03167,55366.32186,0
172052.29+590153.7,1157052071742,18.05,0.12,260.21763,59.03160,55331.34628,0
172052.29+590153.7,1157052071742,18.01,0.11,260.21765,59.03172,55331.34916,0
172052.29+590153.7,1157052071742,18.04,0.11,260.21736,59.03165,55331.35206,0
172052.29+590153.7,1157052071742,18.02,0.11,260.21773,59.03166,55337.37075,0
172052.29+590153.7,1157052071742,18.01,0.11,260.21704,59.03175,55337.37595,0
172052.29+590153.7,1157052071742,18.12,0.12,260.21747,59.03154,55337.38121,0
172052.29+590153.7,1157052071742,18.07,0.11,260.21763,59.03167,55337.38644,0
172052.29+590153.7,1157052071742,18.07,0.12,260.21763,59.03164,55514.08301,0
172052.29+590153.7,1157052071742,18.06,0.12,260.21746,59.03182,55514.09093,0
172052.29+590153.7,1157052071742,18.04,0.12,260.21782,59.03164,55514.09489,0
172052.29+590153.7,1157052071742,17.72,0.10,260.21719,59.03159,55476.08923,0
172052.29+590153.7,1157052071742,18.00,0.11,260.21759,59.03183,55476.09725,0
172052.29+590153.7,1157052071742,17.98,0.11,260.21752,59.03165,55476.10119,0
172052.29+590153.7,1157052071742,18.13,0.14,260.21772,59.03158,55653.47761,0
172052.29+590153.7,1157052071742,18.05,0.14,260.21742,59.03155,55653.48088,0
172052.29+590153.7,1157052071742,18.10,0.14,260.21743,59.03154,55653.48416,0
172052.29+590153.7,1157052071742,18.25,0.15,260.21770,59.03160,55653.48744,0
172052.29+590153.7,1157052071742,18.04,0.12,260.21769,59.03146,55683.41874,0
172052.29+590153.7,1157052071742,18.04,0.12,260.21766,59.03178,55683.42346,0
172052.29+590153.7,1157052071742,18.22,0.12,260.21772,59.03164,55683.42814,0
172052.29+590153.7,1157052071742,18.28,0.13,260.21761,59.03169,55683.43286,0
172052.29+590153.7,1157052071742,18.18,0.14,260.21742,59.03151,55862.07075,0
172052.29+590153.7,1157052071742,17.95,0.13,260.21791,59.03164,55862.07448,0
172052.29+590153.7,1157052071742,17.97,0.13,260.21754,59.03180,55862.07824,0
172052.29+590153.7,1157052071742,17.91,0.13,260.21753,59.03159,55862.08197,0
172052.29+590153.7,1157052071742,17.98,0.11,260.21788,59.03131,56045.37787,0
172052.29+590153.7,1157052071742,18.19,0.12,260.21752,59.03169,56045.38419,0
172052.29+590153.7,1157052071742,18.01,0.11,260.21767,59.03157,56045.39055,0
172052.29+590153.7,1157052071742,18.14,0.12,260.21754,59.03159,56045.39680,0
172052.29+590153.7,1157052071742,18.20,0.13,260.21755,59.03156,56077.23430,0
172052.29+590153.7,1157052071742,17.97,0.12,260.21757,59.03144,56077.24112,0
172052.29+590153.7,1157052071742,18.13,0.13,260.21770,59.03160,56077.24792,0
172052.29+590153.7,1157052071742,17.85,0.11,260.21800,59.03160,56077.25463,0
172052.29+590153.7,1157052071742,18.00,0.11,260.21763,59.03168,56090.42873,0
172052.29+590153.7,1157052071742,18.01,0.11,260.21751,59.03152,56090.43435,0
172052.29+590153.7,1157052071742,18.11,0.12,260.21776,59.03171,56090.44000,0
172052.29+590153.7,1157052071742,18.15,0.12,260.21788,59.03159,56090.44567,0
172052.29+590153.7,1157052071742,17.99,0.12,260.21741,59.03183,56225.10323,0
172052.29+590153.7,1157052071742,18.01,0.13,260.21754,59.03153,56225.10774,0
172052.29+590153.7,1157052071742,18.02,0.13,260.21833,59.03181,56225.11225,0
172052.29+590153.7,1157052071742,18.13,0.13,260.21734,59.03151,56225.11674,0
172052.29+590153.7,1157052071742,18.02,0.12,260.21765,59.03168,56234.07824,0
172052.29+590153.7,1157052071742,17.98,0.12,260.21744,59.03172,56234.08330,0
172052.29+590153.7,1157052071742,17.67,0.15,260.21765,59.03182,56234.08838,0
172052.29+590153.7,1157052071742,18.16,0.13,260.21780,59.03171,56234.09344,0
172052.29+590153.7,1157052071742,18.03,0.12,260.21776,59.03157,56383.45829,0
172052.29+590153.7,1157052071742,18.03,0.12,260.21753,59.03156,56383.46349,0
172052.29+590153.7,1157052071742,18.12,0.12,260.21784,59.03142,56383.46856,0
172052.29+590153.7,1157052071742,18.20,0.12,260.21740,59.03163,56383.47370,0
172052.29+590153.7,1157052071742,18.21,0.13,260.21760,59.03189,56427.41942,0
172052.29+590153.7,1157052071742,18.09,0.12,260.21748,59.03181,56427.42453,0
172052.29+590153.7,1157052071742,18.06,0.12,260.21742,59.03150,56427.42964,0
172052.29+590153.7,1157052071742,18.01,0.12,260.21739,59.03181,56427.43476,0
172052.29+590153.7,1157052071742,17.91,0.11,260.21790,59.03163,56449.40425,0
172052.29+590153.7,1157052071742,17.97,0.12,260.21767,59.03171,56449.40998,0
172052.29+590153.7,1157052071742,18.19,0.13,260.21785,59.03173,56449.41573,0
172052.29+590153.7,1157052071742,18.06,0.12,260.21779,59.03158,56449.42147,0
172052.29+590153.7,1157052071742,18.05,0.12,260.21774,59.03168,56460.35362,0
172052.29+590153.7,1157052071742,18.21,0.13,260.21766,59.03163,56460.36050,0
172052.29+590153.7,1157052071742,18.24,0.13,260.21784,59.03169,56460.36733,0
172052.29+590153.7,1157052071742,18.04,0.12,260.21789,59.03152,56460.37423,0
172052.29+590153.7,1157052071742,18.06,0.12,260.21809,59.03160,56547.11414,0
172052.29+590153.7,1157052071742,17.93,0.12,260.21767,59.03148,56547.12035,0
172052.29+590153.7,1157052071742,18.19,0.13,260.21765,59.03162,56547.12652,0
172052.29+590153.7,1157052071742,17.88,0.11,260.21759,59.03150,56547.13272,0
172052.29+590153.7,1157052071742,18.05,0.11,260.21813,59.03169,56561.15641,0
172052.29+590153.7,1157052071742,18.22,0.12,260.21793,59.03133,56561.16200,0
172052.29+590153.7,1157052071742,18.18,0.12,260.21808,59.03160,56561.16768,0
172052.29+590153.7,1157052071742,18.16,0.12,260.21780,59.03152,56561.17334,0
172052.29+590153.7,1157052071742,18.09,0.13,260.21758,59.03159,56573.16001,0
172052.29+590153.7,1157052071742,18.05,0.12,260.21815,59.03171,56573.16737,0
172052.29+590153.7,1157052071742,18.16,0.12,260.21761,59.03151,56573.17477,0
172052.29+590153.7,1157052071742,18.23,0.12,260.21793,59.03172,56573.18218,0
205601.38-062049.7,1007111079340,19.11,0.19,314.00572,-6.34745,53705.06734,0
205601.38-062049.7,1007111079340,19.19,0.19,314.00567,-6.34689,53705.07166,0
205601.38-062049.7,1007111079340,19.72,0.25,314.00567,-6.34701,53705.07599,0
205601.38-062049.7,1007111079340,19.23,0.20,314.00585,-6.34721,53705.08035,0
205601.38-062049.7,1007111079340,19.67,0.31,314.00579,-6.34679,53712.06160,0
205601.38-062049.7,1007111079340,19.79,0.27,314.00559,-6.34701,53553.32474,0
205601.38-062049.7,1007111079340,19.17,0.20,314.00559,-6.34726,53553.33181,0
205601.38-062049.7,1007111079340,19.08,0.19,314.00581,-6.34709,53553.33890,0
205601.38-062049.7,1007111079340,19.03,0.18,314.00570,-6.34717,53553.34596,0
205601.38-062049.7,1007111079340,18.99,0.18,314.00589,-6.34721,53563.35401,0
205601.38-062049.7,1007111079340,19.47,0.23,314.00580,-6.34708,53563.36058,0
205601.38-062049.7,1007111079340,19.14,0.20,314.00579,-6.34746,53563.36714,0
205601.38-062049.7,1007111079340,18.97,0.18,314.00572,-6.34739,53563.37364,0
205601.38-062049.7,1007111079340,19.03,0.18,314.00565,-6.34724,53525.39780,0
205601.38-062049.7,1007111079340,18.80,0.16,314.00589,-6.34745,53525.40667,0
205601.38-062049.7,1007111079340,18.75,0.16,314.00545,-6.34728,53525.41548,0
205601.38-062049.7,1007111079340,18.54,0.15,314.00553,-6.34755,53525.42433,0
205601.38-062049.7,1007111079340,19.19,0.19,314.00553,-6.34729,53696.05412,0
205601.38-062049.7,1007111079340,19.61,0.24,314.00574,-6.34698,53696.05895,0
205601.38-062049.7,1007111079340,18.98,0.17,314.00571,-6.34736,53696.06378,0
205601.38-062049.7,1007111079340,19.23,0.20,314.00516,-6.34733,53696.06861,0
205601.38-062049.7,1007111079340,18.82,0.17,314.00570,-6.34698,53646.17119,0
205601.38-062049.7,1007111079340,19.09,0.19,314.00559,-6.34700,53646.17873,0
205601.38-062049.7,1007111079340,18.68,0.16,314.00576,-6.34715,53646.18630,0
205601.38-062049.7,1007111079340,19.23,0.21,314.00589,-6.34746,53646.19383,0
205601.38-062049.7,1007111079340,19.14,0.20,314.00576,-6.34747,53637.15856,0
205601.38-062049.7,1007111079340,18.48,0.15,314.00566,-6.34744,53850.46197,0
205601.38-062049.7,1007111079340,19.02,0.18,314.00555,-6.34760,53850.46579,0
205601.38-062049.7,1007111079340,19.28,0.21,314.00584,-6.34745,53850.46963,0
205601.38-062049.7,1007111079340,19.03,0.19,314.00580,-6.34746,53850.47343,0
205601.38-062049.7,1007111079340,19.15,0.18,314.00565,-6.34739,53976.19709,0
205601.38-062049.7,1007111079340,19.13,0.18,314.00559,-6.34708,53976.20191,0
205601.38-062049.7,1007111079340,18.52,0.13,314.00548,-6.34740,53976.20674,0
205601.38-062049.7,1007111079340,19.42,0.20,314.00573,-6.34715,53976.21158,0
205601.38-062049.7,1007111079340,19.71,0.29,314.00593,-6.34715,53917.32072,0
205601.38-062049.7,1007111079340,18.87,0.19,314.00557,-6.34747,53917.32716,0
205601.38-062049.7,1007111079340,19.16,0.22,314.00553,-6.34723,53917.33996,0
205601.38-062049.7,1007111079340,19.03,0.19,314.00564,-6.34706,53937.30356,0
205601.38-062049.7,1007111079340,18.71,0.17,314.00583,-6.34722,53937.31055,0
205601.38-062049.7,1007111079340,19.28,0.22,314.00567,-6.34696,53937.31753,0
205601.38-062049.7,1007111079340,19.16,0.20,314.00585,-6.34758,53937.32453,0
205601.38-062049.7,1007111079340,18.97,0.19,314.00588,-6.34714,53887.34861,0
205601.38-062049.7,1007111079340,18.70,0.17,314.00580,-6.34741,53887.35777,0
205601.38-062049.7,1007111079340,19.62,0.26,314.00580,-6.34705,53887.36635,0
205601.38-062049.7,1007111079340,19.46,0.24,314.00610,-6.34720,53887.37498,0
205601.38-062049.7,1007111079340,19.06,0.19,314.00584,-6.34739,53906.36321,0
205601.38-062049.7,1007111079340,18.85,0.18,314.00587,-6.34675,53906.37009,0
205601.38-062049.7,1007111079340,19.85,0.29,314.00586,-6.34696,53906.37698,0
205601.38-062049.7,1007111079340,19.12,0.20,314.00554,-6.34701,53906.38385,0
205601.38-062049.7,1007111079340,19.38,0.22,314.00565,-6.34713,53880.40567,0
205601.38-062049.7,1007111079340,18.33,0.14,314.00562,-6.34749,53880.41378,0
205601.38-062049.7,1007111079340,18.69,0.16,314.00563,-6.34711,53880.42194,0
205601.38-062049.7,1007111079340,14.37,0.15,314.00689,-6.34889,54042.09017,0
205601.38-062049.7,1007111079340,19.50,0.21,314.00531,-6.34689,54059.06047,0
205601.38-062049.7,1007111079340,18.88,0.16,314.00536,-6.34726,54060.05783,0
205601.38-062049.7,1007111079340,19.18,0.18,314.00558,-6.34734,54060.06377,0
205601.38-062049.7,1007111079340,19.00,0.17,314.00572,-6.34720,54060.06967,0
205601.38-062049.7,1007111079340,19.99,0.27,314.00568,-6.34704,54060.07563,0
205601.38-062049.7,1007111079340,19.44,0.21,314.00596,-6.34729,54010.12521,0
205601.38-062049.7,1007111079340,19.03,0.17,314.00566,-6.34743,54028.12553,0
205601.38-062049.7,1007111079340,18.61,0.14,314.00565,-6.34701,54028.13418,0
205601.38-062049.7,1007111079340,19.23,0.18,314.00557,-6.34772,54028.14287,0
205601.38-062049.7,1007111079340,18.72,0.15,314.00576,-6.34719,54028.15154,0
205601.38-062049.7,1007111079340,18.95,0.16,314.00576,-6.34717,54029.10344,0
205601.38-062049.7,1007111079340,18.77,0.15,314.00561,-6.34705,54029.11325,0
205601.38-062049.7,1007111079340,19.23,0.18,314.00575,-6.34693,54029.12301,0
205601.38-062049.7,1007111079340,19.46,0.21,314.00579,-6.34713,54029.13277,0
205601.38-062049.7,1007111079340,19.55,0.22,314.00559,-6.34707,53992.16024,0
205601.38-062049.7,1007111079340,19.06,0.17,314.00561,-6.34737,53992.16667,0
205601.38-062049.7,1007111079340,19.89,0.26,314.00570,-6.34718,53992.17306,0
205601.38-062049.7,1007111079340,19.25,0.19,314.00552,-6.34731,53992.17949,0
205601.38-062049.7,1007111079340,19.03,0.17,314.00576,-6.34700,54004.13890,0
205601.38-062049.7,1007111079340,18.83,0.16,314.00542,-6.34783,54004.14700,0
205601.38-062049.7,1007111079340,19.03,0.17,314.00575,-6.34722,54004.15512,0
205601.38-062049.7,1007111079340,19.12,0.18,314.00563,-6.34700,54004.16325,0
205601.38-062049.7,1007111079340,19.20,0.20,314.00560,-6.34691,54212.45832,0
205601.38-062049.7,1007111079340,19.17,0.19,314.00558,-6.34724,54212.46507,0
205601.38-062049.7,1007111079340,19.46,0.22,314.00581,-6.34767,54212.47170,0
205601.38-062049.7,1007111079340,19.18,0.19,314.00591,-6.34701,54212.47844,0
205601.38-062049.7,1007111079340,19.38,0.25,314.00564,-6.34727,54438.06090,0
205601.38-062049.7,1007111079340,20.00,0.35,314.00573,-6.34811,54438.06600,0
205601.38-062049.7,1007111079340,19.24,0.21,314.00559,-6.34725,54265.34811,0
205601.38-062049.7,1007111079340,19.51,0.24,314.00534,-6.34737,54265.35732,0
205601.38-062049.7,1007111079340,19.55,0.24,314.00582,-6.34729,54265.36651,0
205601.38-062049.7,1007111079340,19.09,0.19,314.00582,-6.34691,54265.37571,0
205601.38-062049.7,1007111079340,19.15,0.19,314.00557,-6.34720,54277.36698,0
205601.38-062049.7,1007111079340,19.20,0.20,314.00586,-6.34715,54277.37295,0
205601.38-062049.7,1007111079340,19.48,0.23,314.00596,-6.34712,54277.37893,0
205601.38-062049.7,1007111079340,19.22,0.20,314.00561,-6.34746,54277.38490,0
205601.38-062049.7,1007111079340,19.26,0.23,314.00588,-6.34741,54227.43649,0
205601.38-062049.7,1007111079340,18.97,0.18,314.00574,-6.34738,54233.43618,0
205601.38-062049.7,1007111079340,19.31,0.21,314.00593,-6.34710,54233.44104,0
205601.38-062049.7,1007111079340,19.37,0.22,314.00579,-6.34709,54233.44591,0
205601.38-062049.7,1007111079340,19.57,0.24,314.00555,-6.34696,54240.41135,0
205601.38-062049.7,1007111079340,18.87,0.17,314.00561,-6.34738,54240.42008,0
205601.38-062049.7,1007111079340,18.54,0.15,314.00538,-6.34817,54240.42884,0
205601.38-062049.7,1007111079340,18.74,0.16,314.00560,-6.34739,54240.43752,0
205601.38-062049.7,1007111079340,19.64,0.26,314.00569,-6.34718,54247.40506,0
205601.38-062049.7,1007111079340,18.46,0.15,314.00555,-6.34748,54247.41340,0
205601.38-062049.7,1007111079340,19.11,0.20,314.00572,-6.34703,54247.43004,0
205601.38-062049.7,1007111079340,18.73,0.15,314.00598,-6.34724,54419.09767,0
205601.38-062049.7,1007111079340,18.82,0.16,314.00591,-6.34752,54419.10408,0
205601.38-062049.7,1007111079340,19.01,0.17,314.00540,-6.34724,54419.11054,0
205601.38-062049.7,1007111079340,19.04,0.17,314.00593,-6.34711,54419.11698,0
205601.38-062049.7,1007111079340,19.16,0.18,314.00565,-6.34730,54377.12811,0
205601.38-062049.7,1007111079340,19.37,0.20,314.00579,-6.34737,54377.13300,0
205601.38-062049.7,1007111079340,18.73,0.15,314.00598,-6.34682,54377.13788,0
205601.38-062049.7,1007111079340,19.56,0.22,314.00597,-6.34688,54377.14277,0
205601.38-062049.7,1007111079340,19.52,0.22,314.00586,-6.34697,54385.12810,0
205601.38-062049.7,1007111079340,19.11,0.18,314.00581,-6.34708,54385.13569,0
205601.38-062049.7,1007111079340,19.51,0.21,314.00562,-6.34698,54385.14346,0
205601.38-062049.7,1007111079340,18.98,0.17,314.00597,-6.34730,54385.15111,0
205601.38-062049.7,1007111079340,19.57,0.24,314.00589,-6.34672,54347.32590,0
205601.38-062049.7,1007111079340,19.40,0.21,314.00577,-6.34705,54353.18082,0
205601.38-062049.7,1007111079340,19.30,0.20,314.00615,-6.34679,54353.18792,0
205601.38-062049.7,1007111079340,19.27,0.20,314.00591,-6.34709,54353.19503,0
205601.38-062049.7,1007111079340,19.43,0.21,314.00587,-6.34705,54353.20213,0
205601.38-062049.7,1007111079340,18.91,0.15,314.00584,-6.34706,54624.35251,0
205601.38-062049.7,1007111079340,19.10,0.16,314.00568,-6.34712,54624.35915,0
205601.38-062049.7,1007111079340,19.08,0.16,314.00586,-6.34703,54624.36578,0
205601.38-062049.7,1007111079340,19.24,0.17,314.00597,-6.34739,54624.37241,0
205601.38-062049.7,1007111079340,19.12,0.19,314.00585,-6.34722,54632.38301,0
205601.38-062049.7,1007111079340,19.78,0.26,314.00583,-6.34697,54632.38847,0
205601.38-062049.7,1007111079340,19.24,0.20,314.00543,-6.34727,54632.39388,0
205601.38-062049.7,1007111079340,18.97,0.17,314.00578,-6.34733,54632.39932,0
205601.38-062049.7,1007111079340,19.37,0.21,314.00571,-6.34742,54589.44562,0
205601.38-062049.7,1007111079340,19.13,0.18,314.00553,-6.34697,54589.45002,0
205601.38-062049.7,1007111079340,19.79,0.26,314.00567,-6.34732,54589.45444,0
205601.38-062049.7,1007111079340,18.96,0.17,314.00579,-6.34724,54589.45881,0
205601.38-062049.7,1007111079340,18.71,0.16,314.00587,-6.34767,54601.42675,0
205601.38-062049.7,1007111079340,18.83,0.16,314.00580,-6.34731,54601.43227,0
205601.38-062049.7,1007111079340,19.07,0.18,314.00606,-6.34721,54601.43780,0
205601.38-062049.7,1007111079340,18.91,0.17,314.00581,-6.34733,54601.44336,0
205601.38-062049.7,1007111079340,18.57,0.17,314.00581,-6.34721,54790.06837,0
205601.38-062049.7,1007111079340,18.51,0.16,314.00553,-6.34760,54790.07464,0
205601.38-062049.7,1007111079340,19.76,0.31,314.00562,-6.34723,54790.08084,0
205601.38-062049.7,1007111079340,19.32,0.21,314.00624,-6.34699,54740.19858,0
205601.38-062049.7,1007111079340,18.79,0.16,314.00638,-6.34650,54740.20710,0
205601.38-062049.7,1007111079340,19.81,0.25,314.00581,-6.34694,54765.13197,0
205601.38-062049.7,1007111079340,19.42,0.21,314.00594,-6.34704,54765.14102,0
205601.38-062049.7,1007111079340,19.60,0.22,314.00585,-6.34698,54765.14906,0
205601.38-062049.7,1007111079340,19.43,0.21,314.00606,-6.34685,54716.23267,0
205601.38-062049.7,1007111079340,19.71,0.28,314.00652,-6.34700,54716.23968,0
205601.38-062049.7,1007111079340,19.32,0.19,314.00582,-6.34688,54716.24816,0
205601.38-062049.7,1007111079340,18.91,0.16,314.00594,-6.34721,54716.25520,0
205601.38-062049.7,1007111079340,19.57,0.22,314.00620,-6.34673,54729.14230,0
205601.38-062049.7,1007111079340,19.41,0.21,314.00578,-6.34741,54729.14879,0
205601.38-062049.7,1007111079340,19.32,0.20,314.00587,-6.34725,54729.15529,0
205601.38-062049.7,1007111079340,20.10,0.29,314.00617,-6.34709,54729.16179,0
205601.38-062049.7,1007111079340,19.14,0.19,314.00591,-6.34712,54948.46518,0
205601.38-062049.7,1007111079340,20.24,0.34,314.00592,-6.34685,54948.47615,0
205601.38-062049.7,1007111079340,19.00,0.18,314.00564,-6.34681,54948.48165,0
205601.38-062049.7,1007111079340,19.46,0.19,314.00572,-6.34725,55058.26052,0
205601.38-062049.7,1007111079340,18.88,0.15,314.00542,-6.34793,55058.26778,0
205601.38-062049.7,1007111079340,19.29,0.18,314.00529,-6.34720,55058.27503,0
205601.38-062049.7,1007111079340,18.69,0.14,314.00569,-6.34773,55058.28220,0
205601.38-062049.7,1007111079340,18.95,0.22,314.00579,-6.34736,55072.16652,0
205601.38-062049.7,1007111079340,19.17,0.24,314.00559,-6.34699,55072.17242,0
205601.38-062049.7,1007111079340,19.36,0.27,314.00552,-6.34691,55072.17824,0
205601.38-062049.7,1007111079340,19.06,0.18,314.00580,-6.34729,55041.23059,0
205601.38-062049.7,1007111079340,19.22,0.20,314.00561,-6.34700,55041.23608,0
205601.38-062049.7,1007111079340,18.87,0.17,314.00553,-6.34793,55041.24688,0
205601.38-062049.7,1007111079340,19.25,0.19,314.00619,-6.34736,54997.38732,0
205601.38-062049.7,1007111079340,19.02,0.17,314.00556,-6.34715,54997.39222,0
205601.38-062049.7,1007111079340,19.28,0.20,314.00559,-6.34743,54997.39713,0
205601.38-062049.7,1007111079340,18.79,0.22,314.00525,-6.34711,54999.42274,0
205601.38-062049.7,1007111079340,20.23,0.50,314.00616,-6.34696,54999.42661,0
205601.38-062049.7,1007111079340,19.17,0.27,314.00542,-6.34742,54999.43043,0
205601.38-062049.7,1007111079340,19.44,0.33,314.00592,-6.34708,54999.43408,0
205601.38-062049.7,1007111079340,18.93,0.17,314.00560,-6.34728,55143.06844,0
205601.38-062049.7,1007111079340,18.59,0.15,314.00605,-6.34704,55143.07514,0
205601.38-062049.7,1007111079340,18.83,0.16,314.00566,-6.34738,55143.08182,0
205601.38-062049.7,1007111079340,18.90,0.17,314.00588,-6.34746,55143.08851,0
205601.38-062049.7,1007111079340,18.70,0.18,314.00553,-6.34727,55161.07647,0
205601.38-062049.7,1007111079340,19.01,0.21,314.00581,-6.34684,55161.08040,0
205601.38-062049.7,1007111079340,19.61,0.23,314.00557,-6.34704,55118.10244,0
205601.38-062049.7,1007111079340,18.89,0.16,314.00560,-6.34740,55118.10858,0
205601.38-062049.7,1007111079340,19.54,0.22,314.00587,-6.34678,55118.11478,0
205601.38-062049.7,1007111079340,19.46,0.22,314.00571,-6.34674,55118.12096,0
205601.38-062049.7,1007111079340,18.95,0.21,314.00583,-6.34728,55084.23841,0
205601.38-062049.7,1007111079340,18.94,0.21,314.00576,-6.34704,55084.24384,0
205601.38-062049.7,1007111079340,19.01,0.22,314.00579,-6.34695,55084.24923,0
205601.38-062049.7,1007111079340,19.51,0.28,314.00611,-6.34675,55084.25470,0
205601.38-062049.7,1007111079340,19.27,0.20,314.00583,-6.34708,55094.24104,0
205601.38-062049.7,1007111079340,19.04,0.18,314.00564,-6.34731,55094.24943,0
205601.38-062049.7,1007111079340,19.52,0.23,314.00567,-6.34691,55094.25782,0
205601.38-062049.7,1007111079340,19.27,0.20,314.00556,-6.34774,55094.26628,0
205601.38-062049.7,1007111079340,19.23,0.20,314.00552,-6.34717,55383.30034,0
205601.38-062049.7,1007111079340,19.25,0.20,314.00579,-6.34728,55383.30547,0
205601.38-062049.7,1007111079340,19.06,0.18,314.00577,-6.34724,55383.31065,0
205601.38-062049.7,1007111079340,20.12,0.31,314.00604,-6.34721,55383.31581,0
205601.38-062049.7,1007111079340,19.15,0.19,314.00573,-6.34702,55352.38369,0
205601.38-062049.7,1007111079340,19.20,0.19,314.00572,-6.34724,55352.39152,0
205601.38-062049.7,1007111079340,19.06,0.18,314.00604,-6.34743,55352.39897,0
205601.38-062049.7,1007111079340,19.03,0.18,314.00569,-6.34758,55352.40645,0
205601.38-062049.7,1007111079340,18.98,0.18,314.00571,-6.34754,55360.35000,0
205601.38-062049.7,1007111079340,18.78,0.16,314.00597,-6.34712,55360.35871,0
205601.38-062049.7,1007111079340,19.09,0.18,314.00538,-6.34748,55360.36739,0
205601.38-062049.7,1007111079340,19.52,0.23,314.00585,-6.34702,55360.37606,0
205601.38-062049.7,1007111079340,19.03,0.18,314.00537,-6.34776,55326.42690,0
205601.38-062049.7,1007111079340,18.78,0.16,314.00580,-6.34725,55326.43436,0
205601.38-062049.7,1007111079340,18.98,0.17,314.00579,-6.34727,55326.44193,0
205601.38-062049.7,1007111079340,19.80,0.26,314.00577,-6.34685,55326.44949,0
205601.38-062049.7,1007111079340,19.04,0.19,314.00550,-6.34720,55334.41449,0
205601.38-062049.7,1007111079340,18.71,0.17,314.00548,-6.34716,55334.43943,0
205601.38-062049.7,1007111079340,19.06,0.18,314.00580,-6.34728,55501.07480,0
205601.38-062049.7,1007111079340,19.13,0.19,314.00578,-6.34736,55501.08741,0
205601.38-062049.7,1007111079340,18.89,0.17,314.00571,-6.34723,55501.09370,0
205601.38-062049.7,1007111079340,19.23,0.24,314.00592,-6.34662,55516.08624,0
205601.38-062049.7,1007111079340,19.46,0.22,314.00558,-6.34680,55478.16395,0
205601.38-062049.7,1007111079340,18.97,0.17,314.00585,-6.34692,55482.09418,0
205601.38-062049.7,1007111079340,19.85,0.27,314.00585,-6.34709,55482.10674,0
205601.38-062049.7,1007111079340,19.07,0.18,314.00575,-6.34706,55482.11305,0
205601.38-062049.7,1007111079340,20.10,0.30,314.00607,-6.34738,55454.22663,0
205601.38-062049.7,1007111079340,19.76,0.25,314.00588,-6.34763,55454.24148,0
205601.38-062049.7,1007111079340,18.94,0.17,314.00596,-6.34703,55454.24887,0
205601.38-062049.7,1007111079340,19.12,0.17,314.00577,-6.34720,55679.45774,0
205601.38-062049.7,1007111079340,18.78,0.14,314.00574,-6.34745,55679.46464,0
205601.38-062049.7,1007111079340,19.10,0.16,314.00579,-6.34747,55679.47151,0
205601.38-062049.7,1007111079340,19.19,0.17,314.00584,-6.34724,55679.47844,0
205601.38-062049.7,1007111079340,19.53,0.24,314.00570,-6.34683,55745.32457,0
205601.38-062049.7,1007111079340,19.10,0.20,314.00578,-6.34712,55745.33093,0
205601.38-062049.7,1007111079340,19.01,0.19,314.00554,-6.34714,55745.33730,0
205601.38-062049.7,1007111079340,18.83,0.17,314.00571,-6.34686,55745.34371,0
205601.38-062049.7,1007111079340,18.71,0.16,314.00591,-6.34700,55715.40024,0
205601.38-062049.7,1007111079340,19.33,0.21,314.00564,-6.34721,55715.40601,0
205601.38-062049.7,1007111079340,18.69,0.16,314.00580,-6.34700,55715.41183,0
205601.38-062049.7,1007111079340,18.48,0.14,314.00537,-6.34753,55715.41763,0
205601.38-062049.7,1007111079340,19.02,0.18,314.00572,-6.34748,55733.38306,0
205601.38-062049.7,1007111079340,19.54,0.24,314.00559,-6.34688,55733.38771,0
205601.38-062049.7,1007111079340,19.48,0.23,314.00557,-6.34677,55733.39240,0
205601.38-062049.7,1007111079340,18.91,0.19,314.00553,-6.34673,55694.41455,0
205601.38-062049.7,1007111079340,19.33,0.24,314.00527,-6.34753,55694.42320,0
205601.38-062049.7,1007111079340,19.19,0.22,314.00585,-6.34700,55694.43158,0
205601.38-062049.7,1007111079340,18.96,0.20,314.00594,-6.34701,55694.43991,0
205601.38-062049.7,1007111079340,19.98,0.30,314.00584,-6.34685,55706.45174,0
205601.38-062049.7,1007111079340,18.70,0.15,314.00567,-6.34741,55823.17033,0
205601.38-062049.7,1007111079340,18.77,0.15,314.00581,-6.34698,55823.17770,0
205601.38-062049.7,1007111079340,19.05,0.17,314.00599,-6.34721,55823.18510,0
205601.38-062049.7,1007111079340,18.96,0.17,314.00595,-6.34744,55823.19240,0
205601.38-062049.7,1007111079340,20.14,0.31,314.00636,-6.34718,55834.12177,0
205601.38-062049.7,1007111079340,19.16,0.19,314.00609,-6.34725,55834.12969,0
205601.38-062049.7,1007111079340,18.93,0.17,314.00583,-6.34749,55834.13768,0
205601.38-062049.7,1007111079340,19.21,0.19,314.00590,-6.34724,55834.14567,0
205601.38-062049.7,1007111079340,18.48,0.19,314.00577,-6.34688,55850.15842,0
205601.38-062049.7,1007111079340,19.63,0.35,314.00528,-6.34828,55850.16646,0
205601.38-062049.7,1007111079340,19.34,0.30,314.00581,-6.34688,55850.17440,0
205601.38-062049.7,1007111079340,19.12,0.27,314.00569,-6.34740,55850.18298,0
205601.38-062049.7,1007111079340,18.94,0.18,314.00562,-6.34733,56045.46304,0
205601.38-062049.7,1007111079340,19.15,0.19,314.00577,-6.34706,56045.46946,0
205601.38-062049.7,1007111079340,19.36,0.22,314.00587,-6.34744,56045.47588,0
205601.38-062049.7,1007111079340,19.37,0.21,314.00577,-6.34721,56061.44987,0
205601.38-062049.7,1007111079340,19.36,0.21,314.00588,-6.34702,56061.45478,0
205601.38-062049.7,1007111079340,19.21,0.19,314.00588,-6.34687,56061.45935,0
205601.38-062049.7,1007111079340,19.00,0.17,314.00569,-6.34721,56061.46405,0
205601.38-062049.7,1007111079340,19.29,0.20,314.00599,-6.34710,56068.40400,0
205601.38-062049.7,1007111079340,19.15,0.19,314.00568,-6.34755,56068.40966,0
205601.38-062049.7,1007111079340,18.90,0.17,314.00561,-6.34766,56068.41531,0
205601.38-062049.7,1007111079340,19.40,0.21,314.00605,-6.34712,56068.42103,0
205601.38-062049.7,1007111079340,20.38,0.31,314.00456,-6.34927,56126.26108,0
205601.38-062049.7,1007111079340,18.78,0.14,314.00599,-6.34703,56126.26108,1
205601.38-062049.7,1007111079340,19.10,0.16,314.00570,-6.34722,56126.26923,0
205601.38-062049.7,1007111079340,19.11,0.16,314.00578,-6.34771,56126.27776,0
205601.38-062049.7,1007111079340,18.79,0.14,314.00605,-6.34756,56126.28590,0
205601.38-062049.7,1007111079340,19.08,0.27,314.00535,-6.34725,56151.25194,0
205601.38-062049.7,1007111079340,20.08,0.33,314.00609,-6.34731,56152.24891,0
205601.38-062049.7,1007111079340,19.36,0.22,314.00572,-6.34683,56152.25403,0
205601.38-062049.7,1007111079340,19.87,0.31,314.00588,-6.34687,56163.14209,0
205601.38-062049.7,1007111079340,18.98,0.19,314.00540,-6.34680,56163.14662,0
205601.38-062049.7,1007111079340,19.00,0.15,314.00567,-6.34742,56185.19911,0
205601.38-062049.7,1007111079340,19.43,0.19,314.00589,-6.34715,56185.20734,0
205601.38-062049.7,1007111079340,18.98,0.15,314.00575,-6.34767,56185.21571,0
205601.38-062049.7,1007111079340,19.51,0.20,314.00558,-6.34702,56185.22401,0
205601.38-062049.7,1007111079340,19.01,0.18,314.00511,-6.34745,56192.18704,0
205601.38-062049.7,1007111079340,19.14,0.19,314.00585,-6.34732,56192.19214,0
205601.38-062049.7,1007111079340,19.50,0.23,314.00597,-6.34743,56192.19726,0
205601.38-062049.7,1007111079340,19.24,0.20,314.00592,-6.34719,56192.20233,0
205601.38-062049.7,1007111079340,19.67,0.25,314.00573,-6.34712,56204.09344,0
205601.38-062049.7,1007111079340,19.67,0.25,314.00566,-6.34679,56204.10076,0
205601.38-062049.7,1007111079340,18.70,0.16,314.00549,-6.34756,56204.10812,0
205601.38-062049.7,1007111079340,19.15,0.19,314.00546,-6.34783,56204.11541,0
205601.38-062049.7,1007111079340,19.49,0.23,314.00581,-6.34722,56253.10640,0
205601.38-062049.7,1007111079340,20.22,0.34,314.00566,-6.34716,56253.11651,0
205601.38-062049.7,1007111079340,19.01,0.18,314.00563,-6.34745,56424.45833,0
205601.38-062049.7,1007111079340,18.86,0.17,314.00559,-6.34747,56424.46230,0
205601.38-062049.7,1007111079340,19.22,0.20,314.00582,-6.34725,56424.46629,0
205601.38-062049.7,1007111079340,18.88,0.17,314.00553,-6.34718,56424.47025,0
205601.38-062049.7,1007111079340,18.89,0.17,314.00552,-6.34724,56444.42698,0
205601.38-062049.7,1007111079340,19.46,0.23,314.00577,-6.34700,56444.43549,0
205601.38-062049.7,1007111079340,20.08,0.31,314.00601,-6.34705,56444.44399,0
205601.38-062049.7,1007111079340,19.34,0.23,314.00564,-6.34702,56455.34376,0
205601.38-062049.7,1007111079340,19.10,0.20,314.00572,-6.34724,56455.34876,0
205601.38-062049.7,1007111079340,19.08,0.20,314.00558,-6.34735,56455.35387,0
205601.38-062049.7,1007111079340,19.25,0.21,314.00584,-6.34688,56455.35898,0
205601.38-062049.7,1007111079340,18.84,0.17,314.00578,-6.34705,56463.38794,0
205601.38-062049.7,1007111079340,18.51,0.15,314.00538,-6.34731,56463.39242,0
205601.38-062049.7,1007111079340,19.02,0.18,314.00581,-6.34728,56463.39689,0
205601.38-062049.7,1007111079340,18.64,0.15,314.00550,-6.34727,56463.40141,0
205601.38-062049.7,1007111079340,19.12,0.20,314.00583,-6.34735,56532.18955,0
205601.38-062049.7,1007111079340,18.66,0.16,314.00557,-6.34733,56532.19631,0
205601.38-062049.7,1007111079340,18.98,0.19,314.00576,-6.34762,56532.20307,0
205601.38-062049.7,1007111079340,19.08,0.19,314.00565,-6.34710,56532.20976,0
205601.38-062049.7,1007111079340,19.43,0.23,314.00576,-6.34698,56540.20995,0
205601.38-062049.7,1007111079340,18.98,0.19,314.00573,-6.34745,56540.21494,0
205601.38-062049.7,1007111079340,19.06,0.19,314.00575,-6.34723,56540.21994,0
205601.38-062049.7,1007111079340,19.09,0.20,314.00556,-6.34687,56540.22494,0
205601.38-062049.7,1007111079340,18.92,0.17,314.00574,-6.34714,56558.19530,0
205601.38-062049.7,1007111079340,19.09,0.19,314.00558,-6.34738,56558.20375,0
205601.38-062049.7,1007111079340,19.09,0.19,314.00554,-6.34695,56558.21222,0
205601.38-062049.7,1007111079340,19.33,0.21,314.00566,-6.34697,56558.22065,0
205601.38-062049.7,1007111079340,19.43,0.18,314.00558,-6.34698,56564.09974,0
205601.38-062049.7,1007111079340,19.47,0.19,314.00607,-6.34704,56564.10587,0
205601.38-062049.7,1007111079340,18.77,0.14,314.00570,-6.34739,56564.11196,0
205601.38-062049.7,1007111079340,18.98,0.15,314.00585,-6.34718,56564.11803,0
205601.38-062049.7,1007111079340,18.78,0.16,314.00571,-6.34677,56571.12316,0
205601.38-062049.7,1007111079340,19.02,0.17,314.00565,-6.34749,56571.12875,0
205601.38-062049.7,1007111079340,18.97,0.17,314.00579,-6.34736,56571.13437,0
205601.38-062049.7,1007111079340,19.18,0.19,314.00591,-6.34717,56571.13996,0
205601.38-062049.7,1007111079340,18.92,0.17,314.00557,-6.34703,56588.14074,0
205601.38-062049.7,1007111079340,18.93,0.17,314.00567,-6.34741,56588.14680,0
205601.38-062049.7,1007111079340,19.26,0.20,314.00544,-6.34683,56588.15286,0
205601.38-062049.7,1007111079340,19.32,0.21,314.00581,-6.34722,56588.15891,0
205601.38-062049.7,1007111079340,18.93,0.17,314.00568,-6.34732,56593.10919,0
205601.38-062049.7,1007111079340,19.12,0.19,314.00569,-6.34704,56593.11480,0
205601.38-062049.7,1007111079340,18.63,0.15,314.00528,-6.34753,56593.12040,0
205601.38-062049.7,1007111079340,18.46,0.14,314.00577,-6.34790,56593.12599,0
090550.30+003948.1,1101049016634,19.20,0.18,136.46615, 0.66322,54090.41685,0
090550.30+003948.1,1101049016634,20.03,0.27,136.46599, 0.66284,54415.46608,0
090550.30+003948.1,1101049016634,21.10,0.50,136.46560, 0.66238,54531.17902,0
090550.30+003948.1,1101049016634,20.55,0.35,136.46449, 0.66215,54776.49800,0
090550.30+003948.1,1101049016634,20.56,0.35,136.46588, 0.66220,54849.35716,0
090550.30+003948.1,1101049016634,19.59,0.22,136.46595, 0.66315,55588.34878,0
090550.30+003948.1,1101049016634,19.96,0.28,136.46614, 0.66281,55626.25160,0
090550.30+003948.1,1101049016634,20.83,0.46,136.46223, 0.66208,55683.18115,0
090550.30+003948.1,1101049016634,20.67,0.39,136.46588, 0.66259,55968.28538,0
090550.30+003948.1,1101049016805,18.65,0.14,136.45945, 0.66343,53464.19861,0
090550.30+003948.1,1101049016805,18.79,0.15,136.45952, 0.66341,53464.20681,0
090550.30+003948.1,1101049016805,18.59,0.14,136.45953, 0.66331,53464.21542,0
090550.30+003948.1,1101049016805,18.68,0.14,136.45957, 0.66349,53464.22379,0
090550.30+003948.1,1101049016805,18.71,0.15,136.45968, 0.66336,53710.44115,0
090550.30+003948.1,1101049016805,18.52,0.14,136.45960, 0.66342,53710.44818,0
090550.30+003948.1,1101049016805,18.68,0.14,136.45964, 0.66339,53710.45524,0
090550.30+003948.1,1101049016805,18.77,0.15,136.45951, 0.66334,53710.46239,0
090550.30+003948.1,1101049016805,18.41,0.13,136.45956, 0.66340,53726.38204,0
090550.30+003948.1,1101049016805,18.74,0.15,136.45947, 0.66359,53726.39152,0
090550.30+003948.1,1101049016805,18.53,0.14,136.45962, 0.66358,53726.40104,0
090550.30+003948.1,1101049016805,18.66,0.15,136.45957, 0.66351,53726.41054,0
090550.30+003948.1,1101049016805,19.16,0.18,136.45949, 0.66332,53732.46166,0
090550.30+003948.1,1101049016805,18.65,0.14,136.45949, 0.66354,53732.46880,0
090550.30+003948.1,1101049016805,18.95,0.16,136.45951, 0.66336,53732.47587,0
090550.30+003948.1,1101049016805,18.68,0.15,136.45978, 0.66317,53732.48279,0
090550.30+003948.1,1101049016805,18.65,0.15,136.45951, 0.66295,53494.17363,0
090550.30+003948.1,1101049016805,19.11,0.18,136.45911, 0.66358,53494.18172,0
090550.30+003948.1,1101049016805,18.89,0.17,136.45956, 0.66331,53494.19071,0
090550.30+003948.1,1101049016805,18.72,0.16,136.45938, 0.66325,53494.19875,0
090550.30+003948.1,1101049016805,18.81,0.16,136.45956, 0.66351,53679.47537,0
090550.30+003948.1,1101049016805,18.41,0.13,136.45961, 0.66338,53679.48071,0
090550.30+003948.1,1101049016805,18.87,0.16,136.45960, 0.66343,53679.48607,0
090550.30+003948.1,1101049016805,18.71,0.15,136.45971, 0.66350,53679.49144,0
090550.30+003948.1,1101049016805,19.09,0.21,136.45957, 0.66343,53703.42556,0
090550.30+003948.1,1101049016805,18.77,0.16,136.45970, 0.66351,53703.43596,0
090550.30+003948.1,1101049016805,18.63,0.16,136.45940, 0.66346,53703.44249,0
090550.30+003948.1,1101049016805,18.67,0.15,136.45964, 0.66344,53703.44913,0
090550.30+003948.1,1101049016805,18.39,0.14,136.45930, 0.66318,53845.16354,0
090550.30+003948.1,1101049016805,18.62,0.15,136.45953, 0.66346,53845.17306,0
090550.30+003948.1,1101049016805,18.53,0.14,136.45962, 0.66323,53845.19208,0
090550.30+003948.1,1101049016805,18.03,0.11,136.45953, 0.66357,54082.45767,0
090550.30+003948.1,1101049016805,18.64,0.14,136.45960, 0.66342,54082.46313,0
090550.30+003948.1,1101049016805,18.35,0.12,136.45923, 0.66327,54082.46859,0
090550.30+003948.1,1101049016805,18.69,0.14,136.45966, 0.66342,54082.47407,0
090550.30+003948.1,1101049016805,18.71,0.14,136.45965, 0.66349,54090.41685,0
090550.30+003948.1,1101049016805,18.79,0.15,136.45958, 0.66337,54090.42418,0
090550.30+003948.1,1101049016805,18.44,0.13,136.45969, 0.66353,54090.43157,0
090550.30+003948.1,1101049016805,18.65,0.14,136.45967, 0.66351,54090.43923,0
090550.30+003948.1,1101049016805,18.74,0.15,136.45943, 0.66327,53788.26542,0
090550.30+003948.1,1101049016805,18.72,0.15,136.45948, 0.66337,53788.27185,0
090550.30+003948.1,1101049016805,18.80,0.16,136.45927, 0.66339,53788.27825,0
090550.30+003948.1,1101049016805,18.76,0.15,136.45951, 0.66344,53788.28472,0
090550.30+003948.1,1101049016805,18.68,0.14,136.45962, 0.66342,53739.35414,0
090550.30+003948.1,1101049016805,18.65,0.14,136.45958, 0.66335,53739.36053,0
090550.30+003948.1,1101049016805,18.80,0.15,136.45951, 0.66339,53739.36698,0
090550.30+003948.1,1101049016805,18.18,0.12,136.45950, 0.66347,53739.37337,0
090550.30+003948.1,1101049016805,18.64,0.15,136.45951, 0.66334,53745.38097,0
090550.30+003948.1,1101049016805,18.58,0.14,136.45959, 0.66324,53745.38938,0
090550.30+003948.1,1101049016805,18.65,0.15,136.45906, 0.66321,53745.39780,0
090550.30+003948.1,1101049016805,18.80,0.16,136.45942, 0.66312,53745.40628,0
090550.30+003948.1,1101049016805,18.73,0.15,136.45953, 0.66332,53758.26583,0
090550.30+003948.1,1101049016805,18.95,0.17,136.45945, 0.66332,53758.27233,0
090550.30+003948.1,1101049016805,18.78,0.15,136.45945, 0.66342,53758.27878,0
090550.30+003948.1,1101049016805,18.81,0.16,136.45958, 0.66352,53758.28526,0
090550.30+003948.1,1101049016805,18.41,0.14,136.45995, 0.66323,53765.27789,0
090550.30+003948.1,1101049016805,18.87,0.17,136.45948, 0.66371,53765.28534,0
090550.30+003948.1,1101049016805,18.87,0.17,136.45967, 0.66331,53765.29281,0
090550.30+003948.1,1101049016805,18.86,0.17,136.45944, 0.66330,53765.30029,0
090550.30+003948.1,1101049016805,19.00,0.17,136.45967, 0.66328,53798.24548,0
090550.30+003948.1,1101049016805,18.83,0.16,136.45973, 0.66332,53798.25425,0
090550.30+003948.1,1101049016805,19.16,0.18,136.45958, 0.66351,53798.26290,0
090550.30+003948.1,1101049016805,18.76,0.15,136.45953, 0.66347,53798.27154,0
090550.30+003948.1,1101049016805,19.15,0.19,136.45944, 0.66328,53856.15280,0
090550.30+003948.1,1101049016805,18.51,0.14,136.45965, 0.66357,53856.15822,0
090550.30+003948.1,1101049016805,18.62,0.15,136.45952, 0.66368,53856.16367,0
090550.30+003948.1,1101049016805,18.60,0.15,136.45962, 0.66357,53856.16906,0
090550.30+003948.1,1101049016805,18.94,0.16,136.45953, 0.66327,54056.42806,0
090550.30+003948.1,1101049016805,18.63,0.14,136.45951, 0.66344,54056.43536,0
090550.30+003948.1,1101049016805,18.62,0.14,136.45965, 0.66345,54056.44263,0
090550.30+003948.1,1101049016805,18.53,0.13,136.45959, 0.66338,54056.44997,0
090550.30+003948.1,1101049016805,18.47,0.13,136.45964, 0.66338,54038.48587,0
090550.30+003948.1,1101049016805,18.55,0.13,136.45965, 0.66341,54038.49230,0
090550.30+003948.1,1101049016805,18.44,0.13,136.45963, 0.66316,54038.49867,0
090550.30+003948.1,1101049016805,18.52,0.13,136.45962, 0.66351,54038.50508,0
090550.30+003948.1,1101049016805,18.62,0.14,136.45970, 0.66375,54212.15302,0
090550.30+003948.1,1101049016805,18.99,0.17,136.45953, 0.66332,54212.16335,0
090550.30+003948.1,1101049016805,18.82,0.15,136.45949, 0.66357,54212.17367,0
090550.30+003948.1,1101049016805,19.22,0.18,136.45942, 0.66342,54212.18396,0
090550.30+003948.1,1101049016805,18.91,0.16,136.45947, 0.66325,54213.14382,0
090550.30+003948.1,1101049016805,18.93,0.17,136.45936, 0.66339,54213.15420,0
090550.30+003948.1,1101049016805,18.61,0.14,136.45956, 0.66361,54213.16452,0
090550.30+003948.1,1101049016805,18.54,0.14,136.45947, 0.66347,54213.17480,0
090550.30+003948.1,1101049016805,18.77,0.15,136.45951, 0.66345,54439.37137,0
090550.30+003948.1,1101049016805,18.56,0.14,136.45959, 0.66353,54439.37791,0
090550.30+003948.1,1101049016805,18.52,0.13,136.45964, 0.66345,54439.38450,0
090550.30+003948.1,1101049016805,18.50,0.13,136.45948, 0.66332,54439.39105,0
090550.30+003948.1,1101049016805,19.03,0.16,136.45956, 0.66339,54454.44886,0
090550.30+003948.1,1101049016805,18.65,0.14,136.45953, 0.66343,54454.45542,0
090550.30+003948.1,1101049016805,18.67,0.14,136.45938, 0.66346,54454.46202,0
090550.30+003948.1,1101049016805,18.83,0.15,136.45953, 0.66328,54454.46854,0
090550.30+003948.1,1101049016805,18.88,0.16,136.45964, 0.66338,54141.27072,0
090550.30+003948.1,1101049016805,18.93,0.16,136.45956, 0.66337,54141.27713,0
090550.30+003948.1,1101049016805,18.71,0.15,136.45964, 0.66328,54141.28356,0
090550.30+003948.1,1101049016805,18.88,0.16,136.45976, 0.66344,54141.29000,0
090550.30+003948.1,1101049016805,18.64,0.14,136.45939, 0.66324,54146.33650,0
090550.30+003948.1,1101049016805,18.55,0.13,136.45955, 0.66316,54146.34278,0
090550.30+003948.1,1101049016805,18.99,0.16,136.45948, 0.66333,54146.34910,0
090550.30+003948.1,1101049016805,18.43,0.13,136.45948, 0.66325,54146.35536,0
090550.30+003948.1,1101049016805,18.99,0.18,136.45970, 0.66332,54109.42698,0
090550.30+003948.1,1101049016805,18.71,0.15,136.45942, 0.66347,54109.43290,0
090550.30+003948.1,1101049016805,18.94,0.16,136.45958, 0.66338,54109.43883,0
090550.30+003948.1,1101049016805,19.39,0.20,136.45967, 0.66335,54109.44475,0
090550.30+003948.1,1101049016805,18.98,0.16,136.45985, 0.66345,54125.29986,0
090550.30+003948.1,1101049016805,18.75,0.15,136.45958, 0.66348,54125.31008,0
090550.30+003948.1,1101049016805,18.81,0.15,136.45958, 0.66336,54125.32031,0
090550.30+003948.1,1101049016805,18.74,0.15,136.45971, 0.66333,54125.33053,0
090550.30+003948.1,1101049016805,18.74,0.15,136.45959, 0.66350,54170.19295,0
090550.30+003948.1,1101049016805,18.61,0.14,136.45948, 0.66326,54170.19942,0
090550.30+003948.1,1101049016805,18.56,0.14,136.45966, 0.66330,54170.20598,0
090550.30+003948.1,1101049016805,18.77,0.15,136.45947, 0.66332,54170.21250,0
090550.30+003948.1,1101049016805,18.67,0.14,136.45954, 0.66341,54415.45740,0
090550.30+003948.1,1101049016805,18.49,0.13,136.45956, 0.66347,54415.46608,0
090550.30+003948.1,1101049016805,18.52,0.13,136.45958, 0.66362,54415.47465,0
090550.30+003948.1,1101049016805,18.76,0.15,136.45976, 0.66351,54415.48329,0
090550.30+003948.1,1101049016805,18.65,0.14,136.45950, 0.66341,54418.43492,0
090550.30+003948.1,1101049016805,18.74,0.15,136.45968, 0.66354,54418.44029,0
090550.30+003948.1,1101049016805,18.17,0.12,136.45947, 0.66323,54418.44564,0
090550.30+003948.1,1101049016805,18.59,0.14,136.45999, 0.66336,54418.45100,0
090550.30+003948.1,1101049016805,18.80,0.15,136.45950, 0.66370,54425.40802,0
090550.30+003948.1,1101049016805,18.34,0.12,136.45937, 0.66359,54425.41342,0
090550.30+003948.1,1101049016805,18.50,0.13,136.45956, 0.66359,54425.41882,0
090550.30+003948.1,1101049016805,19.05,0.17,136.45964, 0.66344,54425.42420,0
090550.30+003948.1,1101049016805,18.66,0.15,136.45979, 0.66367,54385.48653,0
090550.30+003948.1,1101049016805,18.78,0.16,136.45957, 0.66343,54385.49319,0
090550.30+003948.1,1101049016805,18.68,0.16,136.45989, 0.66359,54385.49982,0
090550.30+003948.1,1101049016805,18.71,0.16,136.45953, 0.66342,54385.50648,0
090550.30+003948.1,1101049016805,18.80,0.13,136.45951, 0.66337,54563.17918,0
090550.30+003948.1,1101049016805,18.71,0.13,136.45944, 0.66366,54563.18585,0
090550.30+003948.1,1101049016805,19.24,0.16,136.45937, 0.66388,54563.19253,0
090550.30+003948.1,1101049016805,19.19,0.16,136.45936, 0.66389,54563.19919,0
090550.30+003948.1,1101049016805,18.55,0.14,136.45945, 0.66347,54574.13815,0
090550.30+003948.1,1101049016805,20.18,0.31,136.45943, 0.66390,54574.14672,0
090550.30+003948.1,1101049016805,18.45,0.13,136.45945, 0.66340,54574.15528,0
090550.30+003948.1,1101049016805,18.68,0.15,136.45888, 0.66348,54574.16384,0
090550.30+003948.1,1101049016805,18.67,0.14,136.45958, 0.66348,54801.43423,0
090550.30+003948.1,1101049016805,18.76,0.14,136.45956, 0.66344,54801.44208,0
090550.30+003948.1,1101049016805,18.63,0.14,136.45946, 0.66330,54801.44987,0
090550.30+003948.1,1101049016805,18.46,0.13,136.45950, 0.66349,54801.45787,0
090550.30+003948.1,1101049016805,18.84,0.15,136.45971, 0.66321,54829.34672,0
090550.30+003948.1,1101049016805,18.59,0.14,136.45954, 0.66333,54829.35389,0
090550.30+003948.1,1101049016805,18.61,0.14,136.45935, 0.66328,54829.36120,0
090550.30+003948.1,1101049016805,18.64,0.14,136.45960, 0.66333,54829.36834,0
090550.30+003948.1,1101049016805,18.55,0.12,136.45958, 0.66349,54499.26958,0
090550.30+003948.1,1101049016805,18.79,0.13,136.45954, 0.66342,54499.27564,0
090550.30+003948.1,1101049016805,18.66,0.12,136.45959, 0.66358,54499.28165,0
090550.30+003948.1,1101049016805,18.56,0.12,136.45960, 0.66338,54499.28768,0
090550.30+003948.1,1101049016805,18.66,0.12,136.45969, 0.66360,54505.30259,0
090550.30+003948.1,1101049016805,18.56,0.12,136.45957, 0.66341,54505.31117,0
090550.30+003948.1,1101049016805,18.55,0.12,136.45958, 0.66355,54505.31977,0
090550.30+003948.1,1101049016805,18.79,0.13,136.45963, 0.66356,54505.32837,0
090550.30+003948.1,1101049016805,18.80,0.15,136.45955, 0.66331,54524.21935,0
090550.30+003948.1,1101049016805,18.44,0.13,136.45941, 0.66329,54524.22656,0
090550.30+003948.1,1101049016805,18.96,0.16,136.45961, 0.66346,54524.23379,0
090550.30+003948.1,1101049016805,18.83,0.15,136.45972, 0.66341,54524.24098,0
090550.30+003948.1,1101049016805,18.65,0.14,136.45940, 0.66345,54466.40882,0
090550.30+003948.1,1101049016805,18.92,0.16,136.45949, 0.66347,54466.41544,0
090550.30+003948.1,1101049016805,18.55,0.13,136.45959, 0.66352,54466.42203,0
090550.30+003948.1,1101049016805,18.77,0.15,136.45946, 0.66339,54466.42858,0
090550.30+003948.1,1101049016805,18.70,0.14,136.45954, 0.66350,54477.28566,0
090550.30+003948.1,1101049016805,19.15,0.17,136.45958, 0.66346,54477.29210,0
090550.30+003948.1,1101049016805,18.12,0.11,136.45955, 0.66354,54477.29858,0
090550.30+003948.1,1101049016805,18.81,0.15,136.45958, 0.66339,54477.30504,0
090550.30+003948.1,1101049016805,18.43,0.13,136.45967, 0.66343,54531.16920,0
090550.30+003948.1,1101049016805,18.75,0.15,136.45949, 0.66326,54531.17411,0
090550.30+003948.1,1101049016805,18.62,0.14,136.45946, 0.66341,54531.17902,0
090550.30+003948.1,1101049016805,18.52,0.13,136.45937, 0.66351,54531.18393,0
090550.30+003948.1,1101049016805,18.48,0.13,136.45957, 0.66350,54537.25318,0
090550.30+003948.1,1101049016805,18.82,0.15,136.45960, 0.66345,54537.25983,0
090550.30+003948.1,1101049016805,18.68,0.14,136.45951, 0.66336,54537.26648,0
090550.30+003948.1,1101049016805,18.43,0.13,136.45966, 0.66351,54537.27311,0
090550.30+003948.1,1101049016805,18.70,0.14,136.45952, 0.66325,54555.16360,0
090550.30+003948.1,1101049016805,18.60,0.14,136.45944, 0.66334,54555.17079,0
090550.30+003948.1,1101049016805,18.60,0.14,136.45944, 0.66332,54555.17799,0
090550.30+003948.1,1101049016805,18.77,0.15,136.45974, 0.66344,54555.18515,0
090550.30+003948.1,1101049016805,18.61,0.14,136.45959, 0.66350,54588.15607,0
090550.30+003948.1,1101049016805,18.88,0.16,136.45944, 0.66296,54588.16153,0
090550.30+003948.1,1101049016805,18.38,0.13,136.45953, 0.66349,54588.16693,0
090550.30+003948.1,1101049016805,18.67,0.14,136.45929, 0.66329,54588.17232,0
090550.30+003948.1,1101049016805,18.69,0.14,136.45952, 0.66337,54776.49800,0
090550.30+003948.1,1101049016805,18.70,0.14,136.45957, 0.66352,54776.50532,0
090550.30+003948.1,1101049016805,18.60,0.13,136.45953, 0.66348,54776.51257,0
090550.30+003948.1,1101049016805,18.85,0.15,136.45950, 0.66348,54776.51974,0
090550.30+003948.1,1101049016805,18.96,0.16,136.45948, 0.66344,54941.16329,0
090550.30+003948.1,1101049016805,18.76,0.15,136.45974, 0.66334,54941.17054,0
090550.30+003948.1,1101049016805,18.58,0.14,136.45971, 0.66337,54941.17774,0
090550.30+003948.1,1101049016805,18.53,0.14,136.45953, 0.66358,54941.18495,0
090550.30+003948.1,1101049016805,18.75,0.14,136.45953, 0.66325,54864.26707,0
090550.30+003948.1,1101049016805,18.70,0.14,136.45962, 0.66356,54864.27340,0
090550.30+003948.1,1101049016805,18.72,0.14,136.45960, 0.66343,54864.27979,0
090550.30+003948.1,1101049016805,18.74,0.14,136.45958, 0.66351,54864.28608,0
090550.30+003948.1,1101049016805,18.59,0.14,136.45954, 0.66351,54881.22208,0
090550.30+003948.1,1101049016805,18.65,0.14,136.45956, 0.66335,54881.22819,0
090550.30+003948.1,1101049016805,18.72,0.14,136.45972, 0.66328,54881.23422,0
090550.30+003948.1,1101049016805,18.65,0.14,136.45968, 0.66333,54881.24026,0
090550.30+003948.1,1101049016805,18.99,0.16,136.45943, 0.66338,54849.33523,0
090550.30+003948.1,1101049016805,18.67,0.14,136.45972, 0.66349,54849.34250,0
090550.30+003948.1,1101049016805,18.81,0.15,136.45960, 0.66337,54849.34983,0
090550.30+003948.1,1101049016805,18.74,0.14,136.45950, 0.66337,54849.35716,0
090550.30+003948.1,1101049016805,18.82,0.15,136.45965, 0.66342,54857.23080,0
090550.30+003948.1,1101049016805,18.68,0.14,136.45947, 0.66330,54908.17945,0
090550.30+003948.1,1101049016805,18.51,0.14,136.45951, 0.66356,54908.18685,0
090550.30+003948.1,1101049016805,18.94,0.16,136.45964, 0.66345,54908.19419,0
090550.30+003948.1,1101049016805,19.15,0.19,136.45940, 0.66328,54908.20162,0
090550.30+003948.1,1101049016805,18.75,0.15,136.45937, 0.66364,54921.16831,0
090550.30+003948.1,1101049016805,18.56,0.14,136.45936, 0.66351,54921.17565,0
090550.30+003948.1,1101049016805,18.84,0.15,136.45970, 0.66322,54921.18303,0
090550.30+003948.1,1101049016805,18.71,0.15,136.45952, 0.66340,54921.19034,0
090550.30+003948.1,1101049016805,18.82,0.15,136.45965, 0.66330,55157.46965,0
090550.30+003948.1,1101049016805,19.08,0.17,136.45951, 0.66341,55157.47624,0
090550.30+003948.1,1101049016805,18.77,0.15,136.45965, 0.66333,55157.48298,0
090550.30+003948.1,1101049016805,18.78,0.15,136.45955, 0.66319,55157.48967,0
090550.30+003948.1,1101049016805,18.35,0.14,136.45969, 0.66320,55122.49728,0
090550.30+003948.1,1101049016805,18.42,0.14,136.45959, 0.66316,55122.50103,0
090550.30+003948.1,1101049016805,18.50,0.15,136.45971, 0.66335,55122.50486,0
090550.30+003948.1,1101049016805,18.86,0.17,136.45962, 0.66350,55122.50875,0
090550.30+003948.1,1101049016805,18.70,0.15,136.45969, 0.66341,55298.17047,0
090550.30+003948.1,1101049016805,18.89,0.16,136.45934, 0.66337,55298.17734,0
090550.30+003948.1,1101049016805,18.69,0.15,136.45939, 0.66331,55298.18418,0
090550.30+003948.1,1101049016805,18.92,0.16,136.45954, 0.66324,55298.19100,0
090550.30+003948.1,1101049016805,18.75,0.13,136.45966, 0.66332,55533.47513,0
090550.30+003948.1,1101049016805,18.11,0.11,136.45953, 0.66350,55533.49634,0
090550.30+003948.1,1101049016805,18.91,0.15,136.45952, 0.66340,55533.50699,0
090550.30+003948.1,1101049016805,18.69,0.16,136.45955, 0.66351,55236.29405,0
090550.30+003948.1,1101049016805,18.57,0.14,136.45960, 0.66349,55243.21873,0
090550.30+003948.1,1101049016805,18.65,0.14,136.45976, 0.66349,55243.22616,0
090550.30+003948.1,1101049016805,18.81,0.15,136.45959, 0.66344,55243.23360,0
090550.30+003948.1,1101049016805,18.79,0.15,136.45961, 0.66347,55243.24106,0
090550.30+003948.1,1101049016805,18.87,0.15,136.45933, 0.66337,55204.36697,0
090550.30+003948.1,1101049016805,18.75,0.14,136.45951, 0.66326,55204.37442,0
090550.30+003948.1,1101049016805,18.69,0.14,136.45949, 0.66348,55204.38207,0
090550.30+003948.1,1101049016805,18.74,0.15,136.45975, 0.66337,55204.38968,0
090550.30+003948.1,1101049016805,18.63,0.14,136.45973, 0.66319,55270.20796,0
090550.30+003948.1,1101049016805,18.89,0.16,136.45958, 0.66361,55270.21423,0
090550.30+003948.1,1101049016805,18.82,0.15,136.45959, 0.66332,55270.22052,0
090550.30+003948.1,1101049016805,18.78,0.15,136.45943, 0.66340,55270.22673,0
090550.30+003948.1,1101049016805,19.13,0.18,136.45951, 0.66339,55333.16665,0
090550.30+003948.1,1101049016805,18.64,0.15,136.45928, 0.66332,55333.17174,0
090550.30+003948.1,1101049016805,18.53,0.14,136.45897, 0.66336,55333.17692,0
090550.30+003948.1,1101049016805,18.48,0.14,136.45945, 0.66336,55333.18206,0
090550.30+003948.1,1101049016805,18.72,0.15,136.45954, 0.66340,55512.49021,0
090550.30+003948.1,1101049016805,18.43,0.13,136.45970, 0.66339,55512.50522,0
090550.30+003948.1,1101049016805,18.78,0.15,136.45964, 0.66337,55512.51273,0
090550.30+003948.1,1101049016805,18.76,0.13,136.45982, 0.66343,55598.34963,0
090550.30+003948.1,1101049016805,18.54,0.12,136.45953, 0.66342,55598.35933,0
090550.30+003948.1,1101049016805,18.63,0.13,136.45942, 0.66345,55598.36907,0
090550.30+003948.1,1101049016805,18.51,0.12,136.45961, 0.66344,55598.37872,0
090550.30+003948.1,1101049016805,18.70,0.15,136.45958, 0.66343,55617.25042,0
090550.30+003948.1,1101049016805,18.66,0.15,136.45965, 0.66344,55617.25853,0
090550.30+003948.1,1101049016805,18.76,0.15,136.45961, 0.66346,55617.26655,0
090550.30+003948.1,1101049016805,18.65,0.14,136.45959, 0.66345,55617.27454,0
090550.30+003948.1,1101049016805,18.74,0.15,136.45956, 0.66330,55565.42466,0
090550.30+003948.1,1101049016805,18.86,0.16,136.45961, 0.66339,55565.43276,0
090550.30+003948.1,1101049016805,18.66,0.14,136.45965, 0.66350,55565.44097,0
090550.30+003948.1,1101049016805,18.79,0.15,136.45944, 0.66352,55565.44916,0
090550.30+003948.1,1101049016805,18.75,0.15,136.45945, 0.66330,55574.32957,0
090550.30+003948.1,1101049016805,18.54,0.14,136.45964, 0.66328,55574.33741,0
090550.30+003948.1,1101049016805,18.88,0.17,136.45943, 0.66316,55574.34827,0
090550.30+003948.1,1101049016805,18.79,0.15,136.45963, 0.66347,55574.35618,0
090550.30+003948.1,1101049016805,18.99,0.18,136.45947, 0.66339,55586.34689,0
090550.30+003948.1,1101049016805,18.88,0.16,136.45969, 0.66334,55586.35386,0
090550.30+003948.1,1101049016805,18.58,0.14,136.45975, 0.66362,55586.36075,0
090550.30+003948.1,1101049016805,18.70,0.16,136.45982, 0.66345,55586.36765,0
090550.30+003948.1,1101049016805,18.57,0.14,136.45966, 0.66340,55588.34878,0
090550.30+003948.1,1101049016805,18.66,0.14,136.45958, 0.66342,55588.35609,0
090550.30+003948.1,1101049016805,18.72,0.15,136.45955, 0.66334,55588.36339,0
090550.30+003948.1,1101049016805,18.54,0.14,136.45967, 0.66332,55588.37076,0
090550.30+003948.1,1101049016805,18.68,0.16,136.45966, 0.66347,55626.22971,0
090550.30+003948.1,1101049016805,18.79,0.16,136.45949, 0.66346,55626.23634,0
090550.30+003948.1,1101049016805,18.74,0.16,136.45972, 0.66341,55626.24488,0
090550.30+003948.1,1101049016805,18.94,0.17,136.45943, 0.66337,55626.25160,0
090550.30+003948.1,1101049016805,18.78,0.16,136.45978, 0.66335,55633.23242,0
090550.30+003948.1,1101049016805,18.88,0.17,136.45974, 0.66358,55633.23754,0
090550.30+003948.1,1101049016805,18.70,0.15,136.45942, 0.66303,55646.16834,0
090550.30+003948.1,1101049016805,18.65,0.15,136.45955, 0.66339,55646.17577,0
090550.30+003948.1,1101049016805,18.72,0.15,136.45937, 0.66354,55646.18320,0
090550.30+003948.1,1101049016805,18.54,0.14,136.45936, 0.66344,55646.19070,0
090550.30+003948.1,1101049016805,19.27,0.20,136.45919, 0.66335,55683.17249,0
090550.30+003948.1,1101049016805,18.60,0.15,136.45972, 0.66359,55683.18115,0
090550.30+003948.1,1101049016805,18.91,0.17,136.45968, 0.66332,55683.18985,0
090550.30+003948.1,1101049016805,18.66,0.15,136.45965, 0.66336,55683.19854,0
090550.30+003948.1,1101049016805,18.80,0.18,136.45954, 0.66366,55695.16785,0
090550.30+003948.1,1101049016805,19.44,0.26,136.45943, 0.66329,55695.19264,0
090550.30+003948.1,1101049016805,18.38,0.35,136.45957, 0.66344,53765.34541,0
090550.30+003948.1,1101049016805,18.97,0.48,136.45957, 0.66339,53765.34980,0
090550.30+003948.1,1101049016805,18.74,0.41,136.45982, 0.66366,53765.35418,0
090550.30+003948.1,1101049016805,18.73,0.15,136.45955, 0.66343,55867.50676,0
090550.30+003948.1,1101049016805,18.82,0.15,136.45953, 0.66344,55867.51128,0
090550.30+003948.1,1101049016805,18.52,0.13,136.45953, 0.66328,55867.51581,0
090550.30+003948.1,1101049016805,18.87,0.16,136.45940, 0.66344,55867.52030,0
090550.30+003948.1,1101049016805,18.50,0.13,136.45939, 0.66356,55922.36964,0
090550.30+003948.1,1101049016805,18.64,0.14,136.45971, 0.66352,55922.37697,0
090550.30+003948.1,1101049016805,18.63,0.14,136.45990, 0.66335,55922.38431,0
090550.30+003948.1,1101049016805,18.86,0.16,136.45949, 0.66342,55922.39163,0
090550.30+003948.1,1101049016805,18.82,0.15,136.45958, 0.66357,55929.30269,0
090550.30+003948.1,1101049016805,18.83,0.15,136.45949, 0.66337,55929.31122,0
090550.30+003948.1,1101049016805,18.49,0.13,136.45934, 0.66348,55929.31972,0
090550.30+003948.1,1101049016805,18.59,0.14,136.45960, 0.66360,55929.32823,0
090550.30+003948.1,1101049016805,18.83,0.15,136.45956, 0.66357,55958.28060,0
090550.30+003948.1,1101049016805,18.85,0.15,136.45979, 0.66331,55958.28573,0
090550.30+003948.1,1101049016805,18.65,0.14,136.45961, 0.66354,55958.29090,0
090550.30+003948.1,1101049016805,18.46,0.13,136.45957, 0.66347,55958.29599,0
090550.30+003948.1,1101049016805,18.91,0.16,136.45950, 0.66368,55968.26856,0
090550.30+003948.1,1101049016805,18.48,0.13,136.45969, 0.66349,55968.27698,0
090550.30+003948.1,1101049016805,18.60,0.14,136.45942, 0.66346,55968.28538,0
090550.30+003948.1,1101049016805,18.99,0.16,136.45979, 0.66356,55968.29391,0
090550.30+003948.1,1101049016805,18.57,0.12,136.45961, 0.66336,55982.27351,0
090550.30+003948.1,1101049016805,18.90,0.14,136.45964, 0.66358,55982.28026,0
090550.30+003948.1,1101049016805,18.58,0.12,136.45972, 0.66350,55982.28709,0
090550.30+003948.1,1101049016805,18.72,0.13,136.45952, 0.66342,55982.29398,0
090550.30+003948.1,1101049016805,18.62,0.14,136.45966, 0.66339,55988.16908,0
090550.30+003948.1,1101049016805,18.98,0.17,136.45952, 0.66325,55988.17418,0
090550.30+003948.1,1101049016805,19.20,0.18,136.45942, 0.66316,55988.17935,0
090550.30+003948.1,1101049016805,18.81,0.15,136.45955, 0.66338,55988.18441,0
090550.30+003948.1,1101049016805,18.59,0.14,136.45943, 0.66339,56001.18084,0
090550.30+003948.1,1101049016805,18.63,0.14,136.45948, 0.66361,56001.18649,0
090550.30+003948.1,1101049016805,18.66,0.14,136.45934, 0.66333,56001.19216,0
090550.30+003948.1,1101049016805,18.65,0.14,136.45952, 0.66349,56001.19777,0
090550.30+003948.1,1101049016805,18.55,0.14,136.45944, 0.66331,56015.19265,0
090550.30+003948.1,1101049016805,18.75,0.15,136.45936, 0.66358,56015.20055,0
090550.30+003948.1,1101049016805,19.08,0.18,136.45932, 0.66334,56015.20851,0
090550.30+003948.1,1101049016805,18.36,0.13,136.45979, 0.66318,56015.21643,0
090550.30+003948.1,1101049016805,18.92,0.14,136.45938, 0.66341,56038.15783,0
090550.30+003948.1,1101049016805,18.47,0.12,136.45936, 0.66335,56038.16589,0
090550.30+003948.1,1101049016805,18.94,0.15,136.45969, 0.66335,56038.17400,0
090550.30+003948.1,1101049016805,18.74,0.13,136.45935, 0.66352,56038.18214,0
090550.30+003948.1,1101049016805,19.57,0.22,136.45973, 0.66306,56066.16307,0
090550.30+003948.1,1101049016805,18.78,0.16,136.45958, 0.66322,56066.16814,0
090550.30+003948.1,1101049016805,18.90,0.16,136.45981, 0.66340,56297.32456,0
090550.30+003948.1,1101049016805,18.51,0.14,136.45967, 0.66338,56297.33195,0
090550.30+003948.1,1101049016805,18.56,0.14,136.45949, 0.66349,56297.33938,0
090550.30+003948.1,1101049016805,18.59,0.14,136.45971, 0.66325,56297.34669,0
090550.30+003948.1,1101049016805,18.58,0.14,136.45939, 0.66334,56309.35683,0
090550.30+003948.1,1101049016805,18.57,0.14,136.45945, 0.66336,56309.36197,0
090550.30+003948.1,1101049016805,18.58,0.14,136.45964, 0.66341,56309.36707,0
090550.30+003948.1,1101049016805,18.83,0.16,136.45954, 0.66340,56309.37217,0
090550.30+003948.1,1101049016805,18.57,0.14,136.45952, 0.66336,56324.35213,0
090550.30+003948.1,1101049016805,18.82,0.15,136.45966, 0.66333,56324.35725,0
090550.30+003948.1,1101049016805,18.91,0.16,136.45952, 0.66340,56324.36235,0
090550.30+003948.1,1101049016805,18.40,0.13,136.45952, 0.66346,56324.36746,0
090550.30+003948.1,1101049016805,18.65,0.15,136.45964, 0.66347,56330.31266,0
090550.30+003948.1,1101049016805,18.67,0.15,136.45952, 0.66334,56330.31830,0
090550.30+003948.1,1101049016805,18.29,0.13,136.45971, 0.66357,56330.32398,0
090550.30+003948.1,1101049016805,18.56,0.14,136.45956, 0.66344,56330.32961,0
090550.30+003948.1,1101049016805,18.71,0.15,136.45968, 0.66338,56339.26636,0
090550.30+003948.1,1101049016805,18.87,0.16,136.45965, 0.66327,56339.27194,0
090550.30+003948.1,1101049016805,19.01,0.17,136.45966, 0.66352,56339.27759,0
090550.30+003948.1,1101049016805,18.73,0.15,136.45957, 0.66347,56339.28321,0
090550.30+003948.1,1101049016805,18.41,0.13,136.45978, 0.66333,56352.23989,0
090550.30+003948.1,1101049016805,18.93,0.17,136.45953, 0.66351,56352.24557,0
090550.30+003948.1,1101049016805,18.61,0.14,136.45961, 0.66322,56352.25121,0
090550.30+003948.1,1101049016805,18.75,0.15,136.45971, 0.66359,56352.25688,0
090550.30+003948.1,1101049016805,18.70,0.15,136.45930, 0.66324,56366.19421,0
090550.30+003948.1,1101049016805,18.65,0.15,136.45969, 0.66359,56366.20052,0
090550.30+003948.1,1101049016805,18.71,0.15,136.45949, 0.66347,56366.20682,0
090550.30+003948.1,1101049016805,18.51,0.14,136.45948, 0.66341,56366.21311,0
090550.30+003948.1,1101049016805,18.80,0.15,136.45959, 0.66334,55946.23326,0
090550.30+003948.1,1101049016805,18.68,0.14,136.45968, 0.66354,55946.23777,0
090550.30+003948.1,1101049016805,18.84,0.16,136.45955, 0.66341,55946.24235,0
090550.30+003948.1,1101049016805,18.64,0.14,136.45964, 0.66346,55946.24683,0
090550.30+003948.1,1101049016805,18.67,0.15,136.45939, 0.66362,56397.15980,0
090550.30+003948.1,1101049016805,18.64,0.15,136.45946, 0.66373,56397.16759,0
090550.30+003948.1,1101049016805,18.89,0.16,136.45956, 0.66338,56397.17537,0
090550.30+003948.1,1101049016805,18.82,0.16,136.45961, 0.66344,56397.18326,0
140655.51+582200.0,1157042043645,18.07,0.12,211.73130,58.36700,53767.46833,0
140655.51+582200.0,1157042043645,17.90,0.12,211.73095,58.36684,53767.47165,0
140655.51+582200.0,1157042043645,18.01,0.11,211.73132,58.36690,53767.47495,0
140655.51+582200.0,1157042043645,18.09,0.17,211.73126,58.36679,53767.47818,0
140655.51+582200.0,1157042043645,18.28,0.36,211.73196,58.36646,53902.35723,0
140655.51+582200.0,1157042043645,18.41,0.14,211.73118,58.36702,53860.37357,0
140655.51+582200.0,1157042043645,18.11,0.12,211.73100,58.36700,53860.38023,0
140655.51+582200.0,1157042043645,18.21,0.13,211.73090,58.36681,53860.38687,0
140655.51+582200.0,1157042043645,18.21,0.13,211.73170,58.36693,53884.29044,0
140655.51+582200.0,1157042043645,17.93,0.11,211.73101,58.36696,53884.29699,0
140655.51+582200.0,1157042043645,17.87,0.11,211.73142,58.36708,53884.30353,0
140655.51+582200.0,1157042043645,18.13,0.12,211.73118,58.36693,53884.31010,0
140655.51+582200.0,1157042043645,18.21,0.12,211.73122,58.36647,54210.40802,0
140655.51+582200.0,1157042043645,18.09,0.12,211.73169,58.36701,54210.41336,0
140655.51+582200.0,1157042043645,18.52,0.14,211.73168,58.36692,54210.41866,0
140655.51+582200.0,1157042043645,18.44,0.13,211.73153,58.36688,54210.42398,0
140655.51+582200.0,1157042043645,18.18,0.12,211.73154,58.36693,54158.38790,0
140655.51+582200.0,1157042043645,18.31,0.12,211.73135,58.36694,54158.39677,0
140655.51+582200.0,1157042043645,18.32,0.12,211.73178,58.36681,54158.40121,0
140655.51+582200.0,1157042043645,18.21,0.12,211.73137,58.36665,54274.28740,0
140655.51+582200.0,1157042043645,18.08,0.12,211.73159,58.36692,54274.30415,0
140655.51+582200.0,1157042043645,18.37,0.14,211.73121,58.36671,54240.19655,0
140655.51+582200.0,1157042043645,18.17,0.12,211.73123,58.36672,54240.20444,0
140655.51+582200.0,1157042043645,17.99,0.11,211.73137,58.36696,54240.21083,0
140655.51+582200.0,1157042043645,18.13,0.12,211.73144,58.36683,54240.21722,0
140655.51+582200.0,1157042043645,18.27,0.12,211.73139,58.36692,54630.27468,0
140655.51+582200.0,1157042043645,17.84,0.10,211.73148,58.36706,54630.27912,0
140655.51+582200.0,1157042043645,18.18,0.12,211.73122,58.36688,54630.28802,0
140655.51+582200.0,1157042043645,18.06,0.11,211.73135,58.36683,54946.40859,0
140655.51+582200.0,1157042043645,18.14,0.12,211.73133,58.36702,54946.41404,0
140655.51+582200.0,1157042043645,18.03,0.12,211.73134,58.36690,54946.41953,0
140655.51+582200.0,1157042043645,17.97,0.11,211.73116,58.36691,54946.42501,0
140655.51+582200.0,1157042043645,18.14,0.11,211.73153,58.36699,54865.38575,0
140655.51+582200.0,1157042043645,18.03,0.11,211.73124,58.36688,54865.39331,0
140655.51+582200.0,1157042043645,18.25,0.12,211.73142,58.36708,54865.40077,0
140655.51+582200.0,1157042043645,17.99,0.11,211.73147,58.36717,54865.40832,0
140655.51+582200.0,1157042043645,18.17,0.12,211.73164,58.36681,54913.33749,0
140655.51+582200.0,1157042043645,18.06,0.11,211.73116,58.36706,54920.31706,0
140655.51+582200.0,1157042043645,17.91,0.11,211.73115,58.36697,54920.32224,0
140655.51+582200.0,1157042043645,18.18,0.12,211.73093,58.36703,54920.32745,0
140655.51+582200.0,1157042043645,18.18,0.12,211.73128,58.36685,55300.36749,0
140655.51+582200.0,1157042043645,17.80,0.10,211.73093,58.36696,55300.37377,0
140655.51+582200.0,1157042043645,18.26,0.12,211.73135,58.36700,55300.38635,0
140655.51+582200.0,1157042043645,18.33,0.13,211.73111,58.36681,55360.28222,0
140655.51+582200.0,1157042043645,18.26,0.12,211.73080,58.36689,55360.29569,0
140655.51+582200.0,1157042043645,17.94,0.11,211.73137,58.36707,55360.30247,0
140655.51+582200.0,1157042043645,18.22,0.12,211.73079,58.36688,55371.27800,0
140655.51+582200.0,1157042043645,18.50,0.14,211.73102,58.36685,55371.28382,0
140655.51+582200.0,1157042043645,18.20,0.14,211.73132,58.36669,55281.36735,0
140655.51+582200.0,1157042043645,18.13,0.13,211.73168,58.36667,55281.37091,0
140655.51+582200.0,1157042043645,18.25,0.14,211.73134,58.36692,55281.37444,0
140655.51+582200.0,1157042043645,18.03,0.13,211.73121,58.36690,55281.37802,0
140655.51+582200.0,1157042043645,18.55,0.14,211.73113,58.36696,55328.37771,0
140655.51+582200.0,1157042043645,18.26,0.12,211.73126,58.36704,55328.38930,0
140655.51+582200.0,1157042043645,18.48,0.17,211.73147,58.36703,55635.38635,0
140655.51+582200.0,1157042043645,17.93,0.14,211.73155,58.36702,55635.39731,0
140655.51+582200.0,1157042043645,18.23,0.12,211.73134,58.36679,56044.33807,0
140655.51+582200.0,1157042043645,18.12,0.12,211.73126,58.36678,56044.34317,0
140655.51+582200.0,1157042043645,18.03,0.11,211.73150,58.36684,56044.35337,0
140655.51+582200.0,1157042043645,18.22,0.13,211.73169,58.36664,56076.28313,0
140655.51+582200.0,1157042043645,18.34,0.14,211.73151,58.36667,56076.28913,0
140655.51+582200.0,1157042043645,18.36,0.14,211.73174,58.36649,56076.29514,0
140655.51+582200.0,1157042043645,18.26,0.13,211.73171,58.36671,56076.30108,0
140655.51+582200.0,1157042043645,18.45,0.13,211.73204,58.36651,56092.31338,0
140655.51+582200.0,1157042043645,18.39,0.13,211.73204,58.36675,56092.32063,0
140655.51+582200.0,1157042043645,18.13,0.12,211.73208,58.36683,56092.32794,0
140655.51+582200.0,1157042043645,18.70,0.15,211.73161,58.36654,56092.33524,0
140655.51+582200.0,1157042043645,18.39,0.13,211.73109,58.36681,56369.40338,0
140655.51+582200.0,1157042043645,17.79,0.10,211.73114,58.36679,56369.40804,0
140655.51+582200.0,1157042043645,17.89,0.11,211.73159,58.36699,56369.41263,0
140655.51+582200.0,1157042043645,18.41,0.13,211.73110,58.36687,56400.35762,0
140655.51+582200.0,1157042043645,18.11,0.12,211.73112,58.36684,56400.36215,0
140655.51+582200.0,1157042043645,18.06,0.12,211.73161,58.36706,56441.24035,0
140655.51+582200.0,1157042043645,18.19,0.12,211.73151,58.36687,56441.25189,0
140655.51+582200.0,1157042043645,17.99,0.11,211.73147,58.36690,56441.25767,0
140655.51+582200.0,1157042043731,20.37,0.34,211.74059,58.36612,53767.47495,0
140655.51+582200.0,1157042043731,20.12,0.29,211.73948,58.36623,54210.41866,0
140655.51+582200.0,1157042043731,20.95,0.44,211.74001,58.36510,54158.40121,0
140655.51+582200.0,1157042043731,20.19,0.31,211.74080,58.36604,54946.40859,0
140655.51+582200.0,1157042043731,19.69,0.23,211.73913,58.36580,54946.42501,0
140655.51+582200.0,1157042043731,19.97,0.26,211.74063,58.36589,55300.38008,0
140655.51+582200.0,1157042043731,19.96,0.26,211.74016,58.36474,55300.38635,0
140655.51+582200.0,1157042043731,20.94,0.46,211.74020,58.36630,55360.30247,0
140655.51+582200.0,1157042043731,19.61,0.25,211.74023,58.36478,56076.28313,0
140655.51+582200.0,1157042043731,20.35,0.33,211.74125,58.36533,56092.31338,0
140655.51+582200.0,1157042043731,20.28,0.32,211.73997,58.36505,56092.32794,0
140655.51+582200.0,1157042043731,19.11,0.18,211.73931,58.36496,56400.35762,0
140655.51+582200.0,1157042043766,18.14,0.18,211.73039,58.36910,53505.21801,0
140655.51+582200.0,1157042043766,17.96,0.11,211.73002,58.36915,53767.46833,0
140655.51+582200.0,1157042043766,17.76,0.11,211.72997,58.36922,53767.47165,0
140655.51+582200.0,1157042043766,17.95,0.11,211.73006,58.36931,53767.47495,0
140655.51+582200.0,1157042043766,17.91,0.16,211.73001,58.36920,53767.47818,0
140655.51+582200.0,1157042043766,17.63,0.25,211.73052,58.36899,53902.35518,0
140655.51+582200.0,1157042043766,17.29,0.21,211.72995,58.36916,53902.35618,0
140655.51+582200.0,1157042043766,17.71,0.26,211.73031,58.36901,53902.35723,0
140655.51+582200.0,1157042043766,17.35,0.22,211.73010,58.36820,53902.35822,0
140655.51+582200.0,1157042043766,17.29,0.09,211.73057,58.36811,53860.36693,0
140655.51+582200.0,1157042043766,17.70,0.10,211.72992,58.36915,53860.37357,0
140655.51+582200.0,1157042043766,18.10,0.12,211.72969,58.36912,53860.38023,0
140655.51+582200.0,1157042043766,17.68,0.10,211.72985,58.36922,53860.38687,0
140655.51+582200.0,1157042043766,17.79,0.11,211.73006,58.36917,53884.29044,0
140655.51+582200.0,1157042043766,17.89,0.11,211.72983,58.36925,53884.29699,0
140655.51+582200.0,1157042043766,17.99,0.12,211.73010,58.36920,53884.30353,0
140655.51+582200.0,1157042043766,17.90,0.11,211.72992,58.36935,53884.31010,0
140655.51+582200.0,1157042043766,17.68,0.10,211.73000,58.36920,54210.40802,0
140655.51+582200.0,1157042043766,18.03,0.11,211.72987,58.36913,54210.41336,0
140655.51+582200.0,1157042043766,17.59,0.10,211.73013,58.36903,54210.41866,0
140655.51+582200.0,1157042043766,17.70,0.10,211.73001,58.36902,54210.42398,0
140655.51+582200.0,1157042043766,17.94,0.11,211.72992,58.36915,54158.38790,0
140655.51+582200.0,1157042043766,17.26,0.09,211.73073,58.36805,54158.39235,0
140655.51+582200.0,1157042043766,17.82,0.10,211.73007,58.36905,54158.39677,0
140655.51+582200.0,1157042043766,17.83,0.10,211.73012,58.36918,54158.40121,0
140655.51+582200.0,1157042043766,17.82,0.11,211.73010,58.36908,54274.28740,0
140655.51+582200.0,1157042043766,17.23,0.09,211.73069,58.36798,54274.29299,0
140655.51+582200.0,1157042043766,17.36,0.09,211.73067,58.36821,54274.29860,0
140655.51+582200.0,1157042043766,17.91,0.11,211.73028,58.36903,54274.30415,0
140655.51+582200.0,1157042043766,17.74,0.11,211.72978,58.36922,54240.19655,0
140655.51+582200.0,1157042043766,17.80,0.11,211.72998,58.36916,54240.20444,0
140655.51+582200.0,1157042043766,17.82,0.11,211.73008,58.36934,54240.21083,0
140655.51+582200.0,1157042043766,17.90,0.11,211.72994,58.36926,54240.21722,0
140655.51+582200.0,1157042043766,17.74,0.10,211.73013,58.36925,54630.27468,0
140655.51+582200.0,1157042043766,17.93,0.11,211.73000,58.36933,54630.27912,0
140655.51+582200.0,1157042043766,18.00,0.11,211.72988,58.36925,54630.28359,0
140655.51+582200.0,1157042043766,17.98,0.11,211.73116,58.36710,54630.28359,1
140655.51+582200.0,1157042043766,17.87,0.10,211.72986,58.36935,54630.28802,0
140655.51+582200.0,1157042043766,17.90,0.11,211.72983,58.36926,54946.40859,0
140655.51+582200.0,1157042043766,17.89,0.11,211.72968,58.36926,54946.41404,0
140655.51+582200.0,1157042043766,17.86,0.11,211.72980,58.36930,54946.41953,0
140655.51+582200.0,1157042043766,17.91,0.11,211.72965,58.36932,54946.42501,0
140655.51+582200.0,1157042043766,17.84,0.10,211.73028,58.36938,54865.38575,0
140655.51+582200.0,1157042043766,18.04,0.11,211.72977,58.36932,54865.39331,0
140655.51+582200.0,1157042043766,17.71,0.10,211.73014,58.36922,54865.40077,0
140655.51+582200.0,1157042043766,17.96,0.11,211.72966,58.36930,54865.40832,0
140655.51+582200.0,1157042043766,18.00,0.11,211.72996,58.36933,54913.33749,0
140655.51+582200.0,1157042043766,17.18,0.08,211.73057,58.36813,54913.34289,0
140655.51+582200.0,1157042043766,17.78,0.10,211.72985,58.36928,54913.34829,0
140655.51+582200.0,1157042043766,18.20,0.12,211.73073,58.36706,54913.34829,1
140655.51+582200.0,1157042043766,17.90,0.10,211.72972,58.36932,54913.35378,0
140655.51+582200.0,1157042043766,17.99,0.11,211.73087,58.36704,54913.35378,1
140655.51+582200.0,1157042043766,18.03,0.11,211.72990,58.36921,54920.31706,0
140655.51+582200.0,1157042043766,17.99,0.11,211.72993,58.36942,54920.32224,0
140655.51+582200.0,1157042043766,17.63,0.10,211.73002,58.36937,54920.32745,0
140655.51+582200.0,1157042043766,18.03,0.11,211.73010,58.36924,54920.33270,0
140655.51+582200.0,1157042043766,17.89,0.11,211.73139,58.36712,54920.33270,1
140655.51+582200.0,1157042043766,17.92,0.11,211.72981,58.36927,55300.36749,0
140655.51+582200.0,1157042043766,17.97,0.11,211.72978,58.36924,55300.37377,0
140655.51+582200.0,1157042043766,17.89,0.11,211.72997,58.36932,55300.38008,0
140655.51+582200.0,1157042043766,18.23,0.12,211.73096,58.36709,55300.38008,1
140655.51+582200.0,1157042043766,17.92,0.11,211.72968,58.36934,55300.38635,0
140655.51+582200.0,1157042043766,17.77,0.10,211.72983,58.36924,55360.28222,0
140655.51+582200.0,1157042043766,17.31,0.09,211.73038,58.36812,55360.28894,0
140655.51+582200.0,1157042043766,17.77,0.10,211.72961,58.36917,55360.29569,0
140655.51+582200.0,1157042043766,17.96,0.11,211.72984,58.36930,55360.30247,0
140655.51+582200.0,1157042043766,17.76,0.10,211.73028,58.36922,55371.27800,0
140655.51+582200.0,1157042043766,17.13,0.09,211.73026,58.36805,55371.28088,0
140655.51+582200.0,1157042043766,17.49,0.10,211.72988,58.36912,55371.28382,0
140655.51+582200.0,1157042043766,17.87,0.11,211.72983,58.36923,55371.28670,0
140655.51+582200.0,1157042043766,18.02,0.12,211.73072,58.36724,55371.28670,1
140655.51+582200.0,1157042043766,17.89,0.12,211.72979,58.36910,55281.36735,0
140655.51+582200.0,1157042043766,17.62,0.11,211.72977,58.36899,55281.37091,0
140655.51+582200.0,1157042043766,17.65,0.11,211.72985,58.36904,55281.37444,0
140655.51+582200.0,1157042043766,18.06,0.13,211.72992,58.36904,55281.37802,0
140655.51+582200.0,1157042043766,17.72,0.10,211.72965,58.36925,55328.37771,0
140655.51+582200.0,1157042043766,17.31,0.09,211.73047,58.36826,55328.38353,0
140655.51+582200.0,1157042043766,17.88,0.11,211.72951,58.36932,55328.38930,0
140655.51+582200.0,1157042043766,17.10,0.08,211.73053,58.36831,55328.39514,0
140655.51+582200.0,1157042043766,17.11,0.08,211.73056,58.36819,55653.32915,0
140655.51+582200.0,1157042043766,17.23,0.09,211.73070,58.36814,55653.33496,0
140655.51+582200.0,1157042043766,17.17,0.09,211.73090,58.36824,55653.34079,0
140655.51+582200.0,1157042043766,17.25,0.09,211.73066,58.36804,55653.34664,0
140655.51+582200.0,1157042043766,17.16,0.09,211.73040,58.36808,55722.28654,0
140655.51+582200.0,1157042043766,17.27,0.09,211.73072,58.36801,55722.29348,0
140655.51+582200.0,1157042043766,17.30,0.09,211.73052,58.36815,55722.30042,0
140655.51+582200.0,1157042043766,17.22,0.09,211.73031,58.36829,55722.30745,0
140655.51+582200.0,1157042043766,17.48,0.11,211.72977,58.36939,55635.38635,0
140655.51+582200.0,1157042043766,17.76,0.13,211.73020,58.36962,55635.38999,0
140655.51+582200.0,1157042043766,17.90,0.14,211.73118,58.36718,55635.38999,1
140655.51+582200.0,1157042043766,17.45,0.12,211.72998,58.36951,55635.39366,0
140655.51+582200.0,1157042043766,18.27,0.16,211.73117,58.36719,55635.39366,1
140655.51+582200.0,1157042043766,17.97,0.14,211.73012,58.36957,55635.39731,0
140655.51+582200.0,1157042043766,17.96,0.11,211.73001,58.36927,55682.39127,0
140655.51+582200.0,1157042043766,18.01,0.11,211.73106,58.36707,55682.39127,1
140655.51+582200.0,1157042043766,17.10,0.09,211.73038,58.36806,55682.39648,0
140655.51+582200.0,1157042043766,17.26,0.09,211.73051,58.36809,55682.40167,0
140655.51+582200.0,1157042043766,17.16,0.09,211.73057,58.36811,55682.40690,0
140655.51+582200.0,1157042043766,17.65,0.10,211.73019,58.36921,56044.33807,0
140655.51+582200.0,1157042043766,17.95,0.11,211.73008,58.36906,56044.34317,0
140655.51+582200.0,1157042043766,17.23,0.09,211.73055,58.36796,56044.34831,0
140655.51+582200.0,1157042043766,17.69,0.10,211.72991,58.36907,56044.35337,0
140655.51+582200.0,1157042043766,17.70,0.11,211.73035,58.36897,56076.28313,0
140655.51+582200.0,1157042043766,17.70,0.11,211.73014,58.36884,56076.28913,0
140655.51+582200.0,1157042043766,17.68,0.11,211.73055,58.36878,56076.29514,0
140655.51+582200.0,1157042043766,17.72,0.11,211.73032,58.36905,56076.30108,0
140655.51+582200.0,1157042043766,17.71,0.10,211.73045,58.36876,56092.31338,0
140655.51+582200.0,1157042043766,17.64,0.10,211.73024,58.36903,56092.32063,0
140655.51+582200.0,1157042043766,17.64,0.10,211.73019,58.36892,56092.32794,0
140655.51+582200.0,1157042043766,17.53,0.10,211.73031,58.36879,56092.33524,0
140655.51+582200.0,1157042043766,17.94,0.11,211.73000,58.36919,56369.39886,0
140655.51+582200.0,1157042043766,17.88,0.11,211.73127,58.36705,56369.39886,1
140655.51+582200.0,1157042043766,17.68,0.10,211.72991,58.36913,56369.40338,0
140655.51+582200.0,1157042043766,17.90,0.11,211.73007,58.36918,56369.40804,0
140655.51+582200.0,1157042043766,17.91,0.11,211.72976,58.36914,56369.41263,0
140655.51+582200.0,1157042043766,17.84,0.11,211.72995,58.36910,56400.35762,0
140655.51+582200.0,1157042043766,17.80,0.10,211.72990,58.36924,56400.36215,0
140655.51+582200.0,1157042043766,17.21,0.09,211.73058,58.36808,56400.36671,0
140655.51+582200.0,1157042043766,17.85,0.11,211.72994,58.36886,56400.37133,0
140655.51+582200.0,1157042043766,18.07,0.11,211.73120,58.36708,56400.37133,1
140655.51+582200.0,1157042043766,17.72,0.10,211.72978,58.36916,56441.24035,0
140655.51+582200.0,1157042043766,17.17,0.09,211.73058,58.36799,56441.24608,0
140655.51+582200.0,1157042043766,17.72,0.10,211.73001,58.36920,56441.25189,0
140655.51+582200.0,1157042043766,18.01,0.12,211.73019,58.36904,56441.25767,0
161742.53+322234.4,1132075035946,17.85,0.10,244.43189,32.37936,53479.37589,0
161742.53+322234.4,1132075035946,17.90,0.11,244.43168,32.37934,53479.38454,0
161742.53+322234.4,1132075035946,18.03,0.11,244.43170,32.37939,53479.39324,0
161742.53+322234.4,1132075035946,17.93,0.11,244.43184,32.37933,53479.40194,0
161742.53+322234.4,1132075035946,17.77,0.10,244.43167,32.37927,53562.21826,0
161742.53+322234.4,1132075035946,17.86,0.11,244.43175,32.37931,53562.22478,0
161742.53+322234.4,1132075035946,17.81,0.10,244.43167,32.37935,53562.23133,0
161742.53+322234.4,1132075035946,17.89,0.11,244.43197,32.37929,53562.23785,0
161742.53+322234.4,1132075035946,17.83,0.10,244.43172,32.37920,53527.36203,0
161742.53+322234.4,1132075035946,17.84,0.11,244.43176,32.37933,53527.37074,0
161742.53+322234.4,1132075035946,17.77,0.10,244.43182,32.37935,53527.37966,0
161742.53+322234.4,1132075035946,17.92,0.11,244.43178,32.37924,53527.38828,0
161742.53+322234.4,1132075035946,18.01,0.12,244.43172,32.37933,53549.25112,0
161742.53+322234.4,1132075035946,18.05,0.12,244.43168,32.37930,53549.25780,0
161742.53+322234.4,1132075035946,17.81,0.11,244.43181,32.37929,53549.26437,0
161742.53+322234.4,1132075035946,17.92,0.11,244.43169,32.37938,53549.27093,0
161742.53+322234.4,1132075035946,17.78,0.11,244.43186,32.37930,53656.10484,0
161742.53+322234.4,1132075035946,18.28,0.13,244.43176,32.37932,53656.10921,0
161742.53+322234.4,1132075035946,17.44,0.10,244.43168,32.37871,53656.11355,0
161742.53+322234.4,1132075035946,17.94,0.12,244.43182,32.37931,53656.11788,0
161742.53+322234.4,1132075035946,17.95,0.11,244.43179,32.37936,53851.42803,0
161742.53+322234.4,1132075035946,17.81,0.11,244.43177,32.37943,53851.43454,0
161742.53+322234.4,1132075035946,17.89,0.11,244.43170,32.37935,53851.44101,0
161742.53+322234.4,1132075035946,17.91,0.11,244.43168,32.37931,53851.44748,0
161742.53+322234.4,1132075035946,17.89,0.11,244.43192,32.37931,53770.47981,0
161742.53+322234.4,1132075035946,18.04,0.11,244.43185,32.37929,53770.48647,0
161742.53+322234.4,1132075035946,18.03,0.11,244.43183,32.37933,53770.49313,0
161742.53+322234.4,1132075035946,17.89,0.11,244.43180,32.37935,53770.49976,0
161742.53+322234.4,1132075035946,17.31,0.24,244.43191,32.37935,53900.27786,0
161742.53+322234.4,1132075035946,18.89,0.57,244.43187,32.37925,53900.27982,0
161742.53+322234.4,1132075035946,17.95,0.12,244.43170,32.37930,53797.47668,0
161742.53+322234.4,1132075035946,17.90,0.11,244.43194,32.37942,53797.48488,0
161742.53+322234.4,1132075035946,17.74,0.11,244.43180,32.37931,53797.49308,0
161742.53+322234.4,1132075035946,17.81,0.11,244.43182,32.37923,53797.50156,0
161742.53+322234.4,1132075035946,17.82,0.11,244.43175,32.37932,53862.34381,0
161742.53+322234.4,1132075035946,17.86,0.11,244.43180,32.37928,53862.35306,0
161742.53+322234.4,1132075035946,17.84,0.11,244.43185,32.37936,53862.36190,0
161742.53+322234.4,1132075035946,17.98,0.11,244.43184,32.37933,53862.37015,0
161742.53+322234.4,1132075035946,17.87,0.27,244.43190,32.37950,53874.38844,0
161742.53+322234.4,1132075035946,17.86,0.27,244.43173,32.37933,53874.38920,0
161742.53+322234.4,1132075035946,17.94,0.28,244.43159,32.37924,53874.38995,0
161742.53+322234.4,1132075035946,17.74,0.25,244.43172,32.37953,53874.39071,0
161742.53+322234.4,1132075035946,17.85,0.10,244.43187,32.37936,53886.25021,0
161742.53+322234.4,1132075035946,17.88,0.10,244.43191,32.37930,53886.26084,0
161742.53+322234.4,1132075035946,17.96,0.11,244.43184,32.37924,53886.27151,0
161742.53+322234.4,1132075035946,17.87,0.10,244.43188,32.37942,53886.28218,0
161742.53+322234.4,1132075035946,17.93,0.10,244.43189,32.37931,53995.11543,0
161742.53+322234.4,1132075035946,17.97,0.11,244.43179,32.37932,53995.12513,0
161742.53+322234.4,1132075035946,17.91,0.10,244.43178,32.37929,53995.13478,0
161742.53+322234.4,1132075035946,17.92,0.10,244.43170,32.37923,53995.14443,0
161742.53+322234.4,1132075035946,17.87,0.10,244.43171,32.37938,54003.12174,0
161742.53+322234.4,1132075035946,17.88,0.10,244.43178,32.37932,54003.12808,0
161742.53+322234.4,1132075035946,17.90,0.11,244.43160,32.37929,54003.13444,0
161742.53+322234.4,1132075035946,17.78,0.10,244.43175,32.37935,54003.14079,0
161742.53+322234.4,1132075035946,17.90,0.11,244.43187,32.37934,54209.43858,0
161742.53+322234.4,1132075035946,17.91,0.11,244.43173,32.37921,54209.44400,0
161742.53+322234.4,1132075035946,17.91,0.11,244.43177,32.37933,54209.44948,0
161742.53+322234.4,1132075035946,17.80,0.10,244.43184,32.37930,54209.45495,0
161742.53+322234.4,1132075035946,18.17,0.35,244.43204,32.37923,54140.53804,0
161742.53+322234.4,1132075035946,17.86,0.10,244.43191,32.37942,54157.44350,0
161742.53+322234.4,1132075035946,17.91,0.11,244.43189,32.37932,54157.45274,0
161742.53+322234.4,1132075035946,17.84,0.10,244.43181,32.37934,54157.46200,0
161742.53+322234.4,1132075035946,17.78,0.10,244.43170,32.37929,54157.47126,0
161742.53+322234.4,1132075035946,17.88,0.11,244.43180,32.37919,54295.20581,0
161742.53+322234.4,1132075035946,17.99,0.11,244.43179,32.37931,54295.21012,0
161742.53+322234.4,1132075035946,17.96,0.11,244.43185,32.37925,54295.21441,0
161742.53+322234.4,1132075035946,17.90,0.11,244.43187,32.37919,54295.21871,0
161742.53+322234.4,1132075035946,17.80,0.10,244.43179,32.37924,54258.32961,0
161742.53+322234.4,1132075035946,17.99,0.11,244.43177,32.37931,54258.33617,0
161742.53+322234.4,1132075035946,17.84,0.10,244.43188,32.37925,54258.34270,0
161742.53+322234.4,1132075035946,18.00,0.11,244.43175,32.37933,54258.34922,0
161742.53+322234.4,1132075035946,17.88,0.11,244.43185,32.37915,54270.35456,0
161742.53+322234.4,1132075035946,17.85,0.11,244.43173,32.37931,54270.36209,0
161742.53+322234.4,1132075035946,17.98,0.11,244.43175,32.37932,54270.36962,0
161742.53+322234.4,1132075035946,17.95,0.11,244.43175,32.37931,54270.37714,0
161742.53+322234.4,1132075035946,17.92,0.11,244.43190,32.37934,54176.51392,0
161742.53+322234.4,1132075035946,17.88,0.10,244.43171,32.37932,54176.51955,0
161742.53+322234.4,1132075035946,17.79,0.10,244.43184,32.37943,54176.52517,0
161742.53+322234.4,1132075035946,18.20,0.12,244.43153,32.37880,54176.53075,0
161742.53+322234.4,1132075035946,17.83,0.11,244.43174,32.37935,54234.33722,0
161742.53+322234.4,1132075035946,17.89,0.11,244.43179,32.37926,54234.34218,0
161742.53+322234.4,1132075035946,17.86,0.11,244.43173,32.37933,54234.34714,0
161742.53+322234.4,1132075035946,17.75,0.10,244.43170,32.37925,54234.35208,0
161742.53+322234.4,1132075035946,17.97,0.11,244.43187,32.37934,54245.36187,0
161742.53+322234.4,1132075035946,17.85,0.11,244.43191,32.37928,54245.36958,0
161742.53+322234.4,1132075035946,17.89,0.11,244.43178,32.37916,54245.37728,0
161742.53+322234.4,1132075035946,17.92,0.11,244.43172,32.37941,54245.38500,0
161742.53+322234.4,1132075035946,17.98,0.11,244.43179,32.37944,54382.09625,0
161742.53+322234.4,1132075035946,17.96,0.11,244.43207,32.37946,54382.10059,0
161742.53+322234.4,1132075035946,17.87,0.11,244.43185,32.37941,54382.10490,0
161742.53+322234.4,1132075035946,17.93,0.11,244.43178,32.37944,54382.10920,0
161742.53+322234.4,1132075035946,17.68,0.12,244.43182,32.37929,54389.07958,0
161742.53+322234.4,1132075035946,17.71,0.12,244.43176,32.37931,54389.08341,0
161742.53+322234.4,1132075035946,18.13,0.14,244.43172,32.37927,54389.08721,0
161742.53+322234.4,1132075035946,17.96,0.13,244.43164,32.37932,54389.09099,0
161742.53+322234.4,1132075035946,18.10,0.10,244.43183,32.37955,54347.19709,0
161742.53+322234.4,1132075035946,18.23,0.11,244.43199,32.37957,54347.20438,0
161742.53+322234.4,1132075035946,18.02,0.10,244.43202,32.37937,54347.21166,0
161742.53+322234.4,1132075035946,18.16,0.11,244.43185,32.37947,54347.21891,0
161742.53+322234.4,1132075035946,17.95,0.11,244.43177,32.37950,54358.13751,0
161742.53+322234.4,1132075035946,18.04,0.11,244.43184,32.37946,54358.14406,0
161742.53+322234.4,1132075035946,17.79,0.10,244.43179,32.37937,54358.15060,0
161742.53+322234.4,1132075035946,17.89,0.11,244.43192,32.37936,54358.15714,0
161742.53+322234.4,1132075035946,17.96,0.11,244.43191,32.37946,54559.36727,0
161742.53+322234.4,1132075035946,18.01,0.11,244.43186,32.37942,54559.37595,0
161742.53+322234.4,1132075035946,17.98,0.11,244.43190,32.37937,54559.38456,0
161742.53+322234.4,1132075035946,17.91,0.11,244.43181,32.37933,54559.39328,0
161742.53+322234.4,1132075035946,18.00,0.11,244.43177,32.37941,54567.44589,0
161742.53+322234.4,1132075035946,17.96,0.11,244.43185,32.37937,54567.45371,0
161742.53+322234.4,1132075035946,18.02,0.11,244.43170,32.37938,54567.46150,0
161742.53+322234.4,1132075035946,18.05,0.11,244.43192,32.37934,54567.46930,0
161742.53+322234.4,1132075035946,18.09,0.11,244.43174,32.37936,54573.27657,0
161742.53+322234.4,1132075035946,17.87,0.11,244.43165,32.37926,54573.28415,0
161742.53+322234.4,1132075035946,18.00,0.11,244.43177,32.37941,54573.29173,0
161742.53+322234.4,1132075035946,17.57,0.10,244.43187,32.37947,54573.29929,0
161742.53+322234.4,1132075035946,18.02,0.11,244.43181,32.37931,54583.41913,0
161742.53+322234.4,1132075035946,17.99,0.11,244.43179,32.37942,54583.42343,0
161742.53+322234.4,1132075035946,18.04,0.11,244.43174,32.37930,54583.42779,0
161742.53+322234.4,1132075035946,17.71,0.10,244.43172,32.37935,54583.43212,0
161742.53+322234.4,1132075035946,18.05,0.11,244.43180,32.37935,54508.48504,0
161742.53+322234.4,1132075035946,17.86,0.10,244.43192,32.37938,54508.48995,0
161742.53+322234.4,1132075035946,17.77,0.10,244.43182,32.37928,54508.49486,0
161742.53+322234.4,1132075035946,17.80,0.10,244.43190,32.37934,54508.49980,0
161742.53+322234.4,1132075035946,17.59,0.14,244.43243,32.37963,54525.47743,0
161742.53+322234.4,1132075035946,17.83,0.14,244.43173,32.37922,54525.48672,0
161742.53+322234.4,1132075035946,18.02,0.14,244.43212,32.37940,54525.49262,0
161742.53+322234.4,1132075035946,18.11,0.13,244.43175,32.37942,54525.49854,0
161742.53+322234.4,1132075035946,17.94,0.11,244.43179,32.37942,54626.34342,0
161742.53+322234.4,1132075035946,18.04,0.11,244.43189,32.37930,54626.35068,0
161742.53+322234.4,1132075035946,17.88,0.11,244.43176,32.37933,54626.35795,0
161742.53+322234.4,1132075035946,17.78,0.10,244.43177,32.37932,54626.36522,0
161742.53+322234.4,1132075035946,17.93,0.11,244.43169,32.37930,54640.32770,0
161742.53+322234.4,1132075035946,17.77,0.10,244.43175,32.37936,54640.33422,0
161742.53+322234.4,1132075035946,17.65,0.10,244.43204,32.37925,54640.34079,0
161742.53+322234.4,1132075035946,17.78,0.10,244.43180,32.37935,54640.34735,0
161742.53+322234.4,1132075035946,17.98,0.11,244.43196,32.37942,54531.43603,0
161742.53+322234.4,1132075035946,17.95,0.11,244.43181,32.37943,54531.44511,0
161742.53+322234.4,1132075035946,17.94,0.11,244.43189,32.37940,54531.45418,0
161742.53+322234.4,1132075035946,17.81,0.10,244.43174,32.37932,54531.46322,0
161742.53+322234.4,1132075035946,17.87,0.10,244.43175,32.37920,54548.43854,0
161742.53+322234.4,1132075035946,17.88,0.10,244.43167,32.37911,54548.44526,0
161742.53+322234.4,1132075035946,17.76,0.10,244.43186,32.37933,54548.45196,0
161742.53+322234.4,1132075035946,17.94,0.11,244.43204,32.37943,54548.45875,0
161742.53+322234.4,1132075035946,17.94,0.11,244.43180,32.37938,54589.40185,0
161742.53+322234.4,1132075035946,17.84,0.10,244.43178,32.37937,54589.40622,0
161742.53+322234.4,1132075035946,17.80,0.10,244.43188,32.37930,54589.41063,0
161742.53+322234.4,1132075035946,17.76,0.10,244.43166,32.37933,54589.41502,0
161742.53+322234.4,1132075035946,17.93,0.11,244.43186,32.37944,54596.27277,0
161742.53+322234.4,1132075035946,17.81,0.11,244.43177,32.37935,54596.28041,0
161742.53+322234.4,1132075035946,18.11,0.12,244.43185,32.37929,54596.28811,0
161742.53+322234.4,1132075035946,17.81,0.11,244.43178,32.37935,54596.29582,0
161742.53+322234.4,1132075035946,17.82,0.10,244.43180,32.37943,54746.10971,0
161742.53+322234.4,1132075035946,18.09,0.11,244.43219,32.37950,54746.11452,0
161742.53+322234.4,1132075035946,18.10,0.11,244.43199,32.37969,54746.11939,0
161742.53+322234.4,1132075035946,17.80,0.10,244.43208,32.37963,54746.12418,0
161742.53+322234.4,1132075035946,17.85,0.10,244.43178,32.37937,54942.32681,0
161742.53+322234.4,1132075035946,17.99,0.11,244.43182,32.37933,54942.33233,0
161742.53+322234.4,1132075035946,17.94,0.11,244.43183,32.37932,54942.33783,0
161742.53+322234.4,1132075035946,17.91,0.11,244.43174,32.37941,54942.34324,0
161742.53+322234.4,1132075035946,18.06,0.14,244.43129,32.37913,55045.23661,0
161742.53+322234.4,1132075035946,17.71,0.12,244.43117,32.37911,55045.24202,0
161742.53+322234.4,1132075035946,17.80,0.12,244.43148,32.37896,55045.24746,0
161742.53+322234.4,1132075035946,17.68,0.12,244.43140,32.37903,55045.25289,0
161742.53+322234.4,1132075035946,18.00,0.12,244.43177,32.37915,54875.50334,0
161742.53+322234.4,1132075035946,17.93,0.11,244.43194,32.37935,54875.50877,0
161742.53+322234.4,1132075035946,17.92,0.11,244.43193,32.37941,54875.51417,0
161742.53+322234.4,1132075035946,17.86,0.11,244.43194,32.37927,54875.51954,0
161742.53+322234.4,1132075035946,17.84,0.11,244.43185,32.37931,54890.47357,0
161742.53+322234.4,1132075035946,17.97,0.13,244.43184,32.37931,54890.47961,0
161742.53+322234.4,1132075035946,17.89,0.11,244.43185,32.37940,54890.48565,0
161742.53+322234.4,1132075035946,17.88,0.11,244.43193,32.37935,54890.49176,0
161742.53+322234.4,1132075035946,18.04,0.11,244.43180,32.37928,54997.35057,0
161742.53+322234.4,1132075035946,17.85,0.10,244.43179,32.37941,54997.35656,0
161742.53+322234.4,1132075035946,17.94,0.11,244.43173,32.37942,54997.36267,0
161742.53+322234.4,1132075035946,17.81,0.10,244.43172,32.37928,54997.36858,0
161742.53+322234.4,1132075035946,17.95,0.11,244.43195,32.37924,54912.40072,0
161742.53+322234.4,1132075035946,18.27,0.20,244.43189,32.37941,54912.40558,0
161742.53+322234.4,1132075035946,17.84,0.10,244.43178,32.37935,54920.37543,0
161742.53+322234.4,1132075035946,17.85,0.10,244.43180,32.37936,54920.38334,0
161742.53+322234.4,1132075035946,17.84,0.10,244.43188,32.37936,54920.39129,0
161742.53+322234.4,1132075035946,17.91,0.11,244.43181,32.37938,54920.39922,0
161742.53+322234.4,1132075035946,17.95,0.11,244.43183,32.37926,54953.43161,0
161742.53+322234.4,1132075035946,17.94,0.11,244.43170,32.37933,54953.43881,0
161742.53+322234.4,1132075035946,17.88,0.11,244.43188,32.37931,54953.44611,0
161742.53+322234.4,1132075035946,17.92,0.11,244.43160,32.37933,54953.45336,0
161742.53+322234.4,1132075035946,18.01,0.11,244.43190,32.37935,54966.45080,0
161742.53+322234.4,1132075035946,17.73,0.10,244.43170,32.37940,54966.45859,0
161742.53+322234.4,1132075035946,17.91,0.11,244.43165,32.37951,54966.46654,0
161742.53+322234.4,1132075035946,17.86,0.11,244.43179,32.37933,54966.47446,0
161742.53+322234.4,1132075035946,18.02,0.11,244.43166,32.37928,54979.32227,0
161742.53+322234.4,1132075035946,17.86,0.11,244.43187,32.37923,54979.32963,0
161742.53+322234.4,1132075035946,17.82,0.10,244.43181,32.37933,54979.33688,0
161742.53+322234.4,1132075035946,17.81,0.10,244.43178,32.37931,54979.34416,0
161742.53+322234.4,1132075035946,17.92,0.11,244.43187,32.37945,55095.14818,0
161742.53+322234.4,1132075035946,17.93,0.11,244.43186,32.37919,55095.15371,0
161742.53+322234.4,1132075035946,17.81,0.11,244.43183,32.37944,55095.15915,0
161742.53+322234.4,1132075035946,17.93,0.11,244.43187,32.37932,55095.16462,0
161742.53+322234.4,1132075035946,17.95,0.13,244.43188,32.37932,55102.09539,0
161742.53+322234.4,1132075035946,18.19,0.14,244.43184,32.37924,55102.09935,0
161742.53+322234.4,1132075035946,17.64,0.12,244.43177,32.37925,55102.10331,0
161742.53+322234.4,1132075035946,17.89,0.13,244.43170,32.37931,55102.10729,0
161742.53+322234.4,1132075035946,17.90,0.11,244.43179,32.37919,55299.37570,0
161742.53+322234.4,1132075035946,17.94,0.11,244.43166,32.37930,55299.38265,0
161742.53+322234.4,1132075035946,18.01,0.11,244.43186,32.37937,55299.38964,0
161742.53+322234.4,1132075035946,17.82,0.10,244.43178,32.37925,55299.39659,0
161742.53+322234.4,1132075035946,17.80,0.09,244.43170,32.37931,55352.30841,0
161742.53+322234.4,1132075035946,17.86,0.09,244.43168,32.37938,55352.31660,0
161742.53+322234.4,1132075035946,17.99,0.09,244.43172,32.37925,55352.32477,0
161742.53+322234.4,1132075035946,17.86,0.09,244.43169,32.37939,55352.33295,0
161742.53+322234.4,1132075035946,17.92,0.11,244.43169,32.37934,55365.32358,0
161742.53+322234.4,1132075035946,18.06,0.11,244.43171,32.37929,55365.32888,0
161742.53+322234.4,1132075035946,18.02,0.11,244.43162,32.37915,55365.33421,0
161742.53+322234.4,1132075035946,17.87,0.11,244.43171,32.37926,55365.33946,0
161742.53+322234.4,1132075035946,18.05,0.11,244.43178,32.37930,55271.42947,0
161742.53+322234.4,1132075035946,17.90,0.11,244.43185,32.37932,55271.43698,0
161742.53+322234.4,1132075035946,18.04,0.11,244.43179,32.37942,55271.44448,0
161742.53+322234.4,1132075035946,17.96,0.11,244.43186,32.37918,55271.45204,0
161742.53+322234.4,1132075035946,17.88,0.11,244.43181,32.37933,55280.40638,0
161742.53+322234.4,1132075035946,18.00,0.11,244.43166,32.37941,55280.41323,0
161742.53+322234.4,1132075035946,17.84,0.10,244.43169,32.37927,55280.42012,0
161742.53+322234.4,1132075035946,17.89,0.11,244.43182,32.37932,55280.42706,0
161742.53+322234.4,1132075035946,18.03,0.11,244.43185,32.37931,55320.27712,0
161742.53+322234.4,1132075035946,17.75,0.10,244.43172,32.37929,55320.28290,0
161742.53+322234.4,1132075035946,17.98,0.11,244.43170,32.37922,55320.28867,0
161742.53+322234.4,1132075035946,18.00,0.11,244.43183,32.37929,55320.29449,0
161742.53+322234.4,1132075035946,17.78,0.10,244.43177,32.37931,55320.30033,0
161742.53+322234.4,1132075035946,18.02,0.11,244.43164,32.37932,55328.40250,0
161742.53+322234.4,1132075035946,17.91,0.11,244.43175,32.37918,55328.40883,0
161742.53+322234.4,1132075035946,17.86,0.10,244.43178,32.37929,55328.41522,0
161742.53+322234.4,1132075035946,17.89,0.11,244.43178,32.37921,55328.42162,0
161742.53+322234.4,1132075035946,17.93,0.11,244.43173,32.37924,55341.34843,0
161742.53+322234.4,1132075035946,17.72,0.10,244.43181,32.37925,55341.35418,0
161742.53+322234.4,1132075035946,17.99,0.11,244.43169,32.37922,55341.35996,0
161742.53+322234.4,1132075035946,17.93,0.11,244.43165,32.37922,55341.36570,0
161742.53+322234.4,1132075035946,18.00,0.11,244.43191,32.37918,55455.14927,0
161742.53+322234.4,1132075035946,18.14,0.12,244.43186,32.37885,55455.16503,0
161742.53+322234.4,1132075035946,17.98,0.11,244.43185,32.37925,55455.17241,0
161742.53+322234.4,1132075035946,17.86,0.11,244.43174,32.37934,55659.42781,0
161742.53+322234.4,1132075035946,17.99,0.11,244.43180,32.37949,55659.43297,0
161742.53+322234.4,1132075035946,17.99,0.11,244.43169,32.37928,55659.43819,0
161742.53+322234.4,1132075035946,18.10,0.12,244.43168,32.37930,55659.44334,0
161742.53+322234.4,1132075035946,17.96,0.11,244.43160,32.37927,55677.30437,0
161742.53+322234.4,1132075035946,18.11,0.12,244.43191,32.37946,55677.31136,0
161742.53+322234.4,1132075035946,18.08,0.12,244.43181,32.37932,55677.31829,0
161742.53+322234.4,1132075035946,17.88,0.11,244.43173,32.37932,55677.32527,0
161742.53+322234.4,1132075035946,17.92,0.11,244.43173,32.37941,55714.32058,0
161742.53+322234.4,1132075035946,17.95,0.11,244.43180,32.37936,55714.32509,0
161742.53+322234.4,1132075035946,18.08,0.12,244.43171,32.37922,55714.32960,0
161742.53+322234.4,1132075035946,17.93,0.12,244.43182,32.37939,55714.33410,0
161742.53+322234.4,1132075035946,18.10,0.12,244.43186,32.37932,55720.33535,0
161742.53+322234.4,1132075035946,17.90,0.11,244.43187,32.37933,55720.34115,0
161742.53+322234.4,1132075035946,17.93,0.11,244.43160,32.37947,55720.34700,0
161742.53+322234.4,1132075035946,17.84,0.11,244.43175,32.37948,55720.35274,0
161742.53+322234.4,1132075035946,18.23,0.13,244.43195,32.37940,55628.44047,0
161742.53+322234.4,1132075035946,17.87,0.12,244.43194,32.37954,55628.44559,0
161742.53+322234.4,1132075035946,17.77,0.12,244.43174,32.37934,55628.45076,0
161742.53+322234.4,1132075035946,17.97,0.12,244.43172,32.37922,55628.45591,0
161742.53+322234.4,1132075035946,17.97,0.11,244.43169,32.37936,55648.38698,0
161742.53+322234.4,1132075035946,17.95,0.11,244.43170,32.37925,55648.39553,0
161742.53+322234.4,1132075035946,17.98,0.11,244.43177,32.37930,55648.40415,0
161742.53+322234.4,1132075035946,17.97,0.11,244.43174,32.37938,55648.41279,0
161742.53+322234.4,1132075035946,17.85,0.11,244.43180,32.37931,55688.34903,0
161742.53+322234.4,1132075035946,17.93,0.11,244.43167,32.37932,55688.35423,0
161742.53+322234.4,1132075035946,17.89,0.11,244.43187,32.37938,55688.35948,0
161742.53+322234.4,1132075035946,17.94,0.11,244.43175,32.37924,55688.36469,0
161742.53+322234.4,1132075035946,17.88,0.11,244.43180,32.37950,55701.41543,0
161742.53+322234.4,1132075035946,17.80,0.11,244.43171,32.37928,55701.42222,0
161742.53+322234.4,1132075035946,17.80,0.11,244.43161,32.37936,55701.42904,0
161742.53+322234.4,1132075035946,17.90,0.11,244.43176,32.37926,55701.43587,0
161742.53+322234.4,1132075035946,17.86,0.11,244.43179,32.37946,54912.42129,0
161742.53+322234.4,1132075035946,17.83,0.11,244.43186,32.37937,54912.42610,0
161742.53+322234.4,1132075035946,17.95,0.11,244.43183,32.37935,54912.43112,0
161742.53+322234.4,1132075035946,17.49,0.19,244.43215,32.37876,54912.43594,0
161742.53+322234.4,1132075035946,18.06,0.11,244.43200,32.37895,55830.13045,0
161742.53+322234.4,1132075035946,18.15,0.12,244.43231,32.37905,55830.13857,0
161742.53+322234.4,1132075035946,18.15,0.12,244.43195,32.37913,55830.14594,0
161742.53+322234.4,1132075035946,18.41,0.13,244.43210,32.37910,55830.15335,0
161742.53+322234.4,1132075035946,17.91,0.11,244.43171,32.37936,56019.44721,0
161742.53+322234.4,1132075035946,17.91,0.11,244.43183,32.37925,56019.45608,0
161742.53+322234.4,1132075035946,18.08,0.11,244.43177,32.37938,56019.46511,0
161742.53+322234.4,1132075035946,18.05,0.11,244.43182,32.37920,56019.47419,0
161742.53+322234.4,1132075035946,18.02,0.11,244.43187,32.37918,56039.43570,0
161742.53+322234.4,1132075035946,18.01,0.11,244.43199,32.37918,56039.44191,0
161742.53+322234.4,1132075035946,17.95,0.11,244.43184,32.37926,56039.44811,0
161742.53+322234.4,1132075035946,18.08,0.12,244.43190,32.37911,56039.45430,0
161742.53+322234.4,1132075035946,17.85,0.11,244.43176,32.37941,56046.38124,0
161742.53+322234.4,1132075035946,17.97,0.11,244.43173,32.37925,56046.38813,0
161742.53+322234.4,1132075035946,17.97,0.11,244.43166,32.37936,56046.39501,0
161742.53+322234.4,1132075035946,17.92,0.11,244.43192,32.37943,56046.40177,0
161742.53+322234.4,1132075035946,18.02,0.11,244.43184,32.37934,56063.37637,0
161742.53+322234.4,1132075035946,17.99,0.11,244.43207,32.37926,56063.38318,0
161742.53+322234.4,1132075035946,17.99,0.11,244.43197,32.37926,56063.39001,0
161742.53+322234.4,1132075035946,17.91,0.11,244.43176,32.37936,56063.39676,0
161742.53+322234.4,1132075035946,18.18,0.10,244.43173,32.37937,56071.34830,0
161742.53+322234.4,1132075035946,18.46,0.11,244.43177,32.37910,56071.35582,0
161742.53+322234.4,1132075035946,17.99,0.10,244.43178,32.37920,56071.36325,0
161742.53+322234.4,1132075035946,17.89,0.09,244.43194,32.37930,56071.37076,0
161742.53+322234.4,1132075035946,17.84,0.11,244.43184,32.37912,56077.37563,0
161742.53+322234.4,1132075035946,18.10,0.12,244.43183,32.37928,56077.38366,0
161742.53+322234.4,1132075035946,17.89,0.11,244.43189,32.37932,56077.39166,0
161742.53+322234.4,1132075035946,17.77,0.11,244.43179,32.37924,56077.39976,0
161742.53+322234.4,1132075035946,18.09,0.11,244.43187,32.37922,56088.35802,0
161742.53+322234.4,1132075035946,18.05,0.11,244.43196,32.37930,56088.36306,0
161742.53+322234.4,1132075035946,17.85,0.10,244.43176,32.37926,56088.36750,0
161742.53+322234.4,1132075035946,18.06,0.11,244.43201,32.37930,56088.37201,0
161742.53+322234.4,1132075035946,17.82,0.11,244.43195,32.37931,56099.28305,0
161742.53+322234.4,1132075035946,17.92,0.11,244.43190,32.37922,56099.29032,0
161742.53+322234.4,1132075035946,18.09,0.12,244.43195,32.37923,56099.29769,0
161742.53+322234.4,1132075035946,17.92,0.11,244.43196,32.37929,56099.30501,0
161742.53+322234.4,1132075035946,17.79,0.09,244.43184,32.37929,56188.11066,0
161742.53+322234.4,1132075035946,17.96,0.10,244.43185,32.37947,56188.11547,0
161742.53+322234.4,1132075035946,17.86,0.10,244.43186,32.37941,56188.12033,0
161742.53+322234.4,1132075035946,17.85,0.10,244.43174,32.37934,56188.12520,0
161742.53+322234.4,1132075035946,17.77,0.10,244.43161,32.37934,56194.13162,0
161742.53+322234.4,1132075035946,17.85,0.10,244.43183,32.37941,56194.13438,0
161742.53+322234.4,1132075035946,17.91,0.10,244.43193,32.37931,56194.13718,0
161742.53+322234.4,1132075035946,18.15,0.11,244.43166,32.37917,56194.13991,0
161742.53+322234.4,1132075035946,17.96,0.11,244.43182,32.37948,56374.37513,0
161742.53+322234.4,1132075035946,17.89,0.11,244.43185,32.37926,56374.38333,0
161742.53+322234.4,1132075035946,17.95,0.11,244.43187,32.37930,56374.39168,0
161742.53+322234.4,1132075035946,18.06,0.12,244.43163,32.37930,56374.39996,0
161742.53+322234.4,1132075035946,17.86,0.11,244.43188,32.37933,55956.49768,0
161742.53+322234.4,1132075035946,17.94,0.11,244.43199,32.37930,55956.50388,0
161742.53+322234.4,1132075035946,17.88,0.11,244.43193,32.37930,55956.51012,0
161742.53+322234.4,1132075035946,17.77,0.10,244.43197,32.37931,55956.51631,0
161742.53+322234.4,1132075035946,18.05,0.12,244.43171,32.37927,56395.42676,0
161742.53+322234.4,1132075035946,17.95,0.11,244.43177,32.37935,56395.43355,0
161742.53+322234.4,1132075035946,17.92,0.11,244.43185,32.37935,56395.44040,0
161742.53+322234.4,1132075035946,17.90,0.11,244.43188,32.37936,56395.44727,0
161742.53+322234.4,1132075035946,17.85,0.11,244.43171,32.37933,56419.36890,0
161742.53+322234.4,1132075035946,17.91,0.11,244.43184,32.37929,56419.37746,0
161742.53+322234.4,1132075035946,17.87,0.11,244.43191,32.37932,56419.38598,0
161742.53+322234.4,1132075035946,17.90,0.11,244.43190,32.37926,56419.39454,0
161742.53+322234.4,1132075035946,18.01,0.12,244.43186,32.37945,56427.39039,0
161742.53+322234.4,1132075035946,17.85,0.11,244.43172,32.37922,56427.39715,0
161742.53+322234.4,1132075035946,17.86,0.11,244.43181,32.37940,56427.40394,0
161742.53+322234.4,1132075035946,17.92,0.11,244.43175,32.37935,56427.41075,0
161742.53+322234.4,1132075035946,17.85,0.11,244.43193,32.37931,56432.26652,0
161742.53+322234.4,1132075035946,17.90,0.11,244.43184,32.37943,56432.27164,0
161742.53+322234.4,1132075035946,17.96,0.11,244.43181,32.37935,56432.27675,0
161742.53+322234.4,1132075035946,17.89,0.11,244.43182,32.37935,56432.28185,0
161742.53+322234.4,1132075035946,17.85,0.11,244.43178,32.37935,56446.33519,0
161742.53+322234.4,1132075035946,17.91,0.11,244.43173,32.37936,56446.34201,0
161742.53+322234.4,1132075035946,17.95,0.11,244.43182,32.37945,56446.34879,0
161742.53+322234.4,1132075035946,17.99,0.11,244.43176,32.37927,56446.35556,0
161742.53+322234.4,1132075035946,17.95,0.11,244.43184,32.37929,56453.35759,0
161742.53+322234.4,1132075035946,17.93,0.11,244.43186,32.37932,56453.36270,0
161742.53+322234.4,1132075035946,17.98,0.12,244.43196,32.37923,56453.36782,0
161742.53+322234.4,1132075035946,17.89,0.11,244.43178,32.37938,56453.37296,0
161742.53+322234.4,1132075035946,17.81,0.11,244.43195,32.37932,56461.32208,0
161742.53+322234.4,1132075035946,17.79,0.11,244.43186,32.37937,56461.32716,0
161742.53+322234.4,1132075035946,17.94,0.11,244.43182,32.37931,56461.33228,0
161742.53+322234.4,1132075035946,17.86,0.11,244.43190,32.37935,56461.33741,0
161742.53+322234.4,1132075035946,17.85,0.14,244.43202,32.37923,56471.24780,0
161742.53+322234.4,1132075035946,17.59,0.11,244.43192,32.37930,56471.25447,0
161742.53+322234.4,1132075035946,17.80,0.13,244.43181,32.37939,56471.26120,0
161742.53+322234.4,1132075035946,17.93,0.13,244.43183,32.37928,56471.26802,0
161742.53+322234.4,1132075035946,17.92,0.11,244.43177,32.37935,56558.12293,0
161742.53+322234.4,1132075035946,17.95,0.11,244.43185,32.37930,56558.12737,0
161742.53+322234.4,1132075035946,17.92,0.11,244.43174,32.37932,56558.13183,0
161742.53+322234.4,1132075035946,17.96,0.11,244.43180,32.37925,56558.13630,0
161742.53+322234.4,1132075036162,16.07,0.07,244.42705,32.37631,53479.37589,0
161742.53+322234.4,1132075036162,16.07,0.07,244.42703,32.37626,53479.38454,0
161742.53+322234.4,1132075036162,16.02,0.07,244.42709,32.37631,53479.39324,0
161742.53+322234.4,1132075036162,16.09,0.07,244.42705,32.37631,53479.40194,0
161742.53+322234.4,1132075036162,16.10,0.07,244.42708,32.37622,53562.21826,0
161742.53+322234.4,1132075036162,16.08,0.07,244.42707,32.37624,53562.22478,0
161742.53+322234.4,1132075036162,16.08,0.07,244.42701,32.37629,53562.23133,0
161742.53+322234.4,1132075036162,16.03,0.07,244.42710,32.37626,53562.23785,0
161742.53+322234.4,1132075036162,16.13,0.07,244.42704,32.37630,53527.36203,0
161742.53+322234.4,1132075036162,16.04,0.07,244.42706,32.37631,53527.37074,0
161742.53+322234.4,1132075036162,16.10,0.07,244.42705,32.37629,53527.37966,0
161742.53+322234.4,1132075036162,16.09,0.07,244.42711,32.37621,53527.38828,0
161742.53+322234.4,1132075036162,16.12,0.07,244.42701,32.37629,53549.25112,0
161742.53+322234.4,1132075036162,16.07,0.07,244.42701,32.37631,53549.25780,0
161742.53+322234.4,1132075036162,16.09,0.07,244.42710,32.37627,53549.26437,0
161742.53+322234.4,1132075036162,16.08,0.07,244.42700,32.37625,53549.27093,0
161742.53+322234.4,1132075036162,15.99,0.07,244.42709,32.37628,53656.10484,0
161742.53+322234.4,1132075036162,15.99,0.07,244.42714,32.37616,53656.10921,0
161742.53+322234.4,1132075036162,16.04,0.07,244.42704,32.37624,53656.11355,0
161742.53+322234.4,1132075036162,16.03,0.07,244.42705,32.37619,53656.11788,0
161742.53+322234.4,1132075036162,15.89,0.07,244.42707,32.37626,53851.42803,0
161742.53+322234.4,1132075036162,15.92,0.07,244.42707,32.37631,53851.43454,0
161742.53+322234.4,1132075036162,15.89,0.07,244.42708,32.37626,53851.44101,0
161742.53+322234.4,1132075036162,15.89,0.07,244.42708,32.37629,53851.44748,0
161742.53+322234.4,1132075036162,15.95,0.07,244.42714,32.37631,53770.47981,0
161742.53+322234.4,1132075036162,15.91,0.07,244.42709,32.37633,53770.48647,0
161742.53+322234.4,1132075036162,15.89,0.07,244.42706,32.37631,53770.49313,0
161742.53+322234.4,1132075036162,15.89,0.07,244.42709,32.37634,53770.49976,0
161742.53+322234.4,1132075036162,15.60,0.11,244.42722,32.37629,53900.27786,0
161742.53+322234.4,1132075036162,15.65,0.11,244.42727,32.37604,53900.27884,0
161742.53+322234.4,1132075036162,15.84,0.12,244.42737,32.37613,53900.27982,0
161742.53+322234.4,1132075036162,15.68,0.11,244.42730,32.37607,53900.28081,0
161742.53+322234.4,1132075036162,15.91,0.07,244.42713,32.37630,53797.47668,0
161742.53+322234.4,1132075036162,15.90,0.07,244.42709,32.37626,53797.48488,0
161742.53+322234.4,1132075036162,15.90,0.07,244.42709,32.37626,53797.49308,0
161742.53+322234.4,1132075036162,15.90,0.07,244.42708,32.37632,53797.50156,0
161742.53+322234.4,1132075036162,15.89,0.07,244.42703,32.37633,53862.34381,0
161742.53+322234.4,1132075036162,15.91,0.07,244.42713,32.37630,53862.35306,0
161742.53+322234.4,1132075036162,15.91,0.07,244.42713,32.37625,53862.36190,0
161742.53+322234.4,1132075036162,15.88,0.07,244.42713,32.37629,53862.37015,0
161742.53+322234.4,1132075036162,15.96,0.11,244.42700,32.37622,53874.38844,0
161742.53+322234.4,1132075036162,15.77,0.11,244.42714,32.37629,53874.38920,0
161742.53+322234.4,1132075036162,15.84,0.11,244.42713,32.37634,53874.38995,0
161742.53+322234.4,1132075036162,15.82,0.11,244.42713,32.37618,53874.39071,0
161742.53+322234.4,1132075036162,15.83,0.06,244.42710,32.37629,53886.25021,0
161742.53+322234.4,1132075036162,15.85,0.06,244.42708,32.37627,53886.26084,0
161742.53+322234.4,1132075036162,15.85,0.06,244.42710,32.37634,53886.27151,0
161742.53+322234.4,1132075036162,15.84,0.06,244.42709,32.37631,53886.28218,0
161742.53+322234.4,1132075036162,15.72,0.06,244.42708,32.37631,53995.11543,0
161742.53+322234.4,1132075036162,15.74,0.06,244.42710,32.37626,53995.12513,0
161742.53+322234.4,1132075036162,15.74,0.06,244.42710,32.37623,53995.13478,0
161742.53+322234.4,1132075036162,15.78,0.06,244.42718,32.37613,53995.14443,0
161742.53+322234.4,1132075036162,15.72,0.06,244.42709,32.37621,54003.12174,0
161742.53+322234.4,1132075036162,15.71,0.06,244.42708,32.37626,54003.12808,0
161742.53+322234.4,1132075036162,15.80,0.06,244.42719,32.37615,54003.13444,0
161742.53+322234.4,1132075036162,15.75,0.06,244.42707,32.37628,54003.14079,0
161742.53+322234.4,1132075036162,15.68,0.06,244.42713,32.37628,54209.43858,0
161742.53+322234.4,1132075036162,15.73,0.06,244.42719,32.37613,54209.44400,0
161742.53+322234.4,1132075036162,15.68,0.06,244.42715,32.37626,54209.44948,0
161742.53+322234.4,1132075036162,15.65,0.06,244.42712,32.37629,54209.45495,0
161742.53+322234.4,1132075036162,15.78,0.12,244.42728,32.37620,54140.53501,0
161742.53+322234.4,1132075036162,15.83,0.12,244.42732,32.37629,54140.53652,0
161742.53+322234.4,1132075036162,15.78,0.11,244.42714,32.37616,54140.53804,0
161742.53+322234.4,1132075036162,15.82,0.12,244.42720,32.37615,54140.53956,0
161742.53+322234.4,1132075036162,15.72,0.06,244.42711,32.37627,54157.44350,0
161742.53+322234.4,1132075036162,15.72,0.06,244.42711,32.37630,54157.45274,0
161742.53+322234.4,1132075036162,15.71,0.06,244.42714,32.37630,54157.46200,0
161742.53+322234.4,1132075036162,15.70,0.06,244.42712,32.37630,54157.47126,0
161742.53+322234.4,1132075036162,15.62,0.06,244.42718,32.37625,54295.20581,0
161742.53+322234.4,1132075036162,15.66,0.06,244.42713,32.37625,54295.21012,0
161742.53+322234.4,1132075036162,15.66,0.06,244.42711,32.37625,54295.21441,0
161742.53+322234.4,1132075036162,15.62,0.06,244.42715,32.37625,54295.21871,0
161742.53+322234.4,1132075036162,15.66,0.06,244.42713,32.37625,54258.32961,0
161742.53+322234.4,1132075036162,15.66,0.06,244.42714,32.37626,54258.33617,0
161742.53+322234.4,1132075036162,15.63,0.06,244.42711,32.37628,54258.34270,0
161742.53+322234.4,1132075036162,15.65,0.06,244.42718,32.37621,54258.34922,0
161742.53+322234.4,1132075036162,15.68,0.06,244.42716,32.37628,54270.35456,0
161742.53+322234.4,1132075036162,15.71,0.06,244.42707,32.37624,54270.36209,0
161742.53+322234.4,1132075036162,15.71,0.06,244.42713,32.37625,54270.36962,0
161742.53+322234.4,1132075036162,15.69,0.06,244.42709,32.37628,54270.37714,0
161742.53+322234.4,1132075036162,15.70,0.06,244.42714,32.37628,54176.51392,0
161742.53+322234.4,1132075036162,15.70,0.06,244.42711,32.37622,54176.51955,0
161742.53+322234.4,1132075036162,15.72,0.06,244.42709,32.37629,54176.52517,0
161742.53+322234.4,1132075036162,15.87,0.06,244.42715,32.37625,54176.53075,0
161742.53+322234.4,1132075036162,15.70,0.06,244.42721,32.37616,54234.33722,0
161742.53+322234.4,1132075036162,15.67,0.06,244.42719,32.37625,54234.34218,0
161742.53+322234.4,1132075036162,15.65,0.06,244.42711,32.37630,54234.34714,0
161742.53+322234.4,1132075036162,15.65,0.06,244.42712,32.37628,54234.35208,0
161742.53+322234.4,1132075036162,15.66,0.06,244.42714,32.37623,54245.36187,0
161742.53+322234.4,1132075036162,15.61,0.06,244.42710,32.37629,54245.36958,0
161742.53+322234.4,1132075036162,15.64,0.06,244.42713,32.37624,54245.37728,0
161742.53+322234.4,1132075036162,15.65,0.06,244.42709,32.37627,54245.38500,0
161742.53+322234.4,1132075036162,15.60,0.06,244.42713,32.37630,54382.09625,0
161742.53+322234.4,1132075036162,15.63,0.06,244.42714,32.37629,54382.10059,0
161742.53+322234.4,1132075036162,15.61,0.06,244.42713,32.37628,54382.10490,0
161742.53+322234.4,1132075036162,15.65,0.06,244.42709,32.37627,54382.10920,0
161742.53+322234.4,1132075036162,15.60,0.07,244.42718,32.37621,54389.07958,0
161742.53+322234.4,1132075036162,15.61,0.07,244.42717,32.37624,54389.08341,0
161742.53+322234.4,1132075036162,15.60,0.07,244.42716,32.37624,54389.08721,0
161742.53+322234.4,1132075036162,15.67,0.07,244.42709,32.37632,54389.09099,0
161742.53+322234.4,1132075036162,15.63,0.06,244.42711,32.37627,54347.19709,0
161742.53+322234.4,1132075036162,15.59,0.06,244.42714,32.37629,54347.20438,0
161742.53+322234.4,1132075036162,15.63,0.06,244.42716,32.37624,54347.21166,0
161742.53+322234.4,1132075036162,15.57,0.06,244.42712,32.37629,54347.21891,0
161742.53+322234.4,1132075036162,15.70,0.06,244.42720,32.37622,54358.13751,0
161742.53+322234.4,1132075036162,15.63,0.06,244.42711,32.37626,54358.14406,0
161742.53+322234.4,1132075036162,15.65,0.06,244.42710,32.37627,54358.15060,0
161742.53+322234.4,1132075036162,15.66,0.06,244.42716,32.37628,54358.15714,0
161742.53+322234.4,1132075036162,15.51,0.06,244.42717,32.37628,54559.36727,0
161742.53+322234.4,1132075036162,15.48,0.06,244.42717,32.37628,54559.37595,0
161742.53+322234.4,1132075036162,15.49,0.06,244.42713,32.37626,54559.38456,0
161742.53+322234.4,1132075036162,15.46,0.06,244.42717,32.37628,54559.39328,0
161742.53+322234.4,1132075036162,15.48,0.06,244.42714,32.37628,54567.44589,0
161742.53+322234.4,1132075036162,15.50,0.06,244.42713,32.37625,54567.45371,0
161742.53+322234.4,1132075036162,15.50,0.06,244.42715,32.37624,54567.46150,0
161742.53+322234.4,1132075036162,15.47,0.06,244.42717,32.37625,54567.46930,0
161742.53+322234.4,1132075036162,15.47,0.06,244.42714,32.37617,54573.27657,0
161742.53+322234.4,1132075036162,15.45,0.06,244.42720,32.37621,54573.28415,0
161742.53+322234.4,1132075036162,15.49,0.06,244.42719,32.37623,54573.29173,0
161742.53+322234.4,1132075036162,15.47,0.06,244.42718,32.37627,54573.29929,0
161742.53+322234.4,1132075036162,15.49,0.06,244.42712,32.37623,54583.41913,0
161742.53+322234.4,1132075036162,15.50,0.06,244.42711,32.37631,54583.42343,0
161742.53+322234.4,1132075036162,15.50,0.06,244.42716,32.37626,54583.42779,0
161742.53+322234.4,1132075036162,15.45,0.06,244.42716,32.37627,54583.43212,0
161742.53+322234.4,1132075036162,15.49,0.06,244.42718,32.37625,54508.48504,0
161742.53+322234.4,1132075036162,15.58,0.06,244.42721,32.37615,54508.48995,0
161742.53+322234.4,1132075036162,15.51,0.06,244.42712,32.37627,54508.49486,0
161742.53+322234.4,1132075036162,15.53,0.06,244.42709,32.37627,54508.49980,0
161742.53+322234.4,1132075036162,15.61,0.07,244.42722,32.37618,54525.47743,0
161742.53+322234.4,1132075036162,15.49,0.07,244.42716,32.37628,54525.48672,0
161742.53+322234.4,1132075036162,15.52,0.07,244.42717,32.37622,54525.49262,0
161742.53+322234.4,1132075036162,15.53,0.06,244.42709,32.37625,54525.49854,0
161742.53+322234.4,1132075036162,15.50,0.06,244.42712,32.37630,54626.34342,0
161742.53+322234.4,1132075036162,15.53,0.06,244.42715,32.37624,54626.35068,0
161742.53+322234.4,1132075036162,15.47,0.06,244.42713,32.37624,54626.35795,0
161742.53+322234.4,1132075036162,15.53,0.06,244.42718,32.37619,54626.36522,0
161742.53+322234.4,1132075036162,15.55,0.06,244.42720,32.37617,54640.32770,0
161742.53+322234.4,1132075036162,15.53,0.06,244.42712,32.37628,54640.33422,0
161742.53+322234.4,1132075036162,15.53,0.06,244.42712,32.37633,54640.34079,0
161742.53+322234.4,1132075036162,15.52,0.06,244.42713,32.37627,54640.34735,0
161742.53+322234.4,1132075036162,15.48,0.06,244.42712,32.37626,54531.43603,0
161742.53+322234.4,1132075036162,15.46,0.06,244.42715,32.37625,54531.44511,0
161742.53+322234.4,1132075036162,15.50,0.06,244.42714,32.37626,54531.45418,0
161742.53+322234.4,1132075036162,15.48,0.06,244.42715,32.37627,54531.46322,0
161742.53+322234.4,1132075036162,15.48,0.06,244.42718,32.37626,54548.43854,0
161742.53+322234.4,1132075036162,15.51,0.06,244.42711,32.37630,54548.44526,0
161742.53+322234.4,1132075036162,15.49,0.06,244.42718,32.37626,54548.45196,0
161742.53+322234.4,1132075036162,15.50,0.06,244.42710,32.37623,54548.45875,0
161742.53+322234.4,1132075036162,15.45,0.06,244.42715,32.37624,54589.40185,0
161742.53+322234.4,1132075036162,15.53,0.06,244.42720,32.37620,54589.40622,0
161742.53+322234.4,1132075036162,15.50,0.06,244.42721,32.37617,54589.41063,0
161742.53+322234.4,1132075036162,15.50,0.06,244.42719,32.37620,54589.41502,0
161742.53+322234.4,1132075036162,15.48,0.06,244.42716,32.37631,54596.27277,0
161742.53+322234.4,1132075036162,15.46,0.06,244.42714,32.37626,54596.28041,0
161742.53+322234.4,1132075036162,15.50,0.06,244.42711,32.37627,54596.28811,0
161742.53+322234.4,1132075036162,15.48,0.06,244.42718,32.37622,54596.29582,0
161742.53+322234.4,1132075036162,15.46,0.06,244.42723,32.37625,54746.10971,0
161742.53+322234.4,1132075036162,15.47,0.06,244.42720,32.37622,54746.11452,0
161742.53+322234.4,1132075036162,15.44,0.06,244.42717,32.37630,54746.11939,0
161742.53+322234.4,1132075036162,15.47,0.06,244.42716,32.37625,54746.12418,0
161742.53+322234.4,1132075036162,15.41,0.06,244.42719,32.37626,54942.32681,0
161742.53+322234.4,1132075036162,15.42,0.06,244.42713,32.37629,54942.33233,0
161742.53+322234.4,1132075036162,15.39,0.06,244.42715,32.37628,54942.33783,0
161742.53+322234.4,1132075036162,15.41,0.06,244.42713,32.37624,54942.34324,0
161742.53+322234.4,1132075036162,15.45,0.07,244.42709,32.37615,55045.23661,0
161742.53+322234.4,1132075036162,15.41,0.07,244.42704,32.37622,55045.24202,0
161742.53+322234.4,1132075036162,15.49,0.07,244.42712,32.37619,55045.24746,0
161742.53+322234.4,1132075036162,15.42,0.07,244.42704,32.37611,55045.25289,0
161742.53+322234.4,1132075036162,15.46,0.06,244.42721,32.37625,54875.50334,0
161742.53+322234.4,1132075036162,15.46,0.06,244.42718,32.37628,54875.50877,0
161742.53+322234.4,1132075036162,15.47,0.06,244.42713,32.37629,54875.51417,0
161742.53+322234.4,1132075036162,15.43,0.06,244.42714,32.37629,54875.51954,0
161742.53+322234.4,1132075036162,15.48,0.06,244.42717,32.37624,54890.47357,0
161742.53+322234.4,1132075036162,15.51,0.07,244.42722,32.37617,54890.47961,0
161742.53+322234.4,1132075036162,15.47,0.06,244.42718,32.37628,54890.48565,0
161742.53+322234.4,1132075036162,15.44,0.06,244.42719,32.37626,54890.49176,0
161742.53+322234.4,1132075036162,15.42,0.06,244.42714,32.37627,54997.35057,0
161742.53+322234.4,1132075036162,15.44,0.06,244.42714,32.37625,54997.35656,0
161742.53+322234.4,1132075036162,15.43,0.06,244.42714,32.37626,54997.36267,0
161742.53+322234.4,1132075036162,15.44,0.06,244.42712,32.37627,54997.36858,0
161742.53+322234.4,1132075036162,15.46,0.06,244.42715,32.37625,54912.40072,0
161742.53+322234.4,1132075036162,15.51,0.07,244.42719,32.37613,54912.40558,0
161742.53+322234.4,1132075036162,15.39,0.06,244.42711,32.37627,54920.37543,0
161742.53+322234.4,1132075036162,15.57,0.06,244.42699,32.37628,54920.38334,0
161742.53+322234.4,1132075036162,15.41,0.06,244.42713,32.37626,54920.39129,0
161742.53+322234.4,1132075036162,15.42,0.06,244.42716,32.37620,54920.39922,0
161742.53+322234.4,1132075036162,15.43,0.06,244.42715,32.37624,54953.43161,0
161742.53+322234.4,1132075036162,15.43,0.06,244.42711,32.37626,54953.43881,0
161742.53+322234.4,1132075036162,15.46,0.06,244.42715,32.37627,54953.44611,0
161742.53+322234.4,1132075036162,15.45,0.06,244.42719,32.37618,54953.45336,0
161742.53+322234.4,1132075036162,15.44,0.06,244.42710,32.37626,54966.45080,0
161742.53+322234.4,1132075036162,15.39,0.06,244.42718,32.37624,54966.45859,0
161742.53+322234.4,1132075036162,15.42,0.06,244.42712,32.37628,54966.46654,0
161742.53+322234.4,1132075036162,15.41,0.06,244.42715,32.37626,54966.47446,0
161742.53+322234.4,1132075036162,15.41,0.06,244.42714,32.37623,54979.32227,0
161742.53+322234.4,1132075036162,15.43,0.06,244.42710,32.37627,54979.32963,0
161742.53+322234.4,1132075036162,15.48,0.06,244.42716,32.37617,54979.33688,0
161742.53+322234.4,1132075036162,15.42,0.06,244.42713,32.37626,54979.34416,0
161742.53+322234.4,1132075036162,15.42,0.06,244.42713,32.37626,55095.14818,0
161742.53+322234.4,1132075036162,15.49,0.06,244.42720,32.37617,55095.15371,0
161742.53+322234.4,1132075036162,15.44,0.06,244.42716,32.37621,55095.15915,0
161742.53+322234.4,1132075036162,15.45,0.06,244.42710,32.37623,55095.16462,0
161742.53+322234.4,1132075036162,15.49,0.07,244.42713,32.37629,55102.09539,0
161742.53+322234.4,1132075036162,15.45,0.07,244.42717,32.37621,55102.09935,0
161742.53+322234.4,1132075036162,15.51,0.07,244.42715,32.37623,55102.10331,0
161742.53+322234.4,1132075036162,15.51,0.07,244.42718,32.37616,55102.10729,0
161742.53+322234.4,1132075036162,15.36,0.06,244.42713,32.37623,55299.37570,0
161742.53+322234.4,1132075036162,15.37,0.06,244.42710,32.37626,55299.38265,0
161742.53+322234.4,1132075036162,15.36,0.06,244.42712,32.37623,55299.38964,0
161742.53+322234.4,1132075036162,15.38,0.06,244.42711,32.37624,55299.39659,0
161742.53+322234.4,1132075036162,15.41,0.06,244.42716,32.37618,55352.30841,0
161742.53+322234.4,1132075036162,15.37,0.06,244.42713,32.37624,55352.31660,0
161742.53+322234.4,1132075036162,15.37,0.06,244.42716,32.37616,55352.32477,0
161742.53+322234.4,1132075036162,15.37,0.06,244.42713,32.37625,55352.33295,0
161742.53+322234.4,1132075036162,15.39,0.06,244.42713,32.37624,55365.32358,0
161742.53+322234.4,1132075036162,15.37,0.06,244.42713,32.37623,55365.32888,0
161742.53+322234.4,1132075036162,15.36,0.06,244.42714,32.37617,55365.33421,0
161742.53+322234.4,1132075036162,15.36,0.06,244.42715,32.37618,55365.33946,0
161742.53+322234.4,1132075036162,15.33,0.06,244.42714,32.37623,55271.42947,0
161742.53+322234.4,1132075036162,15.36,0.06,244.42714,32.37623,55271.43698,0
161742.53+322234.4,1132075036162,15.34,0.06,244.42712,32.37628,55271.44448,0
161742.53+322234.4,1132075036162,15.36,0.06,244.42713,32.37626,55271.45204,0
161742.53+322234.4,1132075036162,15.35,0.06,244.42716,32.37624,55280.40638,0
161742.53+322234.4,1132075036162,15.37,0.06,244.42714,32.37623,55280.41323,0
161742.53+322234.4,1132075036162,15.35,0.06,244.42713,32.37622,55280.42012,0
161742.53+322234.4,1132075036162,15.34,0.06,244.42715,32.37623,55280.42706,0
161742.53+322234.4,1132075036162,15.37,0.06,244.42714,32.37626,55320.27712,0
161742.53+322234.4,1132075036162,15.38,0.06,244.42710,32.37626,55320.28290,0
161742.53+322234.4,1132075036162,15.37,0.06,244.42715,32.37626,55320.28867,0
161742.53+322234.4,1132075036162,15.35,0.06,244.42712,32.37623,55320.29449,0
161742.53+322234.4,1132075036162,15.37,0.06,244.42715,32.37626,55320.30033,0
161742.53+322234.4,1132075036162,15.38,0.06,244.42711,32.37624,55328.40250,0
161742.53+322234.4,1132075036162,15.38,0.06,244.42720,32.37621,55328.40883,0
161742.53+322234.4,1132075036162,15.35,0.06,244.42714,32.37623,55328.41522,0
161742.53+322234.4,1132075036162,15.39,0.06,244.42716,32.37621,55328.42162,0
161742.53+322234.4,1132075036162,15.38,0.06,244.42712,32.37624,55341.34843,0
161742.53+322234.4,1132075036162,15.40,0.06,244.42709,32.37623,55341.35418,0
161742.53+322234.4,1132075036162,15.38,0.06,244.42711,32.37621,55341.35996,0
161742.53+322234.4,1132075036162,15.41,0.06,244.42712,32.37624,55341.36570,0
161742.53+322234.4,1132075036162,15.45,0.06,244.42722,32.37621,55455.14927,0
161742.53+322234.4,1132075036162,15.43,0.06,244.42712,32.37621,55455.16503,0
161742.53+322234.4,1132075036162,15.46,0.06,244.42716,32.37620,55455.17241,0
161742.53+322234.4,1132075036162,15.35,0.06,244.42714,32.37626,55659.42781,0
161742.53+322234.4,1132075036162,15.36,0.06,244.42712,32.37630,55659.43297,0
161742.53+322234.4,1132075036162,15.32,0.06,244.42714,32.37623,55659.43819,0
161742.53+322234.4,1132075036162,15.32,0.06,244.42713,32.37622,55659.44334,0
161742.53+322234.4,1132075036162,15.36,0.06,244.42716,32.37622,55677.30437,0
161742.53+322234.4,1132075036162,15.38,0.06,244.42714,32.37623,55677.31136,0
161742.53+322234.4,1132075036162,15.40,0.06,244.42714,32.37627,55677.31829,0
161742.53+322234.4,1132075036162,15.33,0.06,244.42714,32.37618,55677.32527,0
161742.53+322234.4,1132075036162,15.34,0.06,244.42716,32.37624,55714.32058,0
161742.53+322234.4,1132075036162,15.33,0.06,244.42713,32.37625,55714.32509,0
161742.53+322234.4,1132075036162,15.33,0.06,244.42716,32.37623,55714.32960,0
161742.53+322234.4,1132075036162,15.31,0.06,244.42717,32.37627,55714.33410,0
161742.53+322234.4,1132075036162,15.33,0.06,244.42712,32.37625,55720.33535,0
161742.53+322234.4,1132075036162,15.34,0.06,244.42718,32.37623,55720.34115,0
161742.53+322234.4,1132075036162,15.33,0.06,244.42713,32.37629,55720.34700,0
161742.53+322234.4,1132075036162,15.35,0.06,244.42712,32.37627,55720.35274,0
161742.53+322234.4,1132075036162,15.41,0.06,244.42719,32.37623,55628.44047,0
161742.53+322234.4,1132075036162,15.39,0.06,244.42717,32.37630,55628.44559,0
161742.53+322234.4,1132075036162,15.37,0.06,244.42716,32.37624,55628.45076,0
161742.53+322234.4,1132075036162,15.37,0.06,244.42717,32.37627,55628.45591,0
161742.53+322234.4,1132075036162,15.36,0.06,244.42713,32.37623,55648.38698,0
161742.53+322234.4,1132075036162,15.36,0.06,244.42714,32.37624,55648.39553,0
161742.53+322234.4,1132075036162,15.36,0.06,244.42716,32.37623,55648.40415,0
161742.53+322234.4,1132075036162,15.38,0.06,244.42715,32.37625,55648.41279,0
161742.53+322234.4,1132075036162,15.40,0.06,244.42718,32.37621,55688.34903,0
161742.53+322234.4,1132075036162,15.37,0.06,244.42713,32.37626,55688.35423,0
161742.53+322234.4,1132075036162,15.37,0.06,244.42713,32.37624,55688.35948,0
161742.53+322234.4,1132075036162,15.36,0.06,244.42713,32.37629,55688.36469,0
161742.53+322234.4,1132075036162,15.39,0.06,244.42713,32.37627,55701.41543,0
161742.53+322234.4,1132075036162,15.35,0.06,244.42710,32.37624,55701.42222,0
161742.53+322234.4,1132075036162,15.38,0.06,244.42713,32.37622,55701.42904,0
161742.53+322234.4,1132075036162,15.42,0.06,244.42711,32.37631,55701.43587,0
161742.53+322234.4,1132075036162,15.40,0.06,244.42715,32.37625,54912.42129,0
161742.53+322234.4,1132075036162,15.44,0.06,244.42715,32.37629,54912.42610,0
161742.53+322234.4,1132075036162,15.47,0.06,244.42713,32.37631,54912.43112,0
161742.53+322234.4,1132075036162,15.34,0.08,244.42711,32.37623,54912.43594,0
161742.53+322234.4,1132075036162,15.28,0.06,244.42722,32.37626,55830.13045,0
161742.53+322234.4,1132075036162,15.29,0.06,244.42719,32.37623,55830.13857,0
161742.53+322234.4,1132075036162,15.30,0.06,244.42725,32.37622,55830.14594,0
161742.53+322234.4,1132075036162,15.30,0.06,244.42720,32.37624,55830.15335,0
161742.53+322234.4,1132075036162,15.35,0.06,244.42717,32.37625,56019.44721,0
161742.53+322234.4,1132075036162,15.32,0.06,244.42720,32.37627,56019.45608,0
161742.53+322234.4,1132075036162,15.34,0.06,244.42716,32.37619,56019.46511,0
161742.53+322234.4,1132075036162,15.35,0.06,244.42719,32.37624,56019.47419,0
161742.53+322234.4,1132075036162,15.35,0.06,244.42719,32.37624,56039.43570,0
161742.53+322234.4,1132075036162,15.35,0.06,244.42719,32.37618,56039.44191,0
161742.53+322234.4,1132075036162,15.36,0.06,244.42720,32.37622,56039.44811,0
161742.53+322234.4,1132075036162,15.35,0.06,244.42719,32.37623,56039.45430,0
161742.53+322234.4,1132075036162,15.36,0.06,244.42717,32.37624,56046.38124,0
161742.53+322234.4,1132075036162,15.36,0.06,244.42715,32.37624,56046.38813,0
161742.53+322234.4,1132075036162,15.34,0.06,244.42720,32.37623,56046.39501,0
161742.53+322234.4,1132075036162,15.35,0.06,244.42715,32.37629,56046.40177,0
161742.53+322234.4,1132075036162,15.35,0.06,244.42721,32.37622,56063.37637,0
161742.53+322234.4,1132075036162,15.36,0.06,244.42717,32.37622,56063.38318,0
161742.53+322234.4,1132075036162,15.34,0.06,244.42715,32.37627,56063.39001,0
161742.53+322234.4,1132075036162,15.33,0.06,244.42717,32.37622,56063.39676,0
161742.53+322234.4,1132075036162,15.35,0.06,244.42721,32.37624,56071.34830,0
161742.53+322234.4,1132075036162,15.30,0.06,244.42721,32.37625,56071.35582,0
161742.53+322234.4,1132075036162,15.35,0.06,244.42719,32.37624,56071.36325,0
161742.53+322234.4,1132075036162,15.37,0.06,244.42722,32.37621,56071.37076,0
161742.53+322234.4,1132075036162,15.31,0.06,244.42719,32.37621,56077.37563,0
161742.53+322234.4,1132075036162,15.38,0.06,244.42716,32.37622,56077.38366,0
161742.53+322234.4,1132075036162,15.33,0.06,244.42717,32.37621,56077.39166,0
161742.53+322234.4,1132075036162,15.37,0.06,244.42717,32.37622,56077.39976,0
161742.53+322234.4,1132075036162,15.37,0.06,244.42716,32.37624,56088.35802,0
161742.53+322234.4,1132075036162,15.35,0.06,244.42717,32.37620,56088.36306,0
161742.53+322234.4,1132075036162,15.39,0.06,244.42719,32.37624,56088.36750,0
161742.53+322234.4,1132075036162,15.39,0.06,244.42716,32.37627,56088.37201,0
161742.53+322234.4,1132075036162,15.35,0.06,244.42722,32.37625,56099.28305,0
161742.53+322234.4,1132075036162,15.36,0.06,244.42716,32.37624,56099.29032,0
161742.53+322234.4,1132075036162,15.33,0.06,244.42720,32.37618,56099.29769,0
161742.53+322234.4,1132075036162,15.34,0.06,244.42718,32.37624,56099.30501,0
161742.53+322234.4,1132075036162,15.36,0.06,244.42716,32.37627,56188.11066,0
161742.53+322234.4,1132075036162,15.36,0.06,244.42717,32.37625,56188.11547,0
161742.53+322234.4,1132075036162,15.36,0.06,244.42715,32.37629,56188.12033,0
161742.53+322234.4,1132075036162,15.32,0.06,244.42714,32.37628,56188.12520,0
161742.53+322234.4,1132075036162,15.37,0.06,244.42713,32.37628,56194.13162,0
161742.53+322234.4,1132075036162,15.23,0.06,244.42712,32.37629,56194.13438,0
161742.53+322234.4,1132075036162,15.37,0.06,244.42716,32.37628,56194.13718,0
161742.53+322234.4,1132075036162,15.38,0.06,244.42710,32.37622,56194.13991,0
161742.53+322234.4,1132075036162,15.31,0.06,244.42715,32.37627,56374.37513,0
161742.53+322234.4,1132075036162,15.32,0.06,244.42720,32.37625,56374.38333,0
161742.53+322234.4,1132075036162,15.31,0.06,244.42717,32.37626,56374.39168,0
161742.53+322234.4,1132075036162,15.26,0.06,244.42713,32.37624,56374.39996,0
161742.53+322234.4,1132075036162,15.38,0.06,244.42717,32.37626,55956.49768,0
161742.53+322234.4,1132075036162,15.34,0.06,244.42718,32.37625,55956.50388,0
161742.53+322234.4,1132075036162,15.33,0.06,244.42716,32.37625,55956.51012,0
161742.53+322234.4,1132075036162,15.33,0.06,244.42715,32.37627,55956.51631,0
161742.53+322234.4,1132075036162,15.26,0.06,244.42715,32.37623,56395.42676,0
161742.53+322234.4,1132075036162,15.28,0.06,244.42718,32.37623,56395.43355,0
161742.53+322234.4,1132075036162,15.27,0.06,244.42719,32.37627,56395.44040,0
161742.53+322234.4,1132075036162,15.26,0.06,244.42716,32.37627,56395.44727,0
161742.53+322234.4,1132075036162,15.26,0.06,244.42718,32.37623,56419.36890,0
161742.53+322234.4,1132075036162,15.23,0.06,244.42718,32.37627,56419.37746,0
161742.53+322234.4,1132075036162,15.25,0.06,244.42717,32.37626,56419.38598,0
161742.53+322234.4,1132075036162,15.28,0.06,244.42718,32.37627,56419.39454,0
161742.53+322234.4,1132075036162,15.25,0.06,244.42718,32.37621,56427.39039,0
161742.53+322234.4,1132075036162,15.24,0.06,244.42717,32.37625,56427.39715,0
161742.53+322234.4,1132075036162,15.24,0.06,244.42717,32.37624,56427.40394,0
161742.53+322234.4,1132075036162,15.26,0.06,244.42716,32.37622,56427.41075,0
161742.53+322234.4,1132075036162,15.24,0.06,244.42717,32.37622,56432.26652,0
161742.53+322234.4,1132075036162,15.27,0.06,244.42718,32.37625,56432.27164,0
161742.53+322234.4,1132075036162,15.24,0.06,244.42717,32.37623,56432.27675,0
161742.53+322234.4,1132075036162,15.25,0.06,244.42718,32.37625,56432.28185,0
161742.53+322234.4,1132075036162,15.26,0.06,244.42717,32.37621,56446.33519,0
161742.53+322234.4,1132075036162,15.25,0.06,244.42715,32.37627,56446.34201,0
161742.53+322234.4,1132075036162,15.25,0.06,244.42714,32.37626,56446.34879,0
161742.53+322234.4,1132075036162,15.24,0.06,244.42717,32.37625,56446.35556,0
161742.53+322234.4,1132075036162,15.24,0.06,244.42716,32.37628,56453.35759,0
161742.53+322234.4,1132075036162,15.26,0.06,244.42716,32.37623,56453.36270,0
161742.53+322234.4,1132075036162,15.23,0.06,244.42718,32.37625,56453.36782,0
161742.53+322234.4,1132075036162,15.24,0.06,244.42718,32.37623,56453.37296,0
161742.53+322234.4,1132075036162,15.23,0.06,244.42717,32.37626,56461.32208,0
161742.53+322234.4,1132075036162,15.25,0.06,244.42716,32.37626,56461.32716,0
161742.53+322234.4,1132075036162,15.24,0.06,244.42715,32.37625,56461.33228,0
161742.53+322234.4,1132075036162,15.24,0.06,244.42719,32.37624,56461.33741,0
161742.53+322234.4,1132075036162,15.30,0.07,244.42713,32.37628,56471.24780,0
161742.53+322234.4,1132075036162,15.28,0.06,244.42716,32.37627,56471.25447,0
161742.53+322234.4,1132075036162,15.25,0.06,244.42720,32.37624,56471.26120,0
161742.53+322234.4,1132075036162,15.30,0.06,244.42715,32.37628,56471.26802,0
161742.53+322234.4,1132075036162,15.29,0.06,244.42720,32.37627,56558.12293,0
161742.53+322234.4,1132075036162,15.30,0.06,244.42726,32.37622,56558.12737,0
161742.53+322234.4,1132075036162,15.31,0.06,244.42715,32.37628,56558.13183,0
161742.53+322234.4,1132075036162,15.30,0.06,244.42715,32.37625,56558.13630,0
153145.14+431933.8,1143062022854,18.92,0.12,232.93812,43.32560,53552.24906,0
153145.14+431933.8,1143062022854,18.92,0.12,232.93816,43.32599,53552.25982,0
153145.14+431933.8,1143062022854,18.72,0.11,232.93730,43.32576,53552.27055,0
153145.14+431933.8,1143062022854,18.68,0.13,232.93753,43.32594,53552.28131,0
153145.14+431933.8,1143062022854,18.59,0.15,232.93762,43.32584,53531.30493,0
153145.14+431933.8,1143062022854,19.14,0.20,232.93843,43.32593,53531.31166,0
153145.14+431933.8,1143062022854,19.05,0.19,232.93815,43.32577,53531.31839,0
153145.14+431933.8,1143062022854,18.58,0.15,232.93669,43.32590,53531.32508,0
153145.14+431933.8,1143062022854,18.70,0.15,232.93795,43.32584,53848.29212,0
153145.14+431933.8,1143062022854,18.85,0.16,232.93713,43.32566,53848.30031,0
153145.14+431933.8,1143062022854,19.12,0.18,232.93843,43.32562,53848.30847,0
153145.14+431933.8,1143062022854,19.71,0.24,232.93870,43.32601,53848.31690,0
153145.14+431933.8,1143062022854,19.58,0.24,232.93841,43.32492,53854.40782,0
153145.14+431933.8,1143062022854,19.14,0.19,232.93882,43.32599,53854.41432,0
153145.14+431933.8,1143062022854,19.01,0.18,232.93740,43.32580,53854.42087,0
153145.14+431933.8,1143062022854,19.60,0.24,232.93652,43.32547,53854.42742,0
153145.14+431933.8,1143062022854,18.85,0.16,232.93783,43.32592,53883.37253,0
153145.14+431933.8,1143062022854,18.76,0.15,232.93753,43.32545,54204.45301,0
153145.14+431933.8,1143062022854,19.36,0.20,232.93858,43.32610,54204.46114,0
153145.14+431933.8,1143062022854,19.03,0.17,232.93763,43.32574,54204.46934,0
153145.14+431933.8,1143062022854,19.39,0.20,232.93793,43.32590,54204.47755,0
153145.14+431933.8,1143062022854,18.53,0.14,232.93812,43.32623,54138.51514,0
153145.14+431933.8,1143062022854,19.44,0.20,232.93848,43.32569,54138.51946,0
153145.14+431933.8,1143062022854,20.43,0.36,232.93844,43.32622,54138.52376,0
153145.14+431933.8,1143062022854,18.55,0.14,232.93725,43.32554,54138.52807,0
153145.14+431933.8,1143062022854,19.16,0.18,232.93787,43.32549,54261.35909,0
153145.14+431933.8,1143062022854,19.43,0.21,232.93840,43.32626,54261.36591,0
153145.14+431933.8,1143062022854,18.83,0.16,232.93799,43.32586,54261.37269,0
153145.14+431933.8,1143062022854,18.60,0.14,232.93761,43.32587,54261.37951,0
153145.14+431933.8,1143062022854,18.96,0.17,232.93831,43.32594,54273.27683,0
153145.14+431933.8,1143062022854,19.21,0.19,232.93892,43.32580,54273.28341,0
153145.14+431933.8,1143062022854,18.89,0.16,232.93791,43.32562,54273.28998,0
153145.14+431933.8,1143062022854,19.60,0.23,232.93786,43.32564,54273.29655,0
153145.14+431933.8,1143062022854,19.39,0.20,232.93817,43.32568,54178.40311,0
153145.14+431933.8,1143062022854,19.31,0.19,232.93841,43.32573,54178.40910,0
153145.14+431933.8,1143062022854,19.48,0.21,232.93818,43.32583,54178.41517,0
153145.14+431933.8,1143062022854,19.16,0.19,232.93853,43.32594,54178.42124,0
153145.14+431933.8,1143062022854,19.00,0.18,232.93724,43.32543,54232.39699,0
153145.14+431933.8,1143062022854,18.72,0.15,232.93851,43.32554,54232.40398,0
153145.14+431933.8,1143062022854,19.32,0.20,232.93796,43.32614,54232.41101,0
153145.14+431933.8,1143062022854,19.06,0.18,232.93849,43.32583,54232.41805,0
153145.14+431933.8,1143062022854,19.77,0.25,232.93839,43.32604,54245.35636,0
153145.14+431933.8,1143062022854,19.18,0.18,232.93825,43.32575,54245.36413,0
153145.14+431933.8,1143062022854,19.22,0.19,232.93828,43.32569,54245.37186,0
153145.14+431933.8,1143062022854,19.23,0.19,232.93864,43.32597,54245.37954,0
153145.14+431933.8,1143062022854,19.11,0.22,232.93823,43.32577,54389.09268,0
153145.14+431933.8,1143062022854,19.84,0.32,232.93880,43.32627,54389.09537,0
153145.14+431933.8,1143062022854,18.85,0.19,232.93793,43.32585,54389.09804,0
153145.14+431933.8,1143062022854,19.40,0.25,232.93806,43.32587,54389.10073,0
153145.14+431933.8,1143062022854,18.53,0.14,232.93765,43.32577,54627.37090,0
153145.14+431933.8,1143062022854,18.63,0.14,232.93786,43.32609,54627.37959,0
153145.14+431933.8,1143062022854,18.81,0.16,232.93709,43.32603,54627.38833,0
153145.14+431933.8,1143062022854,19.04,0.18,232.93789,43.32567,54627.39701,0
153145.14+431933.8,1143062022854,19.03,0.17,232.93731,43.32581,54537.43101,0
153145.14+431933.8,1143062022854,18.79,0.16,232.93807,43.32584,54537.43764,0
153145.14+431933.8,1143062022854,18.82,0.16,232.93749,43.32599,54537.44446,0
153145.14+431933.8,1143062022854,18.52,0.16,232.93841,43.32588,54537.45131,0
153145.14+431933.8,1143062022854,18.75,0.15,232.93781,43.32588,54594.38916,0
153145.14+431933.8,1143062022854,18.83,0.16,232.93816,43.32590,54594.39594,0
153145.14+431933.8,1143062022854,18.50,0.13,232.93757,43.32572,54594.40266,0
153145.14+431933.8,1143062022854,18.71,0.15,232.93787,43.32584,54594.40940,0
153145.14+431933.8,1143062022854,19.16,0.22,232.93731,43.32599,54733.10441,0
153145.14+431933.8,1143062022854,18.73,0.18,232.93766,43.32578,54733.11027,0
153145.14+431933.8,1143062022854,18.41,0.15,232.93783,43.32577,54733.11618,0
153145.14+431933.8,1143062022854,18.25,0.14,232.93811,43.32605,54733.12199,0
153145.14+431933.8,1143062022854,18.60,0.14,232.93769,43.32590,54923.41961,0
153145.14+431933.8,1143062022854,18.80,0.15,232.93791,43.32586,54923.42459,0
153145.14+431933.8,1143062022854,18.91,0.16,232.93784,43.32585,54923.42960,0
153145.14+431933.8,1143062022854,18.79,0.15,232.93842,43.32575,54923.43483,0
153145.14+431933.8,1143062022854,18.57,0.14,232.93796,43.32581,54943.41824,0
153145.14+431933.8,1143062022854,18.42,0.13,232.93775,43.32589,54943.42372,0
153145.14+431933.8,1143062022854,18.84,0.15,232.93812,43.32596,54943.42921,0
153145.14+431933.8,1143062022854,18.81,0.15,232.93779,43.32583,54943.43464,0
153145.14+431933.8,1143062022854,18.85,0.19,232.93820,43.32568,55044.21213,0
153145.14+431933.8,1143062022854,18.56,0.17,232.93787,43.32605,55044.21915,0
153145.14+431933.8,1143062022854,18.60,0.17,232.93837,43.32605,55044.22610,0
153145.14+431933.8,1143062022854,19.29,0.24,232.93854,43.32602,55044.23295,0
153145.14+431933.8,1143062022854,18.83,0.15,232.93753,43.32564,54865.43598,0
153145.14+431933.8,1143062022854,18.69,0.14,232.93734,43.32571,54865.44575,0
153145.14+431933.8,1143062022854,18.66,0.14,232.93809,43.32604,54865.45564,0
153145.14+431933.8,1143062022854,18.98,0.16,232.93845,43.32583,54865.46547,0
153145.14+431933.8,1143062022854,18.58,0.15,232.93837,43.32558,54875.48188,0
153145.14+431933.8,1143062022854,18.82,0.17,232.93843,43.32579,54875.48680,0
153145.14+431933.8,1143062022854,18.68,0.16,232.93856,43.32605,54875.49162,0
153145.14+431933.8,1143062022854,18.84,0.17,232.93814,43.32571,54875.49655,0
153145.14+431933.8,1143062022854,18.76,0.18,232.93850,43.32604,55017.28451,0
153145.14+431933.8,1143062022854,18.94,0.20,232.93823,43.32582,55017.29190,0
153145.14+431933.8,1143062022854,17.95,0.13,232.93753,43.32538,55017.29931,0
153145.14+431933.8,1143062022854,18.18,0.14,232.93803,43.32594,55017.30664,0
153145.14+431933.8,1143062022854,19.05,0.17,232.93810,43.32612,55005.28071,0
153145.14+431933.8,1143062022854,18.73,0.15,232.93739,43.32595,55005.28915,0
153145.14+431933.8,1143062022854,19.06,0.18,232.93828,43.32602,55005.31246,0
153145.14+431933.8,1143062022854,18.75,0.16,232.93816,43.32593,55005.32091,0
153145.14+431933.8,1143062022854,18.57,0.15,232.93773,43.32581,54892.44381,0
153145.14+431933.8,1143062022854,18.42,0.14,232.93727,43.32575,54892.45141,0
153145.14+431933.8,1143062022854,18.75,0.16,232.93799,43.32576,54892.45908,0
153145.14+431933.8,1143062022854,18.51,0.15,232.93828,43.32585,54892.46667,0
153145.14+431933.8,1143062022854,20.06,0.27,232.93835,43.32613,54905.49023,0
153145.14+431933.8,1143062022854,18.80,0.15,232.93837,43.32602,54905.49516,0
153145.14+431933.8,1143062022854,18.98,0.16,232.93841,43.32564,54905.50007,0
153145.14+431933.8,1143062022854,19.15,0.17,232.93741,43.32576,54905.50497,0
153145.14+431933.8,1143062022854,18.43,0.13,232.93779,43.32584,54914.38086,0
153145.14+431933.8,1143062022854,19.03,0.16,232.93806,43.32590,54914.38933,0
153145.14+431933.8,1143062022854,18.49,0.13,232.93770,43.32581,54914.39780,0
153145.14+431933.8,1143062022854,18.61,0.14,232.93796,43.32593,54914.40644,0
153145.14+431933.8,1143062022854,19.08,0.17,232.93815,43.32598,54955.38626,0
153145.14+431933.8,1143062022854,19.02,0.17,232.93811,43.32590,54955.39359,0
153145.14+431933.8,1143062022854,18.50,0.13,232.93775,43.32577,54955.40087,0
153145.14+431933.8,1143062022854,18.87,0.16,232.93714,43.32613,54955.40810,0
153145.14+431933.8,1143062022854,18.24,0.13,232.93752,43.32612,54965.37790,0
153145.14+431933.8,1143062022854,18.78,0.17,232.93868,43.32594,54965.38357,0
153145.14+431933.8,1143062022854,18.85,0.18,232.93823,43.32600,54965.38948,0
153145.14+431933.8,1143062022854,18.96,0.18,232.93817,43.32590,54965.39535,0
153145.14+431933.8,1143062022854,18.75,0.15,232.93769,43.32593,54981.28580,0
153145.14+431933.8,1143062022854,18.52,0.14,232.93843,43.32600,54981.30045,0
153145.14+431933.8,1143062022854,18.15,0.14,232.93811,43.32569,55104.09629,0
153145.14+431933.8,1143062022854,19.05,0.22,232.93842,43.32582,55104.10122,0
153145.14+431933.8,1143062022854,18.69,0.18,232.93795,43.32596,55104.10616,0
153145.14+431933.8,1143062022854,18.92,0.20,232.93875,43.32560,55104.11113,0
153145.14+431933.8,1143062022854,19.12,0.18,232.93812,43.32611,55297.36104,0
153145.14+431933.8,1143062022854,18.78,0.15,232.93795,43.32582,55297.36749,0
153145.14+431933.8,1143062022854,18.85,0.16,232.93785,43.32590,55297.37392,0
153145.14+431933.8,1143062022854,18.87,0.16,232.93726,43.32564,55297.38034,0
153145.14+431933.8,1143062022854,18.43,0.13,232.93868,43.32601,55303.43632,0
153145.14+431933.8,1143062022854,18.50,0.14,232.93762,43.32577,55303.44506,0
153145.14+431933.8,1143062022854,18.91,0.17,232.93738,43.32567,55303.45375,0
153145.14+431933.8,1143062022854,18.75,0.15,232.93775,43.32569,55303.46250,0
153145.14+431933.8,1143062022854,18.75,0.15,232.93850,43.32594,55362.29660,0
153145.14+431933.8,1143062022854,18.23,0.12,232.93778,43.32580,55362.30474,0
153145.14+431933.8,1143062022854,18.85,0.16,232.93815,43.32586,55362.31286,0
153145.14+431933.8,1143062022854,18.17,0.12,232.93782,43.32572,55362.32112,0
153145.14+431933.8,1143062022854,18.50,0.14,232.93723,43.32556,55367.33928,0
153145.14+431933.8,1143062022854,18.85,0.16,232.93752,43.32598,55367.34392,0
153145.14+431933.8,1143062022854,18.77,0.15,232.93813,43.32592,55367.34857,0
153145.14+431933.8,1143062022854,18.76,0.15,232.93798,43.32591,55367.35324,0
153145.14+431933.8,1143062022854,18.96,0.17,232.93824,43.32588,55274.49259,0
153145.14+431933.8,1143062022854,19.02,0.17,232.93826,43.32594,55274.49899,0
153145.14+431933.8,1143062022854,18.79,0.15,232.93789,43.32589,55274.50540,0
153145.14+431933.8,1143062022854,18.43,0.13,232.93826,43.32552,55274.51178,0
153145.14+431933.8,1143062022854,18.96,0.16,232.93800,43.32606,55326.38918,0
153145.14+431933.8,1143062022854,18.80,0.15,232.93813,43.32604,55326.39665,0
153145.14+431933.8,1143062022854,18.74,0.15,232.93805,43.32606,55326.40408,0
153145.14+431933.8,1143062022854,18.69,0.15,232.93812,43.32589,55326.41162,0
153145.14+431933.8,1143062022854,18.83,0.17,232.93755,43.32590,55347.36555,0
153145.14+431933.8,1143062022854,18.55,0.15,232.93794,43.32573,55347.37068,0
153145.14+431933.8,1143062022854,18.68,0.16,232.93865,43.32566,55347.37574,0
153145.14+431933.8,1143062022854,19.26,0.21,232.93850,43.32564,55347.38084,0
153145.14+431933.8,1143062022854,18.41,0.13,232.93758,43.32598,55457.13657,0
153145.14+431933.8,1143062022854,19.02,0.17,232.93831,43.32573,55457.15134,0
153145.14+431933.8,1143062022854,18.81,0.16,232.93797,43.32583,55457.15878,0
153145.14+431933.8,1143062022854,18.47,0.14,232.93803,43.32601,55652.45954,0
153145.14+431933.8,1143062022854,18.67,0.15,232.93791,43.32603,55652.46595,0
153145.14+431933.8,1143062022854,18.34,0.13,232.93754,43.32575,55652.47231,0
153145.14+431933.8,1143062022854,18.49,0.14,232.93766,43.32586,55652.47865,0
153145.14+431933.8,1143062022854,18.44,0.13,232.93804,43.32593,55678.28762,0
153145.14+431933.8,1143062022854,18.67,0.15,232.93817,43.32591,55678.29278,0
153145.14+431933.8,1143062022854,18.16,0.12,232.93834,43.32576,55678.29799,0
153145.14+431933.8,1143062022854,18.37,0.13,232.93766,43.32584,55678.30318,0
153145.14+431933.8,1143062022854,18.20,0.12,232.93802,43.32569,55719.32206,0
153145.14+431933.8,1143062022854,18.48,0.14,232.93755,43.32588,55719.33126,0
153145.14+431933.8,1143062022854,18.46,0.14,232.93826,43.32606,55719.34055,0
153145.14+431933.8,1143062022854,18.43,0.13,232.93781,43.32591,55719.34985,0
153145.14+431933.8,1143062022854,18.39,0.13,232.93819,43.32591,55725.29594,0
153145.14+431933.8,1143062022854,18.40,0.13,232.93792,43.32592,55725.30394,0
153145.14+431933.8,1143062022854,18.76,0.16,232.93794,43.32580,55725.31199,0
153145.14+431933.8,1143062022854,18.36,0.13,232.93838,43.32604,55725.32012,0
153145.14+431933.8,1143062022854,18.31,0.13,232.93783,43.32589,55688.41894,0
153145.14+431933.8,1143062022854,18.43,0.14,232.93809,43.32592,55688.42532,0
153145.14+431933.8,1143062022854,18.33,0.13,232.93783,43.32576,55688.43172,0
153145.14+431933.8,1143062022854,18.54,0.14,232.93817,43.32590,55688.43816,0
153145.14+431933.8,1143062022854,20.04,0.30,232.93766,43.32591,53883.37595,0
153145.14+431933.8,1143062022854,18.43,0.14,232.93723,43.32569,53883.38318,0
153145.14+431933.8,1143062022854,19.25,0.20,232.93808,43.32576,53883.39039,0
153145.14+431933.8,1143062022854,19.25,0.20,232.93865,43.32575,53883.39760,0
153145.14+431933.8,1143062022854,18.55,0.17,232.93808,43.32580,55850.09179,0
153145.14+431933.8,1143062022854,18.38,0.16,232.93846,43.32604,55850.09540,0
153145.14+431933.8,1143062022854,18.37,0.16,232.93729,43.32568,55850.09898,0
153145.14+431933.8,1143062022854,18.24,0.15,232.93825,43.32598,55850.10267,0
153145.14+431933.8,1143062022854,18.42,0.13,232.93782,43.32593,56064.39083,0
153145.14+431933.8,1143062022854,18.31,0.12,232.93795,43.32585,56064.39761,0
153145.14+431933.8,1143062022854,17.99,0.11,232.93768,43.32579,56064.40437,0
153145.14+431933.8,1143062022854,18.14,0.12,232.93828,43.32562,56064.41110,0
153145.14+431933.8,1143062022854,18.06,0.12,232.93787,43.32577,56076.33573,0
153145.14+431933.8,1143062022854,18.11,0.12,232.93768,43.32575,56076.34325,0
153145.14+431933.8,1143062022854,18.35,0.14,232.93810,43.32582,56076.35097,0
153145.14+431933.8,1143062022854,18.39,0.14,232.93813,43.32568,56076.35868,0
153145.14+431933.8,1143062022854,18.10,0.12,232.93852,43.32577,56090.29971,0
153145.14+431933.8,1143062022854,18.30,0.12,232.93762,43.32578,56090.30704,0
153145.14+431933.8,1143062022854,18.00,0.11,232.93770,43.32594,56090.31432,0
153145.14+431933.8,1143062022854,18.07,0.11,232.93797,43.32559,56090.32164,0
153145.14+431933.8,1143062022854,18.75,0.16,232.93828,43.32601,56192.10467,0
153145.14+431933.8,1143062022854,18.52,0.14,232.93839,43.32584,56192.10919,0
153145.14+431933.8,1143062022854,18.16,0.12,232.93814,43.32584,56192.11366,0
153145.14+431933.8,1143062022854,18.40,0.14,232.93815,43.32609,56192.11819,0
153145.14+431933.8,1143062022854,18.70,0.15,232.93765,43.32580,56375.40677,0
153145.14+431933.8,1143062022854,18.96,0.17,232.93765,43.32600,56375.41301,0
153145.14+431933.8,1143062022854,19.06,0.17,232.93826,43.32590,56375.41926,0
153145.14+431933.8,1143062022854,18.88,0.16,232.93792,43.32578,56375.42554,0
153145.14+431933.8,1143062022854,18.61,0.14,232.93816,43.32582,56395.45859,0
153145.14+431933.8,1143062022854,18.89,0.16,232.93816,43.32578,56395.46605,0
153145.14+431933.8,1143062022854,18.50,0.14,232.93797,43.32594,56395.47350,0
153145.14+431933.8,1143062022854,18.74,0.15,232.93805,43.32595,56395.48105,0
153145.14+431933.8,1143062022854,18.49,0.14,232.93767,43.32580,56420.23342,0
153145.14+431933.8,1143062022854,18.90,0.16,232.93819,43.32594,56420.23966,0
153145.14+431933.8,1143062022854,18.82,0.16,232.93802,43.32601,56420.24596,0
153145.14+431933.8,1143062022854,18.42,0.13,232.93805,43.32585,56420.25226,0
153145.14+431933.8,1143062022854,18.97,0.17,232.93847,43.32624,56433.33386,0
153145.14+431933.8,1143062022854,18.81,0.16,232.93817,43.32603,56433.33959,0
153145.14+431933.8,1143062022854,18.64,0.15,232.93807,43.32577,56433.34531,0
153145.14+431933.8,1143062022854,18.77,0.15,232.93790,43.32594,56433.35100,0
153145.14+431933.8,1143062022854,18.81,0.16,232.93827,43.32605,56448.28706,0
153145.14+431933.8,1143062022854,18.97,0.17,232.93793,43.32577,56448.29159,0
153145.14+431933.8,1143062022854,18.62,0.15,232.93813,43.32601,56448.29607,0
153145.14+431933.8,1143062022854,18.47,0.14,232.93796,43.32599,56448.30062,0
153145.14+431933.8,1143062022854,18.80,0.17,232.93859,43.32597,56455.29808,0
153145.14+431933.8,1143062022854,18.92,0.21,232.93856,43.32590,56455.30373,0
153145.14+431933.8,1143062022854,18.93,0.17,232.93779,43.32595,56455.30942,0
153145.14+431933.8,1143062022854,18.31,0.13,232.93734,43.32592,56455.31513,0
153145.14+431933.8,1143062022854,19.10,0.18,232.93836,43.32591,56463.23585,0
153145.14+431933.8,1143062022854,19.11,0.18,232.93772,43.32590,56463.24037,0
153145.14+431933.8,1143062022854,18.35,0.13,232.93712,43.32580,56463.24490,0
153145.14+431933.8,1143062022854,18.72,0.15,232.93836,43.32572,56463.24939,0
153145.14+431933.8,1143062022854,19.12,0.18,232.93795,43.32596,56563.10066,0
153145.14+431933.8,1143062022854,18.69,0.15,232.93857,43.32597,56563.10738,0
153145.14+431933.8,1143062022854,18.29,0.12,232.93758,43.32590,56563.11404,0
153145.14+431933.8,1143062022854,18.32,0.13,232.93769,43.32580,56563.12078,0
110104.14+062829.5,1107059016738,19.44,0.20,165.26499, 6.47143,54124.44751,0
110104.14+062829.5,1107059016738,19.15,0.18,165.26510, 6.47067,54475.49520,0
110104.14+062829.5,1107059016738,20.31,0.33,165.26423, 6.47130,55540.50308,0
110104.14+062829.5,1107059016738,20.38,0.36,165.26559, 6.47121,56046.16781,0
110104.14+062829.5,1107059016738,20.77,0.42,165.26415, 6.47233,55947.44182,0
110104.14+062829.5,1107059016887,17.80,0.10,165.26694, 6.47494,53729.47707,0
110104.14+062829.5,1107059016887,18.05,0.11,165.26722, 6.47485,53729.48619,0
110104.14+062829.5,1107059016887,17.93,0.11,165.26708, 6.47489,53729.49529,0
110104.14+062829.5,1107059016887,17.92,0.11,165.26723, 6.47493,53729.50437,0
110104.14+062829.5,1107059016887,17.78,0.11,165.26753, 6.47499,53528.16390,0
110104.14+062829.5,1107059016887,17.96,0.11,165.26713, 6.47482,53528.17040,0
110104.14+062829.5,1107059016887,17.90,0.11,165.26731, 6.47489,53528.17692,0
110104.14+062829.5,1107059016887,17.82,0.11,165.26738, 6.47493,53528.18349,0
110104.14+062829.5,1107059016887,17.87,0.11,165.26721, 6.47480,53497.26836,0
110104.14+062829.5,1107059016887,18.07,0.12,165.26708, 6.47498,53497.27469,0
110104.14+062829.5,1107059016887,18.04,0.12,165.26710, 6.47494,53497.28097,0
110104.14+062829.5,1107059016887,17.98,0.11,165.26712, 6.47488,53497.28725,0
110104.14+062829.5,1107059016887,17.88,0.13,165.26742, 6.47491,53677.49374,0
110104.14+062829.5,1107059016887,18.07,0.12,165.26721, 6.47488,53704.46475,0
110104.14+062829.5,1107059016887,17.97,0.11,165.26709, 6.47483,53704.47121,0
110104.14+062829.5,1107059016887,18.10,0.12,165.26716, 6.47486,53704.47768,0
110104.14+062829.5,1107059016887,17.99,0.11,165.26707, 6.47514,53704.48413,0
110104.14+062829.5,1107059016887,17.74,0.11,165.26722, 6.47504,53832.25481,0
110104.14+062829.5,1107059016887,17.97,0.12,165.26715, 6.47471,53832.26245,0
110104.14+062829.5,1107059016887,17.68,0.11,165.26720, 6.47482,53832.27008,0
110104.14+062829.5,1107059016887,17.79,0.12,165.26712, 6.47496,53832.27767,0
110104.14+062829.5,1107059016887,17.81,0.11,165.26697, 6.47487,53843.20483,0
110104.14+062829.5,1107059016887,17.77,0.11,165.26716, 6.47499,53843.21287,0
110104.14+062829.5,1107059016887,17.66,0.10,165.26712, 6.47486,53843.22091,0
110104.14+062829.5,1107059016887,17.84,0.11,165.26712, 6.47489,53843.22898,0
110104.14+062829.5,1107059016887,17.84,0.12,165.26712, 6.47488,54085.41392,0
110104.14+062829.5,1107059016887,17.96,0.13,165.26718, 6.47485,54085.42392,0
110104.14+062829.5,1107059016887,17.90,0.11,165.26725, 6.47495,54085.43403,0
110104.14+062829.5,1107059016887,18.11,0.12,165.26722, 6.47477,54085.44856,0
110104.14+062829.5,1107059016887,17.99,0.13,165.26722, 6.47498,53772.37818,0
110104.14+062829.5,1107059016887,18.05,0.12,165.26725, 6.47480,53772.38518,0
110104.14+062829.5,1107059016887,18.14,0.12,165.26728, 6.47491,53772.39220,0
110104.14+062829.5,1107059016887,17.97,0.11,165.26720, 6.47484,53772.39920,0
110104.14+062829.5,1107059016887,18.00,0.11,165.26705, 6.47495,53773.35976,0
110104.14+062829.5,1107059016887,17.82,0.11,165.26720, 6.47484,53773.36730,0
110104.14+062829.5,1107059016887,18.17,0.12,165.26729, 6.47485,53773.37487,0
110104.14+062829.5,1107059016887,17.96,0.11,165.26722, 6.47488,53773.38244,0
110104.14+062829.5,1107059016887,18.02,0.12,165.26715, 6.47485,53786.26866,0
110104.14+062829.5,1107059016887,18.25,0.14,165.26717, 6.47485,53786.27623,0
110104.14+062829.5,1107059016887,18.00,0.11,165.26718, 6.47489,53786.28381,0
110104.14+062829.5,1107059016887,17.99,0.12,165.26731, 6.47495,53786.29138,0
110104.14+062829.5,1107059016887,18.01,0.12,165.26719, 6.47486,53744.40595,0
110104.14+062829.5,1107059016887,18.23,0.13,165.26722, 6.47491,53744.41194,0
110104.14+062829.5,1107059016887,17.83,0.11,165.26717, 6.47492,53744.41792,0
110104.14+062829.5,1107059016887,17.95,0.11,165.26717, 6.47475,53744.42391,0
110104.14+062829.5,1107059016887,18.00,0.11,165.26737, 6.47475,53758.34873,0
110104.14+062829.5,1107059016887,18.04,0.12,165.26726, 6.47503,53758.35522,0
110104.14+062829.5,1107059016887,18.00,0.11,165.26719, 6.47489,53758.36167,0
110104.14+062829.5,1107059016887,18.08,0.12,165.26728, 6.47490,53758.36813,0
110104.14+062829.5,1107059016887,17.93,0.30,165.26717, 6.47472,53905.18521,0
110104.14+062829.5,1107059016887,17.83,0.29,165.26720, 6.47448,53905.18625,0
110104.14+062829.5,1107059016887,17.53,0.25,165.26707, 6.47471,53905.18733,0
110104.14+062829.5,1107059016887,18.33,0.38,165.26750, 6.47532,53905.18839,0
110104.14+062829.5,1107059016887,18.15,0.30,165.26729, 6.47483,53797.31668,0
110104.14+062829.5,1107059016887,17.82,0.25,165.26725, 6.47509,53797.31693,0
110104.14+062829.5,1107059016887,17.81,0.25,165.26747, 6.47469,53797.31716,0
110104.14+062829.5,1107059016887,17.99,0.28,165.26716, 6.47471,53797.31740,0
110104.14+062829.5,1107059016887,17.78,0.11,165.26729, 6.47492,53817.23716,0
110104.14+062829.5,1107059016887,17.98,0.12,165.26724, 6.47499,53817.24519,0
110104.14+062829.5,1107059016887,17.95,0.12,165.26734, 6.47483,53817.25328,0
110104.14+062829.5,1107059016887,17.71,0.11,165.26721, 6.47486,53817.26138,0
110104.14+062829.5,1107059016887,17.89,0.12,165.26724, 6.47489,53873.22958,0
110104.14+062829.5,1107059016887,17.79,0.11,165.26728, 6.47487,53873.23451,0
110104.14+062829.5,1107059016887,17.95,0.12,165.26715, 6.47494,53873.23946,0
110104.14+062829.5,1107059016887,18.06,0.12,165.26707, 6.47486,53873.24436,0
110104.14+062829.5,1107059016887,17.79,0.11,165.26722, 6.47491,53879.17415,0
110104.14+062829.5,1107059016887,17.86,0.11,165.26719, 6.47492,53879.17909,0
110104.14+062829.5,1107059016887,17.97,0.12,165.26721, 6.47485,53879.18402,0
110104.14+062829.5,1107059016887,17.86,0.11,165.26704, 6.47486,53879.18893,0
110104.14+062829.5,1107059016887,17.83,0.11,165.26719, 6.47475,53886.16121,0
110104.14+062829.5,1107059016887,17.80,0.11,165.26724, 6.47487,53886.17055,0
110104.14+062829.5,1107059016887,18.00,0.12,165.26719, 6.47499,53886.17990,0
110104.14+062829.5,1107059016887,17.90,0.11,165.26729, 6.47487,53886.18929,0
110104.14+062829.5,1107059016887,18.25,0.13,165.26713, 6.47478,54050.49464,0
110104.14+062829.5,1107059016887,18.05,0.12,165.26715, 6.47473,54050.50345,0
110104.14+062829.5,1107059016887,17.98,0.12,165.26717, 6.47490,54050.51221,0
110104.14+062829.5,1107059016887,18.04,0.12,165.26737, 6.47490,54050.52100,0
110104.14+062829.5,1107059016887,17.91,0.11,165.26710, 6.47480,54197.22240,0
110104.14+062829.5,1107059016887,18.04,0.11,165.26706, 6.47481,54197.22888,0
110104.14+062829.5,1107059016887,17.00,0.08,165.26707, 6.47517,54197.23534,0
110104.14+062829.5,1107059016887,17.77,0.10,165.26723, 6.47485,54197.24181,0
110104.14+062829.5,1107059016887,17.82,0.11,165.26741, 6.47491,54213.21691,0
110104.14+062829.5,1107059016887,18.15,0.12,165.26714, 6.47491,54213.22648,0
110104.14+062829.5,1107059016887,18.04,0.12,165.26716, 6.47483,54213.23606,0
110104.14+062829.5,1107059016887,18.01,0.12,165.26727, 6.47490,54213.24564,0
110104.14+062829.5,1107059016887,17.74,0.10,165.26720, 6.47488,54437.53309,0
110104.14+062829.5,1107059016887,17.69,0.10,165.26712, 6.47484,54437.53532,0
110104.14+062829.5,1107059016887,17.78,0.10,165.26716, 6.47488,54437.53755,0
110104.14+062829.5,1107059016887,17.76,0.10,165.26716, 6.47498,54437.53979,0
110104.14+062829.5,1107059016887,17.79,0.10,165.26723, 6.47491,54448.48023,0
110104.14+062829.5,1107059016887,17.50,0.17,165.26717, 6.47495,54448.48620,0
110104.14+062829.5,1107059016887,17.54,0.16,165.26721, 6.47511,54448.49215,0
110104.14+062829.5,1107059016887,17.58,0.12,165.26728, 6.47513,54448.49809,0
110104.14+062829.5,1107059016887,17.85,0.10,165.26723, 6.47489,54465.51698,0
110104.14+062829.5,1107059016887,17.69,0.10,165.26726, 6.47493,54465.52426,0
110104.14+062829.5,1107059016887,17.76,0.10,165.26717, 6.47490,54465.53158,0
110104.14+062829.5,1107059016887,17.86,0.11,165.26714, 6.47493,54465.53880,0
110104.14+062829.5,1107059016887,18.20,0.13,165.26706, 6.47490,54139.34931,0
110104.14+062829.5,1107059016887,18.10,0.13,165.26725, 6.47485,54139.35469,0
110104.14+062829.5,1107059016887,18.34,0.16,165.26727, 6.47488,54139.36013,0
110104.14+062829.5,1107059016887,18.22,0.14,165.26722, 6.47468,54139.36555,0
110104.14+062829.5,1107059016887,17.93,0.11,165.26720, 6.47481,54124.43340,0
110104.14+062829.5,1107059016887,18.02,0.11,165.26723, 6.47490,54124.44045,0
110104.14+062829.5,1107059016887,17.38,0.09,165.26697, 6.47502,54124.44751,0
110104.14+062829.5,1107059016887,17.97,0.11,165.26703, 6.47477,54124.45459,0
110104.14+062829.5,1107059016887,17.59,0.12,165.26726, 6.47446,54276.15311,0
110104.14+062829.5,1107059016887,17.27,0.11,165.26734, 6.47475,54276.15529,0
110104.14+062829.5,1107059016887,17.80,0.13,165.26715, 6.47507,54276.15745,0
110104.14+062829.5,1107059016887,17.75,0.13,165.26732, 6.47484,54276.15962,0
110104.14+062829.5,1107059016887,17.77,0.10,165.26722, 6.47471,54168.26237,0
110104.14+062829.5,1107059016887,17.79,0.10,165.26716, 6.47481,54168.27052,0
110104.14+062829.5,1107059016887,17.66,0.10,165.26717, 6.47489,54168.27864,0
110104.14+062829.5,1107059016887,17.86,0.11,165.26714, 6.47497,54168.28675,0
110104.14+062829.5,1107059016887,17.92,0.11,165.26720, 6.47477,54227.23449,0
110104.14+062829.5,1107059016887,17.77,0.10,165.26742, 6.47474,54227.24424,0
110104.14+062829.5,1107059016887,17.96,0.11,165.26719, 6.47479,54227.25398,0
110104.14+062829.5,1107059016887,17.96,0.11,165.26722, 6.47489,54227.26372,0
110104.14+062829.5,1107059016887,17.94,0.11,165.26720, 6.47488,54241.18695,0
110104.14+062829.5,1107059016887,18.06,0.12,165.26718, 6.47498,54241.19611,0
110104.14+062829.5,1107059016887,17.96,0.11,165.26706, 6.47484,54241.20525,0
110104.14+062829.5,1107059016887,17.91,0.11,165.26714, 6.47481,54241.21443,0
110104.14+062829.5,1107059016887,17.61,0.10,165.26702, 6.47497,54409.51384,0
110104.14+062829.5,1107059016887,17.56,0.10,165.26722, 6.47490,54409.51660,0
110104.14+062829.5,1107059016887,17.66,0.10,165.26705, 6.47488,54409.51945,0
110104.14+062829.5,1107059016887,17.68,0.10,165.26714, 6.47476,54409.52223,0
110104.14+062829.5,1107059016887,17.61,0.10,165.26727, 6.47495,54422.48179,0
110104.14+062829.5,1107059016887,17.73,0.10,165.26723, 6.47492,54422.48831,0
110104.14+062829.5,1107059016887,17.73,0.10,165.26722, 6.47495,54422.49499,0
110104.14+062829.5,1107059016887,17.64,0.10,165.26727, 6.47488,54422.50172,0
110104.14+062829.5,1107059016887,17.81,0.10,165.26720, 6.47487,54580.22112,0
110104.14+062829.5,1107059016887,17.76,0.10,165.26717, 6.47484,54580.22756,0
110104.14+062829.5,1107059016887,17.82,0.10,165.26724, 6.47500,54580.23399,0
110104.14+062829.5,1107059016887,17.66,0.10,165.26719, 6.47488,54580.24039,0
110104.14+062829.5,1107059016887,17.60,0.10,165.26721, 6.47499,54829.41100,0
110104.14+062829.5,1107059016887,17.69,0.10,165.26720, 6.47490,54829.41827,0
110104.14+062829.5,1107059016887,17.66,0.10,165.26726, 6.47496,54829.42560,0
110104.14+062829.5,1107059016887,17.66,0.10,165.26725, 6.47488,54829.43291,0
110104.14+062829.5,1107059016887,17.75,0.10,165.26728, 6.47498,54475.48870,0
110104.14+062829.5,1107059016887,17.70,0.10,165.26714, 6.47504,54475.49520,0
110104.14+062829.5,1107059016887,17.80,0.10,165.26717, 6.47496,54475.50170,0
110104.14+062829.5,1107059016887,17.61,0.10,165.26706, 6.47496,54475.50826,0
110104.14+062829.5,1107059016887,17.76,0.10,165.26717, 6.47491,54483.41703,0
110104.14+062829.5,1107059016887,17.93,0.11,165.26713, 6.47489,54483.42358,0
110104.14+062829.5,1107059016887,17.87,0.10,165.26719, 6.47498,54483.43018,0
110104.14+062829.5,1107059016887,17.77,0.10,165.26717, 6.47497,54483.43674,0
110104.14+062829.5,1107059016887,17.58,0.10,165.26727, 6.47501,54495.45015,0
110104.14+062829.5,1107059016887,17.74,0.10,165.26712, 6.47490,54495.45786,0
110104.14+062829.5,1107059016887,17.68,0.10,165.26730, 6.47492,54495.46549,0
110104.14+062829.5,1107059016887,17.70,0.10,165.26718, 6.47483,54495.47312,0
110104.14+062829.5,1107059016887,17.75,0.09,165.26705, 6.47499,54623.15880,0
110104.14+062829.5,1107059016887,17.75,0.09,165.26723, 6.47501,54623.16612,0
110104.14+062829.5,1107059016887,17.80,0.09,165.26720, 6.47485,54623.17343,0
110104.14+062829.5,1107059016887,17.66,0.09,165.26712, 6.47499,54623.18073,0
110104.14+062829.5,1107059016887,17.80,0.13,165.26710, 6.47475,54631.16204,0
110104.14+062829.5,1107059016887,17.98,0.13,165.26711, 6.47506,54631.16789,0
110104.14+062829.5,1107059016887,18.01,0.14,165.26704, 6.47480,54631.17380,0
110104.14+062829.5,1107059016887,17.72,0.12,165.26721, 6.47505,54631.17967,0
110104.14+062829.5,1107059016887,17.62,0.10,165.26719, 6.47479,54528.27860,0
110104.14+062829.5,1107059016887,17.73,0.10,165.26716, 6.47493,54528.28908,0
110104.14+062829.5,1107059016887,17.69,0.10,165.26714, 6.47493,54528.29959,0
110104.14+062829.5,1107059016887,17.70,0.10,165.26738, 6.47492,54528.31010,0
110104.14+062829.5,1107059016887,17.66,0.10,165.26723, 6.47496,54534.28851,0
110104.14+062829.5,1107059016887,17.57,0.10,165.26717, 6.47488,54534.29537,0
110104.14+062829.5,1107059016887,17.84,0.13,165.26713, 6.47494,54534.30218,0
110104.14+062829.5,1107059016887,17.78,0.10,165.26724, 6.47487,54549.22802,0
110104.14+062829.5,1107059016887,17.83,0.11,165.26718, 6.47500,54549.23467,0
110104.14+062829.5,1107059016887,17.76,0.10,165.26712, 6.47497,54549.24129,0
110104.14+062829.5,1107059016887,17.57,0.10,165.26707, 6.47503,54549.24795,0
110104.14+062829.5,1107059016887,17.63,0.10,165.26720, 6.47495,54591.16660,0
110104.14+062829.5,1107059016887,17.83,0.11,165.26719, 6.47496,54591.17582,0
110104.14+062829.5,1107059016887,17.83,0.11,165.26719, 6.47495,54591.18503,0
110104.14+062829.5,1107059016887,17.75,0.10,165.26714, 6.47492,54591.19427,0
110104.14+062829.5,1107059016887,17.81,0.11,165.26736, 6.47491,54764.50986,0
110104.14+062829.5,1107059016887,17.68,0.10,165.26729, 6.47503,54764.51230,0
110104.14+062829.5,1107059016887,17.78,0.10,165.26722, 6.47494,54764.51476,0
110104.14+062829.5,1107059016887,17.63,0.10,165.26733, 6.47489,54764.51715,0
110104.14+062829.5,1107059016887,17.67,0.10,165.26715, 6.47481,54922.26420,0
110104.14+062829.5,1107059016887,17.76,0.10,165.26713, 6.47487,54922.27227,0
110104.14+062829.5,1107059016887,17.68,0.10,165.26712, 6.47491,54922.28035,0
110104.14+062829.5,1107059016887,17.78,0.10,165.26726, 6.47497,54922.28852,0
110104.14+062829.5,1107059016887,17.65,0.10,165.26726, 6.47487,55180.49549,0
110104.14+062829.5,1107059016887,17.76,0.10,165.26723, 6.47482,55180.50170,0
110104.14+062829.5,1107059016887,17.87,0.11,165.26709, 6.47484,55180.50807,0
110104.14+062829.5,1107059016887,17.88,0.11,165.26726, 6.47486,55180.51446,0
110104.14+062829.5,1107059016887,17.77,0.11,165.26720, 6.47485,54878.37448,0
110104.14+062829.5,1107059016887,17.63,0.10,165.26720, 6.47491,54878.38040,0
110104.14+062829.5,1107059016887,17.75,0.10,165.26722, 6.47495,54878.38628,0
110104.14+062829.5,1107059016887,17.57,0.10,165.26710, 6.47490,54878.39214,0
110104.14+062829.5,1107059016887,17.71,0.09,165.26729, 6.47484,54889.29344,0
110104.14+062829.5,1107059016887,17.63,0.08,165.26722, 6.47489,54889.30364,0
110104.14+062829.5,1107059016887,17.67,0.09,165.26719, 6.47492,54889.31383,0
110104.14+062829.5,1107059016887,17.56,0.08,165.26753, 6.47498,54889.32394,0
110104.14+062829.5,1107059016887,17.76,0.10,165.26717, 6.47498,54905.23289,0
110104.14+062829.5,1107059016887,17.70,0.10,165.26726, 6.47494,54905.23832,0
110104.14+062829.5,1107059016887,17.64,0.10,165.26727, 6.47477,54905.24384,0
110104.14+062829.5,1107059016887,17.69,0.10,165.26712, 6.47486,54905.24924,0
110104.14+062829.5,1107059016887,17.73,0.10,165.26721, 6.47474,54979.17296,0
110104.14+062829.5,1107059016887,17.58,0.10,165.26716, 6.47487,54979.17845,0
110104.14+062829.5,1107059016887,17.72,0.10,165.26716, 6.47478,54979.18402,0
110104.14+062829.5,1107059016887,17.65,0.10,165.26705, 6.47486,54979.18947,0
110104.14+062829.5,1107059016887,17.73,0.10,165.26744, 6.47511,55150.46892,0
110104.14+062829.5,1107059016887,17.78,0.11,165.26731, 6.47486,55150.47498,0
110104.14+062829.5,1107059016887,17.87,0.11,165.26718, 6.47488,55150.48108,0
110104.14+062829.5,1107059016887,17.76,0.10,165.26734, 6.47489,55150.48718,0
110104.14+062829.5,1107059016887,17.71,0.12,165.26724, 6.47478,55130.50918,0
110104.14+062829.5,1107059016887,17.50,0.11,165.26741, 6.47502,55130.51098,0
110104.14+062829.5,1107059016887,17.61,0.12,165.26746, 6.47486,55130.51294,0
110104.14+062829.5,1107059016887,17.71,0.12,165.26725, 6.47480,55130.51485,0
110104.14+062829.5,1107059016887,17.86,0.11,165.26726, 6.47486,55291.27501,0
110104.14+062829.5,1107059016887,17.62,0.10,165.26715, 6.47500,55291.28136,0
110104.14+062829.5,1107059016887,17.62,0.10,165.26729, 6.47494,55291.28777,0
110104.14+062829.5,1107059016887,17.85,0.11,165.26723, 6.47484,55291.29423,0
110104.14+062829.5,1107059016887,17.86,0.11,165.26720, 6.47497,55531.45179,0
110104.14+062829.5,1107059016887,17.77,0.10,165.26714, 6.47487,55531.46450,0
110104.14+062829.5,1107059016887,17.68,0.10,165.26727, 6.47498,55531.47084,0
110104.14+062829.5,1107059016887,17.69,0.10,165.26726, 6.47487,55540.48918,0
110104.14+062829.5,1107059016887,17.75,0.10,165.26721, 6.47491,55540.50308,0
110104.14+062829.5,1107059016887,17.66,0.10,165.26726, 6.47478,55540.51006,0
110104.14+062829.5,1107059016887,17.88,0.11,165.26712, 6.47482,55240.36080,0
110104.14+062829.5,1107059016887,17.78,0.11,165.26726, 6.47496,55240.36820,0
110104.14+062829.5,1107059016887,17.81,0.11,165.26709, 6.47480,55240.37575,0
110104.14+062829.5,1107059016887,17.79,0.11,165.26724, 6.47479,55240.38328,0
110104.14+062829.5,1107059016887,17.66,0.10,165.26715, 6.47475,55245.33974,0
110104.14+062829.5,1107059016887,17.89,0.11,165.26707, 6.47485,55245.34670,0
110104.14+062829.5,1107059016887,17.72,0.10,165.26717, 6.47483,55245.35356,0
110104.14+062829.5,1107059016887,17.60,0.10,165.26706, 6.47481,55245.36050,0
110104.14+062829.5,1107059016887,17.94,0.11,165.26717, 6.47479,55203.42066,0
110104.14+062829.5,1107059016887,17.81,0.10,165.26716, 6.47490,55203.42519,0
110104.14+062829.5,1107059016887,17.76,0.10,165.26723, 6.47475,55203.42980,0
110104.14+062829.5,1107059016887,17.70,0.10,165.26730, 6.47475,55203.43444,0
110104.14+062829.5,1107059016887,17.71,0.10,165.26734, 6.47490,55360.16771,0
110104.14+062829.5,1107059016887,17.88,0.11,165.26724, 6.47484,55360.17229,0
110104.14+062829.5,1107059016887,17.76,0.11,165.26727, 6.47481,55360.17686,0
110104.14+062829.5,1107059016887,17.74,0.11,165.26698, 6.47472,55360.18143,0
110104.14+062829.5,1107059016887,17.63,0.12,165.26721, 6.47479,55371.15920,0
110104.14+062829.5,1107059016887,18.07,0.15,165.26692, 6.47486,55371.16324,0
110104.14+062829.5,1107059016887,17.32,0.11,165.26716, 6.47485,55371.16731,0
110104.14+062829.5,1107059016887,17.57,0.12,165.26730, 6.47491,55371.17141,0
110104.14+062829.5,1107059016887,17.82,0.10,165.26721, 6.47485,55259.33348,0
110104.14+062829.5,1107059016887,17.68,0.10,165.26723, 6.47493,55259.33987,0
110104.14+062829.5,1107059016887,17.62,0.10,165.26739, 6.47490,55259.34635,0
110104.14+062829.5,1107059016887,17.87,0.11,165.26720, 6.47487,55259.35278,0
110104.14+062829.5,1107059016887,17.79,0.11,165.26726, 6.47492,55267.22254,0
110104.14+062829.5,1107059016887,17.70,0.10,165.26732, 6.47491,55267.22832,0
110104.14+062829.5,1107059016887,17.76,0.10,165.26728, 6.47497,55267.23636,0
110104.14+062829.5,1107059016887,17.76,0.10,165.26717, 6.47494,55267.24210,0
110104.14+062829.5,1107059016887,17.67,0.10,165.26712, 6.47483,55329.23614,0
110104.14+062829.5,1107059016887,17.52,0.10,165.26706, 6.47479,55329.24240,0
110104.14+062829.5,1107059016887,17.52,0.10,165.26725, 6.47478,55329.24871,0
110104.14+062829.5,1107059016887,17.67,0.10,165.26719, 6.47475,55329.25506,0
110104.14+062829.5,1107059016887,17.72,0.10,165.26719, 6.47491,55507.51633,0
110104.14+062829.5,1107059016887,17.83,0.11,165.26723, 6.47495,55507.52094,0
110104.14+062829.5,1107059016887,17.82,0.11,165.26732, 6.47489,55507.52326,0
110104.14+062829.5,1107059016887,17.82,0.11,165.26722, 6.47491,55516.49109,0
110104.14+062829.5,1107059016887,17.89,0.11,165.26715, 6.47497,55516.51212,0
110104.14+062829.5,1107059016887,17.62,0.10,165.26729, 6.47494,55601.36027,0
110104.14+062829.5,1107059016887,17.62,0.10,165.26721, 6.47489,55601.36658,0
110104.14+062829.5,1107059016887,17.57,0.10,165.26722, 6.47495,55601.37289,0
110104.14+062829.5,1107059016887,17.65,0.10,165.26726, 6.47496,55601.37923,0
110104.14+062829.5,1107059016887,17.63,0.10,165.26726, 6.47486,55615.39848,0
110104.14+062829.5,1107059016887,17.46,0.10,165.26725, 6.47487,55615.40591,0
110104.14+062829.5,1107059016887,17.63,0.10,165.26720, 6.47500,55615.41344,0
110104.14+062829.5,1107059016887,17.63,0.10,165.26720, 6.47486,55615.42097,0
110104.14+062829.5,1107059016887,17.70,0.10,165.26715, 6.47493,55572.47846,0
110104.14+062829.5,1107059016887,17.82,0.11,165.26718, 6.47490,55572.48442,0
110104.14+062829.5,1107059016887,17.64,0.10,165.26722, 6.47497,55572.49046,0
110104.14+062829.5,1107059016887,17.73,0.10,165.26721, 6.47492,55572.49654,0
110104.14+062829.5,1107059016887,17.70,0.10,165.26723, 6.47484,55587.49388,0
110104.14+062829.5,1107059016887,17.45,0.09,165.26724, 6.47480,55587.50078,0
110104.14+062829.5,1107059016887,17.73,0.10,165.26719, 6.47493,55587.50781,0
110104.14+062829.5,1107059016887,17.75,0.10,165.26726, 6.47497,55587.51480,0
110104.14+062829.5,1107059016887,17.62,0.09,165.26713, 6.47479,55624.30616,0
110104.14+062829.5,1107059016887,17.64,0.09,165.26724, 6.47497,55624.31579,0
110104.14+062829.5,1107059016887,17.65,0.09,165.26714, 6.47483,55624.32546,0
110104.14+062829.5,1107059016887,17.48,0.09,165.26715, 6.47478,55624.33515,0
110104.14+062829.5,1107059016887,17.49,0.10,165.26729, 6.47483,55688.15933,0
110104.14+062829.5,1107059016887,17.60,0.10,165.26717, 6.47492,55688.16448,0
110104.14+062829.5,1107059016887,17.58,0.10,165.26726, 6.47501,55688.16959,0
110104.14+062829.5,1107059016887,17.56,0.10,165.26719, 6.47486,55688.17471,0
110104.14+062829.5,1107059016887,17.65,0.11,165.26720, 6.47501,54549.28810,0
110104.14+062829.5,1107059016887,17.77,0.11,165.26719, 6.47487,54549.29390,0
110104.14+062829.5,1107059016887,17.56,0.10,165.26744, 6.47488,54549.29970,0
110104.14+062829.5,1107059016887,17.78,0.11,165.26715, 6.47486,54549.30551,0
110104.14+062829.5,1107059016887,17.76,0.11,165.26741, 6.47485,55717.17016,0
110104.14+062829.5,1107059016887,17.67,0.11,165.26720, 6.47486,55717.17846,0
110104.14+062829.5,1107059016887,17.58,0.11,165.26729, 6.47493,55717.18653,0
110104.14+062829.5,1107059016887,17.57,0.11,165.26756, 6.47488,55717.19451,0
110104.14+062829.5,1107059016887,17.84,0.11,165.26723, 6.47496,55887.49309,0
110104.14+062829.5,1107059016887,17.81,0.10,165.26724, 6.47498,55887.50158,0
110104.14+062829.5,1107059016887,17.70,0.10,165.26730, 6.47495,55887.51018,0
110104.14+062829.5,1107059016887,17.62,0.10,165.26726, 6.47520,55887.51884,0
110104.14+062829.5,1107059016887,17.65,0.10,165.26728, 6.47491,55999.24133,0
110104.14+062829.5,1107059016887,17.66,0.10,165.26720, 6.47490,55999.24638,0
110104.14+062829.5,1107059016887,17.56,0.10,165.26731, 6.47497,55999.25150,0
110104.14+062829.5,1107059016887,17.63,0.10,165.26718, 6.47499,55999.25661,0
110104.14+062829.5,1107059016887,17.53,0.09,165.26726, 6.47496,56007.23577,0
110104.14+062829.5,1107059016887,17.64,0.09,165.26722, 6.47500,56007.24594,0
110104.14+062829.5,1107059016887,17.75,0.09,165.26723, 6.47488,56007.25620,0
110104.14+062829.5,1107059016887,17.66,0.09,165.26728, 6.47485,56007.26636,0
110104.14+062829.5,1107059016887,17.51,0.10,165.26715, 6.47494,56030.16321,0
110104.14+062829.5,1107059016887,17.68,0.10,165.26728, 6.47490,56030.16834,0
110104.14+062829.5,1107059016887,17.60,0.10,165.26721, 6.47489,56030.17337,0
110104.14+062829.5,1107059016887,17.58,0.10,165.26724, 6.47498,56030.17854,0
110104.14+062829.5,1107059016887,17.50,0.10,165.26728, 6.47491,56046.16781,0
110104.14+062829.5,1107059016887,17.67,0.10,165.26721, 6.47510,56046.17632,0
110104.14+062829.5,1107059016887,17.54,0.10,165.26705, 6.47488,56046.18491,0
110104.14+062829.5,1107059016887,17.59,0.10,165.26733, 6.47499,56046.19348,0
110104.14+062829.5,1107059016887,17.82,0.12,165.26747, 6.47510,56233.50904,0
110104.14+062829.5,1107059016887,17.80,0.12,165.26722, 6.47508,56233.51207,0
110104.14+062829.5,1107059016887,17.55,0.12,165.26711, 6.47488,56233.51506,0
110104.14+062829.5,1107059016887,17.83,0.12,165.26728, 6.47481,56233.51810,0
110104.14+062829.5,1107059016887,17.70,0.12,165.26726, 6.47490,56246.50716,0
110104.14+062829.5,1107059016887,17.78,0.12,165.26722, 6.47491,56246.51075,0
110104.14+062829.5,1107059016887,17.72,0.12,165.26735, 6.47494,56246.51432,0
110104.14+062829.5,1107059016887,17.64,0.12,165.26718, 6.47485,56246.51787,0
110104.14+062829.5,1107059016887,17.53,0.09,165.26732, 6.47500,56256.48599,0
110104.14+062829.5,1107059016887,17.68,0.09,165.26733, 6.47506,56256.49216,0
110104.14+062829.5,1107059016887,17.72,0.09,165.26724, 6.47496,56256.49832,0
110104.14+062829.5,1107059016887,17.63,0.09,165.26715, 6.47493,56256.50443,0
110104.14+062829.5,1107059016887,17.50,0.10,165.26730, 6.47481,56269.42106,0
110104.14+062829.5,1107059016887,17.70,0.10,165.26720, 6.47495,56269.42954,0
110104.14+062829.5,1107059016887,17.66,0.10,165.26724, 6.47488,56269.43811,0
110104.14+062829.5,1107059016887,17.59,0.10,165.26723, 6.47498,56269.44665,0
110104.14+062829.5,1107059016887,17.65,0.10,165.26736, 6.47494,56281.46050,0
110104.14+062829.5,1107059016887,17.70,0.10,165.26727, 6.47492,56281.46795,0
110104.14+062829.5,1107059016887,17.54,0.10,165.26725, 6.47481,56281.47535,0
110104.14+062829.5,1107059016887,17.70,0.10,165.26720, 6.47496,56281.48277,0
110104.14+062829.5,1107059016887,17.63,0.10,165.26729, 6.47490,56298.35172,0
110104.14+062829.5,1107059016887,17.59,0.10,165.26723, 6.47489,56298.35919,0
110104.14+062829.5,1107059016887,17.61,0.10,165.26719, 6.47490,56298.36666,0
110104.14+062829.5,1107059016887,17.58,0.10,165.26726, 6.47488,56298.37407,0
110104.14+062829.5,1107059016887,17.53,0.10,165.26716, 6.47491,56328.39030,0
110104.14+062829.5,1107059016887,17.32,0.09,165.26726, 6.47493,56328.39781,0
110104.14+062829.5,1107059016887,17.47,0.10,165.26734, 6.47496,56328.40528,0
110104.14+062829.5,1107059016887,17.51,0.10,165.26727, 6.47490,56328.41280,0
110104.14+062829.5,1107059016887,17.50,0.10,165.26738, 6.47497,56353.29572,0
110104.14+062829.5,1107059016887,17.56,0.10,165.26728, 6.47500,56353.30146,0
110104.14+062829.5,1107059016887,17.66,0.10,165.26735, 6.47489,56353.30723,0
110104.14+062829.5,1107059016887,17.45,0.09,165.26725, 6.47478,56353.31298,0
110104.14+062829.5,1107059016887,17.53,0.10,165.26723, 6.47493,56362.30203,0
110104.14+062829.5,1107059016887,17.58,0.10,165.26724, 6.47492,56362.30650,0
110104.14+062829.5,1107059016887,17.58,0.10,165.26727, 6.47493,56362.31098,0
110104.14+062829.5,1107059016887,17.54,0.10,165.26723, 6.47490,56362.31550,0
110104.14+062829.5,1107059016887,17.85,0.11,165.26728, 6.47495,55947.43675,0
110104.14+062829.5,1107059016887,17.63,0.10,165.26717, 6.47489,55947.44182,0
110104.14+062829.5,1107059016887,17.59,0.10,165.26725, 6.47507,55947.44692,0
110104.14+062829.5,1107059016887,17.62,0.10,165.26728, 6.47493,55947.45200,0
110104.14+062829.5,1107059016887,17.74,0.09,165.26723, 6.47494,55956.46413,0
110104.14+062829.5,1107059016887,17.71,0.09,165.26738, 6.47496,55956.47285,0
110104.14+062829.5,1107059016887,17.70,0.09,165.26734, 6.47499,55956.48150,0
110104.14+062829.5,1107059016887,17.70,0.09,165.26727, 6.47486,55956.49031,0
110104.14+062829.5,1107059016887,17.63,0.10,165.26730, 6.47496,56383.19931,0
110104.14+062829.5,1107059016887,17.52,0.10,165.26730, 6.47498,56383.20720,0
110104.14+062829.5,1107059016887,17.61,0.10,165.26735, 6.47498,56383.21508,0
110104.14+062829.5,1107059016887,17.70,0.10,165.26738, 6.47490,56383.22300,0
110104.14+062829.5,1107059016887,17.63,0.10,165.26728, 6.47499,56392.19217,0
110104.14+062829.5,1107059016887,17.68,0.10,165.26728, 6.47500,56392.19495,0
110104.14+062829.5,1107059016887,17.49,0.10,165.26725, 6.47481,56392.19779,0
110104.14+062829.5,1107059016887,17.62,0.10,165.26723, 6.47491,56392.20058,0
110104.14+062829.5,1107059016887,17.60,0.10,165.26733, 6.47500,56411.23251,0
110104.14+062829.5,1107059016887,17.57,0.10,165.26737, 6.47502,56411.23757,0
110104.14+062829.5,1107059016887,17.62,0.10,165.26729, 6.47485,56411.24263,0
110104.14+062829.5,1107059016887,17.54,0.10,165.26738, 6.47497,56411.24771,0
110104.14+062829.5,1107059016887,17.56,0.10,165.26712, 6.47496,56419.15675,0
110104.14+062829.5,1107059016887,17.68,0.10,165.26723, 6.47501,56419.16572,0
110104.14+062829.5,1107059016887,17.49,0.10,165.26725, 6.47488,56419.17469,0
110104.14+062829.5,1107059016887,17.47,0.10,165.26723, 6.47495,56419.18367,0
110104.14+062829.5,1107059016887,17.50,0.10,165.26735, 6.47493,56441.15124,0
110104.14+062829.5,1107059016887,17.58,0.10,165.26722, 6.47500,56441.15800,0
110104.14+062829.5,1107059016887,17.39,0.10,165.26712, 6.47490,56441.16474,0
110104.14+062829.5,1107059016887,17.48,0.10,165.26728, 6.47495,56441.17145,0
110104.14+062829.5,1107059016887,17.56,0.10,165.26718, 6.47493,56447.15684,0
110104.14+062829.5,1107059016887,17.51,0.10,165.26738, 6.47486,56447.16133,0
110104.14+062829.5,1107059016887,17.68,0.11,165.26714, 6.47490,56447.16585,0
110104.14+062829.5,1107059016887,17.66,0.10,165.26738, 6.47492,56447.17036,0
110104.14+062829.5,2105152026770,18.03,0.07,165.26733, 6.47499,53731.48388,0
110104.14+062829.5,2105152026770,18.00,0.07,165.26735, 6.47495,53731.48990,0
110104.14+062829.5,2105152026770,17.85,0.07,165.26745, 6.47497,53731.49591,0
110104.14+062829.5,2105152026770,17.98,0.07,165.26737, 6.47493,53731.50194,0
110104.14+062829.5,2105152026770,17.93,0.07,165.26735, 6.47497,53832.18904,0
110104.14+062829.5,2105152026770,17.89,0.07,165.26731, 6.47498,53832.19553,0
110104.14+062829.5,2105152026770,17.90,0.07,165.26730, 6.47496,53832.20203,0
110104.14+062829.5,2105152026770,17.92,0.07,165.26736, 6.47498,53832.20853,0
110104.14+062829.5,2105152026770,17.86,0.07,165.26734, 6.47495,53846.16370,0
110104.14+062829.5,2105152026770,17.89,0.07,165.26732, 6.47493,53846.17160,0
110104.14+062829.5,2105152026770,17.90,0.07,165.26732, 6.47494,53846.17934,0
110104.14+062829.5,2105152026770,17.90,0.07,165.26731, 6.47495,53846.18696,0
110104.14+062829.5,2105152026770,18.04,0.07,165.26734, 6.47492,54093.42246,0
110104.14+062829.5,2105152026770,17.98,0.07,165.26734, 6.47494,54093.43057,0
110104.14+062829.5,2105152026770,18.06,0.07,165.26736, 6.47495,54093.43873,0
110104.14+062829.5,2105152026770,17.92,0.07,165.26734, 6.47494,54093.44697,0
110104.14+062829.5,2105152026770,18.00,0.07,165.26739, 6.47497,53739.45843,0
110104.14+062829.5,2105152026770,17.97,0.07,165.26734, 6.47495,53739.46589,0
110104.14+062829.5,2105152026770,18.02,0.07,165.26736, 6.47494,53739.47331,0
110104.14+062829.5,2105152026770,17.96,0.07,165.26737, 6.47495,53739.48073,0
110104.14+062829.5,2105152026770,18.01,0.07,165.26735, 6.47493,53758.49225,0
110104.14+062829.5,2105152026770,17.98,0.07,165.26736, 6.47496,53758.50123,0
110104.14+062829.5,2105152026770,18.03,0.07,165.26734, 6.47495,53758.51023,0
110104.14+062829.5,2105152026770,18.00,0.07,165.26736, 6.47494,53758.51922,0
110104.14+062829.5,2105152026770,17.86,0.07,165.26734, 6.47496,53817.27955,0
110104.14+062829.5,2105152026770,17.92,0.07,165.26736, 6.47495,53817.28698,0
110104.14+062829.5,2105152026770,17.90,0.07,165.26737, 6.47499,53817.29440,0
110104.14+062829.5,2105152026770,17.89,0.07,165.26734, 6.47499,53817.30185,0
110104.14+062829.5,2105152026770,17.88,0.07,165.26734, 6.47494,53879.20516,0
110104.14+062829.5,2105152026770,17.92,0.07,165.26732, 6.47495,53879.21256,0
110104.14+062829.5,2105152026770,17.86,0.07,165.26732, 6.47491,53879.21970,0
110104.14+062829.5,2105152026770,17.89,0.07,165.26735, 6.47498,53879.22690,0
110104.14+062829.5,2105152026770,17.92,0.09,165.26734, 6.47492,54042.49999,0
110104.14+062829.5,2105152026770,18.01,0.07,165.26734, 6.47495,54059.52832,0
110104.14+062829.5,2105152026770,18.02,0.07,165.26730, 6.47493,54059.53061,0
110104.14+062829.5,2105152026770,17.97,0.07,165.26737, 6.47494,54059.53280,0
110104.14+062829.5,2105152026770,18.08,0.07,165.26732, 6.47494,54059.53499,0
110104.14+062829.5,2105152026770,17.98,0.07,165.26733, 6.47493,54205.21818,0
110104.14+062829.5,2105152026770,17.93,0.07,165.26735, 6.47496,54205.22654,0
110104.14+062829.5,2105152026770,17.96,0.07,165.26734, 6.47497,54205.23488,0
110104.14+062829.5,2105152026770,18.00,0.07,165.26733, 6.47496,54205.24327,0
110104.14+062829.5,2105152026770,17.77,0.07,165.26735, 6.47496,54448.50644,0
110104.14+062829.5,2105152026770,17.75,0.07,165.26733, 6.47497,54448.51436,0
110104.14+062829.5,2105152026770,17.79,0.07,165.26732, 6.47494,54448.52223,0
110104.14+062829.5,2105152026770,17.77,0.07,165.26735, 6.47494,54448.53014,0
110104.14+062829.5,2105152026770,17.83,0.07,165.26733, 6.47495,54465.46542,0
110104.14+062829.5,2105152026770,17.79,0.07,165.26734, 6.47491,54465.47196,0
110104.14+062829.5,2105152026770,17.78,0.07,165.26732, 6.47496,54465.47853,0
110104.14+062829.5,2105152026770,17.81,0.07,165.26730, 6.47493,54465.48513,0
110104.14+062829.5,2105152026770,18.02,0.07,165.26733, 6.47490,54127.41009,0
110104.14+062829.5,2105152026770,18.06,0.07,165.26736, 6.47492,54127.41740,0
110104.14+062829.5,2105152026770,18.03,0.07,165.26738, 6.47491,54127.42474,0
110104.14+062829.5,2105152026770,18.04,0.07,165.26734, 6.47492,54127.43204,0
110104.14+062829.5,2105152026770,18.00,0.07,165.26733, 6.47495,54168.37370,0
110104.14+062829.5,2105152026770,17.93,0.07,165.26732, 6.47494,54168.37998,0
110104.14+062829.5,2105152026770,17.96,0.07,165.26735, 6.47496,54168.38636,0
110104.14+062829.5,2105152026770,17.96,0.07,165.26733, 6.47493,54168.39271,0
110104.14+062829.5,2105152026770,17.94,0.07,165.26734, 6.47496,54179.25280,0
110104.14+062829.5,2105152026770,17.97,0.07,165.26732, 6.47492,54179.25913,0
110104.14+062829.5,2105152026770,17.94,0.07,165.26735, 6.47496,54179.26543,0
110104.14+062829.5,2105152026770,17.99,0.07,165.26731, 6.47496,54179.27178,0
110104.14+062829.5,2105152026770,17.90,0.07,165.26732, 6.47496,54185.19544,0
110104.14+062829.5,2105152026770,17.89,0.07,165.26732, 6.47494,54185.20263,0
110104.14+062829.5,2105152026770,17.97,0.07,165.26732, 6.47493,54185.20973,0
110104.14+062829.5,2105152026770,17.99,0.07,165.26733, 6.47492,54185.21692,0
110104.14+062829.5,2105152026770,17.94,0.07,165.26737, 6.47495,54231.21212,0
110104.14+062829.5,2105152026770,18.01,0.07,165.26738, 6.47494,54231.21995,0
110104.14+062829.5,2105152026770,17.98,0.07,165.26732, 6.47493,54231.22784,0
110104.14+062829.5,2105152026770,17.96,0.07,165.26735, 6.47493,54231.23563,0
110104.14+062829.5,2105152026770,17.63,0.07,165.26734, 6.47495,54412.50549,0
110104.14+062829.5,2105152026770,17.62,0.07,165.26731, 6.47495,54412.51037,0
110104.14+062829.5,2105152026770,17.68,0.07,165.26732, 6.47496,54412.51532,0
110104.14+062829.5,2105152026770,17.73,0.07,165.26734, 6.47497,54412.52028,0
110104.14+062829.5,2105152026770,17.75,0.07,165.26732, 6.47493,54424.44613,0
110104.14+062829.5,2105152026770,17.74,0.07,165.26732, 6.47494,54424.44996,0
110104.14+062829.5,2105152026770,17.75,0.07,165.26733, 6.47495,54424.45385,0
110104.14+062829.5,2105152026770,17.75,0.07,165.26732, 6.47498,54424.45769,0
110104.14+062829.5,2105152026770,17.70,0.07,165.26737, 6.47496,54566.22424,0
110104.14+062829.5,2105152026770,17.62,0.08,165.26737, 6.47494,54566.22923,0
110104.14+062829.5,2105152026770,17.76,0.07,165.26734, 6.47494,54581.26113,0
110104.14+062829.5,2105152026770,17.75,0.07,165.26731, 6.47491,54581.26669,0
110104.14+062829.5,2105152026770,17.82,0.07,165.26735, 6.47493,54581.27227,0
110104.14+062829.5,2105152026770,17.80,0.07,165.26734, 6.47495,54581.27785,0
110104.14+062829.5,2105152026770,17.67,0.07,165.26729, 6.47493,54830.42962,0
110104.14+062829.5,2105152026770,17.62,0.07,165.26731, 6.47496,54830.43631,0
110104.14+062829.5,2105152026770,17.65,0.07,165.26734, 6.47496,54830.44300,0
110104.14+062829.5,2105152026770,17.67,0.07,165.26733, 6.47495,54830.44970,0
110104.14+062829.5,2105152026770,17.65,0.07,165.26731, 6.47493,54831.41763,0
110104.14+062829.5,2105152026770,17.65,0.07,165.26729, 6.47493,54831.42604,0
110104.14+062829.5,2105152026770,17.67,0.07,165.26732, 6.47495,54831.43443,0
110104.14+062829.5,2105152026770,17.65,0.07,165.26731, 6.47496,54831.44277,0
110104.14+062829.5,2105152026770,17.69,0.07,165.26739, 6.47495,54480.45033,0
110104.14+062829.5,2105152026770,17.75,0.07,165.26734, 6.47497,54480.45534,0
110104.14+062829.5,2105152026770,17.67,0.07,165.26734, 6.47494,54480.46034,0
110104.14+062829.5,2105152026770,17.68,0.07,165.26736, 6.47493,54480.46535,0
110104.14+062829.5,2105152026770,17.73,0.07,165.26734, 6.47495,54495.44906,0
110104.14+062829.5,2105152026770,17.71,0.07,165.26732, 6.47493,54495.45844,0
110104.14+062829.5,2105152026770,17.70,0.07,165.26734, 6.47496,54495.46783,0
110104.14+062829.5,2105152026770,17.72,0.07,165.26731, 6.47491,54495.47743,0
110104.14+062829.5,2105152026770,17.72,0.07,165.26734, 6.47495,54530.31841,0
110104.14+062829.5,2105152026770,17.76,0.07,165.26733, 6.47496,54530.32401,0
110104.14+062829.5,2105152026770,17.78,0.07,165.26733, 6.47495,54530.32905,0
110104.14+062829.5,2105152026770,17.76,0.07,165.26734, 6.47495,54530.33412,0
110104.14+062829.5,2105152026770,17.72,0.07,165.26733, 6.47495,54551.27429,0
110104.14+062829.5,2105152026770,17.71,0.07,165.26738, 6.47496,54551.28153,0
110104.14+062829.5,2105152026770,17.75,0.07,165.26733, 6.47497,54551.28872,0
110104.14+062829.5,2105152026770,17.76,0.07,165.26735, 6.47493,54551.29602,0
110104.14+062829.5,2105152026770,17.65,0.07,165.26732, 6.47497,54793.51179,0
110104.14+062829.5,2105152026770,17.65,0.07,165.26731, 6.47495,54793.51767,0
110104.14+062829.5,2105152026770,17.64,0.07,165.26731, 6.47496,54793.52358,0
110104.14+062829.5,2105152026770,17.62,0.07,165.26731, 6.47496,54793.52953,0
110104.14+062829.5,2105152026770,17.76,0.07,165.26735, 6.47498,54923.18326,0
110104.14+062829.5,2105152026770,17.81,0.07,165.26734, 6.47495,54923.19152,0
110104.14+062829.5,2105152026770,17.78,0.07,165.26732, 6.47498,54923.19975,0
110104.14+062829.5,2105152026770,17.75,0.07,165.26735, 6.47498,54923.20773,0
110104.14+062829.5,2105152026770,17.81,0.07,165.26737, 6.47496,54939.27939,0
110104.14+062829.5,2105152026770,17.76,0.07,165.26734, 6.47492,54939.28630,0
110104.14+062829.5,2105152026770,17.80,0.07,165.26734, 6.47496,54939.29323,0
110104.14+062829.5,2105152026770,17.81,0.07,165.26735, 6.47496,54939.30007,0
110104.14+062829.5,2105152026770,17.71,0.07,165.26734, 6.47495,54889.37107,0
110104.14+062829.5,2105152026770,17.75,0.07,165.26731, 6.47494,54889.37791,0
110104.14+062829.5,2105152026770,17.67,0.07,165.26736, 6.47495,54889.38470,0
110104.14+062829.5,2105152026770,17.70,0.07,165.26732, 6.47493,54889.39152,0
110104.14+062829.5,2105152026770,17.68,0.07,165.26729, 6.47490,54848.51138,0
110104.14+062829.5,2105152026770,17.71,0.07,165.26733, 6.47495,54848.51662,0
110104.14+062829.5,2105152026770,17.65,0.07,165.26733, 6.47494,54848.52171,0
110104.14+062829.5,2105152026770,17.71,0.07,165.26732, 6.47496,54848.52693,0
110104.14+062829.5,2105152026770,17.66,0.07,165.26732, 6.47493,54849.38802,0
110104.14+062829.5,2105152026770,17.73,0.07,165.26731, 6.47492,54849.39319,0
110104.14+062829.5,2105152026770,17.69,0.07,165.26732, 6.47496,54849.39834,0
110104.14+062829.5,2105152026770,17.69,0.07,165.26731, 6.47493,54849.40348,0
110104.14+062829.5,2105152026770,17.78,0.09,165.26732, 6.47493,54997.15689,0
110104.14+062829.5,2105152026770,17.68,0.08,165.26734, 6.47492,54997.16009,0
110104.14+062829.5,2105152026770,17.62,0.08,165.26734, 6.47497,54997.16329,0
110104.14+062829.5,2105152026770,17.76,0.09,165.26736, 6.47496,54997.16655,0
110104.14+062829.5,2105152026770,17.80,0.07,165.26734, 6.47501,54905.28604,0
110104.14+062829.5,2105152026770,17.85,0.07,165.26738, 6.47495,54905.29415,0
110104.14+062829.5,2105152026770,17.77,0.07,165.26732, 6.47504,54905.30227,0
110104.14+062829.5,2105152026770,17.84,0.07,165.26737, 6.47499,54905.31046,0
110104.14+062829.5,2105152026770,17.77,0.07,165.26735, 6.47498,55143.50768,0
110104.14+062829.5,2105152026770,17.79,0.07,165.26733, 6.47496,55143.51234,0
110104.14+062829.5,2105152026770,17.64,0.07,165.26730, 6.47496,55143.51702,0
110104.14+062829.5,2105152026770,17.73,0.07,165.26733, 6.47499,55143.52172,0
110104.14+062829.5,2105152026770,17.80,0.07,165.26735, 6.47494,55159.48529,0
110104.14+062829.5,2105152026770,17.79,0.07,165.26733, 6.47497,55159.49125,0
110104.14+062829.5,2105152026770,17.75,0.07,165.26735, 6.47494,55159.49715,0
110104.14+062829.5,2105152026770,17.78,0.07,165.26729, 6.47494,55159.50310,0
110104.14+062829.5,2105152026770,17.80,0.07,165.26735, 6.47498,55295.22188,0
110104.14+062829.5,2105152026770,17.74,0.07,165.26736, 6.47497,55295.22958,0
110104.14+062829.5,2105152026770,17.77,0.07,165.26736, 6.47498,55295.23729,0
110104.14+062829.5,2105152026770,17.80,0.07,165.26736, 6.47500,55295.24501,0
110104.14+062829.5,2105152026770,17.74,0.07,165.26731, 6.47492,55541.47332,0
110104.14+062829.5,2105152026770,17.73,0.07,165.26734, 6.47496,55541.48033,0
110104.14+062829.5,2105152026770,17.73,0.07,165.26731, 6.47497,55541.48736,0
110104.14+062829.5,2105152026770,17.76,0.07,165.26735, 6.47497,55541.49434,0
110104.14+062829.5,2105152026770,17.86,0.09,165.26733, 6.47498,55233.38549,0
110104.14+062829.5,2105152026770,17.81,0.09,165.26734, 6.47495,55233.38716,0
110104.14+062829.5,2105152026770,17.81,0.07,165.26736, 6.47501,55240.37958,0
110104.14+062829.5,2105152026770,17.87,0.07,165.26736, 6.47499,55240.38843,0
110104.14+062829.5,2105152026770,17.83,0.07,165.26738, 6.47498,55240.39732,0
110104.14+062829.5,2105152026770,17.80,0.07,165.26738, 6.47499,55240.40616,0
110104.14+062829.5,2105152026770,17.86,0.07,165.26731, 6.47494,55211.40833,0
110104.14+062829.5,2105152026770,17.85,0.07,165.26737, 6.47494,55211.41546,0
110104.14+062829.5,2105152026770,17.84,0.07,165.26734, 6.47494,55211.42264,0
110104.14+062829.5,2105152026770,17.85,0.07,165.26732, 6.47495,55211.42975,0
110104.14+062829.5,2105152026770,17.73,0.07,165.26735, 6.47499,55267.30694,0
110104.14+062829.5,2105152026770,17.77,0.07,165.26738, 6.47504,55267.31466,0
110104.14+062829.5,2105152026770,17.77,0.07,165.26737, 6.47501,55267.32246,0
110104.14+062829.5,2105152026770,17.81,0.07,165.26739, 6.47503,55267.33024,0
110104.14+062829.5,2105152026770,17.65,0.07,165.26732, 6.47497,55322.14340,0
110104.14+062829.5,2105152026770,17.66,0.07,165.26731, 6.47497,55322.14751,0
110104.14+062829.5,2105152026770,17.69,0.07,165.26733, 6.47496,55322.14990,0
110104.14+062829.5,2105152026770,17.64,0.07,165.26733, 6.47493,55322.16840,0
110104.14+062829.5,2105152026770,17.76,0.07,165.26730, 6.47494,55515.51233,0
110104.14+062829.5,2105152026770,17.76,0.07,165.26733, 6.47497,55515.51667,0
110104.14+062829.5,2105152026770,17.75,0.07,165.26731, 6.47495,55515.52096,0
110104.14+062829.5,2105152026770,17.71,0.07,165.26732, 6.47497,55515.52528,0
110104.14+062829.5,2105152026770,17.73,0.07,165.26729, 6.47491,55663.15882,0
110104.14+062829.5,2105152026770,17.67,0.07,165.26732, 6.47495,55663.16799,0
110104.14+062829.5,2105152026770,17.66,0.07,165.26731, 6.47495,55663.17728,0
110104.14+062829.5,2105152026770,17.71,0.07,165.26733, 6.47496,55663.18651,0
110104.14+062829.5,2105152026770,17.63,0.07,165.26732, 6.47492,55617.36848,0
110104.14+062829.5,2105152026770,17.63,0.07,165.26732, 6.47493,55617.37496,0
110104.14+062829.5,2105152026770,17.64,0.07,165.26733, 6.47493,55617.38154,0
110104.14+062829.5,2105152026770,17.61,0.07,165.26732, 6.47493,55617.38807,0
110104.14+062829.5,2105152026770,17.69,0.06,165.26730, 6.47494,55563.47080,0
110104.14+062829.5,2105152026770,17.68,0.06,165.26729, 6.47492,55563.47913,0
110104.14+062829.5,2105152026770,17.71,0.06,165.26733, 6.47494,55563.48745,0
110104.14+062829.5,2105152026770,17.74,0.06,165.26732, 6.47494,55563.49577,0
110104.14+062829.5,2105152026770,17.64,0.07,165.26736, 6.47494,55624.27417,0
110104.14+062829.5,2105152026770,17.68,0.07,165.26731, 6.47490,55624.28182,0
110104.14+062829.5,2105152026770,17.66,0.07,165.26732, 6.47494,55624.28948,0
110104.14+062829.5,2105152026770,17.68,0.07,165.26733, 6.47494,55624.29713,0
110104.14+062829.5,2105152026770,17.70,0.07,165.26732, 6.47496,55648.23829,0
110104.14+062829.5,2105152026770,17.67,0.07,165.26734, 6.47495,55648.24349,0
110104.14+062829.5,2105152026770,17.69,0.07,165.26732, 6.47498,55648.24873,0
110104.14+062829.5,2105152026770,17.76,0.07,165.26732, 6.47497,55648.25396,0
110104.14+062829.5,2105152026770,17.83,0.07,165.26737, 6.47504,55867.49080,0
110104.14+062829.5,2105152026770,17.85,0.07,165.26737, 6.47500,55867.49660,0
110104.14+062829.5,2105152026770,17.80,0.07,165.26739, 6.47501,55867.50239,0
110104.14+062829.5,2105152026770,17.84,0.07,165.26735, 6.47497,55867.50826,0
110104.14+062829.5,2105152026770,17.78,0.07,165.26738, 6.47499,55893.44734,0
110104.14+062829.5,2105152026770,17.75,0.07,165.26734, 6.47499,55893.45661,0
110104.14+062829.5,2105152026770,17.70,0.07,165.26740, 6.47502,55893.46597,0
110104.14+062829.5,2105152026770,17.71,0.07,165.26740, 6.47500,55893.47541,0
110104.14+062829.5,2105152026770,17.76,0.07,165.26734, 6.47499,55923.48530,0
110104.14+062829.5,2105152026770,17.79,0.07,165.26734, 6.47497,55923.49385,0
110104.14+062829.5,2105152026770,17.74,0.07,165.26739, 6.47496,55923.50255,0
110104.14+062829.5,2105152026770,17.78,0.07,165.26738, 6.47500,55923.51126,0
110104.14+062829.5,2105152026770,17.76,0.07,165.26736, 6.47498,55980.32184,0
110104.14+062829.5,2105152026770,17.76,0.07,165.26736, 6.47497,55980.33165,0
110104.14+062829.5,2105152026770,17.77,0.07,165.26738, 6.47506,55980.34140,0
110104.14+062829.5,2105152026770,17.78,0.07,165.26738, 6.47498,55980.35115,0
110104.14+062829.5,2105152026770,17.83,0.07,165.26739, 6.47502,55987.33950,0
110104.14+062829.5,2105152026770,17.75,0.07,165.26737, 6.47499,55987.34760,0
110104.14+062829.5,2105152026770,17.74,0.07,165.26738, 6.47499,55987.35572,0
110104.14+062829.5,2105152026770,17.78,0.07,165.26734, 6.47498,55987.36387,0
110104.14+062829.5,2105152026770,17.69,0.07,165.26735, 6.47498,55999.21341,0
110104.14+062829.5,2105152026770,17.68,0.07,165.26736, 6.47497,55999.22269,0
110104.14+062829.5,2105152026770,17.66,0.07,165.26736, 6.47499,55999.23211,0
110104.14+062829.5,2105152026770,17.66,0.07,165.26735, 6.47500,55999.24142,0
110104.14+062829.5,2105152026770,17.61,0.07,165.26737, 6.47501,56015.28031,0
110104.14+062829.5,2105152026770,17.64,0.07,165.26739, 6.47499,56015.28616,0
110104.14+062829.5,2105152026770,17.62,0.07,165.26737, 6.47499,56015.29197,0
110104.14+062829.5,2105152026770,17.61,0.07,165.26736, 6.47499,56015.29779,0
110104.14+062829.5,2105152026770,17.62,0.07,165.26737, 6.47499,56028.20738,0
110104.14+062829.5,2105152026770,17.61,0.07,165.26735, 6.47500,56028.21439,0
110104.14+062829.5,2105152026770,17.60,0.07,165.26741, 6.47501,56028.22136,0
110104.14+062829.5,2105152026770,17.60,0.07,165.26737, 6.47497,56028.22825,0
110104.14+062829.5,2105152026770,17.67,0.07,165.26735, 6.47497,56087.18293,0
110104.14+062829.5,2105152026770,17.69,0.07,165.26738, 6.47495,56087.18756,0
110104.14+062829.5,2105152026770,17.63,0.07,165.26735, 6.47497,56087.19221,0
110104.14+062829.5,2105152026770,17.67,0.07,165.26739, 6.47497,56087.19688,0
110104.14+062829.5,2105152026770,17.74,0.07,165.26735, 6.47498,56251.50504,0
110104.14+062829.5,2105152026770,17.65,0.07,165.26734, 6.47498,56251.50929,0
110104.14+062829.5,2105152026770,17.74,0.07,165.26737, 6.47501,56251.51354,0
110104.14+062829.5,2105152026770,17.72,0.07,165.26737, 6.47499,56251.51783,0
110104.14+062829.5,2105152026770,17.66,0.07,165.26736, 6.47498,56263.46617,0
110104.14+062829.5,2105152026770,17.63,0.07,165.26731, 6.47498,56263.47258,0
110104.14+062829.5,2105152026770,17.64,0.07,165.26739, 6.47498,56263.47907,0
110104.14+062829.5,2105152026770,17.66,0.07,165.26739, 6.47500,56263.48554,0
110104.14+062829.5,2105152026770,17.56,0.07,165.26736, 6.47500,56311.40411,0
110104.14+062829.5,2105152026770,17.51,0.07,165.26734, 6.47500,56311.40995,0
110104.14+062829.5,2105152026770,17.49,0.07,165.26739, 6.47502,56311.41579,0
110104.14+062829.5,2105152026770,17.52,0.07,165.26737, 6.47501,56311.42171,0
110104.14+062829.5,2105152026770,17.59,0.07,165.26739, 6.47499,56354.33236,0
110104.14+062829.5,2105152026770,17.53,0.07,165.26738, 6.47501,56354.33590,0
110104.14+062829.5,2105152026770,17.50,0.07,165.26735, 6.47500,56354.33948,0
110104.14+062829.5,2105152026770,17.57,0.07,165.26736, 6.47502,56354.34300,0
110104.14+062829.5,2105152026770,17.54,0.07,165.26738, 6.47502,56365.27152,0
110104.14+062829.5,2105152026770,17.57,0.07,165.26737, 6.47501,56365.27622,0
110104.14+062829.5,2105152026770,17.57,0.07,165.26740, 6.47501,56365.28083,0
110104.14+062829.5,2105152026770,17.56,0.07,165.26737, 6.47502,56365.28558,0
110104.14+062829.5,2105152026770,17.61,0.07,165.26739, 6.47501,56385.29142,0
110104.14+062829.5,2105152026770,17.62,0.07,165.26738, 6.47499,56385.29785,0
110104.14+062829.5,2105152026770,17.59,0.07,165.26738, 6.47498,56385.30429,0
110104.14+062829.5,2105152026770,17.62,0.07,165.26739, 6.47500,56385.31067,0
110104.14+062829.5,2105152026770,17.62,0.07,165.26739, 6.47500,56397.13454,0
110104.14+062829.5,2105152026770,17.62,0.07,165.26740, 6.47500,56397.14040,0
110104.14+062829.5,2105152026770,17.66,0.07,165.26739, 6.47500,56397.14629,0
110104.14+062829.5,2105152026770,17.64,0.07,165.26738, 6.47502,56397.15219,0
110104.14+062829.5,2105152026770,17.58,0.07,165.26734, 6.47493,56453.16895,0
110104.14+062829.5,2105152026770,17.55,0.07,165.26737, 6.47495,56453.17405,0
110104.14+062829.5,2105152026770,17.60,0.07,165.26741, 6.47501,56453.17885,0
110104.14+062829.5,2105152026770,17.56,0.07,165.26739, 6.47502,56453.18359,0
110104.14+062829.5,2105152026770,17.73,0.07,165.26732, 6.47496,56604.50424,0
110104.14+062829.5,2105152026770,17.79,0.07,165.26729, 6.47496,56604.50798,0
110104.14+062829.5,2105152026770,17.76,0.07,165.26731, 6.47496,56604.51171,0
110104.14+062829.5,2105152026770,17.74,0.07,165.26728, 6.47496,56604.51543,0
110104.14+062829.5,2105152026770,17.74,0.07,165.26728, 6.47496,56640.41754,0
110104.14+062829.5,2105152026770,17.87,0.07,165.26733, 6.47496,56640.42620,0
110104.14+062829.5,2105152026770,17.76,0.07,165.26734, 6.47498,56640.43487,0
110104.14+062829.5,2105152026770,17.69,0.07,165.26734, 6.47493,56640.44353,0
110104.14+062829.5,2105152026770,17.73,0.07,165.26728, 6.47494,56663.41099,0
110104.14+062829.5,2105152026770,17.77,0.07,165.26729, 6.47495,56663.42003,0
110104.14+062829.5,2105152026770,17.76,0.07,165.26734, 6.47499,56663.42909,0
110104.14+062829.5,2105152026770,17.77,0.07,165.26735, 6.47494,56663.43814,0
110104.14+062829.5,2105152026850,22.36,0.45,165.26509, 6.47734,53846.17160,0
110104.14+062829.5,2105152026850,22.04,0.36,165.26533, 6.47725,53879.22690,0
110104.14+062829.5,2105152026850,21.79,0.29,165.26513, 6.47752,54205.23488,0
110104.14+062829.5,2105152026850,22.77,0.50,165.26522, 6.47718,54179.25280,0
110104.14+062829.5,2105152026850,21.86,0.30,165.26521, 6.47727,54179.25913,0
110104.14+062829.5,2105152026850,22.03,0.37,165.26495, 6.47732,54581.26113,0
110104.14+062829.5,2105152026850,22.57,0.47,165.26495, 6.47728,54830.44970,0
110104.14+062829.5,2105152026850,21.70,0.30,165.26510, 6.47736,54831.41763,0
110104.14+062829.5,2105152026850,22.42,0.42,165.26515, 6.47729,54495.46783,0
110104.14+062829.5,2105152026850,22.43,0.44,165.26505, 6.47733,54793.51179,0
110104.14+062829.5,2105152026850,21.58,0.28,165.26498, 6.47716,54793.52358,0
110104.14+062829.5,2105152026850,21.53,0.30,165.26493, 6.47730,55295.22188,0
110104.14+062829.5,2105152026850,21.58,0.31,165.26506, 6.47733,55295.24501,0
110104.14+062829.5,2105152026850,21.67,0.30,165.26522, 6.47714,55541.48736,0
110104.14+062829.5,2105152026850,21.43,0.43,165.26486, 6.47752,55233.38549,0
110104.14+062829.5,2105152026850,21.66,0.34,165.26501, 6.47686,55240.40616,0
110104.14+062829.5,2105152026850,22.15,0.44,165.26482, 6.47733,55663.16799,0
110104.14+062829.5,2105152026850,21.13,0.22,165.26501, 6.47746,55617.37496,0
110104.14+062829.5,2105152026850,21.95,0.29,165.26518, 6.47749,55563.47913,0
110104.14+062829.5,2105152026850,21.71,0.31,165.26490, 6.47731,55648.24349,0
110104.14+062829.5,2105152026850,21.98,0.36,165.26497, 6.47734,55980.33165,0
110104.14+062829.5,2105152026850,21.80,0.33,165.26532, 6.47757,56028.20738,0
110104.14+062829.5,2105152026850,21.97,0.36,165.26496, 6.47721,56087.18293,0
110104.14+062829.5,2105152026850,22.44,0.54,165.26531, 6.47747,56397.14040,0
110104.14+062829.5,2105152026911,22.38,0.44,165.26665, 6.47035,53731.48388,0
110104.14+062829.5,2105152026911,21.92,0.35,165.26542, 6.47047,54093.44697,0
110104.14+062829.5,2105152026911,21.56,0.28,165.26667, 6.47054,53739.45843,0
110104.14+062829.5,2105152026911,22.10,0.37,165.26617, 6.47079,53879.22690,0
110104.14+062829.5,2105152026911,22.32,0.40,165.26634, 6.47039,54185.20263,0
110104.14+062829.5,2105152026911,21.77,0.31,165.26606, 6.47074,54412.50549,0
110104.14+062829.5,2105152026911,21.79,0.31,165.26602, 6.47080,54551.28872,0
110104.14+062829.5,2105152026911,20.98,0.23,165.26622, 6.47072,55295.22188,0
110104.14+062829.5,2105152026911,22.11,0.40,165.26671, 6.47041,55211.42975,0
110104.14+062829.5,2105152026911,21.07,0.22,165.26581, 6.47073,55923.48530,0
110104.14+062829.5,2105152026911,20.14,0.17,165.26631, 6.47066,56263.46617,0
110104.14+062829.5,2105152026911,21.57,0.32,165.26653, 6.47053,56365.27622,0
110104.14+062829.5,2105152026911,22.12,0.47,165.26639, 6.47043,56453.17405,0
110104.14+062829.5,2105152026911,21.84,0.35,165.26505, 6.46987,56663.43814,0
110104.14+062829.5,2105152027021,21.56,0.28,165.26435, 6.47199,53731.48388,0
110104.14+062829.5,2105152027021,21.37,0.26,165.26436, 6.47219,53832.18904,0
110104.14+062829.5,2105152027021,21.21,0.24,165.26441, 6.47207,53832.19553,0
110104.14+062829.5,2105152027021,20.82,0.20,165.26427, 6.47235,53832.20203,0
110104.14+062829.5,2105152027021,21.57,0.29,165.26425, 6.47232,53832.20853,0
110104.14+062829.5,2105152027021,21.45,0.28,165.26436, 6.47223,53846.16370,0
110104.14+062829.5,2105152027021,21.15,0.23,165.26442, 6.47222,53846.17160,0
110104.14+062829.5,2105152027021,21.20,0.24,165.26425, 6.47219,53846.17934,0
110104.14+062829.5,2105152027021,21.22,0.24,165.26433, 6.47223,53846.18696,0
110104.14+062829.5,2105152027021,21.24,0.24,165.26454, 6.47239,54093.42246,0
110104.14+062829.5,2105152027021,21.27,0.25,165.26445, 6.47235,54093.43873,0
110104.14+062829.5,2105152027021,21.48,0.27,165.26416, 6.47226,53739.45843,0
110104.14+062829.5,2105152027021,21.22,0.24,165.26502, 6.47197,53739.48073,0
110104.14+062829.5,2105152027021,20.49,0.15,165.26443, 6.47228,53758.49225,0
110104.14+062829.5,2105152027021,22.53,0.41,165.26408, 6.47231,53758.50123,0
110104.14+062829.5,2105152027021,21.10,0.19,165.26436, 6.47211,53758.51023,0
110104.14+062829.5,2105152027021,21.12,0.25,165.26413, 6.47219,53817.29440,0
110104.14+062829.5,2105152027021,21.73,0.30,165.26437, 6.47223,53879.20516,0
110104.14+062829.5,2105152027021,20.95,0.20,165.26439, 6.47208,53879.21256,0
110104.14+062829.5,2105152027021,20.49,0.16,165.26434, 6.47226,53879.21970,0
110104.14+062829.5,2105152027021,21.32,0.24,165.26442, 6.47227,53879.22690,0
110104.14+062829.5,2105152027021,20.74,0.19,165.26437, 6.47208,54059.52832,0
110104.14+062829.5,2105152027021,21.75,0.32,165.26440, 6.47207,54059.53061,0
110104.14+062829.5,2105152027021,21.44,0.27,165.26424, 6.47209,54059.53499,0
110104.14+062829.5,2105152027021,21.05,0.20,165.26432, 6.47229,54205.22654,0
110104.14+062829.5,2105152027021,21.33,0.23,165.26444, 6.47219,54205.23488,0
110104.14+062829.5,2105152027021,21.74,0.29,165.26433, 6.47223,54205.24327,0
110104.14+062829.5,2105152027021,21.31,0.23,165.26434, 6.47212,54448.50644,0
110104.14+062829.5,2105152027021,21.37,0.24,165.26436, 6.47205,54448.51436,0
110104.14+062829.5,2105152027021,21.30,0.23,165.26427, 6.47212,54448.52223,0
110104.14+062829.5,2105152027021,21.47,0.25,165.26482, 6.47181,54448.53014,0
110104.14+062829.5,2105152027021,21.34,0.24,165.26426, 6.47205,54465.46542,0
110104.14+062829.5,2105152027021,21.54,0.27,165.26450, 6.47219,54465.47853,0
110104.14+062829.5,2105152027021,21.32,0.24,165.26439, 6.47214,54465.48513,0
110104.14+062829.5,2105152027021,21.25,0.25,165.26468, 6.47217,54127.41009,0
110104.14+062829.5,2105152027021,22.57,0.51,165.26428, 6.47196,54127.41740,0
110104.14+062829.5,2105152027021,22.16,0.41,165.26457, 6.47211,54127.43204,0
110104.14+062829.5,2105152027021,21.52,0.26,165.26436, 6.47211,54168.37998,0
110104.14+062829.5,2105152027021,21.92,0.32,165.26432, 6.47241,54168.38636,0
110104.14+062829.5,2105152027021,21.07,0.20,165.26432, 6.47218,54168.39271,0
110104.14+062829.5,2105152027021,21.41,0.24,165.26433, 6.47225,54179.25280,0
110104.14+062829.5,2105152027021,21.03,0.20,165.26429, 6.47222,54179.25913,0
110104.14+062829.5,2105152027021,21.28,0.22,165.26438, 6.47208,54179.26543,0
110104.14+062829.5,2105152027021,21.59,0.26,165.26409, 6.47227,54179.27178,0
110104.14+062829.5,2105152027021,21.58,0.27,165.26450, 6.47213,54185.19544,0
110104.14+062829.5,2105152027021,20.82,0.18,165.26434, 6.47223,54185.20973,0
110104.14+062829.5,2105152027021,21.58,0.27,165.26441, 6.47228,54185.21692,0
110104.14+062829.5,2105152027021,21.63,0.28,165.26436, 6.47210,54231.21212,0
110104.14+062829.5,2105152027021,20.22,0.14,165.26414, 6.47206,54231.21995,0
110104.14+062829.5,2105152027021,21.22,0.23,165.26432, 6.47216,54231.22784,0
110104.14+062829.5,2105152027021,21.10,0.21,165.26436, 6.47214,54231.23563,0
110104.14+062829.5,2105152027021,21.43,0.26,165.26444, 6.47214,54412.50549,0
110104.14+062829.5,2105152027021,21.06,0.23,165.26442, 6.47233,54412.51037,0
110104.14+062829.5,2105152027021,21.29,0.25,165.26434, 6.47233,54412.51532,0
110104.14+062829.5,2105152027021,21.12,0.22,165.26436, 6.47214,54424.44613,0
110104.14+062829.5,2105152027021,21.88,0.33,165.26418, 6.47219,54424.44996,0
110104.14+062829.5,2105152027021,21.90,0.33,165.26431, 6.47213,54424.45385,0
110104.14+062829.5,2105152027021,21.13,0.22,165.26440, 6.47216,54424.45769,0
110104.14+062829.5,2105152027021,21.40,0.26,165.26425, 6.47236,54581.26113,0
110104.14+062829.5,2105152027021,21.60,0.29,165.26429, 6.47222,54581.26669,0
110104.14+062829.5,2105152027021,21.79,0.32,165.26431, 6.47208,54581.27227,0
110104.14+062829.5,2105152027021,21.13,0.23,165.26429, 6.47204,54581.27785,0
110104.14+062829.5,2105152027021,21.54,0.27,165.26427, 6.47212,54830.42962,0
110104.14+062829.5,2105152027021,21.46,0.26,165.26443, 6.47211,54830.43631,0
110104.14+062829.5,2105152027021,21.26,0.23,165.26442, 6.47221,54830.44300,0
110104.14+062829.5,2105152027021,21.48,0.26,165.26417, 6.47201,54830.44970,0
110104.14+062829.5,2105152027021,20.92,0.20,165.26432, 6.47226,54831.41763,0
110104.14+062829.5,2105152027021,21.11,0.22,165.26446, 6.47215,54831.42604,0
110104.14+062829.5,2105152027021,21.46,0.26,165.26440, 6.47202,54831.43443,0
110104.14+062829.5,2105152027021,20.72,0.18,165.26413, 6.47215,54831.44277,0
110104.14+062829.5,2105152027021,21.67,0.28,165.26413, 6.47215,54480.45534,0
110104.14+062829.5,2105152027021,20.67,0.17,165.26426, 6.47215,54495.44906,0
110104.14+062829.5,2105152027021,21.39,0.24,165.26441, 6.47218,54495.45844,0
110104.14+062829.5,2105152027021,21.15,0.22,165.26440, 6.47218,54495.47743,0
110104.14+062829.5,2105152027021,21.57,0.32,165.26443, 6.47224,54530.31841,0
110104.14+062829.5,2105152027021,21.30,0.25,165.26428, 6.47219,54530.32401,0
110104.14+062829.5,2105152027021,21.10,0.21,165.26440, 6.47233,54530.32905,0
110104.14+062829.5,2105152027021,20.77,0.18,165.26426, 6.47215,54530.33412,0
110104.14+062829.5,2105152027021,20.85,0.19,165.26425, 6.47244,54551.28872,0
110104.14+062829.5,2105152027021,21.53,0.28,165.26444, 6.47224,54551.29602,0
110104.14+062829.5,2105152027021,21.32,0.24,165.26440, 6.47222,54793.51179,0
110104.14+062829.5,2105152027021,21.09,0.21,165.26439, 6.47220,54793.51767,0
110104.14+062829.5,2105152027021,21.52,0.27,165.26435, 6.47209,54793.52358,0
110104.14+062829.5,2105152027021,21.21,0.23,165.26440, 6.47222,54793.52953,0
110104.14+062829.5,2105152027021,21.91,0.35,165.26434, 6.47220,54923.18326,0
110104.14+062829.5,2105152027021,20.96,0.21,165.26451, 6.47237,54923.19975,0
110104.14+062829.5,2105152027021,21.00,0.22,165.26420, 6.47229,54939.27939,0
110104.14+062829.5,2105152027021,21.22,0.25,165.26441, 6.47194,54939.28630,0
110104.14+062829.5,2105152027021,21.10,0.23,165.26428, 6.47222,54939.29323,0
110104.14+062829.5,2105152027021,22.16,0.42,165.26431, 6.47206,54939.30007,0
110104.14+062829.5,2105152027021,21.10,0.23,165.26427, 6.47227,54889.37107,0
110104.14+062829.5,2105152027021,21.27,0.25,165.26432, 6.47215,54889.37791,0
110104.14+062829.5,2105152027021,21.34,0.26,165.26441, 6.47216,54889.38470,0
110104.14+062829.5,2105152027021,21.26,0.25,165.26432, 6.47218,54889.39152,0
110104.14+062829.5,2105152027021,22.25,0.40,165.26433, 6.47223,54848.51138,0
110104.14+062829.5,2105152027021,21.93,0.34,165.26431, 6.47229,54848.51662,0
110104.14+062829.5,2105152027021,21.11,0.22,165.26431, 6.47216,54848.52693,0
110104.14+062829.5,2105152027021,20.90,0.20,165.26429, 6.47220,54849.38802,0
110104.14+062829.5,2105152027021,21.57,0.27,165.26422, 6.47227,54849.39834,0
110104.14+062829.5,2105152027021,21.06,0.21,165.26429, 6.47215,54849.40348,0
110104.14+062829.5,2105152027021,21.85,0.40,165.26420, 6.47210,55143.51702,0
110104.14+062829.5,2105152027021,20.96,0.25,165.26416, 6.47234,55143.52172,0
110104.14+062829.5,2105152027021,22.07,0.39,165.26459, 6.47222,55159.48529,0
110104.14+062829.5,2105152027021,21.30,0.26,165.26443, 6.47224,55159.49125,0
110104.14+062829.5,2105152027021,20.85,0.21,165.26439, 6.47206,55159.49715,0
110104.14+062829.5,2105152027021,21.15,0.24,165.26438, 6.47207,55159.50310,0
110104.14+062829.5,2105152027021,20.99,0.23,165.26425, 6.47222,55295.22188,0
110104.14+062829.5,2105152027021,21.17,0.25,165.26438, 6.47231,55295.22958,0
110104.14+062829.5,2105152027021,20.51,0.18,165.26435, 6.47216,55295.23729,0
110104.14+062829.5,2105152027021,21.09,0.24,165.26436, 6.47236,55295.24501,0
110104.14+062829.5,2105152027021,21.16,0.23,165.26439, 6.47230,55541.47332,0
110104.14+062829.5,2105152027021,21.05,0.21,165.26433, 6.47216,55541.48736,0
110104.14+062829.5,2105152027021,20.88,0.20,165.26440, 6.47218,55541.49434,0
110104.14+062829.5,2105152027021,21.80,0.37,165.26421, 6.47224,55240.37958,0
110104.14+062829.5,2105152027021,21.90,0.39,165.26432, 6.47221,55240.38843,0
110104.14+062829.5,2105152027021,21.12,0.25,165.26439, 6.47196,55240.39732,0
110104.14+062829.5,2105152027021,20.98,0.24,165.26437, 6.47237,55240.40616,0
110104.14+062829.5,2105152027021,21.49,0.28,165.26404, 6.47224,55211.41546,0
110104.14+062829.5,2105152027021,21.84,0.34,165.26438, 6.47206,55211.42264,0
110104.14+062829.5,2105152027021,21.10,0.24,165.26424, 6.47248,55267.30694,0
110104.14+062829.5,2105152027021,21.59,0.31,165.26432, 6.47229,55267.32246,0
110104.14+062829.5,2105152027021,21.39,0.28,165.26427, 6.47214,55267.33024,0
110104.14+062829.5,2105152027021,21.46,0.28,165.26434, 6.47218,55322.14340,0
110104.14+062829.5,2105152027021,20.87,0.20,165.26433, 6.47215,55322.14751,0
110104.14+062829.5,2105152027021,21.56,0.29,165.26427, 6.47221,55322.14990,0
110104.14+062829.5,2105152027021,21.10,0.23,165.26439, 6.47213,55322.16840,0
110104.14+062829.5,2105152027021,20.60,0.19,165.26419, 6.47207,55515.51667,0
110104.14+062829.5,2105152027021,21.10,0.24,165.26411, 6.47256,55515.52528,0
110104.14+062829.5,2105152027021,21.07,0.25,165.26429, 6.47205,55663.16799,0
110104.14+062829.5,2105152027021,21.10,0.25,165.26414, 6.47221,55663.17728,0
110104.14+062829.5,2105152027021,21.08,0.22,165.26427, 6.47215,55617.36848,0
110104.14+062829.5,2105152027021,21.07,0.22,165.26420, 6.47223,55617.37496,0
110104.14+062829.5,2105152027021,20.56,0.17,165.26443, 6.47226,55617.38154,0
110104.14+062829.5,2105152027021,20.67,0.18,165.26430, 6.47224,55617.38807,0
110104.14+062829.5,2105152027021,20.96,0.18,165.26435, 6.47212,55563.47080,0
110104.14+062829.5,2105152027021,20.75,0.16,165.26420, 6.47221,55563.47913,0
110104.14+062829.5,2105152027021,21.69,0.25,165.26441, 6.47210,55563.48745,0
110104.14+062829.5,2105152027021,21.07,0.18,165.26445, 6.47225,55563.49577,0
110104.14+062829.5,2105152027021,21.95,0.35,165.26429, 6.47226,55624.27417,0
110104.14+062829.5,2105152027021,21.33,0.25,165.26434, 6.47213,55624.28182,0
110104.14+062829.5,2105152027021,21.29,0.25,165.26427, 6.47211,55624.28948,0
110104.14+062829.5,2105152027021,20.85,0.20,165.26423, 6.47210,55624.29713,0
110104.14+062829.5,2105152027021,21.28,0.25,165.26433, 6.47219,55648.23829,0
110104.14+062829.5,2105152027021,21.13,0.23,165.26455, 6.47226,55648.24349,0
110104.14+062829.5,2105152027021,21.57,0.28,165.26461, 6.47219,55648.24873,0
110104.14+062829.5,2105152027021,21.68,0.30,165.26399, 6.47223,55648.25396,0
110104.14+062829.5,2105152027021,21.47,0.27,165.26480, 6.47210,55867.49080,0
110104.14+062829.5,2105152027021,21.10,0.22,165.26446, 6.47249,55867.50239,0
110104.14+062829.5,2105152027021,21.95,0.35,165.26452, 6.47203,55867.50826,0
110104.14+062829.5,2105152027021,22.37,0.45,165.26566, 6.47187,55893.44734,0
110104.14+062829.5,2105152027021,20.96,0.21,165.26440, 6.47226,55923.49385,0
110104.14+062829.5,2105152027021,20.83,0.20,165.26456, 6.47207,55980.32184,0
110104.14+062829.5,2105152027021,20.96,0.21,165.26430, 6.47212,55980.33165,0
110104.14+062829.5,2105152027021,21.26,0.24,165.26445, 6.47226,55980.34140,0
110104.14+062829.5,2105152027021,21.24,0.24,165.26422, 6.47217,55980.35115,0
110104.14+062829.5,2105152027021,21.08,0.25,165.26436, 6.47240,55987.34760,0
110104.14+062829.5,2105152027021,21.54,0.32,165.26438, 6.47217,55987.36387,0
110104.14+062829.5,2105152027021,20.69,0.19,165.26427, 6.47234,55999.21341,0
110104.14+062829.5,2105152027021,21.09,0.23,165.26436, 6.47216,55999.22269,0
110104.14+062829.5,2105152027021,21.40,0.27,165.26441, 6.47229,55999.23211,0
110104.14+062829.5,2105152027021,20.91,0.21,165.26439, 6.47221,55999.24142,0
110104.14+062829.5,2105152027021,20.93,0.21,165.26439, 6.47238,56015.28031,0
110104.14+062829.5,2105152027021,21.15,0.24,165.26431, 6.47227,56015.28616,0
110104.14+062829.5,2105152027021,20.99,0.22,165.26432, 6.47225,56015.29197,0
110104.14+062829.5,2105152027021,21.27,0.25,165.26449, 6.47223,56015.29779,0
110104.14+062829.5,2105152027021,21.24,0.25,165.26422, 6.47251,56028.20738,0
110104.14+062829.5,2105152027021,20.53,0.18,165.26420, 6.47234,56028.22136,0
110104.14+062829.5,2105152027021,21.26,0.25,165.26436, 6.47217,56028.22825,0
110104.14+062829.5,2105152027021,20.78,0.20,165.26436, 6.47219,56087.18293,0
110104.14+062829.5,2105152027021,21.21,0.24,165.26435, 6.47215,56087.18756,0
110104.14+062829.5,2105152027021,21.31,0.26,165.26436, 6.47226,56087.19688,0
110104.14+062829.5,2105152027021,21.19,0.25,165.26442, 6.47224,56251.50504,0
110104.14+062829.5,2105152027021,21.16,0.25,165.26434, 6.47235,56251.50929,0
110104.14+062829.5,2105152027021,21.02,0.23,165.26430, 6.47219,56251.51354,0
110104.14+062829.5,2105152027021,21.51,0.30,165.26449, 6.47221,56251.51783,0
110104.14+062829.5,2105152027021,21.38,0.29,165.26425, 6.47220,56263.47258,0
110104.14+062829.5,2105152027021,20.90,0.22,165.26424, 6.47256,56263.48554,0
110104.14+062829.5,2105152027021,21.16,0.25,165.26448, 6.47222,56311.40411,0
110104.14+062829.5,2105152027021,20.93,0.22,165.26443, 6.47238,56311.40995,0
110104.14+062829.5,2105152027021,21.11,0.25,165.26435, 6.47222,56311.41579,0
110104.14+062829.5,2105152027021,20.89,0.22,165.26430, 6.47233,56311.42171,0
110104.14+062829.5,2105152027021,21.20,0.26,165.26435, 6.47222,56354.33236,0
110104.14+062829.5,2105152027021,21.68,0.34,165.26430, 6.47220,56354.33590,0
110104.14+062829.5,2105152027021,21.38,0.30,165.26426, 6.47242,56354.34300,0
110104.14+062829.5,2105152027021,21.46,0.30,165.26444, 6.47226,56365.27152,0
110104.14+062829.5,2105152027021,21.09,0.25,165.26459, 6.47213,56365.27622,0
110104.14+062829.5,2105152027021,21.55,0.32,165.26440, 6.47234,56365.28083,0
110104.14+062829.5,2105152027021,21.58,0.32,165.26451, 6.47225,56365.28558,0
110104.14+062829.5,2105152027021,20.91,0.23,165.26440, 6.47217,56385.30429,0
110104.14+062829.5,2105152027021,21.67,0.34,165.26420, 6.47227,56397.14040,0
110104.14+062829.5,2105152027021,21.55,0.32,165.26453, 6.47227,56397.14629,0
110104.14+062829.5,2105152027021,20.92,0.23,165.26439, 6.47211,56397.15219,0
110104.14+062829.5,2105152027021,20.78,0.23,165.26421, 6.47228,56453.16895,0
110104.14+062829.5,2105152027021,21.39,0.31,165.26422, 6.47246,56453.18359,0
110104.14+062829.5,2105152027021,20.83,0.21,165.26428, 6.47215,56604.50798,0
110104.14+062829.5,2105152027021,21.21,0.26,165.26432, 6.47215,56604.51171,0
110104.14+062829.5,2105152027021,21.08,0.24,165.26422, 6.47222,56604.51543,0
110104.14+062829.5,2105152027021,20.13,0.15,165.26416, 6.47204,56640.44353,0
110104.14+062829.5,2105152027021,21.24,0.26,165.26424, 6.47227,56663.41099,0
110104.14+062829.5,2105152027021,20.60,0.19,165.26443, 6.47216,56663.42003,0
110104.14+062829.5,2105152027021,21.41,0.28,165.26429, 6.47229,56663.42909,0
110104.14+062829.5,2105152027021,21.56,0.30,165.26422, 6.47245,56663.43814,0
133433.24-013825.3,1001073028588,17.79,0.10,203.63850,-1.64032,53464.36394,0
133433.24-013825.3,1001073028588,17.85,0.10,203.63850,-1.64047,53464.37201,0
133433.24-013825.3,1001073028588,17.84,0.10,203.63851,-1.64041,53464.38010,0
133433.24-013825.3,1001073028588,17.79,0.10,203.63849,-1.64044,53464.38814,0
133433.24-013825.3,1001073028588,17.70,0.10,203.63836,-1.64036,53734.48966,0
133433.24-013825.3,1001073028588,17.70,0.10,203.63852,-1.64034,53734.49752,0
133433.24-013825.3,1001073028588,17.83,0.11,203.63849,-1.64040,53734.50542,0
133433.24-013825.3,1001073028588,17.83,0.11,203.63847,-1.64032,53734.51330,0
133433.24-013825.3,1001073028588,17.53,0.10,203.63852,-1.64033,53553.19151,0
133433.24-013825.3,1001073028588,17.52,0.10,203.63851,-1.64035,53553.19796,0
133433.24-013825.3,1001073028588,17.51,0.10,203.63848,-1.64057,53553.20443,0
133433.24-013825.3,1001073028588,17.46,0.10,203.63861,-1.64015,53553.21092,0
133433.24-013825.3,1001073028588,17.88,0.11,203.63849,-1.64056,53498.28886,0
133433.24-013825.3,1001073028588,17.74,0.10,203.63848,-1.64040,53498.29592,0
133433.24-013825.3,1001073028588,17.74,0.10,203.63846,-1.64032,53498.30299,0
133433.24-013825.3,1001073028588,17.79,0.11,203.63848,-1.64032,53498.31002,0
133433.24-013825.3,1001073028588,17.72,0.11,203.63851,-1.64038,53521.23203,0
133433.24-013825.3,1001073028588,17.64,0.10,203.63852,-1.64037,53521.24062,0
133433.24-013825.3,1001073028588,17.74,0.10,203.63845,-1.64040,53521.24921,0
133433.24-013825.3,1001073028588,17.80,0.11,203.63837,-1.64043,53521.25783,0
133433.24-013825.3,1001073028588,17.85,0.11,203.63832,-1.64037,53844.33764,0
133433.24-013825.3,1001073028588,18.09,0.12,203.63836,-1.64040,53844.34624,0
133433.24-013825.3,1001073028588,17.78,0.11,203.63842,-1.64028,53844.35486,0
133433.24-013825.3,1001073028588,17.89,0.11,203.63849,-1.64035,53844.36347,0
133433.24-013825.3,1001073028588,17.77,0.10,203.63851,-1.64029,54094.50778,0
133433.24-013825.3,1001073028588,17.72,0.10,203.63852,-1.64043,54094.51618,0
133433.24-013825.3,1001073028588,17.68,0.10,203.63844,-1.64042,54094.52456,0
133433.24-013825.3,1001073028588,17.63,0.10,203.63840,-1.64050,54094.53300,0
133433.24-013825.3,1001073028588,17.92,0.11,203.63847,-1.64041,53773.50309,0
133433.24-013825.3,1001073028588,17.95,0.11,203.63845,-1.64049,53773.51017,0
133433.24-013825.3,1001073028588,18.03,0.12,203.63829,-1.64047,53773.51731,0
133433.24-013825.3,1001073028588,18.07,0.12,203.63846,-1.64036,53773.52442,0
133433.24-013825.3,1001073028588,17.83,0.11,203.63847,-1.64046,53786.49967,0
133433.24-013825.3,1001073028588,17.52,0.10,203.63854,-1.64057,53786.50512,0
133433.24-013825.3,1001073028588,17.71,0.10,203.63860,-1.64038,53786.51053,0
133433.24-013825.3,1001073028588,17.95,0.11,203.63861,-1.64042,53786.51585,0
133433.24-013825.3,1001073028588,17.87,0.11,203.63839,-1.64031,53744.47145,0
133433.24-013825.3,1001073028588,17.70,0.10,203.63843,-1.64036,53744.47948,0
133433.24-013825.3,1001073028588,17.71,0.10,203.63846,-1.64028,53744.48754,0
133433.24-013825.3,1001073028588,17.78,0.11,203.63846,-1.64047,53744.49560,0
133433.24-013825.3,1001073028588,17.68,0.10,203.63852,-1.64031,53761.44328,0
133433.24-013825.3,1001073028588,17.89,0.11,203.63839,-1.64029,53761.44915,0
133433.24-013825.3,1001073028588,17.86,0.11,203.63841,-1.64032,53761.45503,0
133433.24-013825.3,1001073028588,17.85,0.11,203.63846,-1.64036,53761.46092,0
133433.24-013825.3,1001073028588,17.90,0.12,203.63846,-1.64042,53937.15577,0
133433.24-013825.3,1001073028588,17.77,0.11,203.63836,-1.64030,53937.16106,0
133433.24-013825.3,1001073028588,17.71,0.11,203.63848,-1.64042,53937.16637,0
133433.24-013825.3,1001073028588,17.79,0.12,203.63832,-1.64047,53937.17165,0
133433.24-013825.3,1001073028588,17.65,0.26,203.63859,-1.64043,53903.27018,0
133433.24-013825.3,1001073028588,17.98,0.31,203.63809,-1.64033,53903.27115,0
133433.24-013825.3,1001073028588,18.13,0.34,203.63828,-1.64091,53903.27214,0
133433.24-013825.3,1001073028588,17.86,0.29,203.63837,-1.64074,53903.27311,0
133433.24-013825.3,1001073028588,17.93,0.13,203.63848,-1.64021,53803.41606,0
133433.24-013825.3,1001073028588,17.80,0.13,203.63827,-1.64034,53803.42245,0
133433.24-013825.3,1001073028588,17.71,0.12,203.63842,-1.64030,53803.42885,0
133433.24-013825.3,1001073028588,18.03,0.14,203.63841,-1.64045,53803.43521,0
133433.24-013825.3,1001073028588,17.83,0.11,203.63841,-1.64026,53875.27679,0
133433.24-013825.3,1001073028588,17.79,0.11,203.63841,-1.64027,53875.28422,0
133433.24-013825.3,1001073028588,17.83,0.11,203.63837,-1.64037,53875.29168,0
133433.24-013825.3,1001073028588,17.79,0.11,203.63841,-1.64038,53875.29912,0
133433.24-013825.3,1001073028588,17.71,0.09,203.63852,-1.64047,53881.23932,0
133433.24-013825.3,1001073028588,17.80,0.10,203.63835,-1.64042,53881.25052,0
133433.24-013825.3,1001073028588,17.78,0.10,203.63841,-1.64032,53881.26175,0
133433.24-013825.3,1001073028588,17.80,0.10,203.63856,-1.64042,53881.27294,0
133433.24-013825.3,1001073028588,17.56,0.10,203.63848,-1.64034,54205.32842,0
133433.24-013825.3,1001073028588,17.58,0.10,203.63856,-1.64042,54205.33483,0
133433.24-013825.3,1001073028588,17.63,0.10,203.63843,-1.64040,54205.34124,0
133433.24-013825.3,1001073028588,17.62,0.10,203.63853,-1.64039,54205.34762,0
133433.24-013825.3,1001073028588,17.73,0.10,203.63851,-1.64039,54260.22998,0
133433.24-013825.3,1001073028588,17.60,0.10,203.63853,-1.64039,54260.23750,0
133433.24-013825.3,1001073028588,17.65,0.10,203.63855,-1.64047,54260.24505,0
133433.24-013825.3,1001073028588,17.58,0.10,203.63840,-1.64048,54260.25259,0
133433.24-013825.3,1001073028588,17.74,0.11,203.63847,-1.64041,54267.19472,0
133433.24-013825.3,1001073028588,17.91,0.12,203.63836,-1.64043,54267.20389,0
133433.24-013825.3,1001073028588,17.67,0.10,203.63854,-1.64035,54267.21311,0
133433.24-013825.3,1001073028588,17.72,0.11,203.63856,-1.64031,54267.22232,0
133433.24-013825.3,1001073028588,17.67,0.10,203.63847,-1.64041,54171.37252,0
133433.24-013825.3,1001073028588,17.65,0.10,203.63852,-1.64040,54171.38027,0
133433.24-013825.3,1001073028588,17.60,0.10,203.63855,-1.64034,54171.38803,0
133433.24-013825.3,1001073028588,17.81,0.10,203.63844,-1.64038,54171.39575,0
133433.24-013825.3,1001073028588,17.86,0.15,203.63844,-1.64047,54237.26120,0
133433.24-013825.3,1001073028588,17.86,0.12,203.63852,-1.64032,54237.27331,0
133433.24-013825.3,1001073028588,17.79,0.11,203.63834,-1.64043,54237.28242,0
133433.24-013825.3,1001073028588,17.69,0.11,203.63843,-1.64016,54237.28783,0
133433.24-013825.3,1001073028588,17.67,0.10,203.63855,-1.64033,54243.21373,0
133433.24-013825.3,1001073028588,17.72,0.10,203.63844,-1.64008,54243.21968,0
133433.24-013825.3,1001073028588,17.67,0.10,203.63844,-1.64032,54243.22561,0
133433.24-013825.3,1001073028588,17.68,0.10,203.63845,-1.64040,54243.23156,0
133433.24-013825.3,1001073028588,17.90,0.11,203.63834,-1.64049,54568.38655,0
133433.24-013825.3,1001073028588,17.90,0.11,203.63851,-1.64028,54568.39207,0
133433.24-013825.3,1001073028588,17.90,0.11,203.63856,-1.64024,54568.39766,0
133433.24-013825.3,1001073028588,18.09,0.11,203.63842,-1.64031,54568.40322,0
133433.24-013825.3,1001073028588,17.73,0.10,203.63857,-1.64044,54580.36352,0
133433.24-013825.3,1001073028588,17.94,0.11,203.63838,-1.64035,54580.37048,0
133433.24-013825.3,1001073028588,17.80,0.10,203.63837,-1.64045,54580.37748,0
133433.24-013825.3,1001073028588,17.97,0.11,203.63825,-1.64049,54580.38450,0
133433.24-013825.3,1001073028588,17.93,0.11,203.63834,-1.64036,54502.48074,0
133433.24-013825.3,1001073028588,17.89,0.10,203.63849,-1.64034,54502.49102,0
133433.24-013825.3,1001073028588,17.86,0.10,203.63852,-1.64041,54502.50133,0
133433.24-013825.3,1001073028588,17.71,0.10,203.63833,-1.64045,54502.51160,0
133433.24-013825.3,1001073028588,17.81,0.10,203.63833,-1.64029,54524.51394,0
133433.24-013825.3,1001073028588,17.85,0.10,203.63846,-1.64025,54524.52184,0
133433.24-013825.3,1001073028588,17.93,0.11,203.63841,-1.64052,54524.52967,0
133433.24-013825.3,1001073028588,17.83,0.10,203.63847,-1.64040,54524.53749,0
133433.24-013825.3,1001073028588,17.79,0.10,203.63849,-1.64051,54496.47597,0
133433.24-013825.3,1001073028588,17.66,0.10,203.63837,-1.64050,54496.48035,0
133433.24-013825.3,1001073028588,17.89,0.10,203.63846,-1.64039,54496.48468,0
133433.24-013825.3,1001073028588,17.87,0.10,203.63834,-1.64031,54496.48902,0
133433.24-013825.3,1001073028588,17.98,0.10,203.63841,-1.64030,54624.23533,0
133433.24-013825.3,1001073028588,18.06,0.10,203.63831,-1.64029,54624.24195,0
133433.24-013825.3,1001073028588,17.82,0.10,203.63853,-1.64043,54624.24855,0
133433.24-013825.3,1001073028588,17.82,0.10,203.63848,-1.64045,54624.25514,0
133433.24-013825.3,1001073028588,17.81,0.09,203.63855,-1.64044,54538.36558,0
133433.24-013825.3,1001073028588,17.89,0.10,203.63848,-1.64044,54538.37430,0
133433.24-013825.3,1001073028588,17.88,0.10,203.63829,-1.64058,54538.38304,0
133433.24-013825.3,1001073028588,18.02,0.10,203.63846,-1.64038,54538.39182,0
133433.24-013825.3,1001073028588,17.91,0.11,203.63841,-1.64051,54938.23824,0
133433.24-013825.3,1001073028588,18.15,0.12,203.63833,-1.64040,54938.24310,0
133433.24-013825.3,1001073028588,17.99,0.11,203.63838,-1.64029,54938.24791,0
133433.24-013825.3,1001073028588,17.79,0.10,203.63844,-1.64052,54938.25270,0
133433.24-013825.3,1001073028588,17.84,0.10,203.63831,-1.64037,54881.47935,0
133433.24-013825.3,1001073028588,18.00,0.11,203.63849,-1.64035,54881.48537,0
133433.24-013825.3,1001073028588,17.68,0.10,203.63869,-1.64014,54881.49139,0
133433.24-013825.3,1001073028588,17.79,0.10,203.63847,-1.64060,54881.49738,0
133433.24-013825.3,1001073028588,17.91,0.11,203.63823,-1.64029,54862.45078,0
133433.24-013825.3,1001073028588,17.87,0.10,203.63833,-1.64029,54862.46107,0
133433.24-013825.3,1001073028588,17.91,0.11,203.63847,-1.64036,54862.47142,0
133433.24-013825.3,1001073028588,17.97,0.11,203.63844,-1.64029,54862.48194,0
133433.24-013825.3,1001073028588,18.14,0.12,203.63847,-1.64040,54997.18261,0
133433.24-013825.3,1001073028588,17.91,0.11,203.63858,-1.64048,54997.18808,0
133433.24-013825.3,1001073028588,18.00,0.11,203.63839,-1.64039,54997.19349,0
133433.24-013825.3,1001073028588,18.04,0.11,203.63831,-1.64042,54997.19890,0
133433.24-013825.3,1001073028588,18.06,0.11,203.63836,-1.64035,54966.28965,0
133433.24-013825.3,1001073028588,17.95,0.11,203.63851,-1.64051,54966.29809,0
133433.24-013825.3,1001073028588,18.00,0.11,203.63850,-1.64036,54966.30648,0
133433.24-013825.3,1001073028588,17.71,0.10,203.63839,-1.64048,54966.31504,0
133433.24-013825.3,1001073028588,17.88,0.11,203.63854,-1.64046,54979.22672,0
133433.24-013825.3,1001073028588,17.93,0.11,203.63854,-1.64029,54979.23404,0
133433.24-013825.3,1001073028588,17.88,0.11,203.63843,-1.64053,54979.24137,0
133433.24-013825.3,1001073028588,17.88,0.11,203.63845,-1.64029,54979.24877,0
133433.24-013825.3,1001073028588,18.22,0.12,203.63843,-1.64036,55290.34629,0
133433.24-013825.3,1001073028588,18.01,0.11,203.63854,-1.64037,55290.35322,0
133433.24-013825.3,1001073028588,18.10,0.12,203.63829,-1.64037,55290.36018,0
133433.24-013825.3,1001073028588,17.81,0.10,203.63846,-1.64053,55290.36717,0
133433.24-013825.3,1001073028588,17.77,0.10,203.63827,-1.64040,55301.35754,0
133433.24-013825.3,1001073028588,18.04,0.11,203.63830,-1.64037,55301.36443,0
133433.24-013825.3,1001073028588,18.09,0.12,203.63837,-1.64043,55301.37146,0
133433.24-013825.3,1001073028588,18.02,0.11,203.63837,-1.64048,55301.37851,0
133433.24-013825.3,1001073028588,18.00,0.11,203.63848,-1.64052,55241.40888,0
133433.24-013825.3,1001073028588,18.05,0.12,203.63845,-1.64037,55241.41701,0
133433.24-013825.3,1001073028588,17.83,0.11,203.63851,-1.64044,55241.42522,0
133433.24-013825.3,1001073028588,18.00,0.11,203.63828,-1.64040,55241.43336,0
133433.24-013825.3,1001073028588,17.90,0.11,203.63831,-1.64038,55352.23049,0
133433.24-013825.3,1001073028588,18.07,0.11,203.63844,-1.64032,55352.23793,0
133433.24-013825.3,1001073028588,17.83,0.11,203.63824,-1.64062,55352.24533,0
133433.24-013825.3,1001073028588,17.92,0.11,203.63848,-1.64033,55352.25268,0
133433.24-013825.3,1001073028588,18.02,0.13,203.63850,-1.64044,55364.15896,0
133433.24-013825.3,1001073028588,18.01,0.13,203.63828,-1.64040,55364.16392,0
133433.24-013825.3,1001073028588,18.08,0.14,203.63865,-1.64056,55364.16893,0
133433.24-013825.3,1001073028588,18.03,0.13,203.63839,-1.64042,55364.17388,0
133433.24-013825.3,1001073028588,18.15,0.12,203.63838,-1.64057,55268.40052,0
133433.24-013825.3,1001073028588,17.76,0.10,203.63858,-1.64038,55268.40628,0
133433.24-013825.3,1001073028588,17.95,0.11,203.63845,-1.64041,55268.41209,0
133433.24-013825.3,1001073028588,18.01,0.11,203.63843,-1.64049,55268.41784,0
133433.24-013825.3,1001073028588,17.88,0.10,203.63841,-1.64037,55323.23682,0
133433.24-013825.3,1001073028588,17.85,0.10,203.63840,-1.64052,55323.24506,0
133433.24-013825.3,1001073028588,18.08,0.10,203.63848,-1.64045,55323.25334,0
133433.24-013825.3,1001073028588,18.10,0.10,203.63838,-1.64049,55323.26164,0
133433.24-013825.3,1001073028588,18.05,0.11,203.63834,-1.64040,55336.26270,0
133433.24-013825.3,1001073028588,18.11,0.12,203.63847,-1.64045,55336.27067,0
133433.24-013825.3,1001073028588,17.85,0.11,203.63845,-1.64040,55336.27875,0
133433.24-013825.3,1001073028588,17.97,0.11,203.63837,-1.64041,55336.28682,0
133433.24-013825.3,1001073028588,17.75,0.10,203.63848,-1.64033,55662.40004,0
133433.24-013825.3,1001073028588,17.62,0.10,203.63842,-1.64045,55662.40769,0
133433.24-013825.3,1001073028588,17.77,0.11,203.63862,-1.64050,55662.41546,0
133433.24-013825.3,1001073028588,17.96,0.11,203.63839,-1.64029,55662.42294,0
133433.24-013825.3,1001073028588,17.74,0.12,203.63847,-1.64027,55675.24519,0
133433.24-013825.3,1001073028588,17.79,0.11,203.63849,-1.64020,55675.25257,0
133433.24-013825.3,1001073028588,17.80,0.12,203.63858,-1.64040,55675.25994,0
133433.24-013825.3,1001073028588,17.71,0.11,203.63849,-1.64044,55675.26732,0
133433.24-013825.3,1001073028588,17.85,0.11,203.63842,-1.64048,55601.43707,0
133433.24-013825.3,1001073028588,17.74,0.10,203.63856,-1.64035,55601.44233,0
133433.24-013825.3,1001073028588,17.94,0.11,203.63833,-1.64042,55601.44753,0
133433.24-013825.3,1001073028588,17.86,0.11,203.63854,-1.64037,55601.45276,0
133433.24-013825.3,1001073028588,17.92,0.11,203.63843,-1.64035,55569.46945,0
133433.24-013825.3,1001073028588,17.63,0.10,203.63839,-1.64040,55569.47736,0
133433.24-013825.3,1001073028588,17.93,0.11,203.63840,-1.64029,55569.48533,0
133433.24-013825.3,1001073028588,17.68,0.10,203.63840,-1.64034,55569.49330,0
133433.24-013825.3,1001073028588,17.82,0.11,203.63850,-1.64040,55718.23984,0
133433.24-013825.3,1001073028588,17.86,0.11,203.63834,-1.64039,55718.24939,0
133433.24-013825.3,1001073028588,17.83,0.11,203.63832,-1.64037,55718.25934,0
133433.24-013825.3,1001073028588,17.85,0.12,203.63834,-1.64039,55718.26887,0
133433.24-013825.3,1001073028588,17.94,0.11,203.63832,-1.64028,55736.15147,0
133433.24-013825.3,1001073028588,17.90,0.11,203.63831,-1.64041,55736.15717,0
133433.24-013825.3,1001073028588,17.86,0.11,203.63845,-1.64032,55736.16288,0
133433.24-013825.3,1001073028588,17.85,0.11,203.63844,-1.64051,55736.16859,0
133433.24-013825.3,1001073028588,17.71,0.09,203.63850,-1.64044,55622.40333,0
133433.24-013825.3,1001073028588,17.71,0.09,203.63852,-1.64044,55622.41371,0
133433.24-013825.3,1001073028588,17.81,0.10,203.63854,-1.64046,55622.42418,0
133433.24-013825.3,1001073028588,17.77,0.09,203.63853,-1.64042,55622.43457,0
133433.24-013825.3,1001073028588,17.80,0.09,203.63847,-1.64027,55682.30748,0
133433.24-013825.3,1001073028588,17.92,0.10,203.63841,-1.64044,55682.31646,0
133433.24-013825.3,1001073028588,17.73,0.09,203.63860,-1.64023,55682.32554,0
133433.24-013825.3,1001073028588,17.78,0.09,203.63853,-1.64049,55682.33459,0
133433.24-013825.3,1001073028588,17.87,0.11,203.63837,-1.64033,55706.25706,0
133433.24-013825.3,1001073028588,17.84,0.11,203.63850,-1.64048,55706.26629,0
133433.24-013825.3,1001073028588,17.78,0.11,203.63848,-1.64045,55706.27558,0
133433.24-013825.3,1001073028588,17.80,0.11,203.63852,-1.64046,55706.28487,0
133433.24-013825.3,1001073028588,17.79,0.11,203.63841,-1.64042,55929.45313,0
133433.24-013825.3,1001073028588,17.62,0.10,203.63867,-1.64052,55929.46164,0
133433.24-013825.3,1001073028588,17.73,0.10,203.63866,-1.64036,55929.47027,0
133433.24-013825.3,1001073028588,17.83,0.11,203.63841,-1.64022,55929.47895,0
133433.24-013825.3,1001073028588,17.88,0.10,203.63841,-1.64038,55980.44492,0
133433.24-013825.3,1001073028588,17.83,0.09,203.63844,-1.64042,55980.45301,0
133433.24-013825.3,1001073028588,17.86,0.10,203.63840,-1.64042,55980.46118,0
133433.24-013825.3,1001073028588,17.75,0.09,203.63839,-1.64032,55980.46935,0
133433.24-013825.3,1001073028588,17.64,0.10,203.63841,-1.64050,55986.42118,0
133433.24-013825.3,1001073028588,17.76,0.11,203.63844,-1.64052,55986.42780,0
133433.24-013825.3,1001073028588,17.72,0.11,203.63853,-1.64039,55986.43454,0
133433.24-013825.3,1001073028588,17.83,0.11,203.63849,-1.64039,55986.44129,0
133433.24-013825.3,1001073028588,17.58,0.10,203.63841,-1.64037,55999.41288,0
133433.24-013825.3,1001073028588,17.81,0.10,203.63857,-1.64032,55999.41796,0
133433.24-013825.3,1001073028588,17.83,0.11,203.63843,-1.64033,55999.42304,0
133433.24-013825.3,1001073028588,17.69,0.10,203.63848,-1.64040,55999.42821,0
133433.24-013825.3,1001073028588,17.92,0.11,203.63842,-1.64052,56016.33399,0
133433.24-013825.3,1001073028588,17.83,0.11,203.63840,-1.64044,56016.34083,0
133433.24-013825.3,1001073028588,17.77,0.10,203.63836,-1.64058,56016.34778,0
133433.24-013825.3,1001073028588,17.89,0.11,203.63838,-1.64039,56016.35478,0
133433.24-013825.3,1001073028588,17.90,0.13,203.63853,-1.64037,56030.30075,0
133433.24-013825.3,1001073028588,17.86,0.12,203.63838,-1.64051,56030.30886,0
133433.24-013825.3,1001073028588,17.82,0.11,203.63847,-1.64047,56030.31224,0
133433.24-013825.3,1001073028588,18.17,0.18,203.63853,-1.64043,56030.31565,0
133433.24-013825.3,1001073028588,17.57,0.10,203.63841,-1.64019,56034.26937,0
133433.24-013825.3,1001073028588,17.80,0.11,203.63853,-1.64031,56034.27496,0
133433.24-013825.3,1001073028588,17.81,0.11,203.63834,-1.64033,56034.28066,0
133433.24-013825.3,1001073028588,17.78,0.11,203.63838,-1.64037,56034.28633,0
133433.24-013825.3,1001073028588,17.64,0.10,203.63850,-1.64048,56059.25306,0
133433.24-013825.3,1001073028588,17.98,0.11,203.63841,-1.64040,56059.25980,0
133433.24-013825.3,1001073028588,17.83,0.10,203.63856,-1.64036,56059.26665,0
133433.24-013825.3,1001073028588,17.82,0.10,203.63836,-1.64050,56059.27350,0
133433.24-013825.3,1001073028588,17.91,0.11,203.63861,-1.64039,56068.31276,0
133433.24-013825.3,1001073028588,17.98,0.11,203.63851,-1.64034,56068.32009,0
133433.24-013825.3,1001073028588,17.92,0.11,203.63839,-1.64061,56068.32748,0
133433.24-013825.3,1001073028588,17.71,0.10,203.63845,-1.64058,56068.33480,0
133433.24-013825.3,1001073028588,17.83,0.11,203.63854,-1.64049,56099.18103,0
133433.24-013825.3,1001073028588,17.95,0.11,203.63854,-1.64032,56099.18779,0
133433.24-013825.3,1001073028588,17.75,0.11,203.63854,-1.64058,56099.19453,0
133433.24-013825.3,1001073028588,17.86,0.11,203.63853,-1.64039,56099.20139,0
133433.24-013825.3,1001073028588,17.93,0.11,203.63846,-1.64058,56301.47209,0
133433.24-013825.3,1001073028588,17.67,0.10,203.63840,-1.64027,56301.47717,0
133433.24-013825.3,1001073028588,17.82,0.11,203.63836,-1.64043,56301.48224,0
133433.24-013825.3,1001073028588,17.79,0.10,203.63838,-1.64037,56301.48729,0
133433.24-013825.3,1001073028588,17.87,0.11,203.63840,-1.64027,56314.45437,0
133433.24-013825.3,1001073028588,17.91,0.11,203.63845,-1.64042,56314.46407,0
133433.24-013825.3,1001073028588,17.83,0.11,203.63838,-1.64036,56314.47372,0
133433.24-013825.3,1001073028588,17.61,0.10,203.63838,-1.64032,56314.48344,0
133433.24-013825.3,1001073028588,17.94,0.11,203.63838,-1.64021,56384.37442,0
133433.24-013825.3,1001073028588,17.87,0.11,203.63841,-1.64058,56384.38183,0
133433.24-013825.3,1001073028588,17.83,0.11,203.63836,-1.64035,56384.38916,0
133433.24-013825.3,1001073028588,17.85,0.11,203.63850,-1.64048,56384.39650,0
133433.24-013825.3,1001073028588,17.88,0.11,203.63843,-1.64040,56411.34807,0
133433.24-013825.3,1001073028588,17.78,0.10,203.63846,-1.64015,56411.35549,0
133433.24-013825.3,1001073028588,17.77,0.10,203.63843,-1.64045,56411.36294,0
133433.24-013825.3,1001073028588,17.95,0.11,203.63845,-1.64039,56411.37038,0
133433.24-013825.3,1001073028588,17.88,0.11,203.63864,-1.64042,56442.20689,0
133433.24-013825.3,1001073028588,17.97,0.12,203.63847,-1.64052,56442.21362,0
133433.24-013825.3,1001073028588,17.61,0.10,203.63857,-1.64053,56442.22040,0
133433.24-013825.3,1001073028588,17.95,0.11,203.63842,-1.64028,56442.22717,0
133433.24-013825.3,1001073028588,17.68,0.10,203.63856,-1.64052,56449.22049,0
133433.24-013825.3,1001073028588,17.92,0.11,203.63845,-1.64038,56449.22717,0
133433.24-013825.3,1001073028588,17.82,0.11,203.63852,-1.64048,56449.23394,0
133433.24-013825.3,1001073028588,17.90,0.11,203.63836,-1.64034,56449.24070,0
133433.24-013825.3,2001189015476,22.20,0.37,203.63718,-1.64415,54173.37772,0
133433.24-013825.3,2001189015476,21.83,0.39,203.63740,-1.64400,55665.26914,0
133433.24-013825.3,2001189015630,21.56,0.26,203.64027,-1.63713,54173.36993,0
133433.24-013825.3,2001189015630,22.45,0.42,203.64034,-1.63702,54173.37772,0
133433.24-013825.3,2001189015630,22.18,0.36,203.64040,-1.63715,54173.38545,0
133433.24-013825.3,2001189015630,21.70,0.28,203.64032,-1.63715,54173.39329,0
133433.24-013825.3,2001189015630,21.57,0.27,203.64038,-1.63708,54585.25004,0
133433.24-013825.3,2001189015630,22.11,0.36,203.64050,-1.63700,54585.25618,0
133433.24-013825.3,2001189015630,22.19,0.38,203.64025,-1.63707,54585.26852,0
133433.24-013825.3,2001189015630,22.18,0.39,203.64030,-1.63711,54617.25127,0
133433.24-013825.3,2001189015630,21.39,0.25,203.64046,-1.63728,54617.25883,0
133433.24-013825.3,2001189015630,21.22,0.24,203.64043,-1.63713,55688.27855,0
133433.24-013825.3,2001189015630,21.82,0.36,203.64039,-1.63697,56037.32298,0
133433.24-013825.3,2001189015630,21.62,0.30,203.64043,-1.63712,56068.25875,0
133433.24-013825.3,2001189015630,21.98,0.37,203.64054,-1.63704,56068.27382,0
133433.24-013825.3,2001189015798,17.90,0.08,203.63845,-1.64043,54450.53654,0
133433.24-013825.3,2001189015798,17.93,0.08,203.63846,-1.64040,54450.54182,0
133433.24-013825.3,2001189015798,18.01,0.08,203.63843,-1.64041,54450.54702,0
133433.24-013825.3,2001189015798,18.01,0.08,203.63854,-1.64042,54450.55227,0
133433.24-013825.3,2001189015798,17.70,0.07,203.63848,-1.64038,54173.36993,0
133433.24-013825.3,2001189015798,17.72,0.07,203.63846,-1.64037,54173.37772,0
133433.24-013825.3,2001189015798,17.75,0.07,203.63847,-1.64040,54173.38545,0
133433.24-013825.3,2001189015798,17.72,0.07,203.63849,-1.64040,54173.39329,0
133433.24-013825.3,2001189015798,18.04,0.07,203.63849,-1.64038,54585.25004,0
133433.24-013825.3,2001189015798,17.98,0.07,203.63849,-1.64036,54585.25618,0
133433.24-013825.3,2001189015798,18.01,0.07,203.63852,-1.64039,54585.26242,0
133433.24-013825.3,2001189015798,17.99,0.07,203.63852,-1.64039,54585.26852,0
133433.24-013825.3,2001189015798,17.94,0.07,203.63845,-1.64038,54529.41319,0
133433.24-013825.3,2001189015798,17.94,0.07,203.63849,-1.64036,54529.41975,0
133433.24-013825.3,2001189015798,17.97,0.07,203.63848,-1.64040,54529.42632,0
133433.24-013825.3,2001189015798,17.96,0.07,203.63846,-1.64039,54529.43287,0
133433.24-013825.3,2001189015798,18.00,0.07,203.63844,-1.64036,54617.23610,0
133433.24-013825.3,2001189015798,18.05,0.08,203.63845,-1.64040,54617.24365,0
133433.24-013825.3,2001189015798,18.03,0.07,203.63844,-1.64035,54617.25127,0
133433.24-013825.3,2001189015798,17.99,0.07,203.63844,-1.64038,54617.25883,0
133433.24-013825.3,2001189015798,17.99,0.08,203.63845,-1.64040,55665.24706,0
133433.24-013825.3,2001189015798,17.97,0.08,203.63848,-1.64042,55665.25440,0
133433.24-013825.3,2001189015798,17.87,0.08,203.63849,-1.64043,55665.26177,0
133433.24-013825.3,2001189015798,17.94,0.08,203.63846,-1.64036,55665.26914,0
133433.24-013825.3,2001189015798,17.85,0.07,203.63849,-1.64040,55648.40102,0
133433.24-013825.3,2001189015798,17.88,0.07,203.63849,-1.64041,55648.40628,0
133433.24-013825.3,2001189015798,17.96,0.07,203.63851,-1.64038,55648.41153,0
133433.24-013825.3,2001189015798,17.90,0.07,203.63842,-1.64038,55648.41676,0
133433.24-013825.3,2001189015798,17.95,0.07,203.63848,-1.64033,55688.25607,0
133433.24-013825.3,2001189015798,17.96,0.07,203.63850,-1.64035,55688.26363,0
133433.24-013825.3,2001189015798,17.89,0.07,203.63850,-1.64037,55688.27106,0
133433.24-013825.3,2001189015798,17.89,0.07,203.63853,-1.64035,55688.27855,0
133433.24-013825.3,2001189015798,17.91,0.07,203.63851,-1.64037,56037.30199,0
133433.24-013825.3,2001189015798,17.86,0.07,203.63847,-1.64038,56037.30896,0
133433.24-013825.3,2001189015798,17.85,0.07,203.63848,-1.64041,56037.31597,0
133433.24-013825.3,2001189015798,17.98,0.08,203.63854,-1.64037,56037.32298,0
133433.24-013825.3,2001189015798,17.97,0.07,203.63848,-1.64039,56068.25123,0
133433.24-013825.3,2001189015798,17.94,0.07,203.63846,-1.64039,56068.25875,0
133433.24-013825.3,2001189015798,17.90,0.07,203.63850,-1.64039,56068.26631,0
133433.24-013825.3,2001189015798,18.01,0.07,203.63845,-1.64038,56068.27382,0
012715.48-001115.1,1001008049237,19.89,0.26,21.81471,-0.18729,53710.13280,0
012715.48-001115.1,1001008049237,18.97,0.17,21.81444,-0.18705,53710.13928,0
012715.48-001115.1,1001008049237,19.29,0.19,21.81454,-0.18735,53710.14575,0
012715.48-001115.1,1001008049237,19.12,0.18,21.81460,-0.18697,53710.15224,0
012715.48-001115.1,1001008049237,19.12,0.18,21.81489,-0.18754,53729.13346,0
012715.48-001115.1,1001008049237,19.55,0.22,21.81448,-0.18720,53729.13964,0
012715.48-001115.1,1001008049237,19.65,0.23,21.81473,-0.18709,53729.14582,0
012715.48-001115.1,1001008049237,19.09,0.18,21.81409,-0.18732,53729.15201,0
012715.48-001115.1,1001008049237,19.10,0.18,21.81449,-0.18730,53675.24332,0
012715.48-001115.1,1001008049237,19.18,0.19,21.81440,-0.18725,53675.24920,0
012715.48-001115.1,1001008049237,20.04,0.29,21.81450,-0.18696,53675.25505,0
012715.48-001115.1,1001008049237,19.06,0.18,21.81463,-0.18753,53675.26093,0
012715.48-001115.1,1001008049237,19.37,0.21,21.81475,-0.18733,53703.09238,0
012715.48-001115.1,1001008049237,19.61,0.23,21.81429,-0.18737,53703.09895,0
012715.48-001115.1,1001008049237,19.59,0.23,21.81466,-0.18729,53703.10545,0
012715.48-001115.1,1001008049237,19.20,0.19,21.81499,-0.18758,53703.11190,0
012715.48-001115.1,1001008049237,18.98,0.18,21.81453,-0.18745,53646.35304,0
012715.48-001115.1,1001008049237,19.35,0.21,21.81477,-0.18766,53646.35962,0
012715.48-001115.1,1001008049237,19.12,0.19,21.81476,-0.18722,53646.36621,0
012715.48-001115.1,1001008049237,19.29,0.21,21.81457,-0.18727,53646.37278,0
012715.48-001115.1,1001008049237,19.93,0.45,21.81468,-0.18694,53651.30967,0
012715.48-001115.1,1001008049237,19.21,0.20,21.81432,-0.18739,53651.32280,0
012715.48-001115.1,1001008049237,19.44,0.23,21.81441,-0.18728,53651.32941,0
012715.48-001115.1,1001008049237,19.45,0.21,21.81450,-0.18749,53667.26289,0
012715.48-001115.1,1001008049237,19.47,0.21,21.81460,-0.18734,53667.27456,0
012715.48-001115.1,1001008049237,19.45,0.21,21.81464,-0.18744,53667.28595,0
012715.48-001115.1,1001008049237,19.41,0.21,21.81463,-0.18714,53667.29747,0
012715.48-001115.1,1001008049237,19.83,0.30,21.81495,-0.18733,53627.28384,0
012715.48-001115.1,1001008049237,19.90,0.31,21.81450,-0.18758,53627.29195,0
012715.48-001115.1,1001008049237,19.95,0.32,21.81411,-0.18731,53627.30808,0
012715.48-001115.1,1001008049237,19.55,0.23,21.81463,-0.18760,53637.44150,0
012715.48-001115.1,1001008049237,19.93,0.28,21.81424,-0.18717,53637.44988,0
012715.48-001115.1,1001008049237,19.54,0.23,21.81440,-0.18719,53637.45830,0
012715.48-001115.1,1001008049237,19.18,0.20,21.81466,-0.18730,53637.46678,0
012715.48-001115.1,1001008049237,19.21,0.18,21.81447,-0.18728,54090.14963,0
012715.48-001115.1,1001008049237,19.29,0.19,21.81424,-0.18733,54090.15739,0
012715.48-001115.1,1001008049237,19.62,0.22,21.81423,-0.18731,54090.16514,0
012715.48-001115.1,1001008049237,19.05,0.17,21.81421,-0.18697,54090.17290,0
012715.48-001115.1,1001008049237,19.59,0.20,21.81440,-0.18727,54055.23500,0
012715.48-001115.1,1001008049237,19.29,0.17,21.81453,-0.18721,54055.24693,0
012715.48-001115.1,1001008049237,19.45,0.18,21.81455,-0.18717,54055.25889,0
012715.48-001115.1,1001008049237,18.89,0.14,21.81443,-0.18685,54055.27084,0
012715.48-001115.1,1001008049237,19.44,0.20,21.81417,-0.18715,54024.23546,0
012715.48-001115.1,1001008049237,19.72,0.23,21.81459,-0.18727,54024.24351,0
012715.48-001115.1,1001008049237,19.12,0.17,21.81481,-0.18733,54024.25960,0
012715.48-001115.1,1001008049237,19.17,0.18,21.81407,-0.18758,54030.30728,0
012715.48-001115.1,1001008049237,20.11,0.28,21.81484,-0.18721,54030.31372,0
012715.48-001115.1,1001008049237,19.57,0.21,21.81456,-0.18716,54030.32670,0
012715.48-001115.1,1001008049237,19.15,0.18,21.81428,-0.18743,53990.47475,0
012715.48-001115.1,1001008049237,19.57,0.22,21.81486,-0.18728,53990.47902,0
012715.48-001115.1,1001008049237,18.54,0.14,21.81417,-0.18663,53990.48328,0
012715.48-001115.1,1001008049237,19.41,0.20,21.81439,-0.18738,53990.48753,0
012715.48-001115.1,1001008049237,19.52,0.21,21.81425,-0.18743,53996.30766,0
012715.48-001115.1,1001008049237,19.53,0.21,21.81466,-0.18719,53996.31409,0
012715.48-001115.1,1001008049237,19.35,0.19,21.81444,-0.18729,53996.32052,0
012715.48-001115.1,1001008049237,19.16,0.17,21.81456,-0.18703,53996.32700,0
012715.48-001115.1,1001008049237,19.67,0.22,21.81428,-0.18719,54004.38474,0
012715.48-001115.1,1001008049237,18.96,0.16,21.81421,-0.18717,54004.39351,0
012715.48-001115.1,1001008049237,19.37,0.19,21.81456,-0.18731,54004.40228,0
012715.48-001115.1,1001008049237,19.55,0.21,21.81449,-0.18699,54004.41106,0
012715.48-001115.1,1001008049237,19.02,0.17,21.81481,-0.18763,54440.08752,0
012715.48-001115.1,1001008049237,19.51,0.21,21.81458,-0.18758,54440.09403,0
012715.48-001115.1,1001008049237,19.51,0.21,21.81482,-0.18747,54440.10054,0
012715.48-001115.1,1001008049237,19.31,0.19,21.81444,-0.18735,54440.10701,0
012715.48-001115.1,1001008049237,20.45,0.39,21.81470,-0.18785,54127.09756,0
012715.48-001115.1,1001008049237,19.45,0.23,21.81409,-0.18718,54127.10577,0
012715.48-001115.1,1001008049237,19.66,0.25,21.81489,-0.18732,54127.11399,0
012715.48-001115.1,1001008049237,19.27,0.19,21.81465,-0.18774,54411.20210,0
012715.48-001115.1,1001008049237,19.51,0.21,21.81463,-0.18733,54411.21071,0
012715.48-001115.1,1001008049237,19.19,0.18,21.81458,-0.18707,54411.21928,0
012715.48-001115.1,1001008049237,19.33,0.19,21.81444,-0.18709,54411.22786,0
012715.48-001115.1,1001008049237,18.90,0.16,21.81459,-0.18714,54421.25450,0
012715.48-001115.1,1001008049237,19.32,0.19,21.81466,-0.18729,54421.26370,0
012715.48-001115.1,1001008049237,19.02,0.17,21.81466,-0.18732,54421.27299,0
012715.48-001115.1,1001008049237,19.64,0.23,21.81424,-0.18724,54421.28218,0
012715.48-001115.1,1001008049237,19.40,0.20,21.81424,-0.18715,54377.35968,0
012715.48-001115.1,1001008049237,19.66,0.23,21.81470,-0.18703,54377.36617,0
012715.48-001115.1,1001008049237,19.42,0.21,21.81469,-0.18696,54377.37699,0
012715.48-001115.1,1001008049237,19.79,0.24,21.81431,-0.18722,54384.23592,0
012715.48-001115.1,1001008049237,19.86,0.25,21.81481,-0.18709,54384.24387,0
012715.48-001115.1,1001008049237,19.54,0.21,21.81472,-0.18691,54384.25115,0
012715.48-001115.1,1001008049237,19.43,0.20,21.81498,-0.18690,54384.25828,0
012715.48-001115.1,1001008049237,19.38,0.20,21.81463,-0.18695,54392.24467,0
012715.48-001115.1,1001008049237,19.41,0.20,21.81482,-0.18718,54392.25126,0
012715.48-001115.1,1001008049237,19.49,0.21,21.81481,-0.18725,54392.25784,0
012715.48-001115.1,1001008049237,19.58,0.22,21.81489,-0.18702,54392.26441,0
012715.48-001115.1,1001008049237,19.76,0.24,21.81474,-0.18721,54404.23934,0
012715.48-001115.1,1001008049237,19.64,0.23,21.81440,-0.18730,54404.24580,0
012715.48-001115.1,1001008049237,19.16,0.18,21.81479,-0.18701,54404.25443,0
012715.48-001115.1,1001008049237,19.64,0.22,21.81508,-0.18721,54404.26088,0
012715.48-001115.1,1001008049237,19.27,0.20,21.81417,-0.18729,54348.41655,0
012715.48-001115.1,1001008049237,19.48,0.22,21.81467,-0.18733,54348.42471,0
012715.48-001115.1,1001008049237,19.71,0.25,21.81446,-0.18736,54348.43302,0
012715.48-001115.1,1001008049237,19.60,0.23,21.81441,-0.18727,54348.44133,0
012715.48-001115.1,1001008049237,19.17,0.18,21.81465,-0.18733,54355.35338,0
012715.48-001115.1,1001008049237,19.63,0.22,21.81463,-0.18727,54355.36098,0
012715.48-001115.1,1001008049237,19.22,0.18,21.81480,-0.18689,54355.36848,0
012715.48-001115.1,1001008049237,19.35,0.19,21.81425,-0.18743,54355.37605,0
012715.48-001115.1,1001008049237,19.50,0.21,21.81446,-0.18694,54831.11962,0
012715.48-001115.1,1001008049237,19.22,0.18,21.81406,-0.18716,54831.12817,0
012715.48-001115.1,1001008049237,19.60,0.22,21.81469,-0.18747,54831.13664,0
012715.48-001115.1,1001008049237,19.30,0.19,21.81493,-0.18685,54831.14511,0
012715.48-001115.1,1001008049237,19.05,0.17,21.81435,-0.18698,54466.14262,0
012715.48-001115.1,1001008049237,19.57,0.21,21.81451,-0.18721,54466.14908,0
012715.48-001115.1,1001008049237,19.57,0.21,21.81433,-0.18744,54466.15558,0
012715.48-001115.1,1001008049237,19.64,0.22,21.81481,-0.18729,54466.16207,0
012715.48-001115.1,1001008049237,18.83,0.16,21.81459,-0.18710,54483.14650,0
012715.48-001115.1,1001008049237,19.83,0.26,21.81516,-0.18745,54483.16160,0
012715.48-001115.1,1001008049237,19.41,0.20,21.81467,-0.18745,54773.24574,0
012715.48-001115.1,1001008049237,19.47,0.20,21.81494,-0.18756,54773.25168,0
012715.48-001115.1,1001008049237,19.21,0.18,21.81460,-0.18718,54773.25771,0
012715.48-001115.1,1001008049237,19.52,0.21,21.81460,-0.18710,54773.26356,0
012715.48-001115.1,1001008049237,19.05,0.17,21.81458,-0.18738,54789.18522,0
012715.48-001115.1,1001008049237,19.68,0.22,21.81455,-0.18710,54789.19345,0
012715.48-001115.1,1001008049237,19.60,0.22,21.81456,-0.18714,54789.20171,0
012715.48-001115.1,1001008049237,19.09,0.17,21.81464,-0.18738,54789.20991,0
012715.48-001115.1,1001008049237,19.51,0.20,21.81477,-0.18733,54747.35202,0
012715.48-001115.1,1001008049237,19.19,0.17,21.81495,-0.18731,54747.36175,0
012715.48-001115.1,1001008049237,19.52,0.20,21.81448,-0.18699,54747.37141,0
012715.48-001115.1,1001008049237,20.36,0.32,21.81494,-0.18756,54747.38124,0
012715.48-001115.1,1001008049237,19.15,0.17,21.81495,-0.18708,54768.28827,0
012715.48-001115.1,1001008049237,19.48,0.20,21.81477,-0.18722,54768.29493,0
012715.48-001115.1,1001008049237,20.28,0.31,21.81510,-0.18726,54768.30164,0
012715.48-001115.1,1001008049237,19.51,0.21,21.81489,-0.18702,54768.30827,0
012715.48-001115.1,1001008049237,19.20,0.18,21.81452,-0.18703,54715.37752,0
012715.48-001115.1,1001008049237,19.57,0.22,21.81467,-0.18759,54715.38579,0
012715.48-001115.1,1001008049237,19.36,0.19,21.81489,-0.18691,54715.39412,0
012715.48-001115.1,1001008049237,19.55,0.21,21.81478,-0.18704,54715.40247,0
012715.48-001115.1,1001008049237,18.47,0.13,21.81466,-0.18704,54730.44463,0
012715.48-001115.1,1001008049237,20.35,0.32,21.81451,-0.18695,54730.45101,0
012715.48-001115.1,1001008049237,19.04,0.17,21.81501,-0.18775,54730.45745,0
012715.48-001115.1,1001008049237,19.14,0.18,21.81525,-0.18726,54730.46384,0
012715.48-001115.1,1001008049237,19.80,0.24,21.81483,-0.18684,54738.32135,0
012715.48-001115.1,1001008049237,19.42,0.19,21.81486,-0.18707,54738.32789,0
012715.48-001115.1,1001008049237,18.79,0.15,21.81433,-0.18731,54738.33446,0
012715.48-001115.1,1001008049237,19.56,0.21,21.81447,-0.18673,54738.34110,0
012715.48-001115.1,1001008049237,19.48,0.21,21.81455,-0.18698,55060.42103,0
012715.48-001115.1,1001008049237,19.27,0.19,21.81463,-0.18703,55060.42682,0
012715.48-001115.1,1001008049237,19.49,0.21,21.81471,-0.18718,55060.43276,0
012715.48-001115.1,1001008049237,19.39,0.20,21.81462,-0.18715,55060.43880,0
012715.48-001115.1,1001008049237,20.09,0.40,21.81323,-0.18645,55073.32623,0
012715.48-001115.1,1001008049237,19.92,0.36,21.81442,-0.18705,55073.33017,0
012715.48-001115.1,1001008049237,18.94,0.22,21.81469,-0.18688,55073.33396,0
012715.48-001115.1,1001008049237,19.56,0.32,21.81438,-0.18686,55073.33792,0
012715.48-001115.1,1001008049237,19.91,0.26,21.81492,-0.18720,55182.10251,0
012715.48-001115.1,1001008049237,19.33,0.19,21.81472,-0.18705,55182.10817,0
012715.48-001115.1,1001008049237,19.07,0.17,21.81398,-0.18759,55182.11388,0
012715.48-001115.1,1001008049237,19.74,0.24,21.81462,-0.18723,55182.11961,0
012715.48-001115.1,1001008049237,19.18,0.18,21.81470,-0.18713,55153.18041,0
012715.48-001115.1,1001008049237,19.73,0.24,21.81420,-0.18735,55153.18859,0
012715.48-001115.1,1001008049237,19.31,0.19,21.81480,-0.18726,55153.19680,0
012715.48-001115.1,1001008049237,19.43,0.21,21.81497,-0.18744,55153.20504,0
012715.48-001115.1,1001008049237,20.09,0.29,21.81450,-0.18771,55113.29632,0
012715.48-001115.1,1001008049237,19.83,0.26,21.81482,-0.18716,55113.30356,0
012715.48-001115.1,1001008049237,19.48,0.21,21.81498,-0.18709,55113.31078,0
012715.48-001115.1,1001008049237,19.22,0.19,21.81536,-0.18696,55113.31792,0
012715.48-001115.1,1001008049237,19.41,0.18,21.81417,-0.18714,55119.27716,0
012715.48-001115.1,1001008049237,18.94,0.14,21.81459,-0.18739,55119.28515,0
012715.48-001115.1,1001008049237,19.61,0.19,21.81456,-0.18706,55119.29314,0
012715.48-001115.1,1001008049237,19.73,0.20,21.81468,-0.18685,55119.30107,0
012715.48-001115.1,1001008049237,19.16,0.23,21.81459,-0.18716,55084.41083,0
012715.48-001115.1,1001008049237,19.53,0.27,21.81405,-0.18687,55084.42851,0
012715.48-001115.1,1001008049237,19.43,0.21,21.81490,-0.18763,55090.32697,0
012715.48-001115.1,1001008049237,19.56,0.22,21.81458,-0.18744,55090.33740,0
012715.48-001115.1,1001008049237,19.94,0.27,21.81292,-0.18751,55090.34775,0
012715.48-001115.1,1001008049237,19.37,0.20,21.81465,-0.18681,55090.34775,1
012715.48-001115.1,1001008049237,19.82,0.25,21.81441,-0.18692,55090.35820,0
012715.48-001115.1,1001008049237,19.77,0.25,21.81432,-0.18705,55101.30174,0
012715.48-001115.1,1001008049237,19.44,0.21,21.81463,-0.18721,55101.30920,0
012715.48-001115.1,1001008049237,19.67,0.23,21.81419,-0.18714,55101.31646,0
012715.48-001115.1,1001008049237,19.09,0.18,21.81510,-0.18725,55101.32380,0
012715.48-001115.1,1001008049237,19.14,0.18,21.81434,-0.18756,55212.09661,0
012715.48-001115.1,1001008049237,19.01,0.17,21.81424,-0.18706,55212.10341,0
012715.48-001115.1,1001008049237,20.07,0.28,21.81448,-0.18728,55212.11077,0
012715.48-001115.1,1001008049237,20.16,0.29,21.81439,-0.18709,55212.11767,0
012715.48-001115.1,1001008049237,19.19,0.15,21.81473,-0.18737,55506.28531,0
012715.48-001115.1,1001008049237,19.43,0.17,21.81477,-0.18700,55506.30350,0
012715.48-001115.1,1001008049237,19.57,0.18,21.81426,-0.18729,55506.31258,0
012715.48-001115.1,1001008049237,19.46,0.21,21.81442,-0.18736,55514.21999,0
012715.48-001115.1,1001008049237,20.39,0.35,21.81408,-0.18702,55514.23493,0
012715.48-001115.1,1001008049237,19.86,0.26,21.81419,-0.18687,55514.24245,0
012715.48-001115.1,1001008049237,19.85,0.25,21.81487,-0.18626,55530.19691,0
012715.48-001115.1,1001008049237,20.21,0.32,21.81449,-0.18722,55472.36057,0
012715.48-001115.1,1001008049237,19.86,0.27,21.81469,-0.18693,55472.37223,0
012715.48-001115.1,1001008049237,19.62,0.23,21.81498,-0.18709,55480.28252,0
012715.48-001115.1,1001008049237,19.60,0.23,21.81477,-0.18694,55480.29641,0
012715.48-001115.1,1001008049237,20.55,0.37,21.81426,-0.18696,55480.30340,0
012715.48-001115.1,1001008049237,19.08,0.18,21.81455,-0.18713,55498.25944,0
012715.48-001115.1,1001008049237,19.77,0.25,21.81466,-0.18707,55498.28209,0
012715.48-001115.1,1001008049237,19.31,0.19,21.81411,-0.18743,55455.36612,0
012715.48-001115.1,1001008049237,19.73,0.24,21.81436,-0.18737,55455.38213,0
012715.48-001115.1,1001008049237,18.85,0.16,21.81467,-0.18719,55455.38960,0
012715.48-001115.1,1001008049237,20.09,0.30,21.81486,-0.18692,55588.11776,0
012715.48-001115.1,1001008049237,19.42,0.21,21.81419,-0.18684,55588.12931,0
012715.48-001115.1,1001008049237,18.83,0.15,21.81432,-0.18770,55824.42049,0
012715.48-001115.1,1001008049237,20.09,0.29,21.81457,-0.18755,55824.42729,0
012715.48-001115.1,1001008049237,19.71,0.24,21.81470,-0.18730,55824.43408,0
012715.48-001115.1,1001008049237,19.70,0.23,21.81492,-0.18736,55824.44076,0
012715.48-001115.1,1001008049237,19.31,0.20,21.81463,-0.18718,55861.25268,0
012715.48-001115.1,1001008049237,20.29,0.33,21.81463,-0.18736,55861.25963,0
012715.48-001115.1,1001008049237,19.70,0.24,21.81457,-0.18755,55861.26653,0
012715.48-001115.1,1001008049237,19.48,0.21,21.81494,-0.18729,55861.27343,0
012715.48-001115.1,1001008049237,19.03,0.17,21.81498,-0.18708,55834.28620,0
012715.48-001115.1,1001008049237,20.18,0.31,21.81464,-0.18732,55834.29365,0
012715.48-001115.1,1001008049237,19.11,0.18,21.81442,-0.18759,55882.21163,0
012715.48-001115.1,1001008049237,19.04,0.17,21.81433,-0.18754,55882.21784,0
012715.48-001115.1,1001008049237,19.80,0.25,21.81436,-0.18740,55882.22409,0
012715.48-001115.1,1001008049237,19.30,0.19,21.81445,-0.18722,55882.23033,0
012715.48-001115.1,1001008049237,19.33,0.29,21.81448,-0.18759,55850.29065,0
012715.48-001115.1,1001008049237,19.30,0.29,21.81448,-0.18759,55850.29065,1
012715.48-001115.1,1001008049237,19.80,0.25,21.81402,-0.18746,55895.15804,0
012715.48-001115.1,1001008049237,20.15,0.30,21.81430,-0.18711,55895.16619,0
012715.48-001115.1,1001008049237,19.43,0.20,21.81474,-0.18733,55895.17424,0
012715.48-001115.1,1001008049237,19.34,0.20,21.81464,-0.18735,55895.18238,0
012715.48-001115.1,1001008049237,19.61,0.23,21.81476,-0.18736,56184.41052,0
012715.48-001115.1,1001008049237,19.40,0.21,21.81440,-0.18703,56184.41722,0
012715.48-001115.1,1001008049237,19.12,0.18,21.81467,-0.18742,56184.42399,0
012715.48-001115.1,1001008049237,19.74,0.25,21.81404,-0.18728,56184.43084,0
012715.48-001115.1,1001008049237,19.53,0.23,21.81457,-0.18730,56191.35107,0
012715.48-001115.1,1001008049237,19.27,0.20,21.81434,-0.18725,56191.35610,0
012715.48-001115.1,1001008049237,19.80,0.26,21.81445,-0.18722,56191.36116,0
012715.48-001115.1,1001008049237,19.54,0.23,21.81439,-0.18741,56191.36625,0
012715.48-001115.1,1001008049237,19.98,0.28,21.81456,-0.18706,56213.30872,0
012715.48-001115.1,1001008049237,19.14,0.18,21.81454,-0.18719,56213.31783,0
012715.48-001115.1,1001008049237,19.03,0.17,21.81455,-0.18712,56213.32695,0
012715.48-001115.1,1001008049237,19.86,0.26,21.81473,-0.18681,56213.33598,0
012715.48-001115.1,1001008049237,19.22,0.19,21.81473,-0.18761,56223.19918,0
012715.48-001115.1,1001008049237,18.95,0.17,21.81482,-0.18723,56223.20598,0
012715.48-001115.1,1001008049237,19.78,0.25,21.81372,-0.18725,56223.21107,0
012715.48-001115.1,1001008049237,18.25,0.12,21.81456,-0.18772,56223.21617,0
012715.48-001115.1,1001008049237,20.65,0.40,21.81284,-0.18915,56233.22661,0
012715.48-001115.1,1001008049237,19.65,0.23,21.81490,-0.18718,56233.22661,1
012715.48-001115.1,1001008049237,19.47,0.21,21.81447,-0.18694,56233.23678,0
012715.48-001115.1,1001008049237,19.87,0.26,21.81454,-0.18728,56233.24694,0
012715.48-001115.1,1001008049237,19.02,0.17,21.81470,-0.18764,56233.25711,0
012715.48-001115.1,1001008049237,19.38,0.18,21.81450,-0.18743,56273.13988,0
012715.48-001115.1,1001008049237,19.46,0.18,21.81455,-0.18702,56273.14660,0
012715.48-001115.1,1001008049237,19.24,0.16,21.81463,-0.18736,56273.15343,0
012715.48-001115.1,1001008049237,19.37,0.17,21.81462,-0.18717,56273.16023,0
012715.48-001115.1,1001008049237,18.69,0.15,21.81461,-0.18734,56297.11822,0
012715.48-001115.1,1001008049237,19.89,0.26,21.81467,-0.18724,56297.12496,0
012715.48-001115.1,1001008049237,18.96,0.17,21.81454,-0.18737,56297.13164,0
012715.48-001115.1,1001008049237,19.04,0.17,21.81477,-0.18736,56297.13834,0
012715.48-001115.1,1001008049237,19.34,0.21,21.81464,-0.18743,56540.36616,0
012715.48-001115.1,1001008049237,19.38,0.22,21.81415,-0.18739,56540.37165,0
012715.48-001115.1,1001008049237,19.43,0.22,21.81485,-0.18774,56540.37727,0
012715.48-001115.1,1001008049237,19.38,0.22,21.81509,-0.18745,56540.38292,0
012715.48-001115.1,1001008049237,19.39,0.20,21.81452,-0.18774,56560.27220,0
012715.48-001115.1,1001008049237,20.13,0.30,21.81488,-0.18733,56560.28055,0
012715.48-001115.1,1001008049237,19.55,0.22,21.81482,-0.18711,56560.29735,0
012715.48-001115.1,1001008049237,19.90,0.26,21.81424,-0.18723,56570.26918,0
012715.48-001115.1,1001008049237,19.68,0.24,21.81459,-0.18727,56570.27478,0
012715.48-001115.1,1001008049237,19.19,0.19,21.81465,-0.18729,56570.28040,0
012715.48-001115.1,1001008049237,19.16,0.18,21.81459,-0.18719,56570.28596,0
012715.48-001115.1,1001008049237,19.49,0.21,21.81457,-0.18734,56580.26648,0
012715.48-001115.1,1001008049237,18.53,0.14,21.81528,-0.18778,56580.27267,0
012715.48-001115.1,1001008049237,19.37,0.20,21.81430,-0.18719,56580.27886,0
012715.48-001115.1,1001008049237,18.93,0.16,21.81408,-0.18770,56580.28494,0
012715.48-001115.1,1001008049237,19.55,0.22,21.81461,-0.18757,56591.28703,0
012715.48-001115.1,1001008049237,18.89,0.16,21.81409,-0.18809,56591.29468,0
012715.48-001115.1,1001008049237,19.13,0.18,21.81452,-0.18745,56591.30232,0
012715.48-001115.1,1001008049237,19.10,0.18,21.81413,-0.18711,56591.30994,0
012715.48-001115.1,2000021019769,19.44,0.11,21.81453,-0.18756,54012.28027,0
012715.48-001115.1,2000021019769,19.45,0.11,21.81458,-0.18756,54012.28604,0
012715.48-001115.1,2000021019769,19.56,0.12,21.81455,-0.18759,54012.29159,0
012715.48-001115.1,2000021019769,19.31,0.11,21.81456,-0.18753,54012.29740,0
012715.48-001115.1,2000021019769,19.50,0.13,21.81452,-0.18751,54394.25492,0
012715.48-001115.1,2000021019769,19.38,0.12,21.81457,-0.18753,54394.26009,0
012715.48-001115.1,2000021019769,19.49,0.13,21.81456,-0.18750,54394.26525,0
012715.48-001115.1,2000021019769,19.47,0.13,21.81456,-0.18759,54394.27051,0
012715.48-001115.1,2000021019769,19.38,0.10,21.81458,-0.18760,54468.09082,0
012715.48-001115.1,2000021019769,19.25,0.10,21.81454,-0.18749,54468.09738,0
012715.48-001115.1,2000021019769,19.54,0.11,21.81451,-0.18752,54468.10394,0
012715.48-001115.1,2000021019769,19.42,0.10,21.81453,-0.18755,54468.11051,0
012715.48-001115.1,2000021019769,19.45,0.11,21.81455,-0.18755,54746.30091,0
012715.48-001115.1,2000021019769,19.37,0.10,21.81456,-0.18758,54746.30885,0
012715.48-001115.1,2000021019769,19.48,0.11,21.81460,-0.18753,54746.31673,0
012715.48-001115.1,2000021019769,19.42,0.11,21.81459,-0.18756,54746.32477,0
012715.48-001115.1,2000021019769,19.48,0.13,21.81460,-0.18754,54761.29278,0
012715.48-001115.1,2000021019769,19.36,0.12,21.81462,-0.18754,54761.29782,0
012715.48-001115.1,2000021019769,19.34,0.12,21.81460,-0.18758,54761.30285,0
012715.48-001115.1,2000021019769,19.42,0.13,21.81462,-0.18763,54761.30789,0
012715.48-001115.1,2000021019769,19.49,0.12,21.81463,-0.18753,55126.29012,0
012715.48-001115.1,2000021019769,19.32,0.11,21.81460,-0.18752,55126.29723,0
012715.48-001115.1,2000021019769,19.50,0.12,21.81464,-0.18748,55126.30435,0
012715.48-001115.1,2000021019769,19.28,0.11,21.81457,-0.18754,55126.31166,0
012715.48-001115.1,2000021019769,19.50,0.11,21.81457,-0.18754,55866.17608,0
012715.48-001115.1,2000021019769,19.37,0.11,21.81457,-0.18748,55866.18346,0
012715.48-001115.1,2000021019769,19.42,0.11,21.81454,-0.18755,55866.19099,0
012715.48-001115.1,2000021019769,19.19,0.10,21.81449,-0.18755,55866.19847,0
012715.48-001115.1,2000021019769,19.38,0.11,21.81459,-0.18759,55959.09661,0
012715.48-001115.1,2000021019769,19.36,0.11,21.81456,-0.18757,55959.10983,0
012715.48-001115.1,2000021019769,19.35,0.11,21.81447,-0.18758,55959.11917,0
012715.48-001115.1,2000021019769,19.37,0.11,21.81453,-0.18752,55959.12843,0
012715.48-001115.1,2000021019769,19.33,0.11,21.81449,-0.18761,56578.26670,0
012715.48-001115.1,2000021019769,19.52,0.12,21.81452,-0.18752,56578.27730,0
012715.48-001115.1,2000021019816,21.73,0.32,21.81663,-0.18967,54012.28027,0
012715.48-001115.1,2000021019816,21.25,0.25,21.81662,-0.18987,54012.29740,0
012715.48-001115.1,2000021019816,21.57,0.27,21.81663,-0.18951,54468.09082,0
012715.48-001115.1,2000021019816,21.71,0.30,21.81674,-0.18965,54746.30885,0
012715.48-001115.1,2000021019816,21.18,0.29,21.81673,-0.18961,54761.30285,0
012715.48-001115.1,2000021019816,22.30,0.46,21.81653,-0.18947,55126.29012,0
012715.48-001115.1,2000021019816,22.34,0.46,21.81671,-0.18971,55126.30435,0
012715.48-001115.1,2000021019816,21.58,0.29,21.81666,-0.18946,55866.17608,0
012715.48-001115.1,2000021019816,21.70,0.31,21.81663,-0.18965,55866.18346,0
012715.48-001115.1,2000021019816,21.42,0.26,21.81657,-0.18970,55866.19099,0
012715.48-001115.1,2000021019816,21.41,0.27,21.81674,-0.18967,55959.09661,0
012715.48-001115.1,2000021019816,21.94,0.38,21.81654,-0.18970,56578.27730,0
134406.11+392817.4,1138059058370,17.68,0.10,206.02557,39.47180,53480.26263,0
134406.11+392817.4,1138059058370,17.75,0.10,206.02585,39.47161,53480.27085,0
134406.11+392817.4,1138059058370,17.91,0.11,206.02568,39.47171,53480.27917,0
134406.11+392817.4,1138059058370,17.85,0.10,206.02548,39.47184,53480.28762,0
134406.11+392817.4,1138059058370,17.75,0.10,206.02549,39.47177,53526.23333,0
134406.11+392817.4,1138059058370,17.75,0.10,206.02560,39.47184,53526.24156,0
134406.11+392817.4,1138059058370,17.77,0.10,206.02561,39.47182,53526.24973,0
134406.11+392817.4,1138059058370,17.59,0.10,206.02535,39.47168,53526.25791,0
134406.11+392817.4,1138059058370,17.78,0.10,206.02557,39.47179,53534.20125,0
134406.11+392817.4,1138059058370,17.67,0.10,206.02563,39.47181,53534.20999,0
134406.11+392817.4,1138059058370,17.66,0.10,206.02573,39.47173,53534.21870,0
134406.11+392817.4,1138059058370,17.70,0.10,206.02560,39.47179,53534.22750,0
134406.11+392817.4,1138059058370,18.28,0.16,206.02728,39.47181,53549.15921,0
134406.11+392817.4,1138059058370,17.77,0.12,206.02560,39.47161,53834.23734,0
134406.11+392817.4,1138059058370,17.79,0.11,206.02546,39.47169,53852.38578,0
134406.11+392817.4,1138059058370,17.66,0.10,206.02562,39.47174,53852.39338,0
134406.11+392817.4,1138059058370,17.84,0.11,206.02550,39.47180,53852.40100,0
134406.11+392817.4,1138059058370,17.67,0.10,206.02538,39.47182,53852.40868,0
134406.11+392817.4,1138059058370,18.15,0.35,206.02615,39.47130,53900.33702,0
134406.11+392817.4,1138059058370,18.76,0.50,206.02634,39.47187,53900.33813,0
134406.11+392817.4,1138059058370,17.58,0.10,206.02558,39.47174,53796.38075,0
134406.11+392817.4,1138059058370,17.58,0.10,206.02550,39.47170,53796.38771,0
134406.11+392817.4,1138059058370,17.68,0.10,206.02559,39.47168,53796.39466,0
134406.11+392817.4,1138059058370,17.65,0.10,206.02555,39.47160,53796.40171,0
134406.11+392817.4,1138059058370,17.72,0.10,206.02551,39.47171,53861.26307,0
134406.11+392817.4,1138059058370,17.75,0.10,206.02551,39.47175,53861.27018,0
134406.11+392817.4,1138059058370,17.65,0.10,206.02543,39.47167,53861.27700,0
134406.11+392817.4,1138059058370,17.71,0.10,206.02554,39.47162,53861.28369,0
134406.11+392817.4,1138059058370,17.89,0.11,206.02570,39.47176,53883.21432,0
134406.11+392817.4,1138059058370,17.87,0.11,206.02541,39.47178,53883.22092,0
134406.11+392817.4,1138059058370,17.77,0.11,206.02551,39.47174,53883.22749,0
134406.11+392817.4,1138059058370,17.73,0.10,206.02547,39.47172,53883.23400,0
134406.11+392817.4,1138059058370,17.82,0.10,206.02557,39.47181,54209.35694,0
134406.11+392817.4,1138059058370,17.71,0.10,206.02561,39.47179,54209.36398,0
134406.11+392817.4,1138059058370,17.75,0.10,206.02564,39.47173,54209.37105,0
134406.11+392817.4,1138059058370,17.74,0.10,206.02552,39.47182,54209.37805,0
134406.11+392817.4,1138059058370,17.75,0.10,206.02553,39.47179,54265.23815,0
134406.11+392817.4,1138059058370,17.74,0.10,206.02558,39.47173,54265.24741,0
134406.11+392817.4,1138059058370,17.87,0.11,206.02594,39.47180,54265.25668,0
134406.11+392817.4,1138059058370,17.67,0.10,206.02573,39.47181,54265.26594,0
134406.11+392817.4,1138059058370,17.67,0.10,206.02576,39.47182,54272.21841,0
134406.11+392817.4,1138059058370,17.69,0.10,206.02564,39.47168,54272.22495,0
134406.11+392817.4,1138059058370,17.77,0.10,206.02566,39.47190,54272.23146,0
134406.11+392817.4,1138059058370,17.72,0.10,206.02566,39.47171,54272.23800,0
134406.11+392817.4,1138059058370,17.74,0.10,206.02561,39.47171,54273.22351,0
134406.11+392817.4,1138059058370,17.77,0.10,206.02566,39.47177,54273.22952,0
134406.11+392817.4,1138059058370,17.89,0.11,206.02577,39.47167,54273.23549,0
134406.11+392817.4,1138059058370,17.66,0.10,206.02561,39.47174,54273.24150,0
134406.11+392817.4,1138059058370,17.72,0.10,206.02554,39.47167,54169.38639,0
134406.11+392817.4,1138059058370,17.73,0.10,206.02550,39.47170,54169.38962,0
134406.11+392817.4,1138059058370,17.75,0.10,206.02577,39.47179,54169.39283,0
134406.11+392817.4,1138059058370,17.73,0.10,206.02552,39.47163,54177.30733,0
134406.11+392817.4,1138059058370,17.68,0.10,206.02550,39.47184,54232.33485,0
134406.11+392817.4,1138059058370,17.79,0.10,206.02560,39.47175,54232.34193,0
134406.11+392817.4,1138059058370,17.84,0.11,206.02556,39.47177,54232.34903,0
134406.11+392817.4,1138059058370,17.67,0.10,206.02543,39.47163,54232.35610,0
134406.11+392817.4,1138059058370,17.88,0.11,206.02560,39.47166,54240.26675,0
134406.11+392817.4,1138059058370,17.70,0.10,206.02557,39.47160,54240.27647,0
134406.11+392817.4,1138059058370,17.72,0.10,206.02563,39.47178,54240.28614,0
134406.11+392817.4,1138059058370,17.74,0.10,206.02558,39.47181,54240.29569,0
134406.11+392817.4,1138059058370,17.66,0.10,206.02543,39.47165,54560.42939,0
134406.11+392817.4,1138059058370,17.71,0.10,206.02558,39.47182,54560.43443,0
134406.11+392817.4,1138059058370,17.73,0.10,206.02552,39.47178,54560.43949,0
134406.11+392817.4,1138059058370,17.74,0.10,206.02560,39.47166,54560.44453,0
134406.11+392817.4,1138059058370,17.69,0.10,206.02542,39.47174,54626.26848,0
134406.11+392817.4,1138059058370,17.64,0.10,206.02560,39.47173,54626.27583,0
134406.11+392817.4,1138059058370,17.65,0.10,206.02548,39.47169,54626.28321,0
134406.11+392817.4,1138059058370,17.76,0.10,206.02566,39.47182,54626.29054,0
134406.11+392817.4,1138059058370,17.74,0.11,206.02575,39.47185,54549.45213,0
134406.11+392817.4,1138059058370,17.71,0.11,206.02580,39.47174,54549.45906,0
134406.11+392817.4,1138059058370,17.38,0.10,206.02545,39.47165,54549.46625,0
134406.11+392817.4,1138059058370,17.81,0.11,206.02571,39.47193,54549.47320,0
134406.11+392817.4,1138059058370,17.63,0.10,206.02559,39.47197,54593.43222,0
134406.11+392817.4,1138059058370,17.75,0.10,206.02544,39.47187,54593.43707,0
134406.11+392817.4,1138059058370,17.72,0.10,206.02553,39.47186,54593.44192,0
134406.11+392817.4,1138059058370,17.62,0.10,206.02554,39.47168,54593.44680,0
134406.11+392817.4,1138059058370,17.86,0.13,206.02552,39.47184,55045.18845,0
134406.11+392817.4,1138059058370,17.29,0.10,206.02565,39.47176,55045.19337,0
134406.11+392817.4,1138059058370,17.58,0.12,206.02553,39.47179,55045.19822,0
134406.11+392817.4,1138059058370,17.18,0.10,206.02540,39.47159,55045.20317,0
134406.11+392817.4,1138059058370,17.77,0.10,206.02553,39.47187,54861.45425,0
134406.11+392817.4,1138059058370,17.54,0.09,206.02548,39.47171,54861.46541,0
134406.11+392817.4,1138059058370,17.82,0.10,206.02550,39.47169,54861.47652,0
134406.11+392817.4,1138059058370,17.92,0.15,206.02579,39.47190,55017.17622,0
134406.11+392817.4,1138059058370,17.47,0.12,206.02495,39.47193,55017.17955,0
134406.11+392817.4,1138059058370,17.40,0.12,206.02521,39.47173,55017.18290,0
134406.11+392817.4,1138059058370,17.50,0.12,206.02555,39.47155,55017.18620,0
134406.11+392817.4,1138059058370,17.53,0.09,206.02551,39.47169,54891.39674,0
134406.11+392817.4,1138059058370,17.93,0.10,206.02560,39.47182,54891.40405,0
134406.11+392817.4,1138059058370,17.73,0.10,206.02555,39.47180,54891.41140,0
134406.11+392817.4,1138059058370,17.72,0.10,206.02553,39.47169,54906.45403,0
134406.11+392817.4,1138059058370,17.78,0.10,206.02557,39.47190,54906.45964,0
134406.11+392817.4,1138059058370,17.79,0.10,206.02554,39.47191,54906.46524,0
134406.11+392817.4,1138059058370,17.71,0.10,206.02582,39.47188,54906.47083,0
134406.11+392817.4,1138059058370,17.66,0.10,206.02573,39.47177,54914.41710,0
134406.11+392817.4,1138059058370,17.69,0.10,206.02529,39.47176,54914.42880,0
134406.11+392817.4,1138059058370,17.84,0.10,206.02569,39.47187,54914.44047,0
134406.11+392817.4,1138059058370,17.61,0.09,206.02538,39.47163,54914.45194,0
134406.11+392817.4,1138059058370,17.86,0.11,206.02562,39.47195,54968.33055,0
134406.11+392817.4,1138059058370,17.73,0.10,206.02553,39.47179,54968.33979,0
134406.11+392817.4,1138059058370,17.75,0.11,206.02557,39.47210,54968.34897,0
134406.11+392817.4,1138059058370,17.61,0.10,206.02546,39.47168,54968.35805,0
134406.11+392817.4,1138059058370,17.51,0.09,206.02551,39.47154,55297.25587,0
134406.11+392817.4,1138059058370,17.71,0.10,206.02558,39.47167,55369.27370,0
134406.11+392817.4,1138059058370,17.67,0.10,206.02536,39.47179,55369.27893,0
134406.11+392817.4,1138059058370,17.82,0.10,206.02547,39.47158,55369.28414,0
134406.11+392817.4,1138059058370,17.55,0.10,206.02541,39.47126,55369.28936,0
134406.11+392817.4,1138059058370,17.68,0.10,206.02549,39.47162,55273.43204,0
134406.11+392817.4,1138059058370,17.78,0.10,206.02547,39.47166,55273.43780,0
134406.11+392817.4,1138059058370,17.58,0.09,206.02543,39.47156,55273.44363,0
134406.11+392817.4,1138059058370,17.46,0.09,206.02544,39.47140,55273.44942,0
134406.11+392817.4,1138059058370,17.60,0.10,206.02549,39.47154,55326.31487,0
134406.11+392817.4,1138059058370,17.74,0.10,206.02543,39.47172,55326.32233,0
134406.11+392817.4,1138059058370,17.67,0.10,206.02550,39.47163,55326.32977,0
134406.11+392817.4,1138059058370,17.78,0.10,206.02552,39.47168,55326.33732,0
134406.11+392817.4,1138059058370,17.73,0.10,206.02541,39.47164,55333.33866,0
134406.11+392817.4,1138059058370,17.55,0.09,206.02562,39.47159,55333.34443,0
134406.11+392817.4,1138059058370,17.66,0.10,206.02544,39.47143,55333.35024,0
134406.11+392817.4,1138059058370,17.75,0.10,206.02555,39.47153,55333.35607,0
134406.11+392817.4,1138059058370,17.77,0.10,206.02539,39.47176,55659.33178,0
134406.11+392817.4,1138059058370,17.79,0.10,206.02535,39.47177,55659.33851,0
134406.11+392817.4,1138059058370,17.84,0.11,206.02545,39.47173,55659.34554,0
134406.11+392817.4,1138059058370,17.75,0.10,206.02542,39.47187,55659.35247,0
134406.11+392817.4,1138059058370,17.87,0.11,206.02555,39.47190,55678.23681,0
134406.11+392817.4,1138059058370,17.86,0.11,206.02543,39.47159,55678.24241,0
134406.11+392817.4,1138059058370,17.64,0.10,206.02532,39.47183,55678.24813,0
134406.11+392817.4,1138059058370,17.74,0.10,206.02544,39.47167,55678.25387,0
134406.11+392817.4,1138059058370,18.10,0.13,206.02561,39.47194,55615.50367,0
134406.11+392817.4,1138059058370,17.66,0.11,206.02538,39.47199,55615.50875,0
134406.11+392817.4,1138059058370,17.75,0.11,206.02546,39.47194,55615.51388,0
134406.11+392817.4,1138059058370,17.77,0.11,206.02532,39.47191,55615.51896,0
134406.11+392817.4,1138059058370,17.86,0.11,206.02578,39.47178,55722.23387,0
134406.11+392817.4,1138059058370,17.66,0.10,206.02582,39.47201,55722.24070,0
134406.11+392817.4,1138059058370,17.86,0.11,206.02566,39.47173,55722.24763,0
134406.11+392817.4,1138059058370,17.79,0.11,206.02552,39.47185,55722.25450,0
134406.11+392817.4,1138059058370,17.77,0.10,206.02571,39.47185,55630.46352,0
134406.11+392817.4,1138059058370,17.90,0.11,206.02575,39.47208,55630.47103,0
134406.11+392817.4,1138059058370,17.81,0.10,206.02561,39.47199,55630.47865,0
134406.11+392817.4,1138059058370,17.71,0.10,206.02583,39.47187,55630.48621,0
134406.11+392817.4,1138059058370,17.91,0.12,206.02527,39.47184,55685.26850,0
134406.11+392817.4,1138059058370,17.58,0.10,206.02590,39.47196,55685.27517,0
134406.11+392817.4,1138059058370,17.85,0.13,206.02563,39.47183,55685.28161,0
134406.11+392817.4,1138059058370,18.01,0.15,206.02609,39.47211,55685.28791,0
134406.11+392817.4,1138059058370,17.71,0.10,206.02574,39.47173,53549.16425,0
134406.11+392817.4,1138059058370,17.62,0.10,206.02572,39.47167,53549.17080,0
134406.11+392817.4,1138059058370,17.64,0.10,206.02551,39.47184,53549.17733,0
134406.11+392817.4,1138059058370,17.85,0.11,206.02544,39.47179,53549.18383,0
134406.11+392817.4,1138059058370,17.72,0.11,206.02556,39.47184,54169.40349,0
134406.11+392817.4,1138059058370,17.70,0.10,206.02559,39.47158,54169.40605,0
134406.11+392817.4,1138059058370,17.69,0.10,206.02579,39.47176,54169.40872,0
134406.11+392817.4,1138059058370,17.76,0.10,206.02553,39.47173,54169.41150,0
134406.11+392817.4,1138059058370,17.69,0.09,206.02536,39.47152,56009.41237,0
134406.11+392817.4,1138059058370,17.80,0.09,206.02558,39.47166,56009.42056,0
134406.11+392817.4,1138059058370,17.69,0.09,206.02545,39.47169,56009.42873,0
134406.11+392817.4,1138059058370,17.75,0.09,206.02566,39.47157,56009.43690,0
134406.11+392817.4,1138059058370,17.72,0.10,206.02566,39.47167,56016.37643,0
134406.11+392817.4,1138059058370,17.83,0.10,206.02544,39.47164,56016.38399,0
134406.11+392817.4,1138059058370,17.80,0.10,206.02574,39.47163,56016.39140,0
134406.11+392817.4,1138059058370,17.76,0.11,206.02565,39.47164,56016.39870,0
134406.11+392817.4,1138059058370,17.81,0.10,206.02542,39.47164,56039.38154,0
134406.11+392817.4,1138059058370,17.73,0.10,206.02555,39.47173,56039.38829,0
134406.11+392817.4,1138059058370,17.73,0.10,206.02529,39.47148,56039.39508,0
134406.11+392817.4,1138059058370,17.70,0.10,206.02576,39.47171,56039.40182,0
134406.11+392817.4,1138059058370,17.72,0.10,206.02558,39.47149,56065.29441,0
134406.11+392817.4,1138059058370,17.75,0.10,206.02576,39.47174,56065.30165,0
134406.11+392817.4,1138059058370,17.75,0.10,206.02574,39.47146,56065.30895,0
134406.11+392817.4,1138059058370,17.71,0.10,206.02532,39.47152,56065.31620,0
134406.11+392817.4,1138059058370,17.76,0.10,206.02570,39.47158,56092.24043,0
134406.11+392817.4,1138059058370,17.89,0.10,206.02559,39.47135,56092.25009,0
134406.11+392817.4,1138059058370,17.79,0.10,206.02563,39.47142,56092.25978,0
134406.11+392817.4,1138059058370,17.79,0.10,206.02565,39.47156,56092.26952,0
134406.11+392817.4,1138059058370,17.72,0.10,206.02547,39.47171,56097.24304,0
134406.11+392817.4,1138059058370,17.65,0.10,206.02545,39.47162,56097.25109,0
134406.11+392817.4,1138059058370,17.71,0.10,206.02553,39.47156,56097.25915,0
134406.11+392817.4,1138059058370,17.81,0.10,206.02572,39.47161,56097.26720,0
134406.11+392817.4,1138059058370,17.88,0.11,206.02560,39.47174,56353.50131,0
134406.11+392817.4,1138059058370,17.72,0.10,206.02549,39.47166,56353.50698,0
134406.11+392817.4,1138059058370,17.89,0.11,206.02579,39.47160,56353.51261,0
134406.11+392817.4,1138059058370,17.63,0.10,206.02557,39.47157,56353.51830,0
134406.11+392817.4,1138059058370,16.93,0.12,206.02552,39.47170,56371.43235,0
134406.11+392817.4,1138059058370,17.62,0.15,206.02537,39.47181,56371.43633,0
134406.11+392817.4,1138059058370,17.47,0.14,206.02558,39.47191,56371.44028,0
134406.11+392817.4,1138059058370,17.27,0.12,206.02564,39.47167,56371.44420,0
134406.11+392817.4,1138059058370,17.50,0.09,206.02560,39.47158,56397.24055,0
134406.11+392817.4,1138059058370,17.56,0.10,206.02563,39.47158,56397.24784,0
134406.11+392817.4,1138059058370,17.54,0.09,206.02569,39.47167,56397.25513,0
134406.11+392817.4,1138059058370,17.70,0.10,206.02555,39.47176,56397.26247,0
134406.11+392817.4,1138059058370,17.59,0.10,206.02548,39.47180,56419.30246,0
134406.11+392817.4,1138059058370,17.59,0.10,206.02550,39.47156,56419.30987,0
134406.11+392817.4,1138059058370,17.69,0.10,206.02534,39.47172,56419.31732,0
134406.11+392817.4,1138059058370,17.58,0.10,206.02547,39.47171,56419.32484,0
134406.11+392817.4,1138059058370,17.67,0.10,206.02562,39.47181,56434.23162,0
134406.11+392817.4,1138059058370,17.66,0.10,206.02559,39.47158,56434.23499,0
134406.11+392817.4,1138059058370,17.36,0.09,206.02535,39.47176,56434.23836,0
134406.11+392817.4,1138059058370,17.43,0.09,206.02578,39.47188,56434.24174,0
134406.11+392817.4,1138059058370,17.54,0.10,206.02556,39.47165,56449.28443,0
134406.11+392817.4,1138059058370,17.61,0.10,206.02563,39.47167,56449.28891,0
134406.11+392817.4,1138059058370,17.52,0.10,206.02552,39.47156,56449.29338,0
134406.11+392817.4,1138059058370,17.52,0.10,206.02548,39.47160,56449.29784,0
134406.11+392817.4,1138059058370,17.45,0.09,206.02548,39.47155,56462.23847,0
134406.11+392817.4,1138059058370,17.43,0.09,206.02558,39.47169,56462.24352,0
134406.11+392817.4,1138059058370,17.62,0.10,206.02555,39.47166,56462.24859,0
134406.11+392817.4,1138059058370,17.49,0.10,206.02551,39.47172,56462.25367,0
121028.83+025454.2,1104065002232,18.91,0.17,182.62025, 2.91527,53732.43409,0
121028.83+025454.2,1104065002232,18.55,0.14,182.62041, 2.91507,53732.44062,0
121028.83+025454.2,1104065002232,18.70,0.15,182.62040, 2.91500,53732.44724,0
121028.83+025454.2,1104065002232,18.65,0.15,182.62035, 2.91505,53732.45400,0
121028.83+025454.2,1104065002232,18.55,0.15,182.62017, 2.91493,53533.19974,0
121028.83+025454.2,1104065002232,18.76,0.16,182.62022, 2.91524,53533.20742,0
121028.83+025454.2,1104065002232,18.71,0.16,182.62074, 2.91519,53533.21487,0
121028.83+025454.2,1104065002232,18.38,0.14,182.62017, 2.91497,53533.22241,0
121028.83+025454.2,1104065002232,18.66,0.15,182.62022, 2.91509,53551.16616,0
121028.83+025454.2,1104065002232,18.73,0.16,182.62018, 2.91510,53551.17255,0
121028.83+025454.2,1104065002232,18.90,0.17,182.61996, 2.91482,53551.17898,0
121028.83+025454.2,1104065002232,18.71,0.16,182.62048, 2.91529,53551.18538,0
121028.83+025454.2,1104065002232,18.35,0.13,182.62022, 2.91521,53498.16573,0
121028.83+025454.2,1104065002232,18.49,0.14,182.62014, 2.91524,53498.17223,0
121028.83+025454.2,1104065002232,18.48,0.14,182.61997, 2.91515,53498.17876,0
121028.83+025454.2,1104065002232,18.65,0.15,182.62017, 2.91501,53498.18527,0
121028.83+025454.2,1104065002232,18.98,0.17,182.62019, 2.91485,53521.19284,0
121028.83+025454.2,1104065002232,18.98,0.17,182.62022, 2.91510,53521.20093,0
121028.83+025454.2,1104065002232,18.95,0.17,182.62011, 2.91516,53521.20904,0
121028.83+025454.2,1104065002232,18.59,0.15,182.62024, 2.91495,53521.21712,0
121028.83+025454.2,1104065002232,18.51,0.14,182.62029, 2.91510,53704.49163,0
121028.83+025454.2,1104065002232,18.55,0.15,182.62014, 2.91514,53704.49813,0
121028.83+025454.2,1104065002232,18.95,0.18,182.62017, 2.91485,53704.50468,0
121028.83+025454.2,1104065002232,18.56,0.15,182.61996, 2.91497,53704.51127,0
121028.83+025454.2,1104065002232,18.97,0.18,182.62009, 2.91496,53845.26706,0
121028.83+025454.2,1104065002232,18.65,0.15,182.62011, 2.91494,53845.27456,0
121028.83+025454.2,1104065002232,18.83,0.17,182.62017, 2.91490,53845.28210,0
121028.83+025454.2,1104065002232,18.69,0.16,182.62007, 2.91500,53845.28962,0
121028.83+025454.2,1104065002232,18.65,0.14,182.62022, 2.91500,54094.46246,0
121028.83+025454.2,1104065002232,18.55,0.13,182.62006, 2.91540,54094.47349,0
121028.83+025454.2,1104065002232,18.43,0.13,182.62032, 2.91493,54094.48355,0
121028.83+025454.2,1104065002232,18.74,0.15,182.62025, 2.91512,54094.49359,0
121028.83+025454.2,1104065002232,18.69,0.15,182.62024, 2.91497,53788.36290,0
121028.83+025454.2,1104065002232,18.72,0.15,182.62009, 2.91502,53788.37327,0
121028.83+025454.2,1104065002232,18.57,0.14,182.62041, 2.91510,53788.38981,0
121028.83+025454.2,1104065002232,18.35,0.13,182.62036, 2.91500,53788.40637,0
121028.83+025454.2,1104065002232,18.48,0.13,182.62003, 2.91501,53742.47743,0
121028.83+025454.2,1104065002232,18.54,0.14,182.62024, 2.91516,53742.48612,0
121028.83+025454.2,1104065002232,18.44,0.13,182.62023, 2.91502,53742.49476,0
121028.83+025454.2,1104065002232,18.45,0.13,182.62031, 2.91511,53742.50341,0
121028.83+025454.2,1104065002232,18.33,0.13,182.62007, 2.91510,53765.47063,0
121028.83+025454.2,1104065002232,18.75,0.15,182.62019, 2.91512,53765.47657,0
121028.83+025454.2,1104065002232,18.52,0.14,182.62001, 2.91490,53765.48863,0
121028.83+025454.2,1104065002232,18.54,0.41,182.62011, 2.91529,53904.21509,0
121028.83+025454.2,1104065002232,18.69,0.16,182.62018, 2.91470,53907.17946,0
121028.83+025454.2,1104065002232,18.56,0.15,182.62033, 2.91513,53907.18753,0
121028.83+025454.2,1104065002232,18.36,0.14,182.62041, 2.91496,53907.19556,0
121028.83+025454.2,1104065002232,18.36,0.14,182.62024, 2.91528,53907.20361,0
121028.83+025454.2,1104065002232,18.69,0.19,182.62031, 2.91499,53816.43681,0
121028.83+025454.2,1104065002232,18.67,0.19,182.62017, 2.91515,53816.44187,0
121028.83+025454.2,1104065002232,18.46,0.17,182.62011, 2.91529,53816.44694,0
121028.83+025454.2,1104065002232,18.28,0.16,182.62006, 2.91516,53816.45205,0
121028.83+025454.2,1104065002232,18.31,0.13,182.62038, 2.91520,53874.20784,0
121028.83+025454.2,1104065002232,18.80,0.17,182.62035, 2.91519,53874.21483,0
121028.83+025454.2,1104065002232,18.51,0.15,182.62009, 2.91507,53874.22185,0
121028.83+025454.2,1104065002232,18.45,0.14,182.62012, 2.91518,53874.22886,0
121028.83+025454.2,1104065002232,18.62,0.15,182.62013, 2.91512,53880.17829,0
121028.83+025454.2,1104065002232,18.64,0.15,182.62000, 2.91497,53880.18698,0
121028.83+025454.2,1104065002232,18.35,0.13,182.62023, 2.91516,53880.19572,0
121028.83+025454.2,1104065002232,18.49,0.14,182.62005, 2.91495,53880.20442,0
121028.83+025454.2,1104065002232,18.30,0.13,182.62016, 2.91505,53886.20219,0
121028.83+025454.2,1104065002232,18.30,0.13,182.62011, 2.91492,53886.21128,0
121028.83+025454.2,1104065002232,18.60,0.15,182.62022, 2.91501,53886.22036,0
121028.83+025454.2,1104065002232,18.50,0.14,182.62023, 2.91476,53886.22947,0
121028.83+025454.2,1104065002232,18.80,0.15,182.62005, 2.91509,54063.50401,0
121028.83+025454.2,1104065002232,18.59,0.14,182.62027, 2.91501,54063.51057,0
121028.83+025454.2,1104065002232,18.50,0.13,182.62023, 2.91520,54063.51711,0
121028.83+025454.2,1104065002232,18.62,0.14,182.61990, 2.91521,54063.52362,0
121028.83+025454.2,1104065002232,18.66,0.14,182.61984, 2.91500,54197.25699,0
121028.83+025454.2,1104065002232,18.69,0.15,182.62017, 2.91501,54197.26352,0
121028.83+025454.2,1104065002232,18.60,0.14,182.62009, 2.91476,54197.27004,0
121028.83+025454.2,1104065002232,18.56,0.14,182.62025, 2.91510,54197.27655,0
121028.83+025454.2,1104065002232,18.06,0.29,182.62058, 2.91473,54140.45766,0
121028.83+025454.2,1104065002232,18.88,0.46,182.61996, 2.91566,54140.45866,0
121028.83+025454.2,1104065002232,17.97,0.29,182.61953, 2.91541,54140.46066,0
121028.83+025454.2,1104065002232,18.51,0.14,182.62023, 2.91485,54146.43904,0
121028.83+025454.2,1104065002232,19.07,0.18,182.61993, 2.91503,54146.44500,0
121028.83+025454.2,1104065002232,18.46,0.14,182.62031, 2.91503,54146.45095,0
121028.83+025454.2,1104065002232,18.46,0.14,182.62003, 2.91485,54146.45695,0
121028.83+025454.2,1104065002232,18.84,0.15,182.62034, 2.91482,54115.39010,0
121028.83+025454.2,1104065002232,18.53,0.13,182.62022, 2.91496,54115.40036,0
121028.83+025454.2,1104065002232,18.74,0.15,182.62015, 2.91510,54115.41069,0
121028.83+025454.2,1104065002232,18.52,0.13,182.62014, 2.91491,54115.42105,0
121028.83+025454.2,1104065002232,18.57,0.14,182.62000, 2.91493,54124.46145,0
121028.83+025454.2,1104065002232,18.53,0.13,182.62027, 2.91529,54124.46848,0
121028.83+025454.2,1104065002232,18.54,0.14,182.62014, 2.91500,54124.47552,0
121028.83+025454.2,1104065002232,18.62,0.14,182.62026, 2.91495,54124.48267,0
121028.83+025454.2,1104065002232,18.75,0.15,182.62016, 2.91485,54261.17622,0
121028.83+025454.2,1104065002232,18.95,0.17,182.62020, 2.91467,54261.18261,0
121028.83+025454.2,1104065002232,18.59,0.14,182.62011, 2.91485,54261.18901,0
121028.83+025454.2,1104065002232,18.30,0.13,182.62012, 2.91508,54261.19541,0
121028.83+025454.2,1104065002232,18.59,0.15,182.62014, 2.91513,54229.18556,0
121028.83+025454.2,1104065002232,18.56,0.14,182.62026, 2.91531,54242.14590,0
121028.83+025454.2,1104065002232,18.80,0.16,182.62017, 2.91485,54242.14969,0
121028.83+025454.2,1104065002232,18.51,0.14,182.62010, 2.91527,54242.15347,0
121028.83+025454.2,1104065002232,18.40,0.13,182.62004, 2.91498,54242.15725,0
121028.83+025454.2,1104065002232,18.72,0.13,182.62025, 2.91496,54562.26959,0
121028.83+025454.2,1104065002232,18.56,0.12,182.62018, 2.91516,54562.27493,0
121028.83+025454.2,1104065002232,18.53,0.12,182.62019, 2.91527,54562.28023,0
121028.83+025454.2,1104065002232,18.52,0.12,182.62016, 2.91495,54562.28553,0
121028.83+025454.2,1104065002232,18.77,0.15,182.62014, 2.91496,54568.32180,0
121028.83+025454.2,1104065002232,18.57,0.14,182.62033, 2.91513,54568.32795,0
121028.83+025454.2,1104065002232,18.53,0.14,182.62017, 2.91509,54568.33410,0
121028.83+025454.2,1104065002232,18.81,0.15,182.62009, 2.91522,54568.34022,0
121028.83+025454.2,1104065002232,18.93,0.16,182.62034, 2.91474,54830.46647,0
121028.83+025454.2,1104065002232,18.61,0.14,182.62007, 2.91505,54830.47176,0
121028.83+025454.2,1104065002232,18.41,0.13,182.62005, 2.91519,54830.47704,0
121028.83+025454.2,1104065002232,18.60,0.14,182.62020, 2.91501,54830.48226,0
121028.83+025454.2,1104065002232,18.42,0.13,182.62027, 2.91523,54483.44917,0
121028.83+025454.2,1104065002232,18.63,0.14,182.62006, 2.91492,54483.45574,0
121028.83+025454.2,1104065002232,18.60,0.14,182.62012, 2.91514,54483.46234,0
121028.83+025454.2,1104065002232,18.40,0.13,182.62033, 2.91511,54483.46900,0
121028.83+025454.2,1104065002232,18.63,0.14,182.62007, 2.91510,54495.48834,0
121028.83+025454.2,1104065002232,18.48,0.13,182.62014, 2.91525,54495.49501,0
121028.83+025454.2,1104065002232,18.68,0.14,182.61993, 2.91511,54495.50170,0
121028.83+025454.2,1104065002232,18.38,0.13,182.62036, 2.91536,54495.50831,0
121028.83+025454.2,1104065002232,18.33,0.13,182.61994, 2.91504,54625.18072,0
121028.83+025454.2,1104065002232,18.99,0.17,182.62026, 2.91499,54625.18793,0
121028.83+025454.2,1104065002232,18.83,0.16,182.62005, 2.91488,54625.19510,0
121028.83+025454.2,1104065002232,18.50,0.14,182.62039, 2.91524,54625.20223,0
121028.83+025454.2,1104065002232,18.87,0.16,182.62025, 2.91494,54587.15607,0
121028.83+025454.2,1104065002232,18.63,0.14,182.62029, 2.91515,54587.16145,0
121028.83+025454.2,1104065002232,18.46,0.13,182.62027, 2.91514,54587.16683,0
121028.83+025454.2,1104065002232,18.42,0.13,182.62026, 2.91507,54587.17221,0
121028.83+025454.2,1104065002232,18.62,0.14,182.62025, 2.91498,54800.48902,0
121028.83+025454.2,1104065002232,18.58,0.14,182.62044, 2.91458,54800.49585,0
121028.83+025454.2,1104065002232,18.44,0.13,182.62033, 2.91483,54800.50264,0
121028.83+025454.2,1104065002232,18.63,0.14,182.62033, 2.91515,54800.50946,0
121028.83+025454.2,1104065002232,18.72,0.15,182.62026, 2.91510,54924.24169,0
121028.83+025454.2,1104065002232,18.65,0.14,182.62002, 2.91509,54924.24893,0
121028.83+025454.2,1104065002232,18.71,0.15,182.62010, 2.91509,54924.25625,0
121028.83+025454.2,1104065002232,18.46,0.13,182.61994, 2.91512,54924.26352,0
121028.83+025454.2,1104065002232,18.78,0.15,182.62019, 2.91518,54948.25822,0
121028.83+025454.2,1104065002232,18.67,0.15,182.62024, 2.91508,54948.26545,0
121028.83+025454.2,1104065002232,18.50,0.14,182.62019, 2.91519,54948.27275,0
121028.83+025454.2,1104065002232,18.63,0.14,182.62016, 2.91520,54948.28009,0
121028.83+025454.2,1104065002232,18.26,0.11,182.62016, 2.91499,54863.44130,0
121028.83+025454.2,1104065002232,18.77,0.13,182.62024, 2.91507,54863.44783,0
121028.83+025454.2,1104065002232,18.41,0.11,182.62021, 2.91512,54863.45436,0
121028.83+025454.2,1104065002232,18.42,0.11,182.61991, 2.91527,54863.46093,0
121028.83+025454.2,1104065002232,18.56,0.17,182.62031, 2.91502,54997.16084,0
121028.83+025454.2,1104065002232,18.74,0.19,182.62019, 2.91506,54997.16561,0
121028.83+025454.2,1104065002232,18.92,0.20,182.61993, 2.91497,54997.17045,0
121028.83+025454.2,1104065002232,18.35,0.16,182.62015, 2.91509,54997.17532,0
121028.83+025454.2,1104065002232,18.38,0.13,182.62029, 2.91483,54905.32307,0
121028.83+025454.2,1104065002232,18.53,0.14,182.62007, 2.91526,54905.32848,0
121028.83+025454.2,1104065002232,18.67,0.14,182.62015, 2.91496,54905.33384,0
121028.83+025454.2,1104065002232,18.49,0.13,182.62030, 2.91493,54905.33927,0
121028.83+025454.2,1104065002232,18.57,0.14,182.62033, 2.91513,54966.25043,0
121028.83+025454.2,1104065002232,18.39,0.13,182.62026, 2.91519,54966.25835,0
121028.83+025454.2,1104065002232,18.50,0.14,182.62039, 2.91499,54966.26629,0
121028.83+025454.2,1104065002232,18.55,0.14,182.62031, 2.91531,54966.27424,0
121028.83+025454.2,1104065002232,18.42,0.13,182.62037, 2.91490,54978.21415,0
121028.83+025454.2,1104065002232,18.54,0.14,182.62029, 2.91499,54978.22197,0
121028.83+025454.2,1104065002232,18.48,0.14,182.62035, 2.91489,54978.22981,0
121028.83+025454.2,1104065002232,18.31,0.13,182.61986, 2.91524,54979.22082,0
121028.83+025454.2,1104065002232,18.55,0.14,182.62032, 2.91481,54979.22803,0
121028.83+025454.2,1104065002232,18.55,0.14,182.62008, 2.91523,54979.23535,0
121028.83+025454.2,1104065002232,19.00,0.18,182.62018, 2.91483,54979.24267,0
121028.83+025454.2,1104065002232,18.82,0.19,182.62020, 2.91485,55533.50958,0
121028.83+025454.2,1104065002232,18.72,0.16,182.62033, 2.91494,55533.51891,0
121028.83+025454.2,1104065002232,18.82,0.17,182.62008, 2.91508,55533.52354,0
121028.83+025454.2,1104065002232,18.74,0.18,182.61980, 2.91504,55539.47274,0
121028.83+025454.2,1104065002232,18.62,0.14,182.62044, 2.91481,55539.48436,0
121028.83+025454.2,1104065002232,18.60,0.14,182.62007, 2.91518,55539.49018,0
121028.83+025454.2,1104065002232,18.54,0.14,182.62027, 2.91528,55545.48295,0
121028.83+025454.2,1104065002232,18.66,0.15,182.62041, 2.91517,55545.49928,0
121028.83+025454.2,1104065002232,18.76,0.15,182.62017, 2.91511,55545.50744,0
121028.83+025454.2,1104065002232,18.76,0.15,182.62018, 2.91493,55241.37286,0
121028.83+025454.2,1104065002232,18.65,0.15,182.62039, 2.91515,55241.38131,0
121028.83+025454.2,1104065002232,18.43,0.13,182.62009, 2.91506,55241.38967,0
121028.83+025454.2,1104065002232,18.72,0.15,182.61998, 2.91504,55241.39812,0
121028.83+025454.2,1104065002232,18.27,0.13,182.62038, 2.91496,55245.53132,0
121028.83+025454.2,1104065002232,18.41,0.13,182.62012, 2.91482,55245.53345,0
121028.83+025454.2,1104065002232,18.46,0.14,182.62041, 2.91510,55245.53557,0
121028.83+025454.2,1104065002232,18.04,0.12,182.61992, 2.91501,55245.53768,0
121028.83+025454.2,1104065002232,18.33,0.13,182.62038, 2.91483,55260.34308,0
121028.83+025454.2,1104065002232,18.29,0.12,182.61971, 2.91505,55260.34981,0
121028.83+025454.2,1104065002232,18.32,0.13,182.62010, 2.91509,55260.35651,0
121028.83+025454.2,1104065002232,18.79,0.15,182.61988, 2.91499,55260.36318,0
121028.83+025454.2,1104065002232,18.52,0.14,182.62004, 2.91486,55267.40657,0
121028.83+025454.2,1104065002232,18.41,0.13,182.61999, 2.91503,55267.41322,0
121028.83+025454.2,1104065002232,18.47,0.13,182.62008, 2.91499,55267.41981,0
121028.83+025454.2,1104065002232,18.63,0.14,182.62033, 2.91502,55267.42642,0
121028.83+025454.2,1104065002232,18.19,0.15,182.61997, 2.91521,55527.53192,0
121028.83+025454.2,1104065002232,18.65,0.18,182.62030, 2.91543,55527.53658,0
121028.83+025454.2,1104065002232,18.42,0.12,182.62031, 2.91504,55655.30653,0
121028.83+025454.2,1104065002232,18.47,0.12,182.62006, 2.91496,55655.31345,0
121028.83+025454.2,1104065002232,18.65,0.13,182.62010, 2.91508,55655.32037,0
121028.83+025454.2,1104065002232,18.51,0.12,182.62029, 2.91514,55655.32730,0
121028.83+025454.2,1104065002232,18.78,0.16,182.62019, 2.91507,55663.16386,0
121028.83+025454.2,1104065002232,18.77,0.16,182.62028, 2.91509,55663.16897,0
121028.83+025454.2,1104065002232,18.48,0.14,182.62041, 2.91499,55663.17414,0
121028.83+025454.2,1104065002232,18.57,0.15,182.62015, 2.91496,55663.17936,0
121028.83+025454.2,1104065002232,18.64,0.13,182.62026, 2.91513,55596.40324,0
121028.83+025454.2,1104065002232,18.68,0.13,182.62017, 2.91503,55596.41163,0
121028.83+025454.2,1104065002232,18.59,0.12,182.62025, 2.91490,55596.42001,0
121028.83+025454.2,1104065002232,18.65,0.13,182.62018, 2.91518,55596.42839,0
121028.83+025454.2,1104065002232,18.76,0.15,182.62018, 2.91522,55601.41571,0
121028.83+025454.2,1104065002232,18.37,0.13,182.62005, 2.91541,55601.42089,0
121028.83+025454.2,1104065002232,18.74,0.15,182.62033, 2.91522,55601.42609,0
121028.83+025454.2,1104065002232,18.46,0.14,182.62026, 2.91515,55601.43129,0
121028.83+025454.2,1104065002232,18.72,0.15,182.62020, 2.91501,55563.46590,0
121028.83+025454.2,1104065002232,18.39,0.13,182.62006, 2.91482,55563.47341,0
121028.83+025454.2,1104065002232,18.42,0.13,182.62016, 2.91507,55563.48158,0
121028.83+025454.2,1104065002232,18.83,0.16,182.61999, 2.91496,55563.48919,0
121028.83+025454.2,1104065002232,18.32,0.13,182.62037, 2.91528,55574.51563,0
121028.83+025454.2,1104065002232,18.40,0.13,182.62032, 2.91504,55574.52142,0
121028.83+025454.2,1104065002232,18.81,0.15,182.62007, 2.91501,55574.52724,0
121028.83+025454.2,1104065002232,18.33,0.13,182.62036, 2.91508,55574.53309,0
121028.83+025454.2,1104065002232,18.61,0.14,182.61994, 2.91517,55588.49352,0
121028.83+025454.2,1104065002232,18.65,0.15,182.62016, 2.91499,55588.49870,0
121028.83+025454.2,1104065002232,18.38,0.13,182.62006, 2.91521,55588.50393,0
121028.83+025454.2,1104065002232,18.57,0.14,182.62023, 2.91499,55588.50917,0
121028.83+025454.2,1104065002232,18.67,0.13,182.62006, 2.91518,55624.38446,0
121028.83+025454.2,1104065002232,18.42,0.12,182.62003, 2.91534,55624.39554,0
121028.83+025454.2,1104065002232,18.75,0.14,182.62021, 2.91514,55624.40660,0
121028.83+025454.2,1104065002232,18.57,0.13,182.62013, 2.91508,55624.41772,0
121028.83+025454.2,1104065002232,18.83,0.16,182.62017, 2.91503,55644.22577,0
121028.83+025454.2,1104065002232,18.48,0.14,182.62014, 2.91490,55644.23206,0
121028.83+025454.2,1104065002232,18.65,0.15,182.62040, 2.91507,55644.23837,0
121028.83+025454.2,1104065002232,18.68,0.15,182.62009, 2.91503,55644.24472,0
121028.83+025454.2,1104065002232,18.46,0.14,182.62009, 2.91489,55688.18095,0
121028.83+025454.2,1104065002232,18.58,0.15,182.62029, 2.91522,55688.18615,0
121028.83+025454.2,1104065002232,18.67,0.15,182.62009, 2.91511,55688.19132,0
121028.83+025454.2,1104065002232,18.54,0.14,182.62021, 2.91503,55688.19650,0
121028.83+025454.2,1104065002232,18.56,0.14,182.62025, 2.91499,53464.30489,0
121028.83+025454.2,1104065002232,18.68,0.14,182.62019, 2.91512,53464.31298,0
121028.83+025454.2,1104065002232,18.54,0.14,182.62033, 2.91505,53464.32115,0
121028.83+025454.2,1104065002232,18.48,0.13,182.62026, 2.91514,53464.32921,0
121028.83+025454.2,1104065002232,18.59,0.14,182.62013, 2.91501,54229.24247,0
121028.83+025454.2,1104065002232,18.43,0.13,182.62047, 2.91494,54229.25305,0
121028.83+025454.2,1104065002232,18.63,0.15,182.62001, 2.91496,54229.26231,0
121028.83+025454.2,1104065002232,18.92,0.17,182.62027, 2.91504,54229.27157,0
121028.83+025454.2,1104065002232,18.55,0.14,182.62005, 2.91498,55920.45177,0
121028.83+025454.2,1104065002232,18.45,0.13,182.62024, 2.91506,55920.46095,0
121028.83+025454.2,1104065002232,18.60,0.14,182.61999, 2.91496,55920.47022,0
121028.83+025454.2,1104065002232,18.50,0.14,182.62036, 2.91519,55920.47945,0
121028.83+025454.2,1104065002232,18.37,0.13,182.62033, 2.91521,55927.48181,0
121028.83+025454.2,1104065002232,18.63,0.14,182.62018, 2.91494,55927.49091,0
121028.83+025454.2,1104065002232,18.59,0.14,182.62044, 2.91497,55927.50026,0
121028.83+025454.2,1104065002232,18.48,0.13,182.62005, 2.91521,55927.50945,0
121028.83+025454.2,1104065002232,18.61,0.14,182.62040, 2.91510,55959.42330,0
121028.83+025454.2,1104065002232,18.69,0.15,182.62036, 2.91498,55959.42899,0
121028.83+025454.2,1104065002232,18.51,0.14,182.62006, 2.91505,55959.43471,0
121028.83+025454.2,1104065002232,18.83,0.16,182.62002, 2.91508,55959.44043,0
121028.83+025454.2,1104065002232,18.74,0.15,182.62035, 2.91516,55999.31358,0
121028.83+025454.2,1104065002232,18.50,0.14,182.62023, 2.91525,55999.31957,0
121028.83+025454.2,1104065002232,18.48,0.14,182.62014, 2.91477,55999.32565,0
121028.83+025454.2,1104065002232,18.53,0.14,182.62015, 2.91513,55999.33163,0
121028.83+025454.2,1104065002232,18.30,0.11,182.62017, 2.91505,56003.28428,0
121028.83+025454.2,1104065002232,18.56,0.12,182.62023, 2.91493,56003.29308,0
121028.83+025454.2,1104065002232,18.55,0.12,182.62027, 2.91516,56003.30191,0
121028.83+025454.2,1104065002232,18.49,0.12,182.62003, 2.91502,56003.31082,0
121028.83+025454.2,1104065002232,18.63,0.13,182.62023, 2.91489,56007.28405,0
121028.83+025454.2,1104065002232,18.50,0.12,182.62011, 2.91496,56007.29433,0
121028.83+025454.2,1104065002232,18.60,0.13,182.62018, 2.91498,56007.30470,0
121028.83+025454.2,1104065002232,18.67,0.13,182.62022, 2.91526,56007.31498,0
121028.83+025454.2,1104065002232,18.69,0.15,182.62043, 2.91506,56013.22016,0
121028.83+025454.2,1104065002232,18.41,0.14,182.62036, 2.91514,56013.22606,0
121028.83+025454.2,1104065002232,18.40,0.13,182.62018, 2.91503,56013.23195,0
121028.83+025454.2,1104065002232,18.51,0.14,182.62031, 2.91511,56013.23790,0
121028.83+025454.2,1104065002232,18.23,0.12,182.62012, 2.91511,56028.23260,0
121028.83+025454.2,1104065002232,18.41,0.13,182.62004, 2.91519,56028.23710,0
121028.83+025454.2,1104065002232,18.26,0.13,182.62014, 2.91520,56028.24161,0
121028.83+025454.2,1104065002232,18.70,0.15,182.62017, 2.91494,56028.24615,0
121028.83+025454.2,1104065002232,18.49,0.14,182.62016, 2.91522,56035.24615,0
121028.83+025454.2,1104065002232,18.42,0.13,182.62019, 2.91493,56035.25120,0
121028.83+025454.2,1104065002232,18.55,0.14,182.62005, 2.91509,56035.25629,0
121028.83+025454.2,1104065002232,18.70,0.15,182.62035, 2.91523,56035.26129,0
121028.83+025454.2,1104065002232,18.52,0.14,182.62016, 2.91496,56046.23658,0
121028.83+025454.2,1104065002232,18.47,0.14,182.61998, 2.91510,56046.24334,0
121028.83+025454.2,1104065002232,18.50,0.14,182.62017, 2.91515,56046.25013,0
121028.83+025454.2,1104065002232,18.38,0.13,182.62006, 2.91525,56046.25694,0
121028.83+025454.2,1104065002232,18.61,0.14,182.61999, 2.91509,56062.26717,0
121028.83+025454.2,1104065002232,18.34,0.13,182.62034, 2.91490,56062.27488,0
121028.83+025454.2,1104065002232,18.51,0.14,182.61974, 2.91477,56062.28377,0
121028.83+025454.2,1104065002232,18.52,0.14,182.62023, 2.91520,56062.29127,0
121028.83+025454.2,1104065002232,18.42,0.13,182.62011, 2.91513,56068.27616,0
121028.83+025454.2,1104065002232,18.75,0.15,182.62044, 2.91511,56068.28404,0
121028.83+025454.2,1104065002232,18.55,0.14,182.62025, 2.91493,56068.29197,0
121028.83+025454.2,1104065002232,18.27,0.13,182.62042, 2.91509,56068.29990,0
121028.83+025454.2,1104065002232,18.73,0.16,182.62020, 2.91479,56075.15757,0
121028.83+025454.2,1104065002232,18.43,0.14,182.62012, 2.91511,56075.16446,0
121028.83+025454.2,1104065002232,18.62,0.16,182.62028, 2.91490,56075.17149,0
121028.83+025454.2,1104065002232,18.82,0.17,182.62045, 2.91521,56075.17845,0
121028.83+025454.2,1104065002232,18.52,0.14,182.62038, 2.91508,56093.19046,0
121028.83+025454.2,1104065002232,18.20,0.12,182.62010, 2.91522,56093.19606,0
121028.83+025454.2,1104065002232,18.67,0.15,182.62026, 2.91483,56093.20166,0
121028.83+025454.2,1104065002232,18.56,0.14,182.62038, 2.91499,56093.20736,0
121028.83+025454.2,1104065002232,19.18,0.20,182.62024, 2.91557,56101.15759,0
121028.83+025454.2,1104065002232,18.31,0.13,182.62021, 2.91560,56101.16900,0
121028.83+025454.2,1104065002232,18.30,0.14,182.62026, 2.91482,56101.17477,0
121028.83+025454.2,1104065002232,18.21,0.12,182.62033, 2.91470,56263.49074,0
121028.83+025454.2,1104065002232,19.31,0.20,182.62045, 2.91480,56263.49584,0
121028.83+025454.2,1104065002232,18.84,0.16,182.62019, 2.91514,56263.50097,0
121028.83+025454.2,1104065002232,18.53,0.14,182.62044, 2.91500,56263.50918,0
121028.83+025454.2,1104065002232,18.71,0.15,182.61956, 2.91483,56271.47379,0
121028.83+025454.2,1104065002232,18.28,0.12,182.62036, 2.91513,56271.48172,0
121028.83+025454.2,1104065002232,18.59,0.14,182.62028, 2.91508,56271.48969,0
121028.83+025454.2,1104065002232,18.83,0.16,182.62028, 2.91519,56271.49770,0
121028.83+025454.2,1104065002232,18.74,0.15,182.62030, 2.91494,56299.50542,0
121028.83+025454.2,1104065002232,18.39,0.13,182.62017, 2.91500,56299.51009,0
121028.83+025454.2,1104065002232,18.56,0.14,182.62027, 2.91510,56299.51471,0
121028.83+025454.2,1104065002232,18.74,0.15,182.62019, 2.91501,56299.51928,0
121028.83+025454.2,1104065002232,18.70,0.15,182.61998, 2.91521,56311.46568,0
121028.83+025454.2,1104065002232,18.72,0.15,182.62016, 2.91487,56311.47078,0
121028.83+025454.2,1104065002232,18.48,0.14,182.61997, 2.91502,56311.47594,0
121028.83+025454.2,1104065002232,18.61,0.15,182.62012, 2.91508,56311.48103,0
121028.83+025454.2,1104065002232,18.57,0.14,182.62031, 2.91515,56339.37482,0
121028.83+025454.2,1104065002232,18.51,0.14,182.62018, 2.91501,56339.37982,0
121028.83+025454.2,1104065002232,18.59,0.14,182.62008, 2.91516,56339.38497,0
121028.83+025454.2,1104065002232,18.59,0.14,182.62011, 2.91515,56339.39001,0
121028.83+025454.2,1104065002232,18.44,0.14,182.62020, 2.91505,56356.28056,0
121028.83+025454.2,1104065002232,18.50,0.14,182.62021, 2.91519,56356.28956,0
121028.83+025454.2,1104065002232,18.40,0.13,182.62047, 2.91509,56356.29867,0
121028.83+025454.2,1104065002232,18.42,0.13,182.62048, 2.91520,56356.30773,0
121028.83+025454.2,1104065002232,18.38,0.13,182.62026, 2.91502,55947.50290,0
121028.83+025454.2,1104065002232,18.62,0.14,182.62017, 2.91520,55947.50816,0
121028.83+025454.2,1104065002232,18.48,0.13,182.62016, 2.91506,55947.51341,0
121028.83+025454.2,1104065002232,18.30,0.13,182.62018, 2.91506,55947.51865,0
121028.83+025454.2,1104065002232,18.80,0.16,182.62029, 2.91516,56383.23718,0
121028.83+025454.2,1104065002232,18.57,0.14,182.62042, 2.91529,56383.24554,0
121028.83+025454.2,1104065002232,18.75,0.15,182.62013, 2.91516,56383.25399,0
121028.83+025454.2,1104065002232,18.55,0.14,182.62005, 2.91518,56383.26249,0
121028.83+025454.2,1104065002232,18.47,0.14,182.61998, 2.91506,56393.24214,0
121028.83+025454.2,1104065002232,18.51,0.14,182.62013, 2.91507,56393.24718,0
121028.83+025454.2,1104065002232,18.22,0.12,182.61987, 2.91510,56393.25226,0
121028.83+025454.2,1104065002232,18.53,0.14,182.62020, 2.91513,56393.25731,0
121028.83+025454.2,1104065002232,18.54,0.14,182.62024, 2.91528,56425.13908,0
121028.83+025454.2,1104065002232,18.53,0.14,182.62017, 2.91524,56425.14412,0
121028.83+025454.2,1104065002232,18.70,0.15,182.62035, 2.91506,56425.14917,0
121028.83+025454.2,1104065002232,18.49,0.14,182.62002, 2.91517,56425.15427,0
121028.83+025454.2,1104065002232,18.64,0.15,182.62030, 2.91512,56444.15212,0
121028.83+025454.2,1104065002232,18.65,0.15,182.62041, 2.91484,56444.15891,0
121028.83+025454.2,1104065002232,18.38,0.13,182.62029, 2.91498,56444.16564,0
121028.83+025454.2,1104065002232,18.56,0.14,182.62004, 2.91487,56444.17242,0
121028.83+025454.2,2102169019200,22.13,0.37,182.62429, 2.91268,54584.17293,0
121028.83+025454.2,2102169019200,22.68,0.50,182.62415, 2.91282,54584.18948,0
121028.83+025454.2,2102169019200,21.41,0.29,182.62432, 2.91233,55300.22042,0
121028.83+025454.2,2102169019200,21.62,0.30,182.62462, 2.91247,56007.31889,0
121028.83+025454.2,2102169019214,21.69,0.25,182.62210, 2.91198,54157.30494,0
121028.83+025454.2,2102169019214,22.36,0.42,182.62184, 2.91172,54524.40787,0
121028.83+025454.2,2102169019214,22.58,0.51,182.62245, 2.91203,56007.30730,0
121028.83+025454.2,2102169019214,21.93,0.36,182.62273, 2.91080,56007.31308,0
121028.83+025454.2,2102169019361,22.01,0.37,182.61745, 2.91732,53798.31690,0
121028.83+025454.2,2102169019361,20.95,0.21,182.61740, 2.91711,53820.29325,0
121028.83+025454.2,2102169019361,19.65,0.12,182.61610, 2.91723,53820.30825,0
121028.83+025454.2,2102169019361,21.07,0.23,182.61741, 2.91700,53820.31565,0
121028.83+025454.2,2102169019361,22.05,0.35,182.61721, 2.91698,54213.24549,0
121028.83+025454.2,2102169019361,21.61,0.28,182.61716, 2.91719,54213.26511,0
121028.83+025454.2,2102169019361,20.77,0.16,182.61722, 2.91741,54157.30494,0
121028.83+025454.2,2102169019361,21.57,0.23,182.61739, 2.91720,54157.31369,0
121028.83+025454.2,2102169019361,21.97,0.33,182.61733, 2.91713,54242.17704,0
121028.83+025454.2,2102169019361,21.75,0.29,182.61747, 2.91709,54242.18469,0
121028.83+025454.2,2102169019361,22.31,0.40,182.61715, 2.91727,54242.19235,0
121028.83+025454.2,2102169019361,21.23,0.23,182.61733, 2.91737,54562.27626,0
121028.83+025454.2,2102169019361,21.62,0.28,182.61747, 2.91727,54562.28510,0
121028.83+025454.2,2102169019361,21.84,0.32,182.61739, 2.91717,54562.29401,0
121028.83+025454.2,2102169019361,21.25,0.23,182.61743, 2.91731,54562.30281,0
121028.83+025454.2,2102169019361,21.76,0.30,182.61742, 2.91713,54584.17293,0
121028.83+025454.2,2102169019361,21.24,0.23,182.61725, 2.91707,54584.17842,0
121028.83+025454.2,2102169019361,21.27,0.23,182.61716, 2.91708,54584.18393,0
121028.83+025454.2,2102169019361,21.83,0.31,182.61740, 2.91727,54524.40787,0
121028.83+025454.2,2102169019361,21.80,0.31,182.61720, 2.91715,54524.41859,0
121028.83+025454.2,2102169019361,21.40,0.39,182.61751, 2.91716,54553.28820,0
121028.83+025454.2,2102169019361,21.22,0.35,182.61712, 2.91723,54553.29322,0
121028.83+025454.2,2102169019361,21.75,0.33,182.61711, 2.91714,54951.24156,0
121028.83+025454.2,2102169019361,21.90,0.36,182.61707, 2.91683,54917.39529,0
121028.83+025454.2,2102169019361,21.82,0.47,182.61752, 2.91745,55246.40850,0
121028.83+025454.2,2102169019361,21.19,0.33,182.61742, 2.91714,55246.42588,0
121028.83+025454.2,2102169019361,21.15,0.24,182.61743, 2.91727,55327.15304,0
121028.83+025454.2,2102169019361,20.97,0.22,182.61715, 2.91727,55327.16085,0
121028.83+025454.2,2102169019361,21.93,0.36,182.61727, 2.91715,55327.16865,0
121028.83+025454.2,2102169019361,22.37,0.48,182.61725, 2.91702,55676.21015,0
121028.83+025454.2,2102169019361,21.94,0.36,182.61738, 2.91701,55676.21714,0
121028.83+025454.2,2102169019361,21.68,0.31,182.61727, 2.91725,53798.33561,0
121028.83+025454.2,2102169019361,21.66,0.30,182.61732, 2.91735,53798.34304,0
121028.83+025454.2,2102169019361,21.46,0.27,182.61732, 2.91725,55888.52319,0
121028.83+025454.2,2102169019361,20.65,0.18,182.61732, 2.91737,56003.37723,0
121028.83+025454.2,2102169019361,21.43,0.27,182.61721, 2.91724,56003.39113,0
121028.83+025454.2,2102169019361,21.08,0.23,182.61735, 2.91729,56003.39813,0
121028.83+025454.2,2102169019361,21.48,0.28,182.61753, 2.91725,56007.31308,0
121028.83+025454.2,2102169019361,21.91,0.35,182.61742, 2.91743,56007.31889,0
121028.83+025454.2,2102169019361,22.11,0.39,182.61741, 2.91694,56007.32467,0
121028.83+025454.2,2102169019361,21.27,0.26,182.61737, 2.91723,56018.23235,0
121028.83+025454.2,2102169019361,21.67,0.32,182.61721, 2.91728,56018.23980,0
121028.83+025454.2,2102169019361,21.49,0.31,182.61723, 2.91719,56366.35385,0
121028.83+025454.2,2102169019361,20.95,0.24,182.61728, 2.91721,56366.35926,0
121028.83+025454.2,2102169019361,21.35,0.29,182.61749, 2.91731,56366.36475,0
121028.83+025454.2,2102169019361,21.43,0.30,182.61737, 2.91733,56366.37026,0
121028.83+025454.2,2102169019361,21.17,0.27,182.61725, 2.91716,56395.29846,0
121028.83+025454.2,2102169019361,21.71,0.37,182.61737, 2.91725,56395.30572,0
121028.83+025454.2,2102169019372,22.54,0.50,182.61719, 2.91923,53798.31690,0
121028.83+025454.2,2102169019372,20.81,0.20,182.61708, 2.91892,53820.30089,0
121028.83+025454.2,2102169019372,19.94,0.13,182.61605, 2.91879,53820.30825,0
121028.83+025454.2,2102169019372,21.17,0.22,182.61687, 2.91903,54213.24549,0
121028.83+025454.2,2102169019372,22.33,0.41,182.61710, 2.91897,54213.25855,0
121028.83+025454.2,2102169019372,21.45,0.22,182.61725, 2.91896,54157.30494,0
121028.83+025454.2,2102169019372,22.29,0.41,182.61707, 2.91895,54562.29401,0
121028.83+025454.2,2102169019372,21.83,0.32,182.61708, 2.91896,54562.30281,0
121028.83+025454.2,2102169019372,21.73,0.30,182.61726, 2.91913,54584.17293,0
121028.83+025454.2,2102169019372,22.22,0.39,182.61719, 2.91909,54524.41859,0
121028.83+025454.2,2102169019372,21.83,0.49,182.61690, 2.91893,54553.28318,0
121028.83+025454.2,2102169019372,22.16,0.60,182.61707, 2.91882,54553.28820,0
121028.83+025454.2,2102169019372,21.80,0.48,182.61730, 2.91909,54553.29322,0
121028.83+025454.2,2102169019372,21.53,0.31,182.61712, 2.91862,55300.21339,0
121028.83+025454.2,2102169019372,22.05,0.37,182.61722, 2.91920,53798.35747,0
121028.83+025454.2,2102169019372,21.94,0.36,182.61718, 2.91922,56003.39113,0
121028.83+025454.2,2102169019372,21.06,0.23,182.61721, 2.91916,56018.25481,0
121028.83+025454.2,2102169019408,17.89,0.07,182.61995, 2.91563,53798.31690,0
121028.83+025454.2,2102169019408,18.67,0.09,182.62016, 2.91505,53820.29325,0
121028.83+025454.2,2102169019408,18.66,0.09,182.62018, 2.91507,53820.30089,0
121028.83+025454.2,2102169019408,18.67,0.09,182.62014, 2.91507,53820.30825,0
121028.83+025454.2,2102169019408,18.70,0.09,182.62015, 2.91507,53820.31565,0
121028.83+025454.2,2102169019408,18.66,0.08,182.62013, 2.91505,54213.24549,0
121028.83+025454.2,2102169019408,18.66,0.09,182.62019, 2.91514,54213.25199,0
121028.83+025454.2,2102169019408,18.63,0.08,182.62016, 2.91503,54213.25855,0
121028.83+025454.2,2102169019408,18.71,0.08,182.62017, 2.91506,54213.26511,0
121028.83+025454.2,2102169019408,18.63,0.08,182.62014, 2.91505,54157.29622,0
121028.83+025454.2,2102169019408,18.61,0.08,182.62012, 2.91501,54157.30494,0
121028.83+025454.2,2102169019408,18.62,0.08,182.62014, 2.91508,54157.31369,0
121028.83+025454.2,2102169019408,18.75,0.08,182.62015, 2.91505,54157.32243,0
121028.83+025454.2,2102169019408,18.63,0.08,182.62016, 2.91507,54242.17704,0
121028.83+025454.2,2102169019408,18.67,0.08,182.62016, 2.91505,54242.18469,0
121028.83+025454.2,2102169019408,18.67,0.08,182.62015, 2.91507,54242.19235,0
121028.83+025454.2,2102169019408,18.71,0.08,182.62009, 2.91506,54242.19994,0
121028.83+025454.2,2102169019408,18.66,0.08,182.62016, 2.91505,54562.27626,0
121028.83+025454.2,2102169019408,18.63,0.08,182.62011, 2.91503,54562.28510,0
121028.83+025454.2,2102169019408,18.65,0.08,182.62014, 2.91506,54562.29401,0
121028.83+025454.2,2102169019408,18.61,0.08,182.62010, 2.91507,54562.30281,0
121028.83+025454.2,2102169019408,18.65,0.08,182.62016, 2.91508,54584.17293,0
121028.83+025454.2,2102169019408,18.63,0.08,182.62015, 2.91506,54584.17842,0
121028.83+025454.2,2102169019408,18.60,0.08,182.62018, 2.91507,54584.18393,0
121028.83+025454.2,2102169019408,18.64,0.08,182.62014, 2.91503,54584.18948,0
121028.83+025454.2,2102169019408,18.69,0.08,182.62014, 2.91507,54524.40787,0
121028.83+025454.2,2102169019408,18.60,0.08,182.62013, 2.91503,54524.41859,0
121028.83+025454.2,2102169019408,18.65,0.08,182.62016, 2.91509,54524.42930,0
121028.83+025454.2,2102169019408,18.67,0.08,182.62010, 2.91505,54524.43992,0
121028.83+025454.2,2102169019408,18.61,0.10,182.62016, 2.91509,54553.27813,0
121028.83+025454.2,2102169019408,18.57,0.10,182.62007, 2.91505,54553.28318,0
121028.83+025454.2,2102169019408,18.67,0.11,182.62016, 2.91508,54553.28820,0
121028.83+025454.2,2102169019408,18.59,0.10,182.62012, 2.91508,54553.29322,0
121028.83+025454.2,2102169019408,18.63,0.09,182.62013, 2.91504,54951.21711,0
121028.83+025454.2,2102169019408,18.71,0.09,182.62017, 2.91508,54951.22519,0
121028.83+025454.2,2102169019408,18.59,0.09,182.62013, 2.91503,54951.23335,0
121028.83+025454.2,2102169019408,18.65,0.09,182.62012, 2.91506,54951.24156,0
121028.83+025454.2,2102169019408,18.69,0.09,182.62012, 2.91503,54917.36989,0
121028.83+025454.2,2102169019408,18.64,0.09,182.62009, 2.91503,54917.37830,0
121028.83+025454.2,2102169019408,18.74,0.09,182.62014, 2.91504,54917.38680,0
121028.83+025454.2,2102169019408,18.67,0.09,182.62013, 2.91506,54917.39529,0
121028.83+025454.2,2102169019408,18.66,0.09,182.62018, 2.91503,55300.20640,0
121028.83+025454.2,2102169019408,18.62,0.09,182.62015, 2.91506,55300.21339,0
121028.83+025454.2,2102169019408,18.71,0.09,182.62014, 2.91507,55300.22042,0
121028.83+025454.2,2102169019408,18.66,0.09,182.62016, 2.91507,55300.22747,0
121028.83+025454.2,2102169019408,18.63,0.10,182.62021, 2.91506,55246.40850,0
121028.83+025454.2,2102169019408,18.55,0.10,182.62015, 2.91508,55246.41278,0
121028.83+025454.2,2102169019408,18.57,0.10,182.62017, 2.91508,55246.41713,0
121028.83+025454.2,2102169019408,18.58,0.10,182.62018, 2.91509,55246.42149,0
121028.83+025454.2,2102169019408,18.67,0.10,182.62018, 2.91506,55246.42588,0
121028.83+025454.2,2102169019408,18.63,0.09,182.62015, 2.91506,55327.15304,0
121028.83+025454.2,2102169019408,18.66,0.09,182.62015, 2.91507,55327.16085,0
121028.83+025454.2,2102169019408,18.61,0.09,182.62017, 2.91504,55327.16865,0
121028.83+025454.2,2102169019408,18.63,0.09,182.62013, 2.91505,55327.17641,0
121028.83+025454.2,2102169019408,18.67,0.09,182.62011, 2.91506,55676.20321,0
121028.83+025454.2,2102169019408,18.61,0.09,182.62011, 2.91504,55676.21015,0
121028.83+025454.2,2102169019408,18.79,0.09,182.62008, 2.91506,55676.21714,0
121028.83+025454.2,2102169019408,18.63,0.09,182.62012, 2.91505,55676.22413,0
121028.83+025454.2,2102169019408,18.63,0.09,182.62016, 2.91507,55649.31448,0
121028.83+025454.2,2102169019408,18.70,0.09,182.62015, 2.91508,55649.31855,0
121028.83+025454.2,2102169019408,18.74,0.09,182.62016, 2.91508,55649.32262,0
121028.83+025454.2,2102169019408,18.60,0.08,182.62016, 2.91505,55649.32669,0
121028.83+025454.2,2102169019408,18.68,0.09,182.62015, 2.91504,53798.33561,0
121028.83+025454.2,2102169019408,18.70,0.09,182.62014, 2.91510,53798.34304,0
121028.83+025454.2,2102169019408,18.70,0.09,182.62012, 2.91510,53798.35017,0
121028.83+025454.2,2102169019408,18.57,0.08,182.62014, 2.91508,53798.35747,0
121028.83+025454.2,2102169019408,18.59,0.08,182.62014, 2.91508,55888.50746,0
121028.83+025454.2,2102169019408,18.67,0.09,182.62017, 2.91508,55888.51271,0
121028.83+025454.2,2102169019408,18.52,0.08,182.62020, 2.91506,55888.51796,0
121028.83+025454.2,2102169019408,18.61,0.08,182.62021, 2.91509,55888.52319,0
121028.83+025454.2,2102169019408,18.69,0.09,182.62017, 2.91509,56003.37723,0
121028.83+025454.2,2102169019408,18.48,0.10,182.62015, 2.91408,56003.38415,0
121028.83+025454.2,2102169019408,18.65,0.09,182.62017, 2.91512,56003.39113,0
121028.83+025454.2,2102169019408,18.67,0.09,182.62017, 2.91507,56003.39813,0
121028.83+025454.2,2102169019408,18.62,0.09,182.62020, 2.91511,56007.30730,0
121028.83+025454.2,2102169019408,18.72,0.09,182.62016, 2.91508,56007.31308,0
121028.83+025454.2,2102169019408,18.65,0.09,182.62023, 2.91507,56007.31889,0
121028.83+025454.2,2102169019408,18.67,0.09,182.62018, 2.91508,56007.32467,0
121028.83+025454.2,2102169019408,18.60,0.09,182.62018, 2.91506,56018.23235,0
121028.83+025454.2,2102169019408,18.65,0.09,182.62018, 2.91507,56018.23980,0
121028.83+025454.2,2102169019408,18.71,0.09,182.62016, 2.91507,56018.24731,0
121028.83+025454.2,2102169019408,18.63,0.09,182.62022, 2.91506,56018.25481,0
121028.83+025454.2,2102169019408,18.67,0.09,182.62019, 2.91510,56366.35385,0
121028.83+025454.2,2102169019408,18.64,0.09,182.62019, 2.91507,56366.35926,0
121028.83+025454.2,2102169019408,18.63,0.09,182.62019, 2.91505,56366.36475,0
121028.83+025454.2,2102169019408,18.62,0.09,182.62019, 2.91507,56366.37026,0
121028.83+025454.2,2102169019408,18.62,0.09,182.62020, 2.91509,56395.29846,0
121028.83+025454.2,2102169019408,18.71,0.10,182.62019, 2.91506,56395.30572,0
121028.83+025454.2,2102169019408,18.60,0.09,182.62022, 2.91510,56395.31309,0
121028.83+025454.2,2102169019408,18.52,0.09,182.62013, 2.91510,56395.32046,0
121028.83+025454.2,2102169019408,18.59,0.09,182.62021, 2.91510,56464.17588,0
121028.83+025454.2,2102169019408,18.73,0.10,182.62016, 2.91506,56464.18057,0
121028.83+025454.2,2102169019408,18.72,0.10,182.62016, 2.91511,56464.18560,0
121028.83+025454.2,2102169019408,18.75,0.10,182.62018, 2.91509,56464.19038,0
143947.10+421317.3,1140061060699,18.70,0.11,219.94616,42.22148,53552.24550,0
143947.10+421317.3,1140061060699,18.50,0.11,219.94608,42.22146,53552.25626,0
143947.10+421317.3,1140061060699,18.71,0.12,219.94630,42.22151,53552.26700,0
143947.10+421317.3,1140061060699,18.72,0.12,219.94606,42.22145,53552.27774,0
143947.10+421317.3,1140061060699,18.74,0.15,219.94597,42.22143,53526.23058,0
143947.10+421317.3,1140061060699,18.90,0.16,219.94588,42.22154,53526.23886,0
143947.10+421317.3,1140061060699,18.65,0.15,219.94597,42.22167,53526.24704,0
143947.10+421317.3,1140061060699,18.74,0.15,219.94634,42.22161,53526.25523,0
143947.10+421317.3,1140061060699,18.72,0.15,219.94621,42.22155,53534.23396,0
143947.10+421317.3,1140061060699,18.85,0.16,219.94643,42.22180,53534.24223,0
143947.10+421317.3,1140061060699,18.76,0.15,219.94611,42.22156,53534.25043,0
143947.10+421317.3,1140061060699,18.63,0.14,219.94582,42.22125,53534.25869,0
143947.10+421317.3,1140061060699,18.60,0.14,219.94592,42.22121,53509.34084,0
143947.10+421317.3,1140061060699,19.00,0.17,219.94614,42.22153,53509.34900,0
143947.10+421317.3,1140061060699,18.65,0.14,219.94630,42.22164,53509.35714,0
143947.10+421317.3,1140061060699,18.53,0.14,219.94589,42.22185,53509.36532,0
143947.10+421317.3,1140061060699,18.74,0.16,219.94606,42.22161,53848.28674,0
143947.10+421317.3,1140061060699,18.59,0.15,219.94604,42.22137,53848.29491,0
143947.10+421317.3,1140061060699,18.63,0.15,219.94624,42.22151,53848.30316,0
143947.10+421317.3,1140061060699,18.73,0.15,219.94612,42.22139,53848.31149,0
143947.10+421317.3,1140061060699,18.55,0.15,219.94623,42.22149,53854.37486,0
143947.10+421317.3,1140061060699,18.69,0.15,219.94590,42.22163,53854.38144,0
143947.10+421317.3,1140061060699,18.85,0.17,219.94609,42.22165,53854.38793,0
143947.10+421317.3,1140061060699,18.50,0.14,219.94584,42.22161,53854.39449,0
143947.10+421317.3,1140061060699,18.54,0.14,219.94627,42.22149,53855.27075,0
143947.10+421317.3,1140061060699,18.58,0.15,219.94574,42.22132,53855.27825,0
143947.10+421317.3,1140061060699,18.36,0.13,219.94600,42.22132,53855.28583,0
143947.10+421317.3,1140061060699,18.52,0.14,219.94605,42.22145,53855.29321,0
143947.10+421317.3,1140061060699,18.56,0.14,219.94597,42.22151,53796.40924,0
143947.10+421317.3,1140061060699,18.45,0.13,219.94606,42.22149,53796.41690,0
143947.10+421317.3,1140061060699,18.58,0.14,219.94581,42.22137,53796.42457,0
143947.10+421317.3,1140061060699,18.58,0.14,219.94582,42.22168,53796.43218,0
143947.10+421317.3,1140061060699,18.67,0.15,219.94652,42.22134,53861.29121,0
143947.10+421317.3,1140061060699,18.56,0.14,219.94623,42.22164,53861.30039,0
143947.10+421317.3,1140061060699,18.75,0.16,219.94618,42.22162,53861.31001,0
143947.10+421317.3,1140061060699,18.77,0.16,219.94633,42.22123,53861.31897,0
143947.10+421317.3,1140061060699,18.75,0.16,219.94596,42.22167,53883.34656,0
143947.10+421317.3,1140061060699,18.47,0.14,219.94600,42.22136,53883.35356,0
143947.10+421317.3,1140061060699,18.67,0.15,219.94588,42.22157,53883.36061,0
143947.10+421317.3,1140061060699,18.87,0.17,219.94609,42.22164,53883.36762,0
143947.10+421317.3,1140061060699,18.52,0.15,219.94593,42.22183,54000.10507,0
143947.10+421317.3,1140061060699,18.72,0.16,219.94583,42.22207,54000.10935,0
143947.10+421317.3,1140061060699,18.87,0.17,219.94594,42.22164,54000.11364,0
143947.10+421317.3,1140061060699,18.91,0.18,219.94608,42.22170,54000.11792,0
143947.10+421317.3,1140061060699,18.78,0.15,219.94614,42.22142,54209.38514,0
143947.10+421317.3,1140061060699,18.86,0.16,219.94596,42.22146,54209.39055,0
143947.10+421317.3,1140061060699,18.71,0.15,219.94607,42.22131,54209.39597,0
143947.10+421317.3,1140061060699,18.73,0.15,219.94582,42.22137,54209.40136,0
143947.10+421317.3,1140061060699,18.62,0.14,219.94616,42.22149,54156.38467,0
143947.10+421317.3,1140061060699,18.90,0.16,219.94603,42.22161,54156.39755,0
143947.10+421317.3,1140061060699,18.86,0.15,219.94609,42.22164,54156.41045,0
143947.10+421317.3,1140061060699,18.77,0.15,219.94605,42.22162,54156.42336,0
143947.10+421317.3,1140061060699,18.74,0.15,219.94595,42.22161,54261.29811,0
143947.10+421317.3,1140061060699,18.85,0.16,219.94613,42.22177,54261.30565,0
143947.10+421317.3,1140061060699,19.33,0.20,219.94602,42.22171,54261.31321,0
143947.10+421317.3,1140061060699,18.55,0.14,219.94609,42.22180,54261.32075,0
143947.10+421317.3,1140061060699,18.72,0.15,219.94658,42.22148,54273.24642,0
143947.10+421317.3,1140061060699,18.69,0.15,219.94608,42.22165,54273.25304,0
143947.10+421317.3,1140061060699,18.62,0.15,219.94566,42.22135,54273.25959,0
143947.10+421317.3,1140061060699,18.93,0.17,219.94605,42.22148,54273.26617,0
143947.10+421317.3,1140061060699,18.69,0.14,219.94631,42.22162,54169.45987,0
143947.10+421317.3,1140061060699,18.82,0.15,219.94621,42.22158,54169.46875,0
143947.10+421317.3,1140061060699,18.69,0.14,219.94599,42.22131,54169.47744,0
143947.10+421317.3,1140061060699,18.78,0.15,219.94597,42.22143,54169.48554,0
143947.10+421317.3,1140061060699,18.79,0.15,219.94595,42.22124,54177.33452,0
143947.10+421317.3,1140061060699,18.74,0.15,219.94594,42.22127,54177.34163,0
143947.10+421317.3,1140061060699,18.99,0.17,219.94634,42.22169,54177.34874,0
143947.10+421317.3,1140061060699,18.50,0.14,219.94613,42.22147,54177.35589,0
143947.10+421317.3,1140061060699,18.90,0.16,219.94646,42.22163,54232.36209,0
143947.10+421317.3,1140061060699,18.89,0.16,219.94624,42.22172,54232.36865,0
143947.10+421317.3,1140061060699,19.16,0.19,219.94597,42.22183,54232.37520,0
143947.10+421317.3,1140061060699,19.10,0.18,219.94605,42.22163,54232.38174,0
143947.10+421317.3,1140061060699,18.80,0.16,219.94621,42.22150,54240.22649,0
143947.10+421317.3,1140061060699,18.46,0.14,219.94602,42.22170,54240.23468,0
143947.10+421317.3,1140061060699,18.92,0.17,219.94619,42.22158,54240.24290,0
143947.10+421317.3,1140061060699,18.51,0.14,219.94566,42.22102,54240.25118,0
143947.10+421317.3,1140061060699,18.52,0.14,219.94590,42.22147,54560.44879,0
143947.10+421317.3,1140061060699,18.90,0.16,219.94599,42.22170,54560.45326,0
143947.10+421317.3,1140061060699,18.88,0.16,219.94610,42.22136,54560.45773,0
143947.10+421317.3,1140061060699,19.07,0.17,219.94590,42.22192,54560.46219,0
143947.10+421317.3,1140061060699,18.87,0.16,219.94591,42.22146,54568.43487,0
143947.10+421317.3,1140061060699,18.97,0.16,219.94610,42.22174,54568.44186,0
143947.10+421317.3,1140061060699,18.82,0.15,219.94609,42.22163,54568.44888,0
143947.10+421317.3,1140061060699,19.04,0.17,219.94609,42.22167,54568.45583,0
143947.10+421317.3,1140061060699,18.84,0.15,219.94573,42.22136,54584.36586,0
143947.10+421317.3,1140061060699,18.55,0.14,219.94544,42.22133,54584.37129,0
143947.10+421317.3,1140061060699,18.68,0.14,219.94548,42.22136,54584.37678,0
143947.10+421317.3,1140061060699,19.09,0.17,219.94587,42.22154,54584.38223,0
143947.10+421317.3,1140061060699,18.91,0.16,219.94603,42.22161,54508.40899,0
143947.10+421317.3,1140061060699,18.87,0.16,219.94607,42.22162,54508.41393,0
143947.10+421317.3,1140061060699,18.24,0.12,219.94578,42.22136,54508.41892,0
143947.10+421317.3,1140061060699,18.69,0.14,219.94610,42.22175,54508.42389,0
143947.10+421317.3,1140061060699,18.67,0.15,219.94622,42.22158,54515.36953,0
143947.10+421317.3,1140061060699,18.33,0.14,219.94608,42.22189,54515.37373,0
143947.10+421317.3,1140061060699,19.60,0.23,219.94583,42.22185,54515.37801,0
143947.10+421317.3,1140061060699,18.68,0.15,219.94625,42.22185,54628.22769,0
143947.10+421317.3,1140061060699,18.76,0.15,219.94574,42.22150,54628.23597,0
143947.10+421317.3,1140061060699,18.57,0.14,219.94570,42.22136,54628.24418,0
143947.10+421317.3,1140061060699,19.00,0.17,219.94606,42.22158,54628.25235,0
143947.10+421317.3,1140061060699,18.58,0.14,219.94574,42.22160,54537.37223,0
143947.10+421317.3,1140061060699,19.04,0.18,219.94625,42.22179,54537.37831,0
143947.10+421317.3,1140061060699,18.62,0.14,219.94585,42.22150,54537.38442,0
143947.10+421317.3,1140061060699,18.45,0.15,219.94638,42.22150,54537.39052,0
143947.10+421317.3,1140061060699,18.85,0.16,219.94617,42.22174,54594.38852,0
143947.10+421317.3,1140061060699,18.80,0.15,219.94614,42.22157,54594.39530,0
143947.10+421317.3,1140061060699,18.69,0.15,219.94584,42.22171,54594.40204,0
143947.10+421317.3,1140061060699,18.64,0.14,219.94630,42.22149,54594.40877,0
143947.10+421317.3,1140061060699,18.66,0.14,219.94588,42.22147,54942.30647,0
143947.10+421317.3,1140061060699,18.70,0.14,219.94570,42.22141,54942.31187,0
143947.10+421317.3,1140061060699,18.80,0.15,219.94562,42.22150,54942.31739,0
143947.10+421317.3,1140061060699,18.71,0.14,219.94572,42.22140,54942.32287,0
143947.10+421317.3,1140061060699,18.63,0.16,219.94590,42.22146,54950.42354,0
143947.10+421317.3,1140061060699,18.86,0.18,219.94574,42.22163,54950.42987,0
143947.10+421317.3,1140061060699,18.62,0.16,219.94599,42.22185,54950.43636,0
143947.10+421317.3,1140061060699,18.69,0.16,219.94556,42.22148,54950.44274,0
143947.10+421317.3,1140061060699,19.03,0.18,219.94629,42.22143,54875.46478,0
143947.10+421317.3,1140061060699,18.60,0.15,219.94613,42.22149,54875.46965,0
143947.10+421317.3,1140061060699,18.72,0.16,219.94605,42.22150,54875.47455,0
143947.10+421317.3,1140061060699,18.72,0.16,219.94600,42.22158,54875.47934,0
143947.10+421317.3,1140061060699,18.86,0.16,219.94605,42.22158,54862.41338,0
143947.10+421317.3,1140061060699,18.61,0.14,219.94584,42.22141,54862.42449,0
143947.10+421317.3,1140061060699,18.57,0.14,219.94648,42.22171,54862.43560,0
143947.10+421317.3,1140061060699,18.71,0.14,219.94571,42.22155,54862.44671,0
143947.10+421317.3,1140061060699,18.93,0.20,219.94640,42.22167,55017.23455,0
143947.10+421317.3,1140061060699,18.80,0.19,219.94598,42.22171,55017.24044,0
143947.10+421317.3,1140061060699,19.62,0.29,219.94598,42.22199,55017.24619,0
143947.10+421317.3,1140061060699,19.68,0.30,219.94618,42.22180,55017.25201,0
143947.10+421317.3,1140061060699,18.92,0.20,219.94645,42.22187,55043.18183,0
143947.10+421317.3,1140061060699,18.87,0.20,219.94607,42.22153,55043.18678,0
143947.10+421317.3,1140061060699,18.87,0.20,219.94602,42.22154,55043.19158,0
143947.10+421317.3,1140061060699,18.85,0.20,219.94616,42.22180,55043.19656,0
143947.10+421317.3,1140061060699,18.85,0.16,219.94622,42.22185,55005.28315,0
143947.10+421317.3,1140061060699,18.81,0.17,219.94603,42.22158,55005.29156,0
143947.10+421317.3,1140061060699,18.97,0.17,219.94604,42.22170,55005.31491,0
143947.10+421317.3,1140061060699,18.88,0.17,219.94582,42.22147,55005.32328,0
143947.10+421317.3,1140061060699,18.66,0.16,219.94588,42.22147,54892.35117,0
143947.10+421317.3,1140061060699,18.70,0.16,219.94576,42.22144,54892.36029,0
143947.10+421317.3,1140061060699,18.53,0.14,219.94562,42.22118,54892.36962,0
143947.10+421317.3,1140061060699,18.97,0.18,219.94599,42.22157,54892.37902,0
143947.10+421317.3,1140061060699,18.98,0.16,219.94589,42.22155,54906.47681,0
143947.10+421317.3,1140061060699,18.69,0.14,219.94650,42.22161,54906.48172,0
143947.10+421317.3,1140061060699,18.61,0.14,219.94573,42.22155,54906.48659,0
143947.10+421317.3,1140061060699,18.64,0.14,219.94545,42.22107,54906.49152,0
143947.10+421317.3,1140061060699,18.83,0.15,219.94581,42.22147,54914.46647,0
143947.10+421317.3,1140061060699,18.77,0.15,219.94587,42.22143,54914.47483,0
143947.10+421317.3,1140061060699,18.65,0.14,219.94546,42.22143,54914.48305,0
143947.10+421317.3,1140061060699,18.84,0.15,219.94564,42.22148,54914.49120,0
143947.10+421317.3,1140061060699,18.67,0.14,219.94570,42.22148,54964.21793,0
143947.10+421317.3,1140061060699,18.61,0.14,219.94593,42.22144,54964.22389,0
143947.10+421317.3,1140061060699,18.81,0.15,219.94611,42.22175,54964.22991,0
143947.10+421317.3,1140061060699,18.58,0.14,219.94599,42.22152,54964.23586,0
143947.10+421317.3,1140061060699,18.82,0.16,219.94623,42.22116,54976.34900,0
143947.10+421317.3,1140061060699,18.89,0.17,219.94602,42.22149,54976.35169,0
143947.10+421317.3,1140061060699,18.87,0.16,219.94549,42.22132,54976.35412,0
143947.10+421317.3,1140061060699,18.38,0.13,219.94571,42.22134,54976.35848,0
143947.10+421317.3,1140061060699,18.84,0.16,219.94601,42.22164,55353.28549,0
143947.10+421317.3,1140061060699,18.55,0.14,219.94567,42.22147,55353.29332,0
143947.10+421317.3,1140061060699,18.56,0.14,219.94579,42.22141,55353.30070,0
143947.10+421317.3,1140061060699,18.43,0.13,219.94576,42.22136,55353.30818,0
143947.10+421317.3,1140061060699,18.67,0.15,219.94600,42.22135,55370.27260,0
143947.10+421317.3,1140061060699,19.00,0.17,219.94572,42.22178,55370.27831,0
143947.10+421317.3,1140061060699,18.88,0.16,219.94582,42.22143,55370.28411,0
143947.10+421317.3,1140061060699,18.66,0.15,219.94601,42.22182,55370.28988,0
143947.10+421317.3,1140061060699,18.90,0.16,219.94567,42.22145,55271.37534,0
143947.10+421317.3,1140061060699,18.48,0.13,219.94587,42.22136,55271.38056,0
143947.10+421317.3,1140061060699,18.39,0.13,219.94594,42.22097,55271.38575,0
143947.10+421317.3,1140061060699,18.65,0.14,219.94603,42.22144,55271.39093,0
143947.10+421317.3,1140061060699,18.84,0.16,219.94593,42.22171,55321.43211,0
143947.10+421317.3,1140061060699,18.32,0.13,219.94550,42.22136,55321.43787,0
143947.10+421317.3,1140061060699,18.88,0.16,219.94619,42.22157,55321.44363,0
143947.10+421317.3,1140061060699,18.87,0.16,219.94615,42.22164,55321.44935,0
143947.10+421317.3,1140061060699,18.71,0.15,219.94577,42.22135,55330.33613,0
143947.10+421317.3,1140061060699,18.68,0.18,219.94629,42.22139,55330.34358,0
143947.10+421317.3,1140061060699,18.50,0.20,219.94596,42.22174,55330.35868,0
143947.10+421317.3,1140061060699,18.67,0.15,219.94571,42.22148,55659.36323,0
143947.10+421317.3,1140061060699,18.56,0.14,219.94563,42.22152,55659.37090,0
143947.10+421317.3,1140061060699,18.63,0.15,219.94564,42.22174,55659.37977,0
143947.10+421317.3,1140061060699,18.62,0.15,219.94565,42.22161,55659.38818,0
143947.10+421317.3,1140061060699,18.35,0.13,219.94574,42.22147,55678.26045,0
143947.10+421317.3,1140061060699,18.35,0.13,219.94617,42.22167,55678.26614,0
143947.10+421317.3,1140061060699,18.48,0.14,219.94619,42.22162,55678.27187,0
143947.10+421317.3,1140061060699,18.49,0.14,219.94575,42.22164,55678.27763,0
143947.10+421317.3,1140061060699,18.62,0.15,219.94607,42.22162,55721.24231,0
143947.10+421317.3,1140061060699,18.71,0.15,219.94581,42.22165,55721.25028,0
143947.10+421317.3,1140061060699,18.38,0.13,219.94632,42.22158,55721.25838,0
143947.10+421317.3,1140061060699,18.73,0.16,219.94589,42.22157,55721.26650,0
143947.10+421317.3,1140061060699,18.41,0.14,219.94568,42.22130,55636.35762,0
143947.10+421317.3,1140061060699,18.65,0.15,219.94609,42.22178,55636.36460,0
143947.10+421317.3,1140061060699,18.75,0.16,219.94586,42.22172,55636.37161,0
143947.10+421317.3,1140061060699,18.91,0.17,219.94608,42.22154,55636.37858,0
143947.10+421317.3,1140061060699,18.85,0.16,219.94582,42.22156,55976.42097,0
143947.10+421317.3,1140061060699,19.01,0.17,219.94635,42.22146,55976.42665,0
143947.10+421317.3,1140061060699,18.90,0.19,219.94611,42.22160,55976.43239,0
143947.10+421317.3,1140061060699,18.59,0.17,219.94593,42.22146,55976.43811,0
143947.10+421317.3,1140061060699,18.67,0.15,219.94562,42.22138,56008.36711,0
143947.10+421317.3,1140061060699,18.48,0.13,219.94575,42.22113,56008.37444,0
143947.10+421317.3,1140061060699,18.63,0.14,219.94578,42.22148,56008.38179,0
143947.10+421317.3,1140061060699,18.43,0.13,219.94576,42.22127,56008.38925,0
143947.10+421317.3,1140061060699,18.21,0.12,219.94585,42.22105,56018.47262,0
143947.10+421317.3,1140061060699,18.58,0.14,219.94606,42.22140,56018.48071,0
143947.10+421317.3,1140061060699,18.34,0.13,219.94583,42.22129,56018.48877,0
143947.10+421317.3,1140061060699,18.76,0.15,219.94617,42.22140,56018.49677,0
143947.10+421317.3,1140061060699,18.30,0.12,219.94593,42.22129,56065.32755,0
143947.10+421317.3,1140061060699,18.26,0.12,219.94585,42.22144,56065.33493,0
143947.10+421317.3,1140061060699,18.60,0.14,219.94638,42.22145,56065.34230,0
143947.10+421317.3,1140061060699,18.77,0.15,219.94588,42.22140,56065.34965,0
143947.10+421317.3,1140061060699,18.60,0.15,219.94617,42.22143,56076.34116,0
143947.10+421317.3,1140061060699,18.43,0.14,219.94632,42.22152,56076.34892,0
143947.10+421317.3,1140061060699,18.29,0.14,219.94601,42.22159,56076.35655,0
143947.10+421317.3,1140061060699,18.56,0.15,219.94607,42.22130,56076.36429,0
143947.10+421317.3,1140061060699,18.44,0.13,219.94572,42.22123,56092.24101,0
143947.10+421317.3,1140061060699,18.66,0.14,219.94592,42.22119,56092.25070,0
143947.10+421317.3,1140061060699,18.63,0.14,219.94589,42.22141,56092.26038,0
143947.10+421317.3,1140061060699,18.25,0.12,219.94561,42.22128,56092.27011,0
143947.10+421317.3,1140061060699,18.89,0.17,219.94610,42.22149,56192.10181,0
143947.10+421317.3,1140061060699,18.99,0.18,219.94600,42.22155,56192.10637,0
143947.10+421317.3,1140061060699,19.04,0.19,219.94608,42.22159,56192.11085,0
143947.10+421317.3,1140061060699,18.98,0.18,219.94631,42.22154,56192.11537,0
143947.10+421317.3,1140061060699,19.00,0.17,219.94604,42.22165,56375.46409,0
143947.10+421317.3,1140061060699,18.61,0.15,219.94610,42.22171,56375.47041,0
143947.10+421317.3,1140061060699,18.60,0.14,219.94588,42.22144,56375.47668,0
143947.10+421317.3,1140061060699,18.63,0.15,219.94574,42.22144,56375.48293,0
143947.10+421317.3,1140061060699,18.28,0.12,219.94579,42.22117,55955.46705,0
143947.10+421317.3,1140061060699,18.69,0.15,219.94590,42.22151,55955.47377,0
143947.10+421317.3,1140061060699,18.57,0.14,219.94613,42.22160,55955.48058,0
143947.10+421317.3,1140061060699,18.71,0.15,219.94619,42.22140,55955.48736,0
143947.10+421317.3,1140061060699,18.62,0.15,219.94584,42.22155,56395.45683,0
143947.10+421317.3,1140061060699,18.89,0.17,219.94553,42.22149,56395.46426,0
143947.10+421317.3,1140061060699,18.56,0.14,219.94604,42.22163,56395.47177,0
143947.10+421317.3,1140061060699,18.85,0.16,219.94589,42.22170,56395.47927,0
143947.10+421317.3,1140061060699,18.68,0.15,219.94598,42.22169,56419.30365,0
143947.10+421317.3,1140061060699,18.91,0.16,219.94596,42.22153,56419.31104,0
143947.10+421317.3,1140061060699,18.79,0.16,219.94600,42.22183,56419.31852,0
143947.10+421317.3,1140061060699,18.74,0.15,219.94552,42.22139,56419.32603,0
143947.10+421317.3,1140061060699,18.73,0.15,219.94599,42.22163,56433.29549,0
143947.10+421317.3,1140061060699,18.60,0.14,219.94615,42.22172,56433.30057,0
143947.10+421317.3,1140061060699,19.08,0.18,219.94606,42.22167,56433.30571,0
143947.10+421317.3,1140061060699,18.91,0.17,219.94588,42.22148,56433.31083,0
143947.10+421317.3,1140061060699,18.91,0.17,219.94627,42.22164,56448.30621,0
143947.10+421317.3,1140061060699,18.57,0.15,219.94570,42.22151,56448.31294,0
143947.10+421317.3,1140061060699,18.61,0.16,219.94600,42.22172,56448.31973,0
143947.10+421317.3,1140061060699,18.58,0.17,219.94587,42.22162,56448.32650,0
143947.10+421317.3,1140061060699,19.27,0.20,219.94650,42.22179,56462.29233,0
143947.10+421317.3,1140061060699,18.92,0.17,219.94622,42.22173,56462.29740,0
143947.10+421317.3,1140061060699,18.86,0.16,219.94586,42.22153,56462.30247,0
143947.10+421317.3,1140061060699,18.68,0.15,219.94598,42.22168,56462.30759,0
094203.33+593709.5,1160027007842,18.71,0.20,145.51428,59.61956,54070.37367,0
094203.33+593709.5,1160027007842,19.14,0.25,145.51405,59.61962,54070.37738,0
094203.33+593709.5,1160027007842,18.32,0.17,145.51384,59.61914,54070.38104,0
094203.33+593709.5,1160027007842,18.49,0.18,145.51438,59.61928,54070.38475,0
094203.33+593709.5,1160027007842,18.92,0.16,145.51418,59.61925,53767.23118,0
094203.33+593709.5,1160027007842,18.88,0.16,145.51380,59.61947,53767.23615,0
094203.33+593709.5,1160027007842,19.01,0.17,145.51417,59.61954,53767.24104,0
094203.33+593709.5,1160027007842,18.73,0.15,145.51408,59.61934,53767.24598,0
094203.33+593709.5,1160027007842,18.83,0.15,145.51448,59.61928,54062.39541,0
094203.33+593709.5,1160027007842,18.75,0.14,145.51421,59.61959,54062.40189,0
094203.33+593709.5,1160027007842,18.55,0.13,145.51406,59.61943,54062.40842,0
094203.33+593709.5,1160027007842,18.77,0.15,145.51429,59.61937,54062.41501,0
094203.33+593709.5,1160027007842,18.68,0.15,145.51429,59.61929,54210.18046,0
094203.33+593709.5,1160027007842,18.65,0.15,145.51411,59.61931,54210.18436,0
094203.33+593709.5,1160027007842,18.42,0.13,145.51411,59.61953,54210.18826,0
094203.33+593709.5,1160027007842,18.55,0.14,145.51406,59.61932,54210.19211,0
094203.33+593709.5,1160027007842,18.75,0.15,145.51400,59.61935,54144.22689,0
094203.33+593709.5,1160027007842,18.78,0.15,145.51394,59.61933,54144.23366,0
094203.33+593709.5,1160027007842,18.72,0.15,145.51399,59.61930,54144.24040,0
094203.33+593709.5,1160027007842,18.93,0.16,145.51445,59.61948,54144.24715,0
094203.33+593709.5,1160027007842,18.61,0.14,145.51449,59.61925,54158.30259,0
094203.33+593709.5,1160027007842,18.45,0.13,145.51406,59.61951,54158.31101,0
094203.33+593709.5,1160027007842,18.27,0.12,145.51444,59.61945,54158.31941,0
094203.33+593709.5,1160027007842,18.92,0.16,145.51418,59.61916,54158.32788,0
094203.33+593709.5,1160027007842,19.07,0.17,145.51451,59.61954,54128.19287,0
094203.33+593709.5,1160027007842,18.69,0.14,145.51444,59.61938,54128.19954,0
094203.33+593709.5,1160027007842,18.98,0.16,145.51418,59.61912,54128.20624,0
094203.33+593709.5,1160027007842,18.77,0.15,145.51434,59.61939,54128.21293,0
094203.33+593709.5,1160027007842,18.34,0.13,145.51365,59.61942,54803.44448,0
094203.33+593709.5,1160027007842,18.47,0.14,145.51398,59.61952,54803.44886,0
094203.33+593709.5,1160027007842,18.69,0.16,145.51379,59.61972,54803.45313,0
094203.33+593709.5,1160027007842,18.40,0.14,145.51416,59.61939,54803.45748,0
094203.33+593709.5,1160027007842,18.91,0.17,145.51381,59.61935,54803.46181,0
094203.33+593709.5,1160027007842,18.37,0.13,145.51352,59.61920,54945.22412,0
094203.33+593709.5,1160027007842,18.65,0.14,145.51397,59.61945,54945.23059,0
094203.33+593709.5,1160027007842,18.32,0.13,145.51389,59.61919,54945.23698,0
094203.33+593709.5,1160027007842,18.62,0.14,145.51428,59.61957,54945.24338,0
094203.33+593709.5,1160027007842,18.54,0.13,145.51365,59.61950,55184.35109,0
094203.33+593709.5,1160027007842,18.53,0.13,145.51418,59.61902,55184.35709,0
094203.33+593709.5,1160027007842,18.30,0.12,145.51292,59.61950,55184.36305,0
094203.33+593709.5,1160027007842,18.17,0.12,145.51396,59.61949,55184.36895,0
094203.33+593709.5,1160027007842,18.54,0.13,145.51418,59.61932,54863.23072,0
094203.33+593709.5,1160027007842,18.59,0.14,145.51366,59.61931,54863.23564,0
094203.33+593709.5,1160027007842,18.88,0.15,145.51377,59.61935,54863.24063,0
094203.33+593709.5,1160027007842,18.61,0.14,145.51416,59.61958,54863.24563,0
094203.33+593709.5,1160027007842,18.81,0.21,145.51415,59.61935,54852.35689,0
094203.33+593709.5,1160027007842,18.40,0.20,145.51348,59.61942,54852.36119,0
094203.33+593709.5,1160027007842,18.14,0.16,145.51381,59.61921,54852.36543,0
094203.33+593709.5,1160027007842,18.73,0.23,145.51355,59.61936,54852.36976,0
094203.33+593709.5,1160027007842,18.47,0.13,145.51371,59.61942,54916.21270,0
094203.33+593709.5,1160027007842,18.69,0.14,145.51371,59.61937,54916.21693,0
094203.33+593709.5,1160027007842,18.45,0.13,145.51423,59.61947,54916.22119,0
094203.33+593709.5,1160027007842,18.36,0.13,145.51399,59.61912,54916.22550,0
094203.33+593709.5,1160027007842,18.24,0.13,145.51384,59.61912,55141.43705,0
094203.33+593709.5,1160027007842,18.33,0.14,145.51399,59.61947,55141.44082,0
094203.33+593709.5,1160027007842,18.50,0.15,145.51395,59.61949,55141.44461,0
094203.33+593709.5,1160027007842,18.29,0.14,145.51382,59.61946,55141.44834,0
094203.33+593709.5,1160027007842,18.45,0.13,145.51378,59.61955,55298.27671,0
094203.33+593709.5,1160027007842,18.32,0.13,145.51389,59.61951,55298.28240,0
094203.33+593709.5,1160027007842,18.47,0.14,145.51397,59.61932,55298.28809,0
094203.33+593709.5,1160027007842,18.38,0.13,145.51370,59.61926,55298.29385,0
094203.33+593709.5,1160027007842,18.34,0.13,145.51360,59.61937,55247.22672,0
094203.33+593709.5,1160027007842,18.33,0.13,145.51378,59.61928,55247.23222,0
094203.33+593709.5,1160027007842,18.35,0.13,145.51414,59.61937,55247.23771,0
094203.33+593709.5,1160027007842,18.41,0.13,145.51388,59.61939,55247.24317,0
094203.33+593709.5,1160027007842,18.32,0.12,145.51386,59.61928,55273.26338,0
094203.33+593709.5,1160027007842,18.30,0.12,145.51371,59.61928,55273.26741,0
094203.33+593709.5,1160027007842,18.41,0.13,145.51415,59.61916,55273.27141,0
094203.33+593709.5,1160027007842,18.39,0.13,145.51406,59.61932,55273.27541,0
094203.33+593709.5,1160027007842,18.38,0.13,145.51394,59.61947,55328.19634,0
094203.33+593709.5,1160027007842,18.43,0.13,145.51344,59.61935,55328.20209,0
094203.33+593709.5,1160027007842,18.72,0.15,145.51397,59.61944,55328.20784,0
094203.33+593709.5,1160027007842,18.66,0.15,145.51360,59.61937,55328.21362,0
094203.33+593709.5,1160027007842,19.13,0.18,145.51365,59.61936,55653.16561,0
094203.33+593709.5,1160027007842,18.87,0.16,145.51399,59.61937,55653.17211,0
094203.33+593709.5,1160027007842,18.81,0.16,145.51460,59.61947,55653.17864,0
094203.33+593709.5,1160027007842,18.80,0.16,145.51392,59.61950,55653.18510,0
094203.33+593709.5,1160027007842,18.74,0.15,145.51425,59.61930,55604.27997,0
094203.33+593709.5,1160027007842,19.01,0.17,145.51421,59.61948,55604.28458,0
094203.33+593709.5,1160027007842,18.97,0.17,145.51362,59.61950,55604.28918,0
094203.33+593709.5,1160027007842,18.77,0.15,145.51398,59.61946,55604.29383,0
094203.33+593709.5,1160027007842,19.11,0.22,145.51488,59.61919,55577.25443,0
094203.33+593709.5,1160027007842,18.58,0.17,145.51358,59.61945,55577.25977,0
094203.33+593709.5,1160027007842,18.34,0.15,145.51407,59.61933,55577.26424,0
094203.33+593709.5,1160027007842,18.99,0.21,145.51293,59.61964,55577.26872,0
094203.33+593709.5,1160027007842,18.36,0.16,145.51437,59.61899,55636.22633,0
094203.33+593709.5,1160027007842,18.13,0.14,145.51291,59.61966,55636.23364,0
094203.33+593709.5,1160027007842,18.91,0.20,145.51315,59.61937,55636.23734,0
094203.33+593709.5,1160027007842,19.62,0.28,145.51398,59.61933,55695.21169,0
094203.33+593709.5,1160027007842,19.35,0.20,145.51362,59.61927,55868.47151,0
094203.33+593709.5,1160027007842,19.48,0.21,145.51390,59.61910,55868.47606,0
094203.33+593709.5,1160027007842,18.79,0.15,145.51395,59.61919,55868.48061,0
094203.33+593709.5,1160027007842,18.98,0.16,145.51419,59.61945,55868.48515,0
094203.33+593709.5,1160027007842,18.87,0.16,145.51392,59.61926,55927.31586,0
094203.33+593709.5,1160027007842,18.79,0.15,145.51404,59.61925,55927.32226,0
094203.33+593709.5,1160027007842,19.18,0.18,145.51407,59.61951,55927.32865,0
094203.33+593709.5,1160027007842,18.93,0.16,145.51382,59.61940,55927.33498,0
094203.33+593709.5,1160027007842,19.09,0.18,145.51468,59.61940,55978.18737,0
094203.33+593709.5,1160027007842,18.98,0.17,145.51448,59.61925,55978.19016,0
094203.33+593709.5,1160027007842,19.31,0.24,145.51393,59.61911,55978.19305,0
094203.33+593709.5,1160027007842,18.71,0.16,145.51465,59.61945,55978.19583,0
094203.33+593709.5,1160027007842,18.89,0.16,145.51433,59.61946,55984.18878,0
094203.33+593709.5,1160027007842,19.24,0.19,145.51408,59.61922,55984.19385,0
094203.33+593709.5,1160027007842,18.90,0.16,145.51376,59.61920,55984.19891,0
094203.33+593709.5,1160027007842,19.08,0.18,145.51459,59.61913,55984.20406,0
094203.33+593709.5,1160027007842,19.06,0.17,145.51377,59.61929,55990.17165,0
094203.33+593709.5,1160027007842,18.78,0.15,145.51425,59.61893,55990.17507,0
094203.33+593709.5,1160027007842,18.71,0.15,145.51363,59.61917,55990.17848,0
094203.33+593709.5,1160027007842,18.49,0.13,145.51353,59.61912,55990.18196,0
094203.33+593709.5,1160027007842,18.91,0.16,145.51422,59.61932,56038.21361,0
094203.33+593709.5,1160027007842,19.16,0.19,145.51407,59.61940,56038.21864,0
094203.33+593709.5,1160027007842,19.09,0.18,145.51470,59.61954,56038.22374,0
094203.33+593709.5,1160027007842,18.82,0.16,145.51425,59.61902,56038.22880,0
094203.33+593709.5,1160027007842,19.04,0.15,145.51402,59.61909,56273.47609,0
094203.33+593709.5,1160027007842,18.94,0.14,145.51381,59.61914,56273.48082,0
094203.33+593709.5,1160027007842,18.37,0.11,145.51443,59.61908,56273.48565,0
094203.33+593709.5,1160027007842,18.57,0.12,145.51317,59.61905,56273.49050,0
094203.33+593709.5,1160027007842,19.02,0.15,145.51421,59.61911,56307.46826,0
094203.33+593709.5,1160027007842,18.96,0.14,145.51400,59.61923,56307.47509,0
094203.33+593709.5,1160027007842,18.97,0.14,145.51424,59.61902,56307.48194,0
094203.33+593709.5,1160027007842,18.82,0.14,145.51336,59.61929,56307.48885,0
094203.33+593709.5,1160027007842,18.61,0.12,145.51418,59.61922,56341.29090,0
094203.33+593709.5,1160027007842,19.04,0.15,145.51381,59.61942,56341.30005,0
094203.33+593709.5,1160027007842,19.26,0.16,145.51405,59.61933,56341.30651,0
094203.33+593709.5,1160027007842,19.17,0.16,145.51388,59.61928,56341.31295,0
094203.33+593709.5,1160027007842,19.34,0.20,145.51450,59.61918,56375.20071,0
094203.33+593709.5,1160027007842,18.40,0.13,145.51364,59.61934,56375.20633,0
094203.33+593709.5,1160027007842,19.03,0.17,145.51381,59.61922,56375.21201,0
094203.33+593709.5,1160027007842,19.72,0.24,145.51440,59.61929,56375.21769,0
094203.33+593709.5,1160027007842,19.13,0.23,145.51383,59.61970,55949.24124,0
094203.33+593709.5,1160027007842,19.06,0.21,145.51381,59.61947,55949.24640,0
094203.33+593709.5,1160027007842,18.85,0.18,145.51447,59.61899,55949.25162,0
094203.33+593709.5,1160027007842,18.86,0.18,145.51352,59.61924,55949.25680,0
094203.33+593709.5,1160027007842,19.31,0.20,145.51453,59.61956,56400.24118,0
094203.33+593709.5,1160027007842,18.48,0.14,145.51436,59.61907,56400.24569,0
094203.33+593709.5,1160027007842,18.86,0.16,145.51325,59.61985,56400.25021,0
094203.33+593709.5,1160027007842,19.05,0.18,145.51318,59.61952,56400.25473,0
094203.33+593709.5,1160027007842,18.91,0.17,145.51385,59.61906,56589.47632,0
094203.33+593709.5,1160027007842,18.65,0.15,145.51434,59.61904,56589.48393,0
094203.33+593709.5,1160027007842,18.88,0.16,145.51368,59.61942,56589.49153,0
094203.33+593709.5,1160027007842,18.96,0.17,145.51404,59.61934,56589.49913,0
022325.01-003612.6,1001013046541,19.95,0.27,35.85542,-0.60728,53710.18691,0
022325.01-003612.6,1001013046541,19.41,0.20,35.85561,-0.60668,53710.19440,0
022325.01-003612.6,1001013046541,20.05,0.28,35.85534,-0.60672,53729.15863,0
022325.01-003612.6,1001013046541,19.48,0.21,35.85545,-0.60711,53729.16661,0
022325.01-003612.6,1001013046541,20.04,0.28,35.85562,-0.60686,53729.17460,0
022325.01-003612.6,1001013046541,19.37,0.20,35.85580,-0.60734,53729.18255,0
022325.01-003612.6,1001013046541,19.62,0.23,35.85504,-0.60701,53675.27171,0
022325.01-003612.6,1001013046541,19.72,0.24,35.85564,-0.60684,53675.27814,0
022325.01-003612.6,1001013046541,20.12,0.30,35.85560,-0.60694,53703.17384,0
022325.01-003612.6,1001013046541,19.68,0.24,35.85562,-0.60668,53703.18026,0
022325.01-003612.6,1001013046541,19.82,0.26,35.85556,-0.60705,53703.18672,0
022325.01-003612.6,1001013046541,19.67,0.24,35.85557,-0.60716,53703.19316,0
022325.01-003612.6,1001013046541,19.68,0.25,35.85545,-0.60706,53648.34655,0
022325.01-003612.6,1001013046541,19.30,0.21,35.85541,-0.60706,53648.35582,0
022325.01-003612.6,1001013046541,19.68,0.25,35.85557,-0.60708,53648.36505,0
022325.01-003612.6,1001013046541,19.61,0.25,35.85540,-0.60716,53648.37430,0
022325.01-003612.6,1001013046541,19.14,0.19,35.85560,-0.60728,53654.34214,0
022325.01-003612.6,1001013046541,19.73,0.25,35.85530,-0.60732,53654.34751,0
022325.01-003612.6,1001013046541,20.12,0.31,35.85547,-0.60696,53654.35281,0
022325.01-003612.6,1001013046541,20.20,0.31,35.85566,-0.60640,53670.31437,0
022325.01-003612.6,1001013046541,19.99,0.28,35.85563,-0.60714,53670.32316,0
022325.01-003612.6,1001013046541,20.02,0.28,35.85521,-0.60714,53670.33171,0
022325.01-003612.6,1001013046541,20.43,0.35,35.85584,-0.60695,53670.34029,0
022325.01-003612.6,1001013046541,20.18,0.32,35.85547,-0.60714,53627.38544,0
022325.01-003612.6,1001013046541,20.56,0.40,35.85554,-0.60667,53627.39473,0
022325.01-003612.6,1001013046541,19.09,0.18,35.85536,-0.60685,53627.40385,0
022325.01-003612.6,1001013046541,19.97,0.29,35.85579,-0.60676,53627.41297,0
022325.01-003612.6,1001013046541,19.21,0.18,35.85565,-0.60686,54090.19956,0
022325.01-003612.6,1001013046541,19.62,0.22,35.85566,-0.60755,54090.21359,0
022325.01-003612.6,1001013046541,19.75,0.84,35.85592,-0.60848,53741.12368,0
022325.01-003612.6,1001013046541,19.12,0.18,35.85585,-0.60700,53763.09894,0
022325.01-003612.6,1001013046541,19.84,0.26,35.85529,-0.60712,53763.10703,0
022325.01-003612.6,1001013046541,19.71,0.24,35.85570,-0.60706,53763.11512,0
022325.01-003612.6,1001013046541,19.87,0.26,35.85568,-0.60711,53763.12320,0
022325.01-003612.6,1001013046541,19.27,0.17,35.85530,-0.60694,54055.24092,0
022325.01-003612.6,1001013046541,20.14,0.26,35.85555,-0.60698,54055.25287,0
022325.01-003612.6,1001013046541,19.61,0.20,35.85551,-0.60691,54055.26482,0
022325.01-003612.6,1001013046541,19.69,0.20,35.85583,-0.60703,54055.27681,0
022325.01-003612.6,1001013046541,19.85,0.24,35.85536,-0.60672,54025.32052,0
022325.01-003612.6,1001013046541,19.77,0.23,35.85576,-0.60663,54025.32857,0
022325.01-003612.6,1001013046541,19.47,0.20,35.85560,-0.60681,53996.34418,0
022325.01-003612.6,1001013046541,19.33,0.19,35.85523,-0.60705,53996.36031,0
022325.01-003612.6,1001013046541,20.20,0.30,35.85569,-0.60678,54004.42843,0
022325.01-003612.6,1001013046541,19.67,0.22,35.85523,-0.60666,54004.43485,0
022325.01-003612.6,1001013046541,19.51,0.21,35.85563,-0.60696,54004.44128,0
022325.01-003612.6,1001013046541,19.61,0.22,35.85564,-0.60698,54440.14920,0
022325.01-003612.6,1001013046541,19.61,0.22,35.85577,-0.60685,54440.15674,0
022325.01-003612.6,1001013046541,19.87,0.25,35.85592,-0.60699,54440.16428,0
022325.01-003612.6,1001013046541,19.27,0.18,35.85515,-0.60695,54440.17179,0
022325.01-003612.6,1001013046541,19.70,0.23,35.85558,-0.60716,54411.23917,0
022325.01-003612.6,1001013046541,20.45,0.35,35.85558,-0.60681,54411.24876,0
022325.01-003612.6,1001013046541,20.75,0.41,35.85584,-0.60694,54411.25838,0
022325.01-003612.6,1001013046541,19.68,0.23,35.85557,-0.60699,54411.26802,0
022325.01-003612.6,1001013046541,19.99,0.27,35.85580,-0.60696,54419.20377,0
022325.01-003612.6,1001013046541,19.73,0.23,35.85580,-0.60714,54419.20974,0
022325.01-003612.6,1001013046541,20.05,0.28,35.85576,-0.60685,54419.21569,0
022325.01-003612.6,1001013046541,20.23,0.30,35.85562,-0.60683,54419.22169,0
022325.01-003612.6,1001013046541,20.16,0.30,35.85600,-0.60702,54383.31766,0
022325.01-003612.6,1001013046541,19.68,0.23,35.85530,-0.60679,54383.32418,0
022325.01-003612.6,1001013046541,19.19,0.18,35.85577,-0.60691,54383.33071,0
022325.01-003612.6,1001013046541,19.44,0.20,35.85572,-0.60683,54392.31530,0
022325.01-003612.6,1001013046541,19.24,0.18,35.85553,-0.60688,54392.32453,0
022325.01-003612.6,1001013046541,19.50,0.21,35.85593,-0.60656,54392.33378,0
022325.01-003612.6,1001013046541,20.48,0.35,35.85558,-0.60699,54404.27754,0
022325.01-003612.6,1001013046541,20.22,0.30,35.85564,-0.60676,54404.28397,0
022325.01-003612.6,1001013046541,19.94,0.26,35.85572,-0.60692,54355.39743,0
022325.01-003612.6,1001013046541,19.74,0.24,35.85516,-0.60694,54355.40397,0
022325.01-003612.6,1001013046541,19.99,0.27,35.85539,-0.60678,54355.41052,0
022325.01-003612.6,1001013046541,19.58,0.22,35.85553,-0.60705,54355.41703,0
022325.01-003612.6,1001013046541,19.68,0.22,35.85578,-0.60707,54801.22188,0
022325.01-003612.6,1001013046541,19.81,0.24,35.85566,-0.60676,54801.22975,0
022325.01-003612.6,1001013046541,19.58,0.21,35.85543,-0.60740,54801.23769,0
022325.01-003612.6,1001013046541,19.29,0.18,35.85543,-0.60691,54801.24560,0
022325.01-003612.6,1001013046541,19.26,0.18,35.85566,-0.60675,54830.14213,0
022325.01-003612.6,1001013046541,19.49,0.20,35.85554,-0.60709,54830.14936,0
022325.01-003612.6,1001013046541,19.97,0.26,35.85561,-0.60693,54830.15643,0
022325.01-003612.6,1001013046541,19.54,0.21,35.85547,-0.60707,54830.16355,0
022325.01-003612.6,1001013046541,19.68,0.23,35.85559,-0.60725,54498.14508,0
022325.01-003612.6,1001013046541,19.18,0.18,35.85521,-0.60679,54498.15583,0
022325.01-003612.6,1001013046541,18.99,0.16,35.85533,-0.60666,54498.16118,0
022325.01-003612.6,1001013046541,20.26,0.31,35.85543,-0.60689,54506.10631,0
022325.01-003612.6,1001013046541,19.48,0.20,35.85559,-0.60706,54466.20472,0
022325.01-003612.6,1001013046541,20.09,0.28,35.85530,-0.60653,54466.21064,0
022325.01-003612.6,1001013046541,20.05,0.27,35.85533,-0.60724,54466.22247,0
022325.01-003612.6,1001013046541,19.32,0.19,35.85530,-0.60658,54772.30305,0
022325.01-003612.6,1001013046541,19.69,0.23,35.85525,-0.60664,54772.30786,0
022325.01-003612.6,1001013046541,19.40,0.20,35.85522,-0.60668,54772.31267,0
022325.01-003612.6,1001013046541,19.36,0.19,35.85576,-0.60699,54772.31749,0
022325.01-003612.6,1001013046541,20.07,0.28,35.85558,-0.60698,54787.25139,0
022325.01-003612.6,1001013046541,19.56,0.21,35.85568,-0.60704,54787.25868,0
022325.01-003612.6,1001013046541,20.29,0.31,35.85587,-0.60634,54787.26594,0
022325.01-003612.6,1001013046541,19.28,0.19,35.85463,-0.60655,54787.27309,0
022325.01-003612.6,1001013046541,19.43,0.20,35.85568,-0.60623,54747.39129,0
022325.01-003612.6,1001013046541,19.57,0.21,35.85558,-0.60713,54747.41110,0
022325.01-003612.6,1001013046541,19.95,0.26,35.85568,-0.60711,54717.41058,0
022325.01-003612.6,1001013046541,19.22,0.18,35.85557,-0.60695,54738.34870,0
022325.01-003612.6,1001013046541,19.23,0.18,35.85544,-0.60644,54738.35953,0
022325.01-003612.6,1001013046541,19.54,0.21,35.85580,-0.60690,54738.37051,0
022325.01-003612.6,1001013046541,20.08,0.27,35.85560,-0.60666,54738.38137,0
022325.01-003612.6,1001013046541,19.17,0.19,35.85508,-0.60668,55063.42438,0
022325.01-003612.6,1001013046541,19.33,0.20,35.85567,-0.60617,55063.43152,0
022325.01-003612.6,1001013046541,19.26,0.20,35.85500,-0.60714,55063.43866,0
022325.01-003612.6,1001013046541,19.30,0.19,35.85556,-0.60674,55180.12447,0
022325.01-003612.6,1001013046541,19.43,0.20,35.85559,-0.60716,55180.13133,0
022325.01-003612.6,1001013046541,19.20,0.18,35.85533,-0.60702,55180.13821,0
022325.01-003612.6,1001013046541,20.14,0.29,35.85591,-0.60690,55180.14511,0
022325.01-003612.6,1001013046541,19.47,0.21,35.85525,-0.60690,55152.27691,0
022325.01-003612.6,1001013046541,20.26,0.31,35.85569,-0.60702,55152.28405,0
022325.01-003612.6,1001013046541,19.76,0.24,35.85547,-0.60805,55152.29138,0
022325.01-003612.6,1001013046541,19.54,0.22,35.85560,-0.60693,55152.29858,0
022325.01-003612.6,1001013046541,20.13,0.29,35.85573,-0.60687,55119.31009,0
022325.01-003612.6,1001013046541,20.21,0.30,35.85553,-0.60676,55119.32473,0
022325.01-003612.6,1001013046541,19.83,0.25,35.85584,-0.60746,55119.33208,0
022325.01-003612.6,1001013046541,20.30,0.32,35.85552,-0.60716,55090.40255,0
022325.01-003612.6,1001013046541,19.26,0.19,35.85564,-0.60710,55090.41093,0
022325.01-003612.6,1001013046541,19.84,0.25,35.85580,-0.60708,55090.42785,0
022325.01-003612.6,1001013046541,20.09,0.29,35.85553,-0.60710,55098.45422,0
022325.01-003612.6,1001013046541,19.60,0.23,35.85544,-0.60682,55098.46151,0
022325.01-003612.6,1001013046541,19.40,0.20,35.85572,-0.60698,55098.46877,0
022325.01-003612.6,1001013046541,19.86,0.26,35.85581,-0.60705,55539.20931,0
022325.01-003612.6,1001013046541,19.48,0.21,35.85528,-0.60673,55539.22857,0
022325.01-003612.6,1001013046541,20.21,0.31,35.85594,-0.60665,55544.10026,0
022325.01-003612.6,1001013046541,20.38,0.34,35.85598,-0.60724,55211.16269,0
022325.01-003612.6,1001013046541,19.72,0.24,35.85534,-0.60696,55211.18317,0
022325.01-003612.6,1001013046541,19.56,0.18,35.85579,-0.60643,55506.32106,0
022325.01-003612.6,1001013046541,19.78,0.20,35.85567,-0.60671,55506.34832,0
022325.01-003612.6,1001013046541,19.27,0.19,35.85538,-0.60705,55514.25085,0
022325.01-003612.6,1001013046541,19.85,0.26,35.85589,-0.60649,55514.26473,0
022325.01-003612.6,1001013046541,19.99,0.28,35.85538,-0.60675,55514.27171,0
022325.01-003612.6,1001013046541,19.49,0.21,35.85508,-0.60704,55530.20169,0
022325.01-003612.6,1001013046541,19.58,0.22,35.85565,-0.60659,55530.21203,0
022325.01-003612.6,1001013046541,19.19,0.18,35.85547,-0.60682,55530.21723,0
022325.01-003612.6,1001013046541,19.80,0.25,35.85533,-0.60647,55472.40779,0
022325.01-003612.6,1001013046541,19.70,0.24,35.85546,-0.60678,55472.42149,0
022325.01-003612.6,1001013046541,19.15,0.19,35.85529,-0.60672,55472.42835,0
022325.01-003612.6,1001013046541,19.96,0.27,35.85510,-0.60712,55480.31611,0
022325.01-003612.6,1001013046541,19.72,0.24,35.85569,-0.60624,55480.33347,0
022325.01-003612.6,1001013046541,19.47,0.21,35.85579,-0.60651,55498.30013,0
022325.01-003612.6,1001013046541,19.89,0.26,35.85542,-0.60701,55455.36894,0
022325.01-003612.6,1001013046541,19.87,0.25,35.85579,-0.60684,55455.38498,0
022325.01-003612.6,1001013046541,19.57,0.22,35.85551,-0.60660,55565.17498,0
022325.01-003612.6,1001013046541,19.44,0.21,35.85497,-0.60686,55565.18245,0
022325.01-003612.6,1001013046541,19.62,0.23,35.85576,-0.60672,55565.19749,0
022325.01-003612.6,1001013046541,19.88,0.27,35.85577,-0.60648,55590.11366,0
022325.01-003612.6,1001013046541,19.08,0.19,35.85595,-0.60708,55590.11884,0
022325.01-003612.6,1001013046541,19.05,0.19,35.85493,-0.60611,55590.12398,0
022325.01-003612.6,1001013046541,20.46,0.33,35.85543,-0.60730,54025.34097,0
022325.01-003612.6,1001013046541,20.21,0.29,35.85573,-0.60727,54025.34986,0
022325.01-003612.6,1001013046541,19.84,0.24,35.85562,-0.60684,54025.35431,0
022325.01-003612.6,1001013046541,19.92,0.26,35.85527,-0.60715,55825.38558,0
022325.01-003612.6,1001013046541,19.78,0.24,35.85585,-0.60699,55825.40259,0
022325.01-003612.6,1001013046541,19.84,0.26,35.85609,-0.60748,55861.24982,0
022325.01-003612.6,1001013046541,20.00,0.28,35.85563,-0.60715,55835.29467,0
022325.01-003612.6,1001013046541,20.03,0.28,35.85528,-0.60742,55835.30369,0
022325.01-003612.6,1001013046541,19.62,0.23,35.85596,-0.60703,55835.31288,0
022325.01-003612.6,1001013046541,19.31,0.19,35.85540,-0.60707,55881.30506,0
022325.01-003612.6,1001013046541,19.82,0.24,35.85550,-0.60715,55881.31033,0
022325.01-003612.6,1001013046541,20.35,0.32,35.85586,-0.60689,55851.26639,0
022325.01-003612.6,1001013046541,19.89,0.25,35.85558,-0.60749,55851.27500,0
022325.01-003612.6,1001013046541,20.14,0.29,35.85570,-0.60697,55922.18145,0
022325.01-003612.6,1001013046541,20.13,0.29,35.85612,-0.60719,55922.18812,0
022325.01-003612.6,1001013046541,19.64,0.23,35.85561,-0.60703,55922.19483,0
022325.01-003612.6,1001013046541,19.36,0.20,35.85519,-0.60679,55922.20152,0
022325.01-003612.6,1001013046541,19.64,0.23,35.85544,-0.60707,56188.41381,0
022325.01-003612.6,1001013046541,19.16,0.18,35.85545,-0.60690,56188.41952,0
022325.01-003612.6,1001013046541,20.11,0.30,35.85570,-0.60733,56188.43088,0
022325.01-003612.6,1001013046541,19.80,0.25,35.85565,-0.60710,56213.34664,0
022325.01-003612.6,1001013046541,19.91,0.26,35.85563,-0.60688,56213.35347,0
022325.01-003612.6,1001013046541,19.57,0.22,35.85534,-0.60708,56213.36021,0
022325.01-003612.6,1001013046541,20.30,0.33,35.85549,-0.60696,56213.36707,0
022325.01-003612.6,1001013046541,19.86,0.26,35.85587,-0.60670,56223.26220,0
022325.01-003612.6,1001013046541,20.25,0.32,35.85598,-0.60727,56223.27423,0
022325.01-003612.6,1001013046541,19.98,0.23,35.85574,-0.60738,56238.31046,0
022325.01-003612.6,1001013046541,19.76,0.21,35.85550,-0.60716,56238.31853,0
022325.01-003612.6,1001013046541,20.42,0.29,35.85545,-0.60696,56238.32648,0
022325.01-003612.6,1001013046541,20.13,0.25,35.85558,-0.60698,56238.33446,0
022325.01-003612.6,1001013046541,19.30,0.20,35.85614,-0.60674,56253.19885,0
022325.01-003612.6,1001013046541,19.62,0.19,35.85549,-0.60702,56273.21758,0
022325.01-003612.6,1001013046541,19.73,0.20,35.85555,-0.60689,56273.22363,0
022325.01-003612.6,1001013046541,19.89,0.22,35.85554,-0.60760,56273.22972,0
022325.01-003612.6,1001013046541,19.71,0.20,35.85554,-0.60708,56273.23586,0
022325.01-003612.6,1001013046541,19.32,0.20,35.85577,-0.60699,56299.09327,0
022325.01-003612.6,1001013046541,19.82,0.25,35.85549,-0.60664,56299.09835,0
022325.01-003612.6,1001013046541,20.01,0.28,35.85567,-0.60698,56299.10344,0
022325.01-003612.6,1001013046541,19.89,0.26,35.85567,-0.60718,56299.10853,0
022325.01-003612.6,1001013046541,19.84,0.27,35.85558,-0.60685,56540.44834,0
022325.01-003612.6,1001013046541,19.87,0.28,35.85557,-0.60708,56540.45327,0
022325.01-003612.6,1001013046541,19.73,0.26,35.85550,-0.60698,56540.45822,0
022325.01-003612.6,1001013046541,19.99,0.30,35.85564,-0.60694,56540.46328,0
022325.01-003612.6,1001013046541,19.06,0.18,35.85540,-0.60701,56552.42933,0
022325.01-003612.6,1001013046541,18.64,0.15,35.85521,-0.60763,56552.43435,0
022325.01-003612.6,1001013046541,19.51,0.22,35.85510,-0.60683,56552.43948,0
022325.01-003612.6,1001013046541,19.64,0.24,35.85563,-0.60685,56552.44448,0
022325.01-003612.6,1001013046541,19.63,0.23,35.85535,-0.60711,56565.48406,0
022325.01-003612.6,1001013046541,20.05,0.28,35.85542,-0.60699,56565.48988,0
022325.01-003612.6,1001013046541,19.05,0.17,35.85518,-0.60682,56565.49614,0
022325.01-003612.6,1001013046541,20.34,0.33,35.85571,-0.60704,56571.34297,0
022325.01-003612.6,1001013046541,19.29,0.19,35.85504,-0.60717,56571.35647,0
022325.01-003612.6,1001013046541,19.67,0.23,35.85550,-0.60719,56571.36326,0
022325.01-003612.6,1001013046541,18.83,0.16,35.85537,-0.60663,56577.42132,0
022325.01-003612.6,1001013046541,19.81,0.25,35.85562,-0.60718,56577.42633,0
022325.01-003612.6,1001013046541,19.71,0.24,35.85575,-0.60723,56577.43133,0
022325.01-003612.6,1001013046541,19.27,0.19,35.85541,-0.60688,56577.43636,0
022325.01-003612.6,1001013046541,19.44,0.21,35.85533,-0.60655,56591.31473,0
022325.01-003612.6,1001013046541,19.66,0.23,35.85591,-0.60667,56591.32478,0
022325.01-003612.6,1001013046541,18.76,0.15,35.85548,-0.60682,56591.33483,0
022325.01-003612.6,1001013046541,19.77,0.24,35.85514,-0.60636,56591.34488,0
022325.01-003612.6,1001013046680,17.85,0.11,35.85441,-0.60345,53710.18691,0
022325.01-003612.6,1001013046680,17.96,0.11,35.85454,-0.60348,53710.19440,0
022325.01-003612.6,1001013046680,18.06,0.11,35.85449,-0.60333,53710.20191,0
022325.01-003612.6,1001013046680,17.73,0.10,35.85445,-0.60355,53710.20939,0
022325.01-003612.6,1001013046680,17.81,0.10,35.85447,-0.60344,53729.15863,0
022325.01-003612.6,1001013046680,18.05,0.11,35.85443,-0.60346,53729.16661,0
022325.01-003612.6,1001013046680,17.85,0.11,35.85436,-0.60344,53729.17460,0
022325.01-003612.6,1001013046680,17.66,0.10,35.85427,-0.60334,53729.18255,0
022325.01-003612.6,1001013046680,17.75,0.10,35.85419,-0.60341,53675.26528,0
022325.01-003612.6,1001013046680,17.95,0.11,35.85436,-0.60347,53675.27171,0
022325.01-003612.6,1001013046680,17.91,0.11,35.85438,-0.60341,53675.27814,0
022325.01-003612.6,1001013046680,17.67,0.10,35.85455,-0.60386,53675.28456,0
022325.01-003612.6,1001013046680,17.91,0.11,35.85455,-0.60340,53703.17384,0
022325.01-003612.6,1001013046680,17.79,0.11,35.85434,-0.60348,53703.18026,0
022325.01-003612.6,1001013046680,17.75,0.10,35.85402,-0.60331,53703.18672,0
022325.01-003612.6,1001013046680,18.03,0.11,35.85438,-0.60340,53703.19316,0
022325.01-003612.6,1001013046680,17.88,0.11,35.85450,-0.60330,53648.34655,0
022325.01-003612.6,1001013046680,17.99,0.12,35.85448,-0.60350,53648.35582,0
022325.01-003612.6,1001013046680,17.77,0.11,35.85420,-0.60343,53648.36505,0
022325.01-003612.6,1001013046680,17.81,0.11,35.85416,-0.60338,53648.37430,0
022325.01-003612.6,1001013046680,18.13,0.12,35.85455,-0.60337,53654.33682,0
022325.01-003612.6,1001013046680,17.99,0.12,35.85427,-0.60346,53654.34214,0
022325.01-003612.6,1001013046680,17.99,0.12,35.85438,-0.60335,53654.34751,0
022325.01-003612.6,1001013046680,18.06,0.12,35.85446,-0.60339,53654.35281,0
022325.01-003612.6,1001013046680,18.02,0.11,35.85443,-0.60346,53670.31437,0
022325.01-003612.6,1001013046680,17.82,0.11,35.85432,-0.60338,53670.32316,0
022325.01-003612.6,1001013046680,17.96,0.11,35.85432,-0.60351,53670.33171,0
022325.01-003612.6,1001013046680,17.96,0.11,35.85443,-0.60339,53670.34029,0
022325.01-003612.6,1001013046680,18.18,0.12,35.85477,-0.60336,53627.38544,0
022325.01-003612.6,1001013046680,17.87,0.11,35.85430,-0.60339,53627.39473,0
022325.01-003612.6,1001013046680,17.78,0.11,35.85428,-0.60345,53627.40385,0
022325.01-003612.6,1001013046680,18.05,0.12,35.85433,-0.60350,53627.41297,0
022325.01-003612.6,1001013046680,17.90,0.10,35.85442,-0.60344,54090.19255,0
022325.01-003612.6,1001013046680,17.99,0.11,35.85443,-0.60346,54090.19956,0
022325.01-003612.6,1001013046680,17.78,0.10,35.85453,-0.60345,54090.20656,0
022325.01-003612.6,1001013046680,17.94,0.11,35.85432,-0.60352,54090.21359,0
022325.01-003612.6,1001013046680,17.84,0.28,35.85447,-0.60351,53741.11520,0
022325.01-003612.6,1001013046680,17.55,0.24,35.85438,-0.60336,53741.12368,0
022325.01-003612.6,1001013046680,17.51,0.23,35.85427,-0.60319,53741.13222,0
022325.01-003612.6,1001013046680,18.03,0.31,35.85431,-0.60361,53741.14073,0
022325.01-003612.6,1001013046680,17.93,0.11,35.85440,-0.60336,53763.09894,0
022325.01-003612.6,1001013046680,17.84,0.11,35.85429,-0.60324,53763.10703,0
022325.01-003612.6,1001013046680,18.01,0.11,35.85445,-0.60341,53763.11512,0
022325.01-003612.6,1001013046680,17.60,0.10,35.85427,-0.60331,53763.12320,0
022325.01-003612.6,1001013046680,17.89,0.10,35.85447,-0.60338,54055.24092,0
022325.01-003612.6,1001013046680,17.74,0.09,35.85441,-0.60335,54055.25287,0
022325.01-003612.6,1001013046680,18.02,0.10,35.85427,-0.60343,54055.26482,0
022325.01-003612.6,1001013046680,17.93,0.10,35.85451,-0.60348,54055.27681,0
022325.01-003612.6,1001013046680,18.00,0.11,35.85428,-0.60343,54025.32052,0
022325.01-003612.6,1001013046680,17.93,0.11,35.85432,-0.60339,54025.32857,0
022325.01-003612.6,1001013046680,17.75,0.10,35.85434,-0.60340,53996.33613,0
022325.01-003612.6,1001013046680,18.07,0.11,35.85450,-0.60339,53996.34418,0
022325.01-003612.6,1001013046680,18.06,0.11,35.85447,-0.60327,53996.35225,0
022325.01-003612.6,1001013046680,17.99,0.11,35.85428,-0.60348,53996.36031,0
022325.01-003612.6,1001013046680,17.83,0.10,35.85463,-0.60395,54004.42200,0
022325.01-003612.6,1001013046680,18.20,0.12,35.85448,-0.60327,54004.42843,0
022325.01-003612.6,1001013046680,17.91,0.11,35.85436,-0.60346,54004.43485,0
022325.01-003612.6,1001013046680,17.92,0.11,35.85432,-0.60347,54004.44128,0
022325.01-003612.6,1001013046680,18.12,0.11,35.85442,-0.60334,54440.14920,0
022325.01-003612.6,1001013046680,17.99,0.11,35.85443,-0.60328,54440.15674,0
022325.01-003612.6,1001013046680,18.16,0.11,35.85449,-0.60337,54440.16428,0
022325.01-003612.6,1001013046680,17.95,0.11,35.85429,-0.60334,54440.17179,0
022325.01-003612.6,1001013046680,17.96,0.11,35.85444,-0.60328,54411.23917,0
022325.01-003612.6,1001013046680,18.15,0.12,35.85445,-0.60328,54411.24876,0
022325.01-003612.6,1001013046680,18.08,0.11,35.85444,-0.60338,54411.25838,0
022325.01-003612.6,1001013046680,17.98,0.11,35.85446,-0.60342,54411.26802,0
022325.01-003612.6,1001013046680,17.84,0.10,35.85436,-0.60343,54419.20377,0
022325.01-003612.6,1001013046680,18.07,0.11,35.85435,-0.60333,54419.20974,0
022325.01-003612.6,1001013046680,17.97,0.11,35.85445,-0.60349,54419.21569,0
022325.01-003612.6,1001013046680,18.17,0.12,35.85441,-0.60343,54419.22169,0
022325.01-003612.6,1001013046680,17.84,0.11,35.85438,-0.60331,54383.31115,0
022325.01-003612.6,1001013046680,17.91,0.11,35.85439,-0.60346,54383.31766,0
022325.01-003612.6,1001013046680,18.15,0.12,35.85462,-0.60340,54383.32418,0
022325.01-003612.6,1001013046680,18.16,0.12,35.85445,-0.60329,54383.33071,0
022325.01-003612.6,1001013046680,18.20,0.12,35.85448,-0.60332,54392.30608,0
022325.01-003612.6,1001013046680,18.11,0.11,35.85447,-0.60325,54392.31530,0
022325.01-003612.6,1001013046680,18.02,0.11,35.85447,-0.60326,54392.32453,0
022325.01-003612.6,1001013046680,18.09,0.11,35.85451,-0.60322,54392.33378,0
022325.01-003612.6,1001013046680,17.92,0.11,35.85438,-0.60325,54404.26898,0
022325.01-003612.6,1001013046680,18.34,0.12,35.85470,-0.60328,54404.27754,0
022325.01-003612.6,1001013046680,18.11,0.11,35.85473,-0.60335,54404.28397,0
022325.01-003612.6,1001013046680,17.83,0.10,35.85446,-0.60336,54404.29042,0
022325.01-003612.6,1001013046680,18.07,0.11,35.85443,-0.60330,54355.39743,0
022325.01-003612.6,1001013046680,17.92,0.11,35.85430,-0.60328,54355.40397,0
022325.01-003612.6,1001013046680,17.84,0.10,35.85444,-0.60330,54355.41052,0
022325.01-003612.6,1001013046680,17.98,0.11,35.85462,-0.60346,54355.41703,0
022325.01-003612.6,1001013046680,17.88,0.10,35.85436,-0.60326,54801.22188,0
022325.01-003612.6,1001013046680,17.91,0.10,35.85437,-0.60332,54801.22975,0
022325.01-003612.6,1001013046680,17.80,0.10,35.85422,-0.60341,54801.23769,0
022325.01-003612.6,1001013046680,17.95,0.11,35.85447,-0.60334,54801.24560,0
022325.01-003612.6,1001013046680,18.03,0.11,35.85444,-0.60342,54830.14213,0
022325.01-003612.6,1001013046680,17.85,0.10,35.85432,-0.60335,54830.14936,0
022325.01-003612.6,1001013046680,17.80,0.10,35.85446,-0.60343,54830.15643,0
022325.01-003612.6,1001013046680,17.82,0.10,35.85431,-0.60342,54830.16355,0
022325.01-003612.6,1001013046680,18.02,0.11,35.85434,-0.60338,54498.14508,0
022325.01-003612.6,1001013046680,18.03,0.11,35.85428,-0.60333,54498.15044,0
022325.01-003612.6,1001013046680,18.03,0.11,35.85428,-0.60328,54498.15583,0
022325.01-003612.6,1001013046680,18.03,0.11,35.85431,-0.60335,54498.16118,0
022325.01-003612.6,1001013046680,18.03,0.11,35.85435,-0.60350,54506.10631,0
022325.01-003612.6,1001013046680,17.96,0.11,35.85441,-0.60331,54506.11268,0
022325.01-003612.6,1001013046680,17.89,0.11,35.85431,-0.60336,54506.11907,0
022325.01-003612.6,1001013046680,17.65,0.10,35.85448,-0.60344,54506.12548,0
022325.01-003612.6,1001013046680,17.85,0.10,35.85404,-0.60337,54466.20472,0
022325.01-003612.6,1001013046680,17.99,0.11,35.85425,-0.60326,54466.21064,0
022325.01-003612.6,1001013046680,17.84,0.10,35.85437,-0.60338,54466.21655,0
022325.01-003612.6,1001013046680,18.23,0.12,35.85439,-0.60328,54466.22247,0
022325.01-003612.6,1001013046680,18.05,0.11,35.85441,-0.60337,54772.30305,0
022325.01-003612.6,1001013046680,17.95,0.11,35.85435,-0.60343,54772.30786,0
022325.01-003612.6,1001013046680,18.00,0.11,35.85421,-0.60331,54772.31267,0
022325.01-003612.6,1001013046680,17.90,0.11,35.85438,-0.60343,54772.31749,0
022325.01-003612.6,1001013046680,18.07,0.11,35.85439,-0.60335,54787.25139,0
022325.01-003612.6,1001013046680,17.94,0.11,35.85431,-0.60339,54787.25868,0
022325.01-003612.6,1001013046680,18.13,0.11,35.85444,-0.60327,54787.26594,0
022325.01-003612.6,1001013046680,18.04,0.11,35.85441,-0.60341,54787.27309,0
022325.01-003612.6,1001013046680,18.20,0.12,35.85464,-0.60326,54747.39129,0
022325.01-003612.6,1001013046680,17.77,0.10,35.85480,-0.60376,54747.39775,0
022325.01-003612.6,1001013046680,17.94,0.10,35.85460,-0.60327,54747.40441,0
022325.01-003612.6,1001013046680,17.96,0.11,35.85458,-0.60322,54747.41110,0
022325.01-003612.6,1001013046680,17.99,0.11,35.85447,-0.60325,54717.41058,0
022325.01-003612.6,1001013046680,17.70,0.10,35.85462,-0.60332,54717.41423,0
022325.01-003612.6,1001013046680,17.97,0.11,35.85438,-0.60311,54730.47029,0
022325.01-003612.6,1001013046680,17.53,0.09,35.85435,-0.60320,54730.47679,0
022325.01-003612.6,1001013046680,18.36,0.12,35.85465,-0.60310,54730.48333,0
022325.01-003612.6,1001013046680,17.68,0.10,35.85448,-0.60346,54730.48981,0
022325.01-003612.6,1001013046680,18.02,0.11,35.85450,-0.60322,54738.34870,0
022325.01-003612.6,1001013046680,18.03,0.11,35.85467,-0.60332,54738.35953,0
022325.01-003612.6,1001013046680,17.99,0.11,35.85465,-0.60326,54738.37051,0
022325.01-003612.6,1001013046680,17.84,0.10,35.85464,-0.60320,54738.38137,0
022325.01-003612.6,1001013046680,17.84,0.11,35.85438,-0.60321,55063.42438,0
022325.01-003612.6,1001013046680,17.83,0.11,35.85436,-0.60324,55063.43152,0
022325.01-003612.6,1001013046680,17.91,0.11,35.85431,-0.60324,55063.43866,0
022325.01-003612.6,1001013046680,18.02,0.15,35.85444,-0.60333,55063.44596,0
022325.01-003612.6,1001013046680,17.85,0.15,35.85428,-0.60337,55073.37065,0
022325.01-003612.6,1001013046680,17.97,0.16,35.85441,-0.60338,55073.37674,0
022325.01-003612.6,1001013046680,17.83,0.14,35.85437,-0.60331,55073.38262,0
022325.01-003612.6,1001013046680,17.93,0.17,35.85467,-0.60321,55073.38863,0
022325.01-003612.6,1001013046680,17.88,0.11,35.85447,-0.60332,55180.12447,0
022325.01-003612.6,1001013046680,17.86,0.10,35.85434,-0.60354,55180.13133,0
022325.01-003612.6,1001013046680,17.94,0.11,35.85439,-0.60335,55180.13821,0
022325.01-003612.6,1001013046680,17.80,0.10,35.85432,-0.60342,55180.14511,0
022325.01-003612.6,1001013046680,17.96,0.11,35.85447,-0.60328,54881.11536,0
022325.01-003612.6,1001013046680,17.94,0.11,35.85438,-0.60330,54881.12016,0
022325.01-003612.6,1001013046680,17.91,0.11,35.85447,-0.60342,54881.12505,0
022325.01-003612.6,1001013046680,18.10,0.11,35.85424,-0.60331,54881.12968,0
022325.01-003612.6,1001013046680,17.88,0.11,35.85450,-0.60339,55152.27691,0
022325.01-003612.6,1001013046680,18.05,0.11,35.85442,-0.60343,55152.28405,0
022325.01-003612.6,1001013046680,18.03,0.11,35.85448,-0.60347,55152.29138,0
022325.01-003612.6,1001013046680,17.85,0.10,35.85445,-0.60340,55152.29858,0
022325.01-003612.6,1001013046680,17.78,0.10,35.85456,-0.60336,55119.31009,0
022325.01-003612.6,1001013046680,17.60,0.10,35.85446,-0.60345,55119.31736,0
022325.01-003612.6,1001013046680,17.90,0.11,35.85425,-0.60354,55119.32473,0
022325.01-003612.6,1001013046680,17.74,0.10,35.85422,-0.60338,55119.33208,0
022325.01-003612.6,1001013046680,17.84,0.11,35.85439,-0.60331,55090.40255,0
022325.01-003612.6,1001013046680,17.84,0.11,35.85408,-0.60333,55090.41093,0
022325.01-003612.6,1001013046680,17.72,0.10,35.85437,-0.60341,55090.41932,0
022325.01-003612.6,1001013046680,17.94,0.11,35.85434,-0.60346,55090.42785,0
022325.01-003612.6,1001013046680,17.80,0.10,35.85467,-0.60385,55098.44696,0
022325.01-003612.6,1001013046680,17.90,0.11,35.85437,-0.60344,55098.45422,0
022325.01-003612.6,1001013046680,17.91,0.11,35.85434,-0.60335,55098.46151,0
022325.01-003612.6,1001013046680,17.90,0.11,35.85431,-0.60345,55098.46877,0
022325.01-003612.6,1001013046680,18.08,0.11,35.85439,-0.60319,55539.20931,0
022325.01-003612.6,1001013046680,18.09,0.12,35.85446,-0.60320,55539.22857,0
022325.01-003612.6,1001013046680,17.84,0.11,35.85431,-0.60319,55539.23824,0
022325.01-003612.6,1001013046680,18.10,0.12,35.85437,-0.60332,55544.07991,0
022325.01-003612.6,1001013046680,18.02,0.11,35.85455,-0.60329,55544.09351,0
022325.01-003612.6,1001013046680,18.24,0.12,35.85447,-0.60321,55544.10026,0
022325.01-003612.6,1001013046680,17.94,0.11,35.85411,-0.60346,55211.16269,0
022325.01-003612.6,1001013046680,17.83,0.10,35.85439,-0.60337,55211.16945,0
022325.01-003612.6,1001013046680,17.70,0.10,35.85423,-0.60344,55211.17632,0
022325.01-003612.6,1001013046680,17.86,0.11,35.85432,-0.60336,55211.18317,0
022325.01-003612.6,1001013046680,18.13,0.10,35.85457,-0.60310,55506.32106,0
022325.01-003612.6,1001013046680,18.15,0.10,35.85445,-0.60318,55506.34832,0
022325.01-003612.6,1001013046680,18.20,0.12,35.85430,-0.60327,55514.25085,0
022325.01-003612.6,1001013046680,18.16,0.12,35.85431,-0.60314,55514.26473,0
022325.01-003612.6,1001013046680,18.32,0.13,35.85433,-0.60320,55514.27171,0
022325.01-003612.6,1001013046680,17.93,0.11,35.85444,-0.60315,55530.20169,0
022325.01-003612.6,1001013046680,17.78,0.10,35.85443,-0.60317,55530.21203,0
022325.01-003612.6,1001013046680,18.13,0.12,35.85431,-0.60319,55530.21723,0
022325.01-003612.6,1001013046680,18.11,0.12,35.85445,-0.60331,55472.40779,0
022325.01-003612.6,1001013046680,17.77,0.11,35.85420,-0.60325,55472.42149,0
022325.01-003612.6,1001013046680,17.80,0.11,35.85428,-0.60336,55472.42835,0
022325.01-003612.6,1001013046680,18.07,0.11,35.85448,-0.60324,55480.31611,0
022325.01-003612.6,1001013046680,17.80,0.10,35.85419,-0.60320,55480.32769,0
022325.01-003612.6,1001013046680,18.08,0.11,35.85436,-0.60317,55480.33347,0
022325.01-003612.6,1001013046680,18.03,0.11,35.85454,-0.60328,55498.30013,0
022325.01-003612.6,1001013046680,17.90,0.11,35.85450,-0.60315,55498.31396,0
022325.01-003612.6,1001013046680,17.93,0.11,35.85445,-0.60325,55498.32088,0
022325.01-003612.6,1001013046680,18.28,0.12,35.85440,-0.60344,55455.36894,0
022325.01-003612.6,1001013046680,18.05,0.11,35.85439,-0.60340,55455.38498,0
022325.01-003612.6,1001013046680,17.82,0.10,35.85426,-0.60359,55455.39248,0
022325.01-003612.6,1001013046680,18.15,0.12,35.85438,-0.60328,55565.17498,0
022325.01-003612.6,1001013046680,18.15,0.12,35.85427,-0.60329,55565.18245,0
022325.01-003612.6,1001013046680,17.93,0.11,35.85427,-0.60305,55565.19001,0
022325.01-003612.6,1001013046680,18.11,0.12,35.85434,-0.60327,55565.19749,0
022325.01-003612.6,1001013046680,17.96,0.11,35.85459,-0.60313,55590.11366,0
022325.01-003612.6,1001013046680,17.96,0.12,35.85462,-0.60322,55590.11884,0
022325.01-003612.6,1001013046680,18.23,0.13,35.85410,-0.60307,55590.12398,0
022325.01-003612.6,1001013046680,17.97,0.12,35.85467,-0.60372,55590.12920,0
022325.01-003612.6,1001013046680,18.11,0.11,35.85453,-0.60346,54025.34097,0
022325.01-003612.6,1001013046680,17.78,0.10,35.85442,-0.60352,54025.34541,0
022325.01-003612.6,1001013046680,17.88,0.10,35.85445,-0.60355,54025.34986,0
022325.01-003612.6,1001013046680,17.85,0.10,35.85440,-0.60354,54025.35431,0
022325.01-003612.6,1001013046680,17.96,0.11,35.85436,-0.60338,55825.38558,0
022325.01-003612.6,1001013046680,18.00,0.11,35.85455,-0.60362,55825.39403,0
022325.01-003612.6,1001013046680,17.96,0.11,35.85453,-0.60342,55825.40259,0
022325.01-003612.6,1001013046680,18.20,0.12,35.85469,-0.60342,55825.41102,0
022325.01-003612.6,1001013046680,17.95,0.11,35.85429,-0.60342,55861.24982,0
022325.01-003612.6,1001013046680,17.90,0.11,35.85478,-0.60322,55861.25676,0
022325.01-003612.6,1001013046680,18.11,0.12,35.85459,-0.60345,55861.26371,0
022325.01-003612.6,1001013046680,18.05,0.11,35.85450,-0.60332,55861.27061,0
022325.01-003612.6,1001013046680,18.19,0.12,35.85454,-0.60342,55835.28561,0
022325.01-003612.6,1001013046680,18.04,0.11,35.85461,-0.60351,55835.29467,0
022325.01-003612.6,1001013046680,18.17,0.12,35.85458,-0.60340,55835.30369,0
022325.01-003612.6,1001013046680,18.14,0.12,35.85441,-0.60350,55835.31288,0
022325.01-003612.6,1001013046680,18.17,0.12,35.85447,-0.60348,55881.29457,0
022325.01-003612.6,1001013046680,17.96,0.11,35.85446,-0.60334,55881.29984,0
022325.01-003612.6,1001013046680,18.26,0.12,35.85460,-0.60333,55881.30506,0
022325.01-003612.6,1001013046680,18.21,0.12,35.85461,-0.60336,55881.31033,0
022325.01-003612.6,1001013046680,18.19,0.12,35.85453,-0.60360,55851.24942,0
022325.01-003612.6,1001013046680,18.23,0.12,35.85425,-0.60351,55851.25789,0
022325.01-003612.6,1001013046680,17.86,0.10,35.85434,-0.60354,55851.26639,0
022325.01-003612.6,1001013046680,18.27,0.12,35.85445,-0.60332,55851.27500,0
022325.01-003612.6,1001013046680,17.99,0.11,35.85435,-0.60344,55922.18145,0
022325.01-003612.6,1001013046680,18.16,0.12,35.85433,-0.60337,55922.18812,0
022325.01-003612.6,1001013046680,18.06,0.11,35.85450,-0.60340,55922.19483,0
022325.01-003612.6,1001013046680,18.11,0.12,35.85459,-0.60361,55922.20152,0
022325.01-003612.6,1001013046680,18.10,0.12,35.85461,-0.60321,56188.41381,0
022325.01-003612.6,1001013046680,18.30,0.13,35.85455,-0.60333,56188.41952,0
022325.01-003612.6,1001013046680,18.11,0.12,35.85451,-0.60332,56188.42523,0
022325.01-003612.6,1001013046680,18.15,0.12,35.85456,-0.60338,56188.43088,0
022325.01-003612.6,1001013046680,18.13,0.12,35.85443,-0.60348,56213.34664,0
022325.01-003612.6,1001013046680,18.29,0.13,35.85445,-0.60346,56213.35347,0
022325.01-003612.6,1001013046680,18.29,0.13,35.85449,-0.60336,56213.36021,0
022325.01-003612.6,1001013046680,17.94,0.11,35.85441,-0.60337,56213.36707,0
022325.01-003612.6,1001013046680,18.16,0.12,35.85453,-0.60342,56223.26220,0
022325.01-003612.6,1001013046680,17.91,0.11,35.85448,-0.60341,56223.26822,0
022325.01-003612.6,1001013046680,17.98,0.11,35.85462,-0.60343,56223.27423,0
022325.01-003612.6,1001013046680,17.83,0.11,35.85428,-0.60335,56223.28024,0
022325.01-003612.6,1001013046680,18.21,0.12,35.85436,-0.60335,56233.22383,0
022325.01-003612.6,1001013046680,18.25,0.12,35.85454,-0.60333,56233.23397,0
022325.01-003612.6,1001013046680,17.73,0.10,35.85481,-0.60385,56233.24412,0
022325.01-003612.6,1001013046680,17.93,0.11,35.85437,-0.60336,56233.25430,0
022325.01-003612.6,1001013046680,18.17,0.11,35.85445,-0.60339,56238.31046,0
022325.01-003612.6,1001013046680,18.14,0.11,35.85446,-0.60329,56238.31853,0
022325.01-003612.6,1001013046680,17.83,0.10,35.85420,-0.60333,56238.32648,0
022325.01-003612.6,1001013046680,18.33,0.11,35.85455,-0.60337,56238.33446,0
022325.01-003612.6,1001013046680,18.16,0.12,35.85432,-0.60335,56253.19306,0
022325.01-003612.6,1001013046680,18.14,0.12,35.85443,-0.60334,56253.19885,0
022325.01-003612.6,1001013046680,17.58,0.10,35.85466,-0.60350,56253.20451,0
022325.01-003612.6,1001013046680,17.89,0.11,35.85466,-0.60340,56253.21018,0
022325.01-003612.6,1001013046680,18.14,0.12,35.85452,-0.60334,56265.23562,0
022325.01-003612.6,1001013046680,18.26,0.13,35.85457,-0.60362,56265.25123,0
022325.01-003612.6,1001013046680,18.25,0.13,35.85417,-0.60329,56265.25819,0
022325.01-003612.6,1001013046680,17.93,0.11,35.85422,-0.60342,56265.26329,0
022325.01-003612.6,1001013046680,18.06,0.10,35.85453,-0.60344,56273.21758,0
022325.01-003612.6,1001013046680,18.11,0.10,35.85454,-0.60343,56273.22363,0
022325.01-003612.6,1001013046680,18.22,0.11,35.85452,-0.60347,56273.22972,0
022325.01-003612.6,1001013046680,18.12,0.10,35.85439,-0.60341,56273.23586,0
022325.01-003612.6,1001013046680,17.99,0.11,35.85427,-0.60343,56299.09327,0
022325.01-003612.6,1001013046680,18.12,0.12,35.85446,-0.60337,56299.09835,0
022325.01-003612.6,1001013046680,17.97,0.11,35.85439,-0.60337,56299.10344,0
022325.01-003612.6,1001013046680,18.02,0.11,35.85454,-0.60340,56299.10853,0
022325.01-003612.6,1001013046680,18.07,0.12,35.85447,-0.60335,56540.44834,0
022325.01-003612.6,1001013046680,18.16,0.12,35.85440,-0.60350,56540.45327,0
022325.01-003612.6,1001013046680,18.13,0.12,35.85416,-0.60341,56540.45822,0
022325.01-003612.6,1001013046680,18.16,0.12,35.85451,-0.60328,56540.46328,0
022325.01-003612.6,1001013046680,18.00,0.11,35.85450,-0.60327,56552.42933,0
022325.01-003612.6,1001013046680,17.94,0.11,35.85477,-0.60345,56552.43435,0
022325.01-003612.6,1001013046680,18.00,0.11,35.85441,-0.60329,56552.43948,0
022325.01-003612.6,1001013046680,18.18,0.12,35.85459,-0.60349,56552.44448,0
022325.01-003612.6,1001013046680,17.97,0.11,35.85452,-0.60342,56565.47828,0
022325.01-003612.6,1001013046680,18.07,0.11,35.85439,-0.60329,56565.48406,0
022325.01-003612.6,1001013046680,18.17,0.12,35.85434,-0.60340,56565.48988,0
022325.01-003612.6,1001013046680,18.02,0.11,35.85426,-0.60333,56565.49614,0
022325.01-003612.6,1001013046680,18.19,0.12,35.85437,-0.60337,56571.34297,0
022325.01-003612.6,1001013046680,17.92,0.11,35.85444,-0.60345,56571.34974,0
022325.01-003612.6,1001013046680,18.14,0.12,35.85434,-0.60344,56571.35647,0
022325.01-003612.6,1001013046680,18.07,0.11,35.85445,-0.60342,56571.36326,0
022325.01-003612.6,1001013046680,18.00,0.11,35.85460,-0.60329,56577.42132,0
022325.01-003612.6,1001013046680,18.01,0.11,35.85438,-0.60362,56577.42633,0
022325.01-003612.6,1001013046680,18.09,0.12,35.85449,-0.60351,56577.43133,0
022325.01-003612.6,1001013046680,18.08,0.12,35.85456,-0.60345,56577.43636,0
022325.01-003612.6,1001013046680,18.07,0.11,35.85426,-0.60334,56591.31473,0
022325.01-003612.6,1001013046680,18.02,0.11,35.85432,-0.60341,56591.32478,0
022325.01-003612.6,1001013046680,17.18,0.09,35.85412,-0.60292,56591.33483,0
022325.01-003612.6,1001013046680,17.98,0.11,35.85450,-0.60338,56591.34488,0
220546.32+005319.2,1101118022488,17.86,0.11,331.44306, 0.88870,53706.11510,0
220546.32+005319.2,1101118022488,17.94,0.11,331.44300, 0.88867,53706.12282,0
220546.32+005319.2,1101118022488,17.92,0.11,331.44315, 0.88863,53706.13031,0
220546.32+005319.2,1101118022488,17.91,0.11,331.44308, 0.88873,53706.13787,0
220546.32+005319.2,1101118022488,17.87,0.11,331.44330, 0.88854,53553.35024,0
220546.32+005319.2,1101118022488,18.00,0.12,331.44311, 0.88867,53553.35681,0
220546.32+005319.2,1101118022488,17.91,0.11,331.44312, 0.88867,53553.36334,0
220546.32+005319.2,1101118022488,17.85,0.11,331.44320, 0.88868,53553.36983,0
220546.32+005319.2,1101118022488,17.92,0.12,331.44287, 0.88866,53567.40511,0
220546.32+005319.2,1101118022488,17.84,0.11,331.44315, 0.88858,53567.41165,0
220546.32+005319.2,1101118022488,17.98,0.12,331.44297, 0.88862,53567.41830,0
220546.32+005319.2,1101118022488,17.89,0.12,331.44323, 0.88867,53567.42497,0
220546.32+005319.2,1101118022488,17.92,0.11,331.44323, 0.88862,53527.40295,0
220546.32+005319.2,1101118022488,17.93,0.11,331.44308, 0.88855,53527.41189,0
220546.32+005319.2,1101118022488,18.00,0.11,331.44317, 0.88863,53527.42062,0
220546.32+005319.2,1101118022488,17.94,0.11,331.44332, 0.88867,53527.42934,0
220546.32+005319.2,1101118022488,17.72,0.11,331.44329, 0.88863,53505.45224,0
220546.32+005319.2,1101118022488,17.96,0.12,331.44313, 0.88866,53505.45760,0
220546.32+005319.2,1101118022488,17.94,0.11,331.44311, 0.88865,53505.46297,0
220546.32+005319.2,1101118022488,17.99,0.12,331.44314, 0.88865,53505.46833,0
220546.32+005319.2,1101118022488,17.65,0.10,331.44310, 0.88859,53675.15048,0
220546.32+005319.2,1101118022488,17.94,0.11,331.44304, 0.88864,53675.15711,0
220546.32+005319.2,1101118022488,17.99,0.11,331.44316, 0.88862,53675.16378,0
220546.32+005319.2,1101118022488,17.99,0.11,331.44318, 0.88866,53675.17062,0
220546.32+005319.2,1101118022488,18.02,0.12,331.44294, 0.88877,53687.07981,0
220546.32+005319.2,1101118022488,17.89,0.11,331.44304, 0.88859,53687.08718,0
220546.32+005319.2,1101118022488,17.75,0.10,331.44311, 0.88847,53687.09456,0
220546.32+005319.2,1101118022488,18.03,0.12,331.44317, 0.88880,53687.10197,0
220546.32+005319.2,1101118022488,17.88,0.11,331.44309, 0.88869,53696.07610,0
220546.32+005319.2,1101118022488,18.04,0.12,331.44304, 0.88867,53696.08253,0
220546.32+005319.2,1101118022488,17.80,0.11,331.44295, 0.88861,53696.08893,0
220546.32+005319.2,1101118022488,17.93,0.11,331.44315, 0.88864,53696.09535,0
220546.32+005319.2,1101118022488,17.75,0.11,331.44331, 0.88875,53644.17035,0
220546.32+005319.2,1101118022488,17.66,0.10,331.44329, 0.88854,53644.17489,0
220546.32+005319.2,1101118022488,17.99,0.12,331.44310, 0.88862,53644.17946,0
220546.32+005319.2,1101118022488,17.89,0.11,331.44336, 0.88863,53644.18397,0
220546.32+005319.2,1101118022488,17.82,0.11,331.44318, 0.88865,53653.13818,0
220546.32+005319.2,1101118022488,17.83,0.11,331.44324, 0.88868,53653.14571,0
220546.32+005319.2,1101118022488,17.91,0.12,331.44307, 0.88855,53653.15322,0
220546.32+005319.2,1101118022488,17.83,0.11,331.44305, 0.88883,53653.16074,0
220546.32+005319.2,1101118022488,17.80,0.11,331.44326, 0.88863,53670.14443,0
220546.32+005319.2,1101118022488,17.96,0.11,331.44314, 0.88862,53670.14932,0
220546.32+005319.2,1101118022488,17.94,0.11,331.44316, 0.88862,53670.15420,0
220546.32+005319.2,1101118022488,17.94,0.11,331.44321, 0.88877,53670.15910,0
220546.32+005319.2,1101118022488,17.98,0.12,331.44308, 0.88862,53637.21349,0
220546.32+005319.2,1101118022488,17.85,0.11,331.44306, 0.88867,53637.21988,0
220546.32+005319.2,1101118022488,18.09,0.12,331.44298, 0.88873,53637.22631,0
220546.32+005319.2,1101118022488,17.93,0.12,331.44301, 0.88869,53637.23276,0
220546.32+005319.2,1101118022488,17.82,0.10,331.44308, 0.88868,53976.22762,0
220546.32+005319.2,1101118022488,17.77,0.10,331.44314, 0.88867,53976.23246,0
220546.32+005319.2,1101118022488,17.74,0.10,331.44323, 0.88874,53976.23731,0
220546.32+005319.2,1101118022488,17.85,0.10,331.44310, 0.88869,53976.24215,0
220546.32+005319.2,1101118022488,17.83,0.11,331.44302, 0.88871,54080.11315,0
220546.32+005319.2,1101118022488,17.84,0.11,331.44299, 0.88857,54080.11863,0
220546.32+005319.2,1101118022488,17.84,0.11,331.44306, 0.88862,54080.12408,0
220546.32+005319.2,1101118022488,17.78,0.10,331.44320, 0.88876,54080.12954,0
220546.32+005319.2,1101118022488,17.78,0.12,331.44316, 0.88861,53917.39632,0
220546.32+005319.2,1101118022488,17.98,0.13,331.44303, 0.88871,53917.40218,0
220546.32+005319.2,1101118022488,17.72,0.11,331.44311, 0.88863,53917.40804,0
220546.32+005319.2,1101118022488,17.88,0.12,331.44309, 0.88865,53917.41390,0
220546.32+005319.2,1101118022488,17.55,0.23,331.44303, 0.88862,53904.38598,0
220546.32+005319.2,1101118022488,17.70,0.27,331.44284, 0.88875,53904.38697,0
220546.32+005319.2,1101118022488,17.57,0.25,331.44324, 0.88827,53904.38799,0
220546.32+005319.2,1101118022488,17.99,0.31,331.44303, 0.88871,53904.38898,0
220546.32+005319.2,1101118022488,17.92,0.12,331.44305, 0.88867,53907.38418,0
220546.32+005319.2,1101118022488,18.01,0.12,331.44317, 0.88868,53907.39276,0
220546.32+005319.2,1101118022488,17.79,0.11,331.44319, 0.88870,53907.40237,0
220546.32+005319.2,1101118022488,17.83,0.11,331.44317, 0.88857,53907.41098,0
220546.32+005319.2,1101118022488,17.98,0.31,331.44220, 0.88841,53874.43975,0
220546.32+005319.2,1101118022488,18.39,0.39,331.44298, 0.88898,53874.44052,0
220546.32+005319.2,1101118022488,18.16,0.34,331.44325, 0.88883,53874.44126,0
220546.32+005319.2,1101118022488,17.81,0.11,331.44321, 0.88865,53886.41234,0
220546.32+005319.2,1101118022488,17.86,0.11,331.44317, 0.88868,53886.42260,0
220546.32+005319.2,1101118022488,17.79,0.11,331.44338, 0.88845,53886.43280,0
220546.32+005319.2,1101118022488,17.95,0.12,331.44319, 0.88866,53886.44303,0
220546.32+005319.2,1101118022488,17.92,0.11,331.44293, 0.88858,54052.11042,0
220546.32+005319.2,1101118022488,17.70,0.10,331.44315, 0.88856,54052.11683,0
220546.32+005319.2,1101118022488,17.69,0.10,331.44336, 0.88860,54052.12325,0
220546.32+005319.2,1101118022488,17.86,0.10,331.44313, 0.88860,54052.12967,0
220546.32+005319.2,1101118022488,17.90,0.11,331.44315, 0.88864,54058.09840,0
220546.32+005319.2,1101118022488,17.93,0.11,331.44303, 0.88866,54058.10487,0
220546.32+005319.2,1101118022488,17.74,0.10,331.44310, 0.88860,54058.11135,0
220546.32+005319.2,1101118022488,17.91,0.11,331.44315, 0.88869,54058.11783,0
220546.32+005319.2,1101118022488,17.76,0.10,331.44330, 0.88850,54024.08474,0
220546.32+005319.2,1101118022488,17.87,0.10,331.44322, 0.88860,54024.09219,0
220546.32+005319.2,1101118022488,17.80,0.10,331.44316, 0.88865,54024.09963,0
220546.32+005319.2,1101118022488,17.94,0.11,331.44308, 0.88866,54024.10703,0
220546.32+005319.2,1101118022488,17.70,0.10,331.44302, 0.88865,54030.15347,0
220546.32+005319.2,1101118022488,17.79,0.10,331.44317, 0.88866,54030.15942,0
220546.32+005319.2,1101118022488,17.92,0.11,331.44311, 0.88862,54030.16534,0
220546.32+005319.2,1101118022488,17.88,0.11,331.44318, 0.88863,54030.17127,0
220546.32+005319.2,1101118022488,17.93,0.11,331.44317, 0.88863,54037.16021,0
220546.32+005319.2,1101118022488,17.92,0.11,331.44307, 0.88880,54037.16639,0
220546.32+005319.2,1101118022488,17.68,0.10,331.44320, 0.88850,54037.17228,0
220546.32+005319.2,1101118022488,17.91,0.11,331.44317, 0.88870,54037.17819,0
220546.32+005319.2,1101118022488,17.88,0.11,331.44310, 0.88874,53989.17460,0
220546.32+005319.2,1101118022488,17.72,0.10,331.44309, 0.88872,53989.18103,0
220546.32+005319.2,1101118022488,17.84,0.10,331.44310, 0.88866,53989.18747,0
220546.32+005319.2,1101118022488,17.88,0.11,331.44321, 0.88867,53989.19391,0
220546.32+005319.2,1101118022488,17.91,0.11,331.44315, 0.88864,54004.14318,0
220546.32+005319.2,1101118022488,17.85,0.10,331.44301, 0.88871,54004.15130,0
220546.32+005319.2,1101118022488,17.95,0.11,331.44316, 0.88864,54004.15943,0
220546.32+005319.2,1101118022488,17.99,0.11,331.44308, 0.88868,54004.16756,0
220546.32+005319.2,1101118022488,17.69,0.11,331.44326, 0.88851,54298.44191,0
220546.32+005319.2,1101118022488,17.95,0.14,331.44290, 0.88857,54298.44479,0
220546.32+005319.2,1101118022488,17.60,0.11,331.44306, 0.88876,54298.44767,0
220546.32+005319.2,1101118022488,17.84,0.12,331.44307, 0.88858,54298.45056,0
220546.32+005319.2,1101118022488,17.63,0.10,331.44319, 0.88868,54261.39193,0
220546.32+005319.2,1101118022488,17.66,0.10,331.44321, 0.88850,54261.40011,0
220546.32+005319.2,1101118022488,17.78,0.11,331.44319, 0.88858,54261.40828,0
220546.32+005319.2,1101118022488,17.65,0.10,331.44301, 0.88856,54261.41646,0
220546.32+005319.2,1101118022488,17.74,0.11,331.44335, 0.88860,54269.36862,0
220546.32+005319.2,1101118022488,17.88,0.11,331.44317, 0.88860,54269.37617,0
220546.32+005319.2,1101118022488,17.71,0.10,331.44291, 0.88860,54269.38372,0
220546.32+005319.2,1101118022488,17.88,0.11,331.44313, 0.88865,54269.39128,0
220546.32+005319.2,1101118022488,17.80,0.11,331.44326, 0.88856,54276.34512,0
220546.32+005319.2,1101118022488,17.64,0.10,331.44328, 0.88861,54276.35218,0
220546.32+005319.2,1101118022488,17.89,0.11,331.44313, 0.88865,54276.35920,0
220546.32+005319.2,1101118022488,17.85,0.11,331.44313, 0.88870,54276.36623,0
220546.32+005319.2,1101118022488,17.70,0.11,331.44333, 0.88851,54239.44384,0
220546.32+005319.2,1101118022488,17.73,0.11,331.44314, 0.88864,54239.45036,0
220546.32+005319.2,1101118022488,17.85,0.11,331.44291, 0.88863,54239.45687,0
220546.32+005319.2,1101118022488,17.68,0.11,331.44315, 0.88858,54239.46338,0
220546.32+005319.2,1101118022488,17.78,0.12,331.44314, 0.88871,54247.41109,0
220546.32+005319.2,1101118022488,17.86,0.12,331.44302, 0.88873,54247.41940,0
220546.32+005319.2,1101118022488,17.83,0.12,331.44315, 0.88868,54247.42775,0
220546.32+005319.2,1101118022488,17.87,0.12,331.44300, 0.88867,54247.43607,0
220546.32+005319.2,1101118022488,17.88,0.11,331.44312, 0.88874,54420.09142,0
220546.32+005319.2,1101118022488,17.96,0.11,331.44321, 0.88868,54420.09743,0
220546.32+005319.2,1101118022488,18.04,0.12,331.44307, 0.88879,54420.10339,0
220546.32+005319.2,1101118022488,17.70,0.10,331.44312, 0.88874,54420.10939,0
220546.32+005319.2,1101118022488,17.96,0.11,331.44320, 0.88866,54380.15280,0
220546.32+005319.2,1101118022488,17.79,0.10,331.44304, 0.88863,54380.15920,0
220546.32+005319.2,1101118022488,17.84,0.11,331.44312, 0.88869,54380.16562,0
220546.32+005319.2,1101118022488,17.83,0.10,331.44311, 0.88874,54380.17205,0
220546.32+005319.2,1101118022488,17.71,0.10,331.44314, 0.88867,54391.16065,0
220546.32+005319.2,1101118022488,17.94,0.11,331.44311, 0.88866,54391.16877,0
220546.32+005319.2,1101118022488,17.80,0.10,331.44334, 0.88879,54391.17688,0
220546.32+005319.2,1101118022488,17.99,0.11,331.44315, 0.88873,54391.18501,0
220546.32+005319.2,1101118022488,17.70,0.10,331.44313, 0.88865,54404.10014,0
220546.32+005319.2,1101118022488,17.51,0.09,331.44324, 0.88872,54404.10658,0
220546.32+005319.2,1101118022488,17.78,0.10,331.44317, 0.88863,54404.11300,0
220546.32+005319.2,1101118022488,17.70,0.10,331.44320, 0.88881,54404.12086,0
220546.32+005319.2,1101118022488,17.72,0.11,331.44310, 0.88857,54348.28523,0
220546.32+005319.2,1101118022488,17.83,0.13,331.44315, 0.88881,54348.29224,0
220546.32+005319.2,1101118022488,18.01,0.13,331.44335, 0.88874,54348.29934,0
220546.32+005319.2,1101118022488,17.85,0.12,331.44322, 0.88859,54348.30653,0
220546.32+005319.2,1101118022488,17.83,0.11,331.44308, 0.88866,54354.22043,0
220546.32+005319.2,1101118022488,17.85,0.11,331.44311, 0.88860,54354.22694,0
220546.32+005319.2,1101118022488,17.78,0.10,331.44304, 0.88856,54354.23347,0
220546.32+005319.2,1101118022488,17.89,0.11,331.44314, 0.88881,54354.23997,0
220546.32+005319.2,1101118022488,18.00,0.11,331.44299, 0.88869,54821.08436,0
220546.32+005319.2,1101118022488,17.94,0.11,331.44310, 0.88865,54821.09045,0
220546.32+005319.2,1101118022488,18.06,0.11,331.44303, 0.88875,54821.09647,0
220546.32+005319.2,1101118022488,18.03,0.11,331.44310, 0.88868,54821.10236,0
220546.32+005319.2,1101118022488,18.04,0.12,331.44322, 0.88869,54648.31711,0
220546.32+005319.2,1101118022488,17.83,0.11,331.44314, 0.88868,54648.32414,0
220546.32+005319.2,1101118022488,17.88,0.11,331.44314, 0.88874,54648.33110,0
220546.32+005319.2,1101118022488,17.79,0.11,331.44338, 0.88868,54648.33808,0
220546.32+005319.2,1101118022488,17.91,0.11,331.44319, 0.88867,54626.38337,0
220546.32+005319.2,1101118022488,17.94,0.12,331.44306, 0.88872,54597.43227,0
220546.32+005319.2,1101118022488,17.92,0.12,331.44345, 0.88859,54597.43938,0
220546.32+005319.2,1101118022488,17.75,0.13,331.44319, 0.88876,54597.44647,0
220546.32+005319.2,1101118022488,18.31,0.21,331.44366, 0.88875,54597.45368,0
220546.32+005319.2,1101118022488,18.00,0.11,331.44312, 0.88870,54790.08882,0
220546.32+005319.2,1101118022488,17.97,0.11,331.44307, 0.88862,54790.09597,0
220546.32+005319.2,1101118022488,18.06,0.11,331.44304, 0.88868,54790.10313,0
220546.32+005319.2,1101118022488,17.87,0.11,331.44311, 0.88866,54790.11040,0
220546.32+005319.2,1101118022488,17.82,0.10,331.44330, 0.88857,54747.18048,0
220546.32+005319.2,1101118022488,18.01,0.11,331.44319, 0.88880,54747.18767,0
220546.32+005319.2,1101118022488,17.89,0.10,331.44305, 0.88869,54747.19501,0
220546.32+005319.2,1101118022488,17.95,0.11,331.44326, 0.88874,54747.20234,0
220546.32+005319.2,1101118022488,17.95,0.11,331.44312, 0.88874,54767.14966,0
220546.32+005319.2,1101118022488,17.75,0.10,331.44316, 0.88856,54767.15872,0
220546.32+005319.2,1101118022488,17.99,0.11,331.44307, 0.88862,54767.16787,0
220546.32+005319.2,1101118022488,17.82,0.10,331.44323, 0.88871,54767.17690,0
220546.32+005319.2,1101118022488,17.83,0.11,331.44325, 0.88878,54729.29060,0
220546.32+005319.2,1101118022488,18.13,0.12,331.44314, 0.88876,54729.29764,0
220546.32+005319.2,1101118022488,17.67,0.10,331.44336, 0.88872,54729.30466,0
220546.32+005319.2,1101118022488,18.19,0.12,331.44320, 0.88877,54729.31169,0
220546.32+005319.2,1101118022488,17.93,0.10,331.44311, 0.88845,55059.32846,0
220546.32+005319.2,1101118022488,17.92,0.10,331.44307, 0.88859,55059.33634,0
220546.32+005319.2,1101118022488,18.00,0.10,331.44315, 0.88867,55059.34417,0
220546.32+005319.2,1101118022488,17.85,0.10,331.44327, 0.88871,55059.35207,0
220546.32+005319.2,1101118022488,17.81,0.11,331.44325, 0.88864,55070.20405,0
220546.32+005319.2,1101118022488,17.76,0.10,331.44347, 0.88850,55070.21132,0
220546.32+005319.2,1101118022488,17.87,0.11,331.44328, 0.88864,55070.21865,0
220546.32+005319.2,1101118022488,17.92,0.11,331.44299, 0.88874,55070.22593,0
220546.32+005319.2,1101118022488,17.91,0.13,331.44313, 0.88860,55183.06510,0
220546.32+005319.2,1101118022488,17.97,0.13,331.44303, 0.88864,55183.07057,0
220546.32+005319.2,1101118022488,17.84,0.12,331.44310, 0.88855,55183.07606,0
220546.32+005319.2,1101118022488,17.57,0.11,331.44300, 0.88877,55183.08141,0
220546.32+005319.2,1101118022488,17.90,0.11,331.44320, 0.88869,55040.31384,0
220546.32+005319.2,1101118022488,17.88,0.11,331.44309, 0.88857,55040.31933,0
220546.32+005319.2,1101118022488,17.82,0.11,331.44312, 0.88861,55040.32467,0
220546.32+005319.2,1101118022488,18.04,0.12,331.44319, 0.88870,55040.33018,0
220546.32+005319.2,1101118022488,17.92,0.14,331.44315, 0.88860,55012.36457,0
220546.32+005319.2,1101118022488,17.64,0.15,331.44308, 0.88875,55012.37337,0
220546.32+005319.2,1101118022488,17.91,0.16,331.44304, 0.88861,55012.37773,0
220546.32+005319.2,1101118022488,17.88,0.11,331.44330, 0.88866,54977.42625,0
220546.32+005319.2,1101118022488,18.02,0.12,331.44324, 0.88854,54977.43341,0
220546.32+005319.2,1101118022488,17.98,0.11,331.44304, 0.88875,54977.44066,0
220546.32+005319.2,1101118022488,17.97,0.11,331.44309, 0.88856,54977.44782,0
220546.32+005319.2,1101118022488,18.10,0.12,331.44299, 0.88865,55144.12516,0
220546.32+005319.2,1101118022488,17.78,0.11,331.44344, 0.88861,55144.13298,0
220546.32+005319.2,1101118022488,17.77,0.10,331.44332, 0.88860,55144.14089,0
220546.32+005319.2,1101118022488,17.91,0.11,331.44316, 0.88860,55144.14873,0
220546.32+005319.2,1101118022488,17.93,0.11,331.44326, 0.88860,55118.17757,0
220546.32+005319.2,1101118022488,17.88,0.11,331.44307, 0.88862,55118.18480,0
220546.32+005319.2,1101118022488,17.99,0.11,331.44296, 0.88864,55118.19219,0
220546.32+005319.2,1101118022488,17.90,0.11,331.44318, 0.88858,55118.19941,0
220546.32+005319.2,1101118022488,18.02,0.11,331.44312, 0.88871,55128.12715,0
220546.32+005319.2,1101118022488,17.95,0.11,331.44310, 0.88860,55128.13626,0
220546.32+005319.2,1101118022488,17.96,0.11,331.44308, 0.88864,55128.14538,0
220546.32+005319.2,1101118022488,17.96,0.11,331.44316, 0.88860,55128.15450,0
220546.32+005319.2,1101118022488,17.99,0.15,331.44311, 0.88876,55086.23485,0
220546.32+005319.2,1101118022488,17.66,0.14,331.44323, 0.88869,55086.24432,0
220546.32+005319.2,1101118022488,18.02,0.11,331.44297, 0.88873,55102.15204,0
220546.32+005319.2,1101118022488,17.74,0.10,331.44317, 0.88869,55102.15801,0
220546.32+005319.2,1101118022488,17.99,0.11,331.44303, 0.88864,55102.16399,0
220546.32+005319.2,1101118022488,18.12,0.12,331.44314, 0.88859,55102.17007,0
220546.32+005319.2,1101118022488,17.63,0.12,331.44318, 0.88863,55531.08844,0
220546.32+005319.2,1101118022488,17.97,0.14,331.44306, 0.88860,55531.09926,0
220546.32+005319.2,1101118022488,17.80,0.13,331.44300, 0.88860,55531.10466,0
220546.32+005319.2,1101118022488,17.76,0.13,331.44303, 0.88865,55545.09281,0
220546.32+005319.2,1101118022488,17.81,0.13,331.44301, 0.88906,55545.10379,0
220546.32+005319.2,1101118022488,17.71,0.12,331.44288, 0.88871,55545.10921,0
220546.32+005319.2,1101118022488,17.69,0.10,331.44300, 0.88864,55381.31824,0
220546.32+005319.2,1101118022488,17.87,0.11,331.44307, 0.88859,55381.32635,0
220546.32+005319.2,1101118022488,17.80,0.11,331.44335, 0.88853,55381.33444,0
220546.32+005319.2,1101118022488,17.76,0.11,331.44317, 0.88859,55381.34256,0
220546.32+005319.2,1101118022488,17.92,0.11,331.44305, 0.88862,55353.39634,0
220546.32+005319.2,1101118022488,17.91,0.11,331.44310, 0.88859,55353.40393,0
220546.32+005319.2,1101118022488,17.90,0.11,331.44306, 0.88865,55353.41148,0
220546.32+005319.2,1101118022488,17.87,0.11,331.44319, 0.88863,55353.41896,0
220546.32+005319.2,1101118022488,17.79,0.11,331.44316, 0.88863,55362.41791,0
220546.32+005319.2,1101118022488,17.88,0.11,331.44293, 0.88868,55362.42362,0
220546.32+005319.2,1101118022488,17.60,0.10,331.44312, 0.88868,55362.42946,0
220546.32+005319.2,1101118022488,17.81,0.11,331.44306, 0.88860,55362.43529,0
220546.32+005319.2,1101118022488,17.79,0.11,331.44311, 0.88866,55367.36769,0
220546.32+005319.2,1101118022488,17.81,0.11,331.44304, 0.88857,55367.37463,0
220546.32+005319.2,1101118022488,17.91,0.11,331.44311, 0.88865,55367.38157,0
220546.32+005319.2,1101118022488,17.86,0.11,331.44322, 0.88869,55367.38845,0
220546.32+005319.2,1101118022488,17.82,0.11,331.44307, 0.88856,55332.44600,0
220546.32+005319.2,1101118022488,17.80,0.11,331.44327, 0.88868,55332.44952,0
220546.32+005319.2,1101118022488,17.74,0.10,331.44322, 0.88885,55332.45302,0
220546.32+005319.2,1101118022488,17.82,0.11,331.44309, 0.88873,55332.45653,0
220546.32+005319.2,1101118022488,17.78,0.10,331.44318, 0.88862,55501.12204,0
220546.32+005319.2,1101118022488,17.64,0.10,331.44319, 0.88861,55501.13762,0
220546.32+005319.2,1101118022488,17.75,0.10,331.44318, 0.88872,55501.14540,0
220546.32+005319.2,1101118022488,17.87,0.11,331.44312, 0.88861,55476.11377,0
220546.32+005319.2,1101118022488,18.04,0.12,331.44313, 0.88868,55476.12746,0
220546.32+005319.2,1101118022488,17.97,0.12,331.44305, 0.88874,55476.13433,0
220546.32+005319.2,1101118022488,17.80,0.11,331.44307, 0.88879,55481.08787,0
220546.32+005319.2,1101118022488,17.87,0.11,331.44314, 0.88870,55481.09936,0
220546.32+005319.2,1101118022488,17.71,0.10,331.44330, 0.88866,55481.10509,0
220546.32+005319.2,1101118022488,17.81,0.10,331.44307, 0.88862,55455.25491,0
220546.32+005319.2,1101118022488,17.83,0.11,331.44310, 0.88870,55455.26989,0
220546.32+005319.2,1101118022488,17.67,0.10,331.44338, 0.88857,55455.27731,0
220546.32+005319.2,1101118022488,17.69,0.11,331.44315, 0.88868,55745.37375,0
220546.32+005319.2,1101118022488,17.72,0.11,331.44313, 0.88862,55745.38189,0
220546.32+005319.2,1101118022488,17.66,0.11,331.44302, 0.88867,55745.39002,0
220546.32+005319.2,1101118022488,17.78,0.11,331.44303, 0.88872,55745.39814,0
220546.32+005319.2,1101118022488,17.86,0.11,331.44313, 0.88880,55719.40480,0
220546.32+005319.2,1101118022488,17.96,0.12,331.44306, 0.88878,55719.41059,0
220546.32+005319.2,1101118022488,17.75,0.11,331.44307, 0.88865,55719.41661,0
220546.32+005319.2,1101118022488,17.70,0.11,331.44299, 0.88872,55719.42242,0
220546.32+005319.2,1101118022488,17.85,0.12,331.44309, 0.88867,55694.44919,0
220546.32+005319.2,1101118022488,17.76,0.12,331.44315, 0.88869,55694.45439,0
220546.32+005319.2,1101118022488,17.72,0.12,331.44314, 0.88874,55694.45964,0
220546.32+005319.2,1101118022488,17.87,0.12,331.44317, 0.88865,55694.46488,0
220546.32+005319.2,1101118022488,17.95,0.11,331.44325, 0.88847,53687.13942,0
220546.32+005319.2,1101118022488,17.75,0.10,331.44299, 0.88875,53687.14681,0
220546.32+005319.2,1101118022488,17.90,0.11,331.44305, 0.88866,53687.15420,0
220546.32+005319.2,1101118022488,18.10,0.12,331.44303, 0.88865,53687.16159,0
220546.32+005319.2,1101118022488,17.97,0.11,331.44302, 0.88867,54626.40240,0
220546.32+005319.2,1101118022488,17.96,0.11,331.44303, 0.88865,54626.40965,0
220546.32+005319.2,1101118022488,17.84,0.11,331.44321, 0.88853,54626.41693,0
220546.32+005319.2,1101118022488,17.85,0.11,331.44323, 0.88855,54626.42418,0
220546.32+005319.2,1101118022488,18.04,0.15,331.44316, 0.88860,55086.27992,0
220546.32+005319.2,1101118022488,17.96,0.14,331.44316, 0.88873,55086.28889,0
220546.32+005319.2,1101118022488,17.96,0.13,331.44312, 0.88867,55086.29083,0
220546.32+005319.2,1101118022488,17.89,0.13,331.44316, 0.88864,55086.29281,0
220546.32+005319.2,1101118022488,17.70,0.10,331.44307, 0.88857,55824.17088,0
220546.32+005319.2,1101118022488,17.82,0.10,331.44326, 0.88873,55824.17763,0
220546.32+005319.2,1101118022488,18.00,0.11,331.44336, 0.88854,55824.18443,0
220546.32+005319.2,1101118022488,17.82,0.10,331.44316, 0.88865,55824.19130,0
220546.32+005319.2,1101118022488,17.78,0.10,331.44308, 0.88887,55833.13060,0
220546.32+005319.2,1101118022488,17.67,0.10,331.44315, 0.88856,55833.13575,0
220546.32+005319.2,1101118022488,17.56,0.10,331.44322, 0.88883,55833.14088,0
220546.32+005319.2,1101118022488,17.88,0.11,331.44289, 0.88862,55833.14943,0
220546.32+005319.2,1101118022488,17.64,0.10,331.44309, 0.88871,55851.12370,0
220546.32+005319.2,1101118022488,17.56,0.10,331.44328, 0.88854,55851.13173,0
220546.32+005319.2,1101118022488,17.72,0.10,331.44312, 0.88865,55851.13977,0
220546.32+005319.2,1101118022488,17.74,0.10,331.44329, 0.88867,55851.14790,0
220546.32+005319.2,1101118022488,17.94,0.12,331.44339, 0.88868,55884.11167,0
220546.32+005319.2,1101118022488,17.60,0.10,331.44304, 0.88904,55884.11675,0
220546.32+005319.2,1101118022488,17.67,0.11,331.44309, 0.88872,55884.12187,0
220546.32+005319.2,1101118022488,17.40,0.11,331.44334, 0.88873,55884.12697,0
220546.32+005319.2,1101118022488,17.81,0.10,331.44304, 0.88867,56063.45224,0
220546.32+005319.2,1101118022488,17.62,0.09,331.44314, 0.88877,56063.45696,0
220546.32+005319.2,1101118022488,17.66,0.09,331.44330, 0.88858,56063.46178,0
220546.32+005319.2,1101118022488,17.75,0.09,331.44325, 0.88859,56063.46656,0
220546.32+005319.2,1101118022488,17.84,0.11,331.44312, 0.88871,56069.43002,0
220546.32+005319.2,1101118022488,17.66,0.10,331.44299, 0.88861,56069.43510,0
220546.32+005319.2,1101118022488,17.75,0.10,331.44332, 0.88865,56069.44025,0
220546.32+005319.2,1101118022488,17.65,0.10,331.44334, 0.88865,56069.44541,0
220546.32+005319.2,1101118022488,17.72,0.11,331.44315, 0.88865,56076.43211,0
220546.32+005319.2,1101118022488,17.82,0.12,331.44306, 0.88875,56076.43547,0
220546.32+005319.2,1101118022488,17.80,0.12,331.44320, 0.88861,56076.43881,0
220546.32+005319.2,1101118022488,17.83,0.12,331.44310, 0.88878,56076.44215,0
220546.32+005319.2,1101118022488,17.73,0.10,331.44301, 0.88855,56092.38433,0
220546.32+005319.2,1101118022488,17.73,0.10,331.44300, 0.88870,56092.39288,0
220546.32+005319.2,1101118022488,17.87,0.11,331.44321, 0.88869,56092.40152,0
220546.32+005319.2,1101118022488,17.63,0.10,331.44320, 0.88863,56092.41010,0
220546.32+005319.2,1101118022488,17.71,0.11,331.44327, 0.88858,56099.33540,0
220546.32+005319.2,1101118022488,17.86,0.11,331.44319, 0.88876,56099.34388,0
220546.32+005319.2,1101118022488,17.73,0.11,331.44330, 0.88865,56099.35238,0
220546.32+005319.2,1101118022488,17.73,0.11,331.44308, 0.88863,56099.36100,0
220546.32+005319.2,1101118022488,17.71,0.11,331.44309, 0.88869,56164.17561,0
220546.32+005319.2,1101118022488,17.73,0.11,331.44314, 0.88875,56164.18078,0
220546.32+005319.2,1101118022488,17.80,0.11,331.44313, 0.88865,56164.18594,0
220546.32+005319.2,1101118022488,17.62,0.10,331.44347, 0.88862,56164.19116,0
220546.32+005319.2,1101118022488,17.69,0.09,331.44317, 0.88876,56183.19126,0
220546.32+005319.2,1101118022488,17.73,0.09,331.44309, 0.88866,56183.19828,0
220546.32+005319.2,1101118022488,17.73,0.09,331.44330, 0.88877,56183.20535,0
220546.32+005319.2,1101118022488,17.85,0.10,331.44311, 0.88874,56183.21249,0
220546.32+005319.2,1101118022488,17.76,0.11,331.44314, 0.88875,56191.26467,0
220546.32+005319.2,1101118022488,17.74,0.11,331.44312, 0.88870,56191.26973,0
220546.32+005319.2,1101118022488,17.65,0.10,331.44331, 0.88859,56191.27487,0
220546.32+005319.2,1101118022488,17.70,0.10,331.44310, 0.88868,56191.27996,0
220546.32+005319.2,1101118022488,17.77,0.11,331.44306, 0.88877,56205.16500,0
220546.32+005319.2,1101118022488,17.76,0.11,331.44303, 0.88875,56205.17220,0
220546.32+005319.2,1101118022488,17.84,0.11,331.44317, 0.88880,56205.17947,0
220546.32+005319.2,1101118022488,17.81,0.11,331.44306, 0.88870,56205.18767,0
220546.32+005319.2,1101118022488,17.67,0.10,331.44319, 0.88861,56216.15305,0
220546.32+005319.2,1101118022488,17.78,0.11,331.44316, 0.88868,56216.15866,0
220546.32+005319.2,1101118022488,17.72,0.10,331.44317, 0.88864,56216.16428,0
220546.32+005319.2,1101118022488,17.81,0.11,331.44312, 0.88873,56216.16988,0
220546.32+005319.2,1101118022488,17.77,0.10,331.44312, 0.88871,56255.17937,0
220546.32+005319.2,1101118022488,17.77,0.10,331.44300, 0.88866,56255.18655,0
220546.32+005319.2,1101118022488,17.74,0.10,331.44318, 0.88869,56255.19381,0
220546.32+005319.2,1101118022488,17.92,0.10,331.44300, 0.88868,56255.20103,0
220546.32+005319.2,1101118022488,17.86,0.11,331.44319, 0.88874,56419.45558,0
220546.32+005319.2,1101118022488,17.88,0.11,331.44314, 0.88878,56419.45782,0
220546.32+005319.2,1101118022488,17.56,0.10,331.44300, 0.88865,56419.46008,0
220546.32+005319.2,1101118022488,17.73,0.11,331.44336, 0.88868,56419.46232,0
220546.32+005319.2,1101118022488,17.85,0.11,331.44331, 0.88875,56446.39606,0
220546.32+005319.2,1101118022488,17.82,0.11,331.44305, 0.88881,56446.40284,0
220546.32+005319.2,1101118022488,17.85,0.11,331.44326, 0.88868,56446.40974,0
220546.32+005319.2,1101118022488,17.79,0.11,331.44313, 0.88864,56446.41668,0
220546.32+005319.2,1101118022488,17.84,0.11,331.44298, 0.88868,56453.40802,0
220546.32+005319.2,1101118022488,17.76,0.11,331.44318, 0.88872,56453.41312,0
220546.32+005319.2,1101118022488,17.75,0.11,331.44305, 0.88871,56453.41827,0
220546.32+005319.2,1101118022488,17.81,0.11,331.44329, 0.88871,56453.42335,0
220546.32+005319.2,1101118022488,17.85,0.11,331.44303, 0.88885,56462.36347,0
220546.32+005319.2,1101118022488,17.83,0.11,331.44304, 0.88877,56462.36857,0
220546.32+005319.2,1101118022488,17.73,0.11,331.44324, 0.88876,56462.37365,0
220546.32+005319.2,1101118022488,17.89,0.11,331.44310, 0.88873,56462.37879,0
220546.32+005319.2,1101118022488,17.91,0.12,331.44310, 0.88873,56486.32561,0
220546.32+005319.2,1101118022488,17.81,0.12,331.44306, 0.88869,56486.33238,0
220546.32+005319.2,1101118022488,17.86,0.12,331.44303, 0.88869,56486.33913,0
220546.32+005319.2,1101118022488,17.90,0.13,331.44319, 0.88876,56486.34592,0
220546.32+005319.2,1101118022488,17.55,0.10,331.44323, 0.88870,56513.41399,0
220546.32+005319.2,1101118022488,17.80,0.11,331.44321, 0.88871,56513.42352,0
220546.32+005319.2,1101118022488,18.02,0.12,331.44312, 0.88874,56513.43291,0
220546.32+005319.2,1101118022488,17.73,0.11,331.44314, 0.88868,56513.44228,0
220546.32+005319.2,1101118022488,17.62,0.11,331.44304, 0.88856,56537.16243,0
220546.32+005319.2,1101118022488,17.97,0.12,331.44310, 0.88870,56537.17082,0
220546.32+005319.2,1101118022488,17.78,0.11,331.44319, 0.88874,56537.17919,0
220546.32+005319.2,1101118022488,17.97,0.12,331.44308, 0.88866,56537.18761,0
220546.32+005319.2,1101118022488,17.77,0.10,331.44325, 0.88869,56563.26854,0
220546.32+005319.2,1101118022488,17.71,0.10,331.44322, 0.88865,56563.27475,0
220546.32+005319.2,1101118022488,17.81,0.11,331.44313, 0.88865,56563.28095,0
220546.32+005319.2,1101118022488,17.83,0.11,331.44312, 0.88863,56563.28724,0
220546.32+005319.2,1101118022488,17.75,0.10,331.44317, 0.88865,56571.21062,0
220546.32+005319.2,1101118022488,17.70,0.10,331.44301, 0.88871,56571.21678,0
220546.32+005319.2,1101118022488,17.73,0.10,331.44327, 0.88876,56571.22297,0
220546.32+005319.2,1101118022488,17.90,0.11,331.44308, 0.88870,56571.22923,0
220546.32+005319.2,1101118022488,17.85,0.11,331.44320, 0.88874,56588.16289,0
220546.32+005319.2,1101118022488,17.87,0.11,331.44309, 0.88878,56588.16895,0
220546.32+005319.2,1101118022488,17.82,0.11,331.44310, 0.88875,56588.17503,0
220546.32+005319.2,1101118022488,17.84,0.11,331.44316, 0.88878,56588.18110,0
082311.26+435318.5,1143034033696,14.62,0.06,125.79711,43.88827,54089.33928,0
082311.26+435318.5,1143034033696,16.70,0.13,125.79709,43.88839,53800.13046,0
082311.26+435318.5,1143034033696,16.22,0.11,125.79741,43.88851,53800.13817,0
082311.26+435318.5,1143034033696,15.20,0.06,125.79731,43.88835,54059.39232,0
082311.26+435318.5,1143034033696,15.50,0.06,125.79720,43.88832,54059.39825,0
082311.26+435318.5,1143034033696,15.34,0.06,125.79728,43.88832,54059.40420,0
082311.26+435318.5,1143034033696,15.39,0.06,125.79726,43.88827,54204.16773,0
082311.26+435318.5,1143034033696,15.45,0.06,125.79727,43.88831,54204.17869,0
082311.26+435318.5,1143034033696,15.47,0.06,125.79714,43.88838,54451.44634,0
082311.26+435318.5,1143034033696,15.51,0.06,125.79717,43.88836,54451.44999,0
082311.26+435318.5,1143034033696,15.40,0.06,125.79720,43.88830,54170.25446,0
082311.26+435318.5,1143034033696,15.40,0.06,125.79725,43.88830,54170.26871,0
082311.26+435318.5,1143034033696,15.44,0.06,125.79713,43.88829,54170.27583,0
082311.26+435318.5,1143034033696,15.45,0.06,125.79724,43.88833,54176.14325,0
082311.26+435318.5,1143034033696,15.75,0.06,125.79721,43.88834,54176.15236,0
082311.26+435318.5,1143034033696,15.50,0.06,125.79732,43.88841,54415.37715,0
082311.26+435318.5,1143034033696,15.07,0.06,125.79718,43.88837,54415.38169,0
082311.26+435318.5,1143034033696,16.10,0.07,125.79724,43.88834,54415.38621,0
082311.26+435318.5,1143034033696,15.52,0.06,125.79719,43.88845,54415.39077,0
082311.26+435318.5,1143034033696,15.52,0.06,125.79713,43.88842,54425.34420,0
082311.26+435318.5,1143034033696,15.29,0.06,125.79722,43.88837,54425.34864,0
082311.26+435318.5,1143034033696,15.56,0.06,125.79727,43.88841,54389.46634,0
082311.26+435318.5,1143034033696,15.47,0.06,125.79729,43.88836,54389.47228,0
082311.26+435318.5,1143034033696,15.07,0.06,125.79731,43.88836,54389.47821,0
082311.26+435318.5,1143034033696,15.39,0.06,125.79715,43.88838,54557.12975,0
082311.26+435318.5,1143034033696,15.76,0.06,125.79704,43.88841,54557.13648,0
082311.26+435318.5,1143034033696,15.18,0.06,125.79716,43.88838,54805.28815,0
082311.26+435318.5,1143034033696,14.43,0.06,125.79718,43.88837,54805.29510,0
082311.26+435318.5,1143034033696,14.25,0.05,125.79707,43.88836,54805.30207,0
082311.26+435318.5,1143034033696,15.12,0.06,125.79708,43.88837,54506.22410,0
082311.26+435318.5,1143034033696,15.02,0.06,125.79715,43.88836,54506.23737,0
082311.26+435318.5,1143034033696,15.35,0.06,125.79712,43.88841,54506.24455,0
082311.26+435318.5,1143034033696,15.27,0.06,125.79715,43.88835,54466.46524,0
082311.26+435318.5,1143034033696,15.39,0.06,125.79717,43.88835,54466.47299,0
082311.26+435318.5,1143034033696,14.49,0.06,125.79715,43.88830,54466.48065,0
082311.26+435318.5,1143034033696,15.58,0.06,125.79704,43.88840,54478.31034,0
082311.26+435318.5,1143034033696,15.40,0.06,125.79716,43.88835,54534.25741,0
082311.26+435318.5,1143034033696,15.56,0.06,125.79719,43.88839,54534.27417,0
082311.26+435318.5,1143034033696,15.38,0.06,125.79711,43.88837,54598.17882,0
082311.26+435318.5,1143034033696,15.16,0.06,125.79710,43.88838,54598.18759,0
082311.26+435318.5,1143034033696,14.69,0.06,125.79717,43.88839,54789.47921,0
082311.26+435318.5,1143034033696,15.03,0.06,125.79727,43.88837,54749.47477,0
082311.26+435318.5,1143034033696,15.05,0.06,125.79724,43.88846,54749.49318,0
082311.26+435318.5,1143034033696,14.94,0.06,125.79723,43.88836,54764.43893,0
082311.26+435318.5,1143034033696,15.08,0.06,125.79733,43.88831,54764.46521,0
082311.26+435318.5,1143034033696,15.93,0.07,125.79699,43.88837,54943.14874,0
082311.26+435318.5,1143034033696,15.23,0.06,125.79696,43.88836,54943.15372,0
082311.26+435318.5,1143034033696,15.96,0.07,125.79703,43.88834,54943.15870,0
082311.26+435318.5,1143034033696,15.89,0.07,125.79711,43.88838,54943.16442,0
082311.26+435318.5,1143034033696,14.91,0.06,125.79716,43.88828,55178.32940,0
082311.26+435318.5,1143034033696,15.41,0.07,125.79714,43.88840,55178.34089,0
082311.26+435318.5,1143034033696,15.81,0.07,125.79716,43.88832,55178.34665,0
082311.26+435318.5,1143034033696,15.05,0.06,125.79704,43.88832,55185.29980,0
082311.26+435318.5,1143034033696,15.25,0.06,125.79719,43.88836,55185.30800,0
082311.26+435318.5,1143034033696,15.23,0.06,125.79706,43.88831,55185.31626,0
082311.26+435318.5,1143034033696,14.91,0.06,125.79715,43.88833,55185.32451,0
082311.26+435318.5,1143034033696,15.41,0.06,125.79716,43.88836,54875.32496,0
082311.26+435318.5,1143034033696,14.69,0.06,125.79707,43.88832,54875.33100,0
082311.26+435318.5,1143034033696,14.49,0.06,125.79709,43.88838,54875.33702,0
082311.26+435318.5,1143034033696,14.40,0.06,125.79715,43.88832,54886.16650,0
082311.26+435318.5,1143034033696,15.01,0.06,125.79699,43.88835,54886.17387,0
082311.26+435318.5,1143034033696,15.36,0.06,125.79717,43.88839,54833.35878,0
082311.26+435318.5,1143034033696,15.53,0.06,125.79726,43.88835,54833.36679,0
082311.26+435318.5,1143034033696,14.83,0.06,125.79718,43.88835,54833.37485,0
082311.26+435318.5,1143034033696,15.31,0.06,125.79718,43.88840,54851.29654,0
082311.26+435318.5,1143034033696,15.34,0.06,125.79717,43.88835,54851.30197,0
082311.26+435318.5,1143034033696,15.35,0.06,125.79720,43.88837,54851.30748,0
082311.26+435318.5,1143034033696,15.74,0.06,125.79721,43.88833,54861.21860,0
082311.26+435318.5,1143034033696,15.15,0.06,125.79717,43.88830,54893.09988,0
082311.26+435318.5,1143034033696,15.48,0.06,125.79719,43.88841,54913.23597,0
082311.26+435318.5,1143034033696,15.33,0.06,125.79708,43.88838,54913.24199,0
082311.26+435318.5,1143034033696,15.53,0.06,125.79707,43.88836,54913.24809,0
082311.26+435318.5,1143034033696,15.04,0.06,125.79704,43.88840,54913.25420,0
082311.26+435318.5,1143034033696,14.76,0.06,125.79691,43.88832,54965.16826,0
082311.26+435318.5,1143034033696,14.92,0.06,125.79704,43.88838,54965.17378,0
082311.26+435318.5,1143034033696,15.24,0.06,125.79710,43.88826,54965.17919,0
082311.26+435318.5,1143034033696,15.27,0.06,125.79702,43.88830,54965.18461,0
082311.26+435318.5,1143034033696,15.00,0.06,125.79691,43.88830,55155.35113,0
082311.26+435318.5,1143034033696,15.24,0.06,125.79693,43.88836,55155.35718,0
082311.26+435318.5,1143034033696,14.48,0.06,125.79699,43.88831,55155.36322,0
082311.26+435318.5,1143034033696,13.49,0.05,125.79708,43.88830,55130.44118,0
082311.26+435318.5,1143034033696,15.14,0.06,125.79714,43.88837,55130.45035,0
082311.26+435318.5,1143034033696,15.39,0.06,125.79704,43.88828,55293.22919,0
082311.26+435318.5,1143034033696,14.04,0.05,125.79712,43.88836,55293.23380,0
082311.26+435318.5,1143034033696,15.01,0.06,125.79707,43.88831,55293.23841,0
082311.26+435318.5,1143034033696,15.17,0.06,125.79707,43.88830,55293.24298,0
082311.26+435318.5,1143034033696,15.07,0.06,125.79712,43.88838,55540.44867,0
082311.26+435318.5,1143034033696,15.26,0.06,125.79711,43.88837,55540.45678,0
082311.26+435318.5,1143034033696,14.79,0.06,125.79700,43.88835,55244.23651,0
082311.26+435318.5,1143034033696,14.77,0.06,125.79693,43.88834,55244.24173,0
082311.26+435318.5,1143034033696,15.47,0.06,125.79699,43.88832,55244.24697,0
082311.26+435318.5,1143034033696,14.71,0.06,125.79696,43.88830,55209.33086,0
082311.26+435318.5,1143034033696,15.20,0.06,125.79704,43.88825,55209.33893,0
082311.26+435318.5,1143034033696,15.84,0.08,125.79699,43.88830,55209.35572,0
082311.26+435318.5,1143034033696,15.30,0.06,125.79720,43.88834,55274.21673,0
082311.26+435318.5,1143034033696,14.47,0.06,125.79705,43.88834,55274.22418,0
082311.26+435318.5,1143034033696,15.22,0.06,125.79714,43.88831,55324.15735,0
082311.26+435318.5,1143034033696,15.89,0.07,125.79704,43.88834,55324.16427,0
082311.26+435318.5,1143034033696,15.19,0.06,125.79705,43.88828,55324.17109,0
082311.26+435318.5,1143034033696,15.38,0.06,125.79704,43.88833,55324.17795,0
082311.26+435318.5,1143034033696,14.98,0.06,125.79716,43.88837,55503.42866,0
082311.26+435318.5,1143034033696,15.08,0.06,125.79710,43.88843,55503.44016,0
082311.26+435318.5,1143034033696,15.23,0.06,125.79708,43.88834,55503.44594,0
082311.26+435318.5,1143034033696,15.20,0.06,125.79714,43.88838,55511.38816,0
082311.26+435318.5,1143034033696,15.09,0.06,125.79709,43.88844,55511.40222,0
082311.26+435318.5,1143034033696,15.26,0.06,125.79723,43.88835,55680.17974,0
082311.26+435318.5,1143034033696,15.11,0.06,125.79717,43.88829,55680.18796,0
082311.26+435318.5,1143034033696,15.19,0.06,125.79711,43.88836,55680.19625,0
082311.26+435318.5,1143034033696,15.46,0.06,125.79712,43.88835,55680.20447,0
082311.26+435318.5,1143034033696,15.13,0.06,125.79713,43.88834,55598.18400,0
082311.26+435318.5,1143034033696,15.53,0.06,125.79711,43.88836,55598.19085,0
082311.26+435318.5,1143034033696,15.06,0.06,125.79712,43.88834,55598.19769,0
082311.26+435318.5,1143034033696,15.04,0.06,125.79710,43.88841,55598.20456,0
082311.26+435318.5,1143034033696,14.75,0.06,125.79709,43.88841,55564.27855,0
082311.26+435318.5,1143034033696,15.25,0.06,125.79712,43.88836,55564.29348,0
082311.26+435318.5,1143034033696,14.91,0.06,125.79702,43.88842,55564.30098,0
082311.26+435318.5,1143034033696,15.00,0.06,125.79710,43.88844,55573.29719,0
082311.26+435318.5,1143034033696,15.18,0.06,125.79708,43.88837,55573.30059,0
082311.26+435318.5,1143034033696,15.22,0.06,125.79706,43.88845,55589.39380,0
082311.26+435318.5,1143034033696,14.32,0.05,125.79705,43.88843,55589.40037,0
082311.26+435318.5,1143034033696,14.97,0.06,125.79706,43.88839,55589.40691,0
082311.26+435318.5,1143034033696,15.23,0.06,125.79712,43.88841,55589.41348,0
082311.26+435318.5,1143034033696,15.25,0.06,125.79711,43.88840,55632.22116,0
082311.26+435318.5,1143034033696,14.99,0.06,125.79701,43.88842,55632.22572,0
082311.26+435318.5,1143034033696,15.70,0.07,125.79694,43.88841,54893.14963,0
082311.26+435318.5,1143034033696,15.20,0.06,125.79721,43.88834,54893.15342,0
082311.26+435318.5,1143034033696,14.52,0.06,125.79696,43.88837,54893.15719,0
082311.26+435318.5,1143034033696,15.28,0.06,125.79703,43.88839,54893.16098,0
082311.26+435318.5,1143034033696,15.49,0.06,125.79715,43.88833,55858.45355,0
082311.26+435318.5,1143034033696,15.35,0.06,125.79708,43.88840,55858.46478,0
082311.26+435318.5,1143034033696,14.16,0.05,125.79710,43.88836,55858.47597,0
082311.26+435318.5,1143034033696,15.39,0.06,125.79712,43.88836,55858.48721,0
082311.26+435318.5,1143034033696,16.01,0.08,125.79717,43.88839,55850.40871,0
082311.26+435318.5,1143034033696,15.95,0.08,125.79707,43.88832,55850.41536,0
082311.26+435318.5,1143034033696,16.01,0.08,125.79705,43.88850,55850.42213,0
082311.26+435318.5,1143034033696,15.93,0.08,125.79706,43.88839,55850.42884,0
082311.26+435318.5,1143034033696,15.25,0.06,125.79708,43.88835,55895.39999,0
082311.26+435318.5,1143034033696,15.19,0.06,125.79708,43.88832,55895.40627,0
082311.26+435318.5,1143034033696,14.83,0.06,125.79711,43.88845,55895.41253,0
082311.26+435318.5,1143034033696,14.84,0.06,125.79705,43.88838,55895.41887,0
082311.26+435318.5,1143034033696,15.25,0.06,125.79709,43.88833,55928.28284,0
082311.26+435318.5,1143034033696,14.81,0.06,125.79709,43.88839,55928.30132,0
082311.26+435318.5,1143034033696,15.49,0.06,125.79713,43.88835,55945.24427,0
082311.26+435318.5,1143034033696,15.01,0.06,125.79711,43.88835,55945.24990,0
082311.26+435318.5,1143034033696,14.75,0.06,125.79713,43.88840,55969.20958,0
082311.26+435318.5,1143034033696,15.25,0.06,125.79712,43.88841,55969.21752,0
082311.26+435318.5,1143034033696,14.60,0.06,125.79712,43.88838,55969.22545,0
082311.26+435318.5,1143034033696,14.96,0.06,125.79713,43.88836,55969.23340,0
082311.26+435318.5,1143034033696,15.24,0.06,125.79710,43.88837,55980.16231,0
082311.26+435318.5,1143034033696,14.69,0.06,125.79706,43.88838,55980.16847,0
082311.26+435318.5,1143034033696,15.29,0.06,125.79703,43.88834,55980.18080,0
082311.26+435318.5,1143034033696,15.00,0.06,125.79708,43.88843,55987.11866,0
082311.26+435318.5,1143034033696,14.19,0.05,125.79703,43.88838,55987.12995,0
082311.26+435318.5,1143034033696,14.97,0.06,125.79717,43.88832,56069.14692,0
082311.26+435318.5,1143034033696,15.92,0.07,125.79712,43.88830,56069.15263,0
082311.26+435318.5,1143034033696,15.60,0.06,125.79706,43.88834,56069.15830,0
082311.26+435318.5,1143034033696,15.90,0.07,125.79708,43.88834,56069.16404,0
082311.26+435318.5,1143034033696,14.46,0.06,125.79712,43.88843,56227.42239,0
082311.26+435318.5,1143034033696,14.44,0.05,125.79706,43.88841,56237.46331,0
082311.26+435318.5,1143034033696,15.04,0.06,125.79704,43.88838,56237.46943,0
082311.26+435318.5,1143034033696,14.21,0.05,125.79704,43.88836,56237.47563,0
082311.26+435318.5,1143034033696,15.19,0.06,125.79712,43.88844,56255.30589,0
082311.26+435318.5,1143034033696,14.88,0.06,125.79710,43.88832,56270.42251,0
082311.26+435318.5,1143034033696,14.60,0.06,125.79712,43.88841,56270.42797,0
082311.26+435318.5,1143034033696,15.40,0.06,125.79711,43.88842,56270.43459,0
082311.26+435318.5,1143034033696,14.73,0.06,125.79707,43.88844,56295.24464,0
082311.26+435318.5,1143034033696,14.81,0.06,125.79704,43.88843,56295.25172,0
082311.26+435318.5,1143034033696,13.58,0.05,125.79702,43.88844,56302.22751,0
082311.26+435318.5,1143034033696,15.30,0.06,125.79707,43.88840,56302.23260,0
082311.26+435318.5,1143034033696,14.08,0.05,125.79705,43.88840,56307.21066,0
082311.26+435318.5,1143034033696,14.49,0.05,125.79707,43.88836,56307.21603,0
082311.26+435318.5,1143034033696,15.50,0.06,125.79702,43.88839,56314.21997,0
082311.26+435318.5,1143034033696,15.13,0.06,125.79702,43.88836,56314.22959,0
082311.26+435318.5,1143034033696,15.16,0.06,125.79711,43.88838,56314.23929,0
082311.26+435318.5,1143034033696,14.42,0.06,125.79699,43.88848,56323.42345,0
082311.26+435318.5,1143034033696,14.95,0.06,125.79702,43.88839,56323.42854,0
082311.26+435318.5,1143034033696,15.35,0.06,125.79701,43.88839,56323.43367,0
082311.26+435318.5,1143034033696,13.92,0.05,125.79702,43.88839,56331.28339,0
082311.26+435318.5,1143034033696,14.56,0.06,125.79699,43.88841,56331.29297,0
082311.26+435318.5,1143034033696,15.65,0.08,125.79710,43.88842,56331.30653,0
082311.26+435318.5,1143034033696,15.15,0.06,125.79704,43.88843,56341.12311,0
082311.26+435318.5,1143034033696,15.46,0.06,125.79702,43.88838,56341.13227,0
082311.26+435318.5,1143034033696,14.91,0.06,125.79705,43.88845,56341.14312,0
082311.26+435318.5,1143034033696,15.12,0.06,125.79708,43.88841,56358.24618,0
082311.26+435318.5,1143034033696,15.17,0.06,125.79710,43.88844,56358.26818,0
082311.26+435318.5,1143034033696,15.25,0.06,125.79708,43.88839,55955.33808,0
082311.26+435318.5,1143034033696,15.22,0.06,125.79717,43.88836,55955.34487,0
082311.26+435318.5,1143034033696,15.27,0.06,125.79707,43.88837,55955.35157,0
082311.26+435318.5,1143034033696,15.14,0.06,125.79708,43.88844,56399.14934,0
082311.26+435318.5,1143034033696,15.29,0.06,125.79704,43.88840,56399.15657,0
082311.26+435318.5,1143034033696,15.25,0.06,125.79703,43.88839,56432.15581,0
082311.26+435318.5,1143034033696,15.47,0.06,125.79705,43.88838,56432.16146,0
082311.26+435318.5,1143034033696,15.23,0.06,125.79707,43.88838,56432.17270,0
082311.26+435318.5,1143034033696,14.91,0.06,125.79721,43.88839,56569.46137,0
082311.26+435318.5,1143034033696,15.82,0.06,125.79721,43.88837,56569.46858,0
082311.26+435318.5,1143034033696,15.06,0.06,125.79725,43.88840,56569.47594,0
082311.26+435318.5,1143034033696,15.10,0.06,125.79720,43.88842,56569.48318,0
082311.26+435318.5,1143034033696,15.91,0.08,125.79730,43.88840,56592.40922,0
082311.26+435318.5,1143034033696,15.58,0.07,125.79716,43.88841,56592.42040,0
113618.90+125554.8,1112061034828,18.47,0.14,174.07907,12.93200,53728.50291,0
113618.90+125554.8,1112061034828,18.83,0.17,174.07877,12.93171,53728.51210,0
113618.90+125554.8,1112061034828,18.53,0.15,174.07889,12.93190,53728.52130,0
113618.90+125554.8,1112061034828,18.33,0.14,174.07886,12.93181,53728.53047,0
113618.90+125554.8,1112061034828,18.43,0.13,174.07884,12.93221,53529.18970,0
113618.90+125554.8,1112061034828,18.31,0.13,174.07862,12.93177,53529.19537,0
113618.90+125554.8,1112061034828,18.66,0.15,174.07884,12.93188,53529.20092,0
113618.90+125554.8,1112061034828,18.86,0.16,174.07884,12.93203,53529.20643,0
113618.90+125554.8,1112061034828,18.64,0.14,174.07867,12.93208,53498.16095,0
113618.90+125554.8,1112061034828,18.78,0.15,174.07876,12.93205,53498.16742,0
113618.90+125554.8,1112061034828,18.59,0.15,174.07885,12.93189,53520.18524,0
113618.90+125554.8,1112061034828,18.09,0.16,174.07873,12.93214,53520.19167,0
113618.90+125554.8,1112061034828,18.38,0.13,174.07878,12.93190,53704.46744,0
113618.90+125554.8,1112061034828,18.57,0.14,174.07899,12.93189,53704.47387,0
113618.90+125554.8,1112061034828,18.75,0.16,174.07905,12.93199,53704.48035,0
113618.90+125554.8,1112061034828,18.91,0.17,174.07894,12.93192,53704.48682,0
113618.90+125554.8,1112061034828,18.70,0.15,174.07888,12.93196,53827.25210,0
113618.90+125554.8,1112061034828,18.75,0.16,174.07878,12.93190,53827.26062,0
113618.90+125554.8,1112061034828,18.83,0.16,174.07865,12.93193,53827.26911,0
113618.90+125554.8,1112061034828,18.73,0.15,174.07875,12.93190,53827.27762,0
113618.90+125554.8,1112061034828,18.64,0.15,174.07896,12.93212,53844.21950,0
113618.90+125554.8,1112061034828,18.58,0.15,174.07862,12.93189,53852.19614,0
113618.90+125554.8,1112061034828,18.65,0.15,174.07886,12.93176,53852.20391,0
113618.90+125554.8,1112061034828,18.58,0.15,174.07875,12.93215,53852.21173,0
113618.90+125554.8,1112061034828,18.81,0.16,174.07865,12.93198,53852.21953,0
113618.90+125554.8,1112061034828,18.44,0.13,174.07880,12.93184,54092.51629,0
113618.90+125554.8,1112061034828,18.73,0.15,174.07883,12.93194,54092.52111,0
113618.90+125554.8,1112061034828,18.44,0.13,174.07905,12.93199,54092.52591,0
113618.90+125554.8,1112061034828,18.75,0.15,174.07878,12.93194,54092.53075,0
113618.90+125554.8,1112061034828,18.64,0.15,174.07881,12.93183,53787.37901,0
113618.90+125554.8,1112061034828,18.48,0.14,174.07879,12.93196,53787.38496,0
113618.90+125554.8,1112061034828,18.19,0.12,174.07908,12.93199,53787.39092,0
113618.90+125554.8,1112061034828,18.69,0.15,174.07879,12.93205,53787.39689,0
113618.90+125554.8,1112061034828,18.64,0.15,174.07892,12.93210,53744.44311,0
113618.90+125554.8,1112061034828,18.75,0.16,174.07874,12.93197,53744.44860,0
113618.90+125554.8,1112061034828,18.61,0.15,174.07894,12.93206,53744.45409,0
113618.90+125554.8,1112061034828,18.54,0.14,174.07870,12.93180,53744.45959,0
113618.90+125554.8,1112061034828,18.63,0.14,174.07889,12.93197,53763.44950,0
113618.90+125554.8,1112061034828,18.73,0.15,174.07872,12.93214,53763.45727,0
113618.90+125554.8,1112061034828,18.54,0.14,174.07892,12.93184,53763.46500,0
113618.90+125554.8,1112061034828,18.69,0.15,174.07883,12.93189,53763.47259,0
113618.90+125554.8,1112061034828,19.18,0.60,174.07863,12.93193,53905.18932,0
113618.90+125554.8,1112061034828,18.82,0.48,174.07903,12.93175,53905.19039,0
113618.90+125554.8,1112061034828,18.75,0.46,174.07868,12.93176,53905.19244,0
113618.90+125554.8,1112061034828,18.88,0.45,174.07869,12.93205,53797.33341,0
113618.90+125554.8,1112061034828,18.78,0.42,174.07877,12.93202,53797.33364,0
113618.90+125554.8,1112061034828,18.74,0.41,174.07875,12.93200,53797.33387,0
113618.90+125554.8,1112061034828,19.60,0.68,174.07878,12.93157,53797.33415,0
113618.90+125554.8,1112061034828,18.50,0.16,174.07873,12.93231,53819.24961,0
113618.90+125554.8,1112061034828,18.96,0.21,174.07884,12.93185,53819.25726,0
113618.90+125554.8,1112061034828,18.71,0.18,174.07910,12.93215,53819.26491,0
113618.90+125554.8,1112061034828,18.40,0.13,174.07884,12.93201,54056.48654,0
113618.90+125554.8,1112061034828,18.72,0.14,174.07886,12.93192,54056.49256,0
113618.90+125554.8,1112061034828,18.66,0.14,174.07878,12.93193,54056.49856,0
113618.90+125554.8,1112061034828,18.53,0.13,174.07891,12.93202,54056.50460,0
113618.90+125554.8,1112061034828,18.64,0.15,174.07888,12.93204,54198.22921,0
113618.90+125554.8,1112061034828,18.28,0.13,174.07874,12.93202,54198.23517,0
113618.90+125554.8,1112061034828,18.63,0.15,174.07849,12.93191,54198.24115,0
113618.90+125554.8,1112061034828,18.70,0.17,174.07902,12.93203,54198.24711,0
113618.90+125554.8,1112061034828,18.48,0.13,174.07873,12.93197,54205.24314,0
113618.90+125554.8,1112061034828,18.48,0.13,174.07895,12.93190,54205.24853,0
113618.90+125554.8,1112061034828,18.58,0.14,174.07872,12.93213,54205.25391,0
113618.90+125554.8,1112061034828,18.70,0.15,174.07874,12.93186,54205.25932,0
113618.90+125554.8,1112061034828,18.63,0.14,174.07882,12.93210,54214.25765,0
113618.90+125554.8,1112061034828,18.65,0.14,174.07863,12.93185,54214.26423,0
113618.90+125554.8,1112061034828,18.44,0.13,174.07869,12.93197,54214.27077,0
113618.90+125554.8,1112061034828,18.50,0.13,174.07881,12.93191,54214.27729,0
113618.90+125554.8,1112061034828,18.67,0.14,174.07885,12.93200,54440.45006,0
113618.90+125554.8,1112061034828,18.46,0.13,174.07869,12.93200,54440.45841,0
113618.90+125554.8,1112061034828,18.60,0.14,174.07891,12.93196,54440.46680,0
113618.90+125554.8,1112061034828,18.37,0.13,174.07893,12.93193,54440.47518,0
113618.90+125554.8,1112061034828,18.58,0.15,174.07863,12.93207,54139.37184,0
113618.90+125554.8,1112061034828,18.91,0.18,174.07933,12.93159,54139.37721,0
113618.90+125554.8,1112061034828,18.87,0.17,174.07874,12.93226,54139.38257,0
113618.90+125554.8,1112061034828,18.79,0.17,174.07866,12.93225,54139.38793,0
113618.90+125554.8,1112061034828,18.63,0.14,174.07893,12.93189,54115.35010,0
113618.90+125554.8,1112061034828,18.42,0.13,174.07872,12.93210,54115.35966,0
113618.90+125554.8,1112061034828,18.68,0.14,174.07914,12.93202,54115.36925,0
113618.90+125554.8,1112061034828,18.65,0.14,174.07880,12.93182,54115.37881,0
113618.90+125554.8,1112061034828,18.64,0.15,174.07890,12.93202,54127.29195,0
113618.90+125554.8,1112061034828,18.76,0.16,174.07895,12.93180,54127.30222,0
113618.90+125554.8,1112061034828,18.51,0.14,174.07864,12.93195,54127.31247,0
113618.90+125554.8,1112061034828,18.54,0.14,174.07878,12.93171,54127.32279,0
113618.90+125554.8,1112061034828,18.50,0.13,174.07863,12.93173,54168.43154,0
113618.90+125554.8,1112061034828,18.52,0.14,174.07863,12.93172,54168.43465,0
113618.90+125554.8,1112061034828,18.34,0.13,174.07879,12.93178,54168.43778,0
113618.90+125554.8,1112061034828,18.27,0.12,174.07888,12.93189,54168.44086,0
113618.90+125554.8,1112061034828,18.73,0.15,174.07867,12.93187,54174.30010,0
113618.90+125554.8,1112061034828,18.58,0.14,174.07867,12.93181,54174.30726,0
113618.90+125554.8,1112061034828,18.61,0.14,174.07874,12.93183,54174.31438,0
113618.90+125554.8,1112061034828,18.48,0.13,174.07876,12.93199,54174.32153,0
113618.90+125554.8,1112061034828,18.73,0.17,174.07870,12.93193,54184.29667,0
113618.90+125554.8,1112061034828,19.01,0.19,174.07886,12.93190,54184.30150,0
113618.90+125554.8,1112061034828,18.05,0.15,174.07881,12.93270,54184.30632,0
113618.90+125554.8,1112061034828,18.74,0.15,174.07881,12.93185,54229.28048,0
113618.90+125554.8,1112061034828,18.61,0.15,174.07896,12.93202,54229.29068,0
113618.90+125554.8,1112061034828,18.50,0.14,174.07843,12.93200,54229.30089,0
113618.90+125554.8,1112061034828,18.45,0.14,174.07843,12.93187,54229.31112,0
113618.90+125554.8,1112061034828,18.32,0.12,174.07885,12.93203,54424.48491,0
113618.90+125554.8,1112061034828,18.29,0.12,174.07870,12.93204,54424.49315,0
113618.90+125554.8,1112061034828,18.34,0.12,174.07887,12.93205,54424.50140,0
113618.90+125554.8,1112061034828,18.36,0.13,174.07900,12.93204,54424.50967,0
113618.90+125554.8,1112061034828,18.54,0.14,174.07882,12.93199,54562.24708,0
113618.90+125554.8,1112061034828,18.18,0.12,174.07876,12.93189,54562.25251,0
113618.90+125554.8,1112061034828,18.57,0.14,174.07894,12.93188,54562.25798,0
113618.90+125554.8,1112061034828,18.34,0.13,174.07868,12.93191,54562.26339,0
113618.90+125554.8,1112061034828,18.66,0.15,174.07887,12.93219,54581.26418,0
113618.90+125554.8,1112061034828,18.73,0.15,174.07893,12.93208,54581.27127,0
113618.90+125554.8,1112061034828,18.67,0.15,174.07899,12.93215,54581.27835,0
113618.90+125554.8,1112061034828,18.50,0.14,174.07863,12.93194,54581.28545,0
113618.90+125554.8,1112061034828,18.55,0.14,174.07881,12.93203,54523.31151,0
113618.90+125554.8,1112061034828,18.49,0.13,174.07873,12.93196,54523.31851,0
113618.90+125554.8,1112061034828,18.46,0.13,174.07902,12.93206,54523.32556,0
113618.90+125554.8,1112061034828,18.49,0.13,174.07863,12.93209,54523.33259,0
113618.90+125554.8,1112061034828,18.56,0.14,174.07882,12.93198,54482.40214,0
113618.90+125554.8,1112061034828,18.44,0.14,174.07877,12.93195,54482.40643,0
113618.90+125554.8,1112061034828,18.40,0.15,174.07869,12.93172,54482.41071,0
113618.90+125554.8,1112061034828,18.24,0.15,174.07881,12.93200,54482.41497,0
113618.90+125554.8,1112061034828,18.42,0.13,174.07884,12.93181,54496.33535,0
113618.90+125554.8,1112061034828,18.31,0.12,174.07878,12.93195,54496.34187,0
113618.90+125554.8,1112061034828,18.33,0.14,174.07883,12.93192,54496.35002,0
113618.90+125554.8,1112061034828,18.43,0.13,174.07892,12.93201,54496.35767,0
113618.90+125554.8,1112061034828,18.45,0.13,174.07881,12.93196,54625.17909,0
113618.90+125554.8,1112061034828,18.31,0.13,174.07879,12.93221,54625.18631,0
113618.90+125554.8,1112061034828,18.45,0.13,174.07880,12.93214,54625.19348,0
113618.90+125554.8,1112061034828,18.45,0.13,174.07870,12.93187,54625.20061,0
113618.90+125554.8,1112061034828,18.44,0.13,174.07865,12.93193,54528.32396,0
113618.90+125554.8,1112061034828,18.76,0.15,174.07875,12.93192,54528.32991,0
113618.90+125554.8,1112061034828,18.51,0.13,174.07896,12.93190,54528.33588,0
113618.90+125554.8,1112061034828,18.39,0.13,174.07874,12.93178,54528.34186,0
113618.90+125554.8,1112061034828,18.47,0.12,174.07884,12.93204,54536.27833,0
113618.90+125554.8,1112061034828,18.75,0.13,174.07891,12.93209,54536.28425,0
113618.90+125554.8,1112061034828,18.57,0.12,174.07891,12.93204,54536.29015,0
113618.90+125554.8,1112061034828,18.38,0.11,174.07865,12.93200,54536.29602,0
113618.90+125554.8,1112061034828,18.67,0.16,174.07880,12.93214,54549.28566,0
113618.90+125554.8,1112061034828,18.37,0.14,174.07879,12.93212,54549.29146,0
113618.90+125554.8,1112061034828,18.51,0.15,174.07862,12.93229,54549.29726,0
113618.90+125554.8,1112061034828,18.83,0.17,174.07893,12.93210,54549.30305,0
113618.90+125554.8,1112061034828,18.58,0.14,174.07883,12.93205,54591.20118,0
113618.90+125554.8,1112061034828,18.27,0.12,174.07901,12.93207,54591.20924,0
113618.90+125554.8,1112061034828,18.53,0.14,174.07890,12.93208,54591.21729,0
113618.90+125554.8,1112061034828,18.42,0.13,174.07860,12.93192,54591.22534,0
113618.90+125554.8,1112061034828,18.50,0.13,174.07887,12.93200,54939.24258,0
113618.90+125554.8,1112061034828,18.60,0.14,174.07878,12.93193,54939.24727,0
113618.90+125554.8,1112061034828,18.55,0.14,174.07881,12.93208,54939.25217,0
113618.90+125554.8,1112061034828,18.37,0.13,174.07884,12.93207,54939.25697,0
113618.90+125554.8,1112061034828,18.54,0.14,174.07869,12.93196,54948.23319,0
113618.90+125554.8,1112061034828,18.48,0.13,174.07872,12.93187,54948.23995,0
113618.90+125554.8,1112061034828,18.41,0.13,174.07889,12.93206,54948.24649,0
113618.90+125554.8,1112061034828,18.55,0.14,174.07873,12.93198,54948.25305,0
113618.90+125554.8,1112061034828,18.50,0.12,174.07875,12.93184,54863.41084,0
113618.90+125554.8,1112061034828,18.43,0.11,174.07872,12.93193,54863.41738,0
113618.90+125554.8,1112061034828,18.47,0.11,174.07886,12.93195,54863.42391,0
113618.90+125554.8,1112061034828,18.54,0.12,174.07886,12.93188,54863.43046,0
113618.90+125554.8,1112061034828,18.35,0.13,174.07866,12.93212,54877.43718,0
113618.90+125554.8,1112061034828,18.42,0.13,174.07891,12.93194,54877.44252,0
113618.90+125554.8,1112061034828,18.41,0.13,174.07890,12.93203,54877.44797,0
113618.90+125554.8,1112061034828,18.35,0.12,174.07869,12.93203,54877.45347,0
113618.90+125554.8,1112061034828,18.48,0.13,174.07880,12.93199,54856.37880,0
113618.90+125554.8,1112061034828,18.37,0.12,174.07875,12.93185,54856.38667,0
113618.90+125554.8,1112061034828,18.45,0.13,174.07859,12.93202,54856.39459,0
113618.90+125554.8,1112061034828,18.47,0.13,174.07874,12.93195,54856.40246,0
113618.90+125554.8,1112061034828,18.59,0.18,174.07901,12.93178,55006.17305,0
113618.90+125554.8,1112061034828,18.70,0.19,174.07884,12.93193,55006.17801,0
113618.90+125554.8,1112061034828,18.58,0.18,174.07874,12.93204,55006.18288,0
113618.90+125554.8,1112061034828,18.35,0.16,174.07880,12.93214,55006.18775,0
113618.90+125554.8,1112061034828,18.51,0.13,174.07885,12.93195,54905.38652,0
113618.90+125554.8,1112061034828,18.69,0.14,174.07893,12.93185,54905.39209,0
113618.90+125554.8,1112061034828,18.48,0.13,174.07871,12.93198,54905.39763,0
113618.90+125554.8,1112061034828,18.63,0.14,174.07879,12.93207,54905.40322,0
113618.90+125554.8,1112061034828,18.52,0.12,174.07883,12.93198,54911.27373,0
113618.90+125554.8,1112061034828,18.64,0.12,174.07885,12.93195,54911.28068,0
113618.90+125554.8,1112061034828,18.62,0.12,174.07884,12.93211,54911.28762,0
113618.90+125554.8,1112061034828,18.29,0.11,174.07892,12.93202,54911.29450,0
113618.90+125554.8,1112061034828,18.56,0.14,174.07901,12.93201,54918.20668,0
113618.90+125554.8,1112061034828,18.52,0.13,174.07878,12.93223,54918.21149,0
113618.90+125554.8,1112061034828,18.56,0.14,174.07887,12.93211,54918.21627,0
113618.90+125554.8,1112061034828,18.48,0.13,174.07883,12.93199,54918.22117,0
113618.90+125554.8,1112061034828,18.49,0.14,174.07864,12.93174,54968.20269,0
113618.90+125554.8,1112061034828,18.25,0.13,174.07872,12.93195,54968.21003,0
113618.90+125554.8,1112061034828,18.57,0.15,174.07871,12.93218,54968.21744,0
113618.90+125554.8,1112061034828,18.50,0.14,174.07885,12.93204,54968.22484,0
113618.90+125554.8,1112061034828,18.38,0.13,174.07892,12.93201,55154.48098,0
113618.90+125554.8,1112061034828,18.45,0.14,174.07891,12.93184,55154.48744,0
113618.90+125554.8,1112061034828,18.38,0.13,174.07909,12.93195,55154.49398,0
113618.90+125554.8,1112061034828,18.48,0.14,174.07876,12.93189,55154.50060,0
113618.90+125554.8,1112061034828,18.48,0.13,174.07899,12.93187,55290.29552,0
113618.90+125554.8,1112061034828,18.58,0.14,174.07871,12.93184,55290.30251,0
113618.90+125554.8,1112061034828,18.46,0.13,174.07875,12.93187,55290.30947,0
113618.90+125554.8,1112061034828,18.33,0.13,174.07882,12.93180,55290.31641,0
113618.90+125554.8,1112061034828,18.25,0.12,174.07887,12.93219,55299.19635,0
113618.90+125554.8,1112061034828,18.70,0.15,174.07876,12.93221,55531.50178,0
113618.90+125554.8,1112061034828,18.55,0.14,174.07888,12.93218,55531.51221,0
113618.90+125554.8,1112061034828,18.86,0.16,174.07888,12.93203,55531.51743,0
113618.90+125554.8,1112061034828,18.78,0.15,174.07891,12.93214,55538.46707,0
113618.90+125554.8,1112061034828,18.63,0.14,174.07888,12.93202,55538.47868,0
113618.90+125554.8,1112061034828,18.79,0.15,174.07888,12.93214,55538.48448,0
113618.90+125554.8,1112061034828,18.64,0.15,174.07879,12.93169,55351.15795,0
113618.90+125554.8,1112061034828,18.62,0.14,174.07875,12.93196,55353.21268,0
113618.90+125554.8,1112061034828,18.28,0.13,174.07883,12.93179,55353.22011,0
113618.90+125554.8,1112061034828,18.61,0.14,174.07867,12.93192,55353.22761,0
113618.90+125554.8,1112061034828,18.43,0.13,174.07867,12.93202,55353.23503,0
113618.90+125554.8,1112061034828,18.43,0.14,174.07889,12.93185,55360.20551,0
113618.90+125554.8,1112061034828,18.18,0.12,174.07899,12.93229,55360.21006,0
113618.90+125554.8,1112061034828,18.62,0.15,174.07869,12.93184,55360.21460,0
113618.90+125554.8,1112061034828,18.70,0.15,174.07885,12.93186,55360.21920,0
113618.90+125554.8,1112061034828,18.77,0.19,174.07899,12.93179,55370.16469,0
113618.90+125554.8,1112061034828,18.62,0.18,174.07852,12.93176,55370.17009,0
113618.90+125554.8,1112061034828,18.27,0.15,174.07893,12.93186,55370.17556,0
113618.90+125554.8,1112061034828,18.76,0.19,174.07889,12.93189,55370.18101,0
113618.90+125554.8,1112061034828,18.43,0.13,174.07891,12.93190,55260.31754,0
113618.90+125554.8,1112061034828,18.70,0.15,174.07900,12.93204,55260.32336,0
113618.90+125554.8,1112061034828,18.45,0.13,174.07881,12.93210,55260.32914,0
113618.90+125554.8,1112061034828,18.25,0.12,174.07883,12.93211,55260.33486,0
113618.90+125554.8,1112061034828,18.40,0.13,174.07869,12.93211,55267.30263,0
113618.90+125554.8,1112061034828,18.61,0.14,174.07889,12.93192,55267.31025,0
113618.90+125554.8,1112061034828,18.55,0.14,174.07876,12.93204,55267.31792,0
113618.90+125554.8,1112061034828,18.36,0.13,174.07871,12.93203,55267.32555,0
113618.90+125554.8,1112061034828,18.68,0.15,174.07875,12.93187,55324.22211,0
113618.90+125554.8,1112061034828,18.67,0.15,174.07888,12.93192,55324.22951,0
113618.90+125554.8,1112061034828,18.54,0.14,174.07899,12.93200,55324.23705,0
113618.90+125554.8,1112061034828,18.61,0.14,174.07875,12.93174,55324.24454,0
113618.90+125554.8,1112061034828,18.68,0.13,174.07881,12.93184,55656.27531,0
113618.90+125554.8,1112061034828,18.65,0.13,174.07881,12.93194,55656.28150,0
113618.90+125554.8,1112061034828,18.53,0.12,174.07867,12.93182,55656.28773,0
113618.90+125554.8,1112061034828,18.48,0.12,174.07896,12.93181,55656.29388,0
113618.90+125554.8,1112061034828,18.75,0.16,174.07861,12.93170,55664.15670,0
113618.90+125554.8,1112061034828,18.56,0.14,174.07880,12.93202,55664.16195,0
113618.90+125554.8,1112061034828,18.59,0.15,174.07886,12.93208,55664.16720,0
113618.90+125554.8,1112061034828,18.62,0.15,174.07883,12.93219,55664.17240,0
113618.90+125554.8,1112061034828,18.53,0.12,174.07877,12.93217,55602.46326,0
113618.90+125554.8,1112061034828,18.60,0.13,174.07896,12.93196,55602.47228,0
113618.90+125554.8,1112061034828,18.71,0.13,174.07866,12.93196,55602.48135,0
113618.90+125554.8,1112061034828,18.47,0.12,174.07881,12.93223,55602.49040,0
113618.90+125554.8,1112061034828,18.28,0.13,174.07896,12.93227,55617.43860,0
113618.90+125554.8,1112061034828,18.76,0.15,174.07895,12.93205,55617.44661,0
113618.90+125554.8,1112061034828,18.88,0.16,174.07884,12.93191,55617.45476,0
113618.90+125554.8,1112061034828,18.84,0.16,174.07881,12.93202,55617.46289,0
113618.90+125554.8,1112061034828,18.43,0.13,174.07885,12.93210,55574.48126,0
113618.90+125554.8,1112061034828,18.78,0.16,174.07875,12.93217,55574.48701,0
113618.90+125554.8,1112061034828,18.82,0.16,174.07894,12.93198,55574.49283,0
113618.90+125554.8,1112061034828,18.66,0.14,174.07886,12.93204,55574.49867,0
113618.90+125554.8,1112061034828,18.51,0.12,174.07889,12.93201,55624.34115,0
113618.90+125554.8,1112061034828,18.86,0.14,174.07885,12.93230,55624.35148,0
113618.90+125554.8,1112061034828,18.62,0.13,174.07891,12.93201,55624.36183,0
113618.90+125554.8,1112061034828,18.68,0.13,174.07881,12.93211,55624.37216,0
113618.90+125554.8,1112061034828,18.70,0.15,174.07872,12.93203,55644.33003,0
113618.90+125554.8,1112061034828,18.44,0.14,174.07908,12.93207,55644.33578,0
113618.90+125554.8,1112061034828,18.64,0.15,174.07889,12.93200,55644.34157,0
113618.90+125554.8,1112061034828,18.71,0.15,174.07873,12.93207,55644.34733,0
113618.90+125554.8,1112061034828,18.74,0.12,174.07893,12.93207,55649.25945,0
113618.90+125554.8,1112061034828,18.59,0.12,174.07890,12.93207,55649.26992,0
113618.90+125554.8,1112061034828,18.54,0.11,174.07876,12.93209,55649.28041,0
113618.90+125554.8,1112061034828,18.83,0.13,174.07882,12.93195,55649.29088,0
113618.90+125554.8,1112061034828,18.63,0.15,174.07884,12.93214,55689.17627,0
113618.90+125554.8,1112061034828,18.73,0.15,174.07879,12.93191,55689.18141,0
113618.90+125554.8,1112061034828,18.84,0.16,174.07898,12.93213,55689.18648,0
113618.90+125554.8,1112061034828,18.84,0.16,174.07877,12.93211,55689.19170,0
113618.90+125554.8,1112061034828,19.08,0.17,174.07901,12.93181,55892.47197,0
113618.90+125554.8,1112061034828,18.60,0.14,174.07890,12.93206,55892.47722,0
113618.90+125554.8,1112061034828,18.54,0.14,174.07888,12.93197,55892.48249,0
113618.90+125554.8,1112061034828,18.34,0.13,174.07861,12.93208,55892.48775,0
113618.90+125554.8,1112061034828,18.56,0.14,174.07895,12.93201,55923.51293,0
113618.90+125554.8,1112061034828,18.68,0.14,174.07917,12.93208,55923.51864,0
113618.90+125554.8,1112061034828,18.52,0.14,174.07879,12.93179,55923.52433,0
113618.90+125554.8,1112061034828,18.55,0.14,174.07876,12.93183,55923.53006,0
113618.90+125554.8,1112061034828,18.61,0.14,174.07885,12.93188,55975.38108,0
113618.90+125554.8,1112061034828,18.55,0.14,174.07896,12.93203,55975.38838,0
113618.90+125554.8,1112061034828,18.38,0.13,174.07874,12.93206,55975.39579,0
113618.90+125554.8,1112061034828,18.67,0.15,174.07890,12.93194,55975.40303,0
113618.90+125554.8,1112061034828,18.65,0.14,174.07888,12.93194,55982.34688,0
113618.90+125554.8,1112061034828,18.75,0.15,174.07898,12.93199,55982.35195,0
113618.90+125554.8,1112061034828,18.61,0.14,174.07894,12.93196,55982.35705,0
113618.90+125554.8,1112061034828,18.64,0.14,174.07870,12.93211,55982.36209,0
113618.90+125554.8,1112061034828,18.60,0.14,174.07908,12.93213,55989.24921,0
113618.90+125554.8,1112061034828,18.47,0.13,174.07869,12.93196,55989.25432,0
113618.90+125554.8,1112061034828,18.77,0.15,174.07891,12.93214,55989.25944,0
113618.90+125554.8,1112061034828,18.65,0.15,174.07895,12.93187,55989.26462,0
113618.90+125554.8,1112061034828,18.86,0.16,174.07900,12.93186,55999.28331,0
113618.90+125554.8,1112061034828,18.67,0.15,174.07881,12.93188,55999.28837,0
113618.90+125554.8,1112061034828,18.73,0.15,174.07895,12.93207,55999.29340,0
113618.90+125554.8,1112061034828,18.57,0.14,174.07899,12.93194,55999.29844,0
113618.90+125554.8,1112061034828,18.65,0.13,174.07869,12.93199,56007.24117,0
113618.90+125554.8,1112061034828,18.67,0.13,174.07873,12.93207,56007.25140,0
113618.90+125554.8,1112061034828,18.65,0.13,174.07890,12.93194,56007.26159,0
113618.90+125554.8,1112061034828,18.72,0.13,174.07868,12.93187,56007.27177,0
113618.90+125554.8,1112061034828,18.62,0.14,174.07898,12.93179,56016.26634,0
113618.90+125554.8,1112061034828,18.41,0.13,174.07878,12.93202,56016.27321,0
113618.90+125554.8,1112061034828,18.63,0.15,174.07886,12.93211,56016.28012,0
113618.90+125554.8,1112061034828,18.63,0.15,174.07871,12.93192,56016.28702,0
113618.90+125554.8,1112061034828,18.57,0.14,174.07895,12.93216,56028.20901,0
113618.90+125554.8,1112061034828,18.75,0.15,174.07873,12.93178,56028.21413,0
113618.90+125554.8,1112061034828,18.70,0.15,174.07879,12.93207,56028.21922,0
113618.90+125554.8,1112061034828,18.48,0.14,174.07863,12.93183,56028.22429,0
113618.90+125554.8,1112061034828,18.69,0.15,174.07902,12.93197,56035.19716,0
113618.90+125554.8,1112061034828,18.53,0.14,174.07902,12.93205,56035.20279,0
113618.90+125554.8,1112061034828,18.50,0.14,174.07894,12.93201,56035.20843,0
113618.90+125554.8,1112061034828,18.57,0.14,174.07876,12.93183,56035.21406,0
113618.90+125554.8,1112061034828,18.45,0.14,174.07872,12.93203,56046.16117,0
113618.90+125554.8,1112061034828,18.73,0.15,174.07858,12.93192,56046.16950,0
113618.90+125554.8,1112061034828,18.67,0.15,174.07874,12.93205,56046.17806,0
113618.90+125554.8,1112061034828,18.78,0.16,174.07894,12.93207,56046.18662,0
113618.90+125554.8,1112061034828,18.41,0.12,174.07879,12.93212,56096.15846,0
113618.90+125554.8,1112061034828,18.39,0.12,174.07875,12.93213,56096.16526,0
113618.90+125554.8,1112061034828,18.51,0.12,174.07879,12.93193,56096.17203,0
113618.90+125554.8,1112061034828,18.35,0.11,174.07886,12.93197,56096.17888,0
113618.90+125554.8,1112061034828,18.59,0.13,174.07892,12.93194,56256.48254,0
113618.90+125554.8,1112061034828,18.62,0.13,174.07896,12.93203,56256.48876,0
113618.90+125554.8,1112061034828,18.59,0.13,174.07874,12.93187,56256.49489,0
113618.90+125554.8,1112061034828,18.43,0.12,174.07869,12.93206,56256.50099,0
113618.90+125554.8,1112061034828,18.56,0.15,174.07864,12.93188,56263.46859,0
113618.90+125554.8,1112061034828,18.47,0.14,174.07901,12.93192,56263.47375,0
113618.90+125554.8,1112061034828,18.63,0.14,174.07875,12.93186,56263.48277,0
113618.90+125554.8,1112061034828,18.60,0.14,174.07879,12.93185,56263.48790,0
113618.90+125554.8,1112061034828,18.63,0.14,174.07897,12.93201,56271.44166,0
113618.90+125554.8,1112061034828,18.58,0.14,174.07901,12.93212,56271.45016,0
113618.90+125554.8,1112061034828,18.30,0.13,174.07914,12.93203,56271.45871,0
113618.90+125554.8,1112061034828,18.87,0.16,174.07893,12.93197,56271.46723,0
113618.90+125554.8,1112061034828,18.58,0.14,174.07898,12.93200,56311.42042,0
113618.90+125554.8,1112061034828,18.68,0.15,174.07905,12.93214,56311.42607,0
113618.90+125554.8,1112061034828,18.59,0.14,174.07891,12.93206,56311.43175,0
113618.90+125554.8,1112061034828,18.67,0.15,174.07877,12.93184,56311.43748,0
113618.90+125554.8,1112061034828,18.64,0.13,174.07892,12.93205,56337.34635,0
113618.90+125554.8,1112061034828,18.52,0.12,174.07904,12.93203,56337.35798,0
113618.90+125554.8,1112061034828,18.53,0.12,174.07895,12.93201,56337.36967,0
113618.90+125554.8,1112061034828,18.60,0.12,174.07907,12.93222,56337.38130,0
113618.90+125554.8,1112061034828,18.69,0.15,174.07907,12.93193,56353.34860,0
113618.90+125554.8,1112061034828,18.61,0.14,174.07880,12.93183,56353.35424,0
113618.90+125554.8,1112061034828,18.47,0.13,174.07861,12.93210,56353.35990,0
113618.90+125554.8,1112061034828,18.85,0.16,174.07872,12.93191,56353.36557,0
113618.90+125554.8,1112061034828,18.62,0.13,174.07894,12.93195,56365.36822,0
113618.90+125554.8,1112061034828,18.65,0.13,174.07870,12.93204,56365.37434,0
113618.90+125554.8,1112061034828,18.45,0.12,174.07882,12.93199,56365.38053,0
113618.90+125554.8,1112061034828,18.57,0.12,174.07886,12.93216,56365.38672,0
113618.90+125554.8,1112061034828,18.12,0.15,174.07874,12.93173,56371.20185,0
113618.90+125554.8,1112061034828,18.37,0.17,174.07907,12.93207,56371.20578,0
113618.90+125554.8,1112061034828,18.32,0.15,174.07907,12.93204,56371.20968,0
113618.90+125554.8,1112061034828,18.46,0.13,174.07872,12.93187,55947.43897,0
113618.90+125554.8,1112061034828,18.67,0.14,174.07872,12.93195,55947.44408,0
113618.90+125554.8,1112061034828,18.48,0.13,174.07892,12.93207,55947.44917,0
113618.90+125554.8,1112061034828,18.60,0.14,174.07880,12.93190,55947.45426,0
113618.90+125554.8,1112061034828,18.74,0.15,174.07880,12.93205,56383.20383,0
113618.90+125554.8,1112061034828,18.44,0.14,174.07878,12.93184,56383.21166,0
113618.90+125554.8,1112061034828,18.71,0.15,174.07892,12.93205,56383.21959,0
113618.90+125554.8,1112061034828,18.66,0.15,174.07893,12.93205,56383.22754,0
113618.90+125554.8,1112061034828,18.69,0.15,174.07898,12.93200,56393.20060,0
113618.90+125554.8,1112061034828,18.74,0.15,174.07882,12.93199,56393.20567,0
113618.90+125554.8,1112061034828,18.43,0.13,174.07885,12.93196,56393.21073,0
113618.90+125554.8,1112061034828,18.75,0.15,174.07902,12.93210,56393.21577,0
113618.90+125554.8,1112061034828,18.22,0.13,174.07876,12.93216,56411.25881,0
113618.90+125554.8,1112061034828,18.79,0.16,174.07888,12.93215,56411.26444,0
113618.90+125554.8,1112061034828,18.69,0.15,174.07888,12.93207,56411.27004,0
113618.90+125554.8,1112061034828,18.61,0.15,174.07901,12.93221,56411.27568,0
113618.90+125554.8,1112061034828,18.38,0.14,174.07887,12.93208,56426.19929,0
113618.90+125554.8,1112061034828,17.98,0.12,174.07897,12.93218,56426.20658,0
113618.90+125554.8,1112061034828,18.65,0.16,174.07917,12.93198,56426.21388,0
113618.90+125554.8,1112061034828,18.73,0.16,174.07878,12.93200,56426.22121,0
113618.90+125554.8,1112061034828,18.60,0.15,174.07886,12.93211,56443.18290,0
113618.90+125554.8,1112061034828,18.59,0.15,174.07886,12.93206,56443.18966,0
113618.90+125554.8,1112061034828,18.43,0.14,174.07865,12.93207,56443.19644,0
113618.90+125554.8,1112061034828,18.70,0.16,174.07880,12.93200,56443.20320,0
113618.90+125554.8,1112061034828,18.76,0.16,174.07888,12.93198,56454.20159,0
113618.90+125554.8,1112061034828,18.47,0.14,174.07883,12.93191,56454.20911,0
113618.90+125554.8,1112061034828,18.55,0.15,174.07908,12.93212,56454.21417,0
113618.90+125554.8,1112061034828,18.46,0.14,174.07876,12.93211,56454.21921,0
113618.90+125554.8,1112061034828,18.73,0.16,174.07889,12.93204,56464.16236,0
113618.90+125554.8,1112061034828,18.56,0.15,174.07878,12.93202,56464.16744,0
113618.90+125554.8,1112061034828,18.68,0.15,174.07881,12.93191,56464.17256,0
113618.90+125554.8,1112061034828,18.55,0.15,174.07886,12.93204,56464.17762,0
113618.90+125554.8,2112158026736,22.04,0.33,174.08096,12.93465,54178.30367,0
113618.90+125554.8,2112158026736,21.16,0.22,174.08103,12.93458,54178.30809,0
113618.90+125554.8,2112158026736,22.04,0.33,174.08111,12.93457,54178.31249,0
113618.90+125554.8,2112158026736,21.53,0.30,174.08105,12.93462,54507.36847,0
113618.90+125554.8,2112158026736,20.99,0.22,174.08113,12.93459,54507.37344,0
113618.90+125554.8,2112158026736,22.63,0.49,174.08122,12.93464,54531.38097,0
113618.90+125554.8,2112158026736,22.32,0.41,174.08054,12.93498,54531.40085,0
113618.90+125554.8,2112158026736,21.42,0.27,174.08087,12.93460,54921.30326,0
113618.90+125554.8,2112158026736,21.51,0.28,174.08088,12.93448,55629.28380,0
113618.90+125554.8,2112158026736,20.69,0.18,174.08115,12.93442,55629.30477,0
113618.90+125554.8,2112158026736,22.21,0.45,174.08095,12.93467,56337.49070,0
113618.90+125554.8,2112158026736,21.47,0.30,174.08062,12.93493,56337.49655,0
113618.90+125554.8,2112158026736,21.94,0.39,174.08093,12.93455,56337.50247,0
113618.90+125554.8,2112158026985,18.68,0.08,174.07881,12.93190,54178.30367,0
113618.90+125554.8,2112158026985,18.59,0.08,174.07881,12.93193,54178.30809,0
113618.90+125554.8,2112158026985,18.61,0.08,174.07880,12.93188,54178.31249,0
113618.90+125554.8,2112158026985,18.64,0.09,174.07881,12.93188,54178.31692,0
113618.90+125554.8,2112158026985,18.45,0.08,174.07881,12.93188,54570.24211,0
113618.90+125554.8,2112158026985,18.45,0.08,174.07881,12.93190,54570.24818,0
113618.90+125554.8,2112158026985,18.41,0.08,174.07883,12.93191,54570.25432,0
113618.90+125554.8,2112158026985,18.49,0.08,174.07883,12.93191,54570.26042,0
113618.90+125554.8,2112158026985,18.38,0.08,174.07882,12.93190,54507.36847,0
113618.90+125554.8,2112158026985,18.44,0.08,174.07883,12.93189,54507.37344,0
113618.90+125554.8,2112158026985,18.43,0.08,174.07884,12.93190,54507.37853,0
113618.90+125554.8,2112158026985,18.46,0.08,174.07881,12.93190,54507.38362,0
113618.90+125554.8,2112158026985,18.50,0.08,174.07882,12.93186,54531.38097,0
113618.90+125554.8,2112158026985,18.47,0.08,174.07881,12.93188,54531.38764,0
113618.90+125554.8,2112158026985,18.45,0.08,174.07879,12.93188,54531.39426,0
113618.90+125554.8,2112158026985,18.51,0.08,174.07881,12.93192,54531.40085,0
113618.90+125554.8,2112158026985,18.52,0.08,174.07879,12.93189,54921.27407,0
113618.90+125554.8,2112158026985,18.56,0.08,174.07878,12.93189,54921.28374,0
113618.90+125554.8,2112158026985,18.48,0.08,174.07883,12.93187,54921.29348,0
113618.90+125554.8,2112158026985,18.51,0.08,174.07884,12.93190,54921.30326,0
113618.90+125554.8,2112158026985,18.48,0.08,174.07884,12.93191,55275.31829,0
113618.90+125554.8,2112158026985,18.60,0.08,174.07883,12.93190,55629.28380,0
113618.90+125554.8,2112158026985,18.46,0.08,174.07882,12.93186,55629.29431,0
113618.90+125554.8,2112158026985,18.59,0.08,174.07880,12.93190,55629.30477,0
113618.90+125554.8,2112158026985,18.63,0.08,174.07882,12.93189,55629.31528,0
113618.90+125554.8,2112158026985,18.61,0.09,174.07881,12.93192,56337.49070,0
113618.90+125554.8,2112158026985,18.65,0.09,174.07885,12.93191,56337.49655,0
113618.90+125554.8,2112158026985,18.60,0.09,174.07879,12.93191,56337.50247,0
113618.90+125554.8,2112158026985,18.58,0.09,174.07877,12.93192,56337.50835,0
113618.90+125554.8,2112158026985,18.41,0.09,174.07876,12.93190,56374.20663,0
113618.90+125554.8,2112158026985,18.67,0.09,174.07881,12.93196,56374.21400,0
113618.90+125554.8,2112158026985,18.68,0.09,174.07884,12.93189,56374.22134,0
113618.90+125554.8,2112158026985,18.76,0.09,174.07875,12.93191,56374.22865,0
075947.73+112507.3,1112042005082,18.17,0.11,119.94878,11.41853,54081.39803,0
075947.73+112507.3,1112042005082,18.24,0.12,119.94881,11.41869,54081.40462,0
075947.73+112507.3,1112042005082,17.77,0.10,119.94886,11.41881,54081.41129,0
075947.73+112507.3,1112042005082,17.92,0.10,119.94880,11.41887,54081.41791,0
075947.73+112507.3,1112042005082,18.03,0.11,119.94876,11.41893,54093.32376,0
075947.73+112507.3,1112042005082,17.94,0.10,119.94870,11.41880,54093.33029,0
075947.73+112507.3,1112042005082,17.89,0.10,119.94876,11.41866,54093.33681,0
075947.73+112507.3,1112042005082,17.91,0.10,119.94880,11.41870,54093.34335,0
075947.73+112507.3,1112042005082,17.87,0.10,119.94879,11.41864,54041.48814,0
075947.73+112507.3,1112042005082,17.74,0.10,119.94886,11.41877,54041.49352,0
075947.73+112507.3,1112042005082,17.87,0.10,119.94886,11.41870,54041.49892,0
075947.73+112507.3,1112042005082,18.07,0.11,119.94868,11.41884,54041.50430,0
075947.73+112507.3,1112042005082,17.78,0.10,119.94883,11.41872,54205.13893,0
075947.73+112507.3,1112042005082,17.75,0.10,119.94891,11.41862,54205.14489,0
075947.73+112507.3,1112042005082,18.08,0.11,119.94892,11.41869,54205.15084,0
075947.73+112507.3,1112042005082,17.71,0.10,119.94863,11.41893,54205.15679,0
075947.73+112507.3,1112042005082,17.98,0.11,119.94868,11.41880,54449.35901,0
075947.73+112507.3,1112042005082,18.00,0.11,119.94870,11.41895,54449.36560,0
075947.73+112507.3,1112042005082,17.76,0.10,119.94874,11.41867,54449.37218,0
075947.73+112507.3,1112042005082,18.06,0.11,119.94876,11.41872,54449.37880,0
075947.73+112507.3,1112042005082,18.59,0.34,119.94832,11.41840,54453.37545,0
075947.73+112507.3,1112042005082,18.06,0.11,119.94891,11.41876,54465.37853,0
075947.73+112507.3,1112042005082,18.11,0.11,119.94878,11.41866,54465.38498,0
075947.73+112507.3,1112042005082,17.78,0.10,119.94887,11.41881,54465.39151,0
075947.73+112507.3,1112042005082,17.88,0.10,119.94892,11.41883,54465.39800,0
075947.73+112507.3,1112042005082,18.13,0.13,119.94885,11.41831,54139.20884,0
075947.73+112507.3,1112042005082,17.57,0.10,119.94856,11.41895,54139.21743,0
075947.73+112507.3,1112042005082,17.93,0.12,119.94871,11.41884,54139.22602,0
075947.73+112507.3,1112042005082,17.97,0.12,119.94862,11.41866,54139.23463,0
075947.73+112507.3,1112042005082,18.14,0.12,119.94871,11.41865,54110.29882,0
075947.73+112507.3,1112042005082,17.72,0.10,119.94873,11.41876,54110.30542,0
075947.73+112507.3,1112042005082,17.90,0.11,119.94887,11.41880,54110.31203,0
075947.73+112507.3,1112042005082,17.89,0.10,119.94883,11.41867,54110.31864,0
075947.73+112507.3,1112042005082,17.98,0.11,119.94890,11.41868,54415.39643,0
075947.73+112507.3,1112042005082,17.79,0.10,119.94877,11.41875,54415.40352,0
075947.73+112507.3,1112042005082,17.86,0.10,119.94870,11.41879,54415.41064,0
075947.73+112507.3,1112042005082,17.96,0.11,119.94874,11.41864,54415.41774,0
075947.73+112507.3,1112042005082,18.02,0.11,119.94882,11.41871,54391.45385,0
075947.73+112507.3,1112042005082,18.17,0.11,119.94885,11.41847,54391.46047,0
075947.73+112507.3,1112042005082,17.89,0.10,119.94896,11.41882,54391.46703,0
075947.73+112507.3,1112042005082,17.88,0.10,119.94881,11.41871,54391.47357,0
075947.73+112507.3,1112042005082,17.99,0.13,119.94859,11.41875,54581.12876,0
075947.73+112507.3,1112042005082,18.12,0.14,119.94873,11.41884,54581.13460,0
075947.73+112507.3,1112042005082,17.86,0.13,119.94861,11.41867,54581.14044,0
075947.73+112507.3,1112042005082,17.98,0.13,119.94866,11.41872,54581.14633,0
075947.73+112507.3,1112042005082,17.74,0.10,119.94877,11.41869,54821.40956,0
075947.73+112507.3,1112042005082,17.99,0.11,119.94886,11.41867,54821.41626,0
075947.73+112507.3,1112042005082,17.83,0.10,119.94875,11.41891,54821.42293,0
075947.73+112507.3,1112042005082,17.92,0.10,119.94882,11.41871,54821.42961,0
075947.73+112507.3,1112042005082,17.99,0.11,119.94890,11.41867,54822.36938,0
075947.73+112507.3,1112042005082,17.96,0.10,119.94887,11.41873,54822.37604,0
075947.73+112507.3,1112042005082,17.94,0.10,119.94874,11.41871,54822.38277,0
075947.73+112507.3,1112042005082,17.97,0.10,119.94878,11.41872,54822.38953,0
075947.73+112507.3,1112042005082,18.11,0.11,119.94888,11.41883,54499.16615,0
075947.73+112507.3,1112042005082,17.97,0.11,119.94875,11.41873,54499.17599,0
075947.73+112507.3,1112042005082,17.86,0.10,119.94871,11.41886,54499.18093,0
075947.73+112507.3,1112042005082,17.77,0.10,119.94877,11.41858,54506.19609,0
075947.73+112507.3,1112042005082,17.99,0.11,119.94879,11.41873,54506.20202,0
075947.73+112507.3,1112042005082,17.79,0.10,119.94882,11.41868,54506.20846,0
075947.73+112507.3,1112042005082,17.84,0.10,119.94867,11.41871,54506.21439,0
075947.73+112507.3,1112042005082,17.86,0.10,119.94878,11.41863,54475.40043,0
075947.73+112507.3,1112042005082,17.94,0.10,119.94903,11.41865,54475.40689,0
075947.73+112507.3,1112042005082,17.79,0.10,119.94890,11.41881,54475.41338,0
075947.73+112507.3,1112042005082,17.89,0.10,119.94879,11.41870,54475.41989,0
075947.73+112507.3,1112042005082,17.98,0.11,119.94894,11.41870,54533.18106,0
075947.73+112507.3,1112042005082,17.90,0.11,119.94881,11.41876,54533.18647,0
075947.73+112507.3,1112042005082,17.93,0.11,119.94895,11.41871,54533.19192,0
075947.73+112507.3,1112042005082,17.95,0.12,119.94886,11.41856,54533.19738,0
075947.73+112507.3,1112042005082,17.99,0.11,119.94895,11.41848,54539.13489,0
075947.73+112507.3,1112042005082,17.78,0.10,119.94877,11.41863,54539.14192,0
075947.73+112507.3,1112042005082,18.10,0.11,119.94885,11.41871,54539.14897,0
075947.73+112507.3,1112042005082,18.11,0.11,119.94891,11.41860,54539.15601,0
075947.73+112507.3,1112042005082,17.82,0.10,119.94881,11.41865,54793.50858,0
075947.73+112507.3,1112042005082,18.03,0.11,119.94878,11.41861,54793.51348,0
075947.73+112507.3,1112042005082,18.13,0.11,119.94892,11.41872,54793.51828,0
075947.73+112507.3,1112042005082,18.08,0.11,119.94873,11.41867,54793.52309,0
075947.73+112507.3,1112042005082,17.94,0.14,119.94888,11.41873,54743.51147,0
075947.73+112507.3,1112042005082,18.26,0.12,119.94880,11.41875,54922.17726,0
075947.73+112507.3,1112042005082,18.81,0.15,119.94862,11.41852,54922.18328,0
075947.73+112507.3,1112042005082,18.09,0.11,119.94881,11.41868,54922.19550,0
075947.73+112507.3,1112042005082,18.08,0.11,119.94877,11.41875,54922.20161,0
075947.73+112507.3,1112042005082,18.16,0.14,119.94874,11.41881,54938.12938,0
075947.73+112507.3,1112042005082,17.89,0.12,119.94875,11.41871,54938.13383,0
075947.73+112507.3,1112042005082,17.84,0.12,119.94856,11.41886,54938.13817,0
075947.73+112507.3,1112042005082,18.04,0.13,119.94877,11.41868,54938.14258,0
075947.73+112507.3,1112042005082,18.01,0.11,119.94903,11.41857,54944.12761,0
075947.73+112507.3,1112042005082,17.63,0.10,119.94883,11.41874,54944.13467,0
075947.73+112507.3,1112042005082,18.14,0.12,119.94875,11.41875,54944.14183,0
075947.73+112507.3,1112042005082,17.92,0.11,119.94878,11.41876,54944.14902,0
075947.73+112507.3,1112042005082,17.91,0.10,119.94864,11.41870,55180.41373,0
075947.73+112507.3,1112042005082,17.97,0.11,119.94878,11.41886,55180.42120,0
075947.73+112507.3,1112042005082,18.13,0.11,119.94877,11.41868,55180.42875,0
075947.73+112507.3,1112042005082,17.87,0.10,119.94883,11.41874,55180.43632,0
075947.73+112507.3,1112042005082,18.04,0.11,119.94882,11.41876,55180.44389,0
075947.73+112507.3,1112042005082,17.93,0.10,119.94884,11.41871,54849.32204,0
075947.73+112507.3,1112042005082,18.13,0.11,119.94892,11.41862,54849.32432,0
075947.73+112507.3,1112042005082,17.95,0.10,119.94884,11.41873,54849.32670,0
075947.73+112507.3,1112042005082,18.26,0.12,119.94879,11.41851,54849.32912,0
075947.73+112507.3,1112042005082,17.90,0.11,119.94895,11.41868,55150.40843,0
075947.73+112507.3,1112042005082,18.19,0.12,119.94887,11.41854,55150.41504,0
075947.73+112507.3,1112042005082,17.92,0.11,119.94888,11.41882,55150.42170,0
075947.73+112507.3,1112042005082,18.16,0.12,119.94903,11.41858,55150.42844,0
075947.73+112507.3,1112042005082,17.90,0.11,119.94871,11.41888,55294.14707,0
075947.73+112507.3,1112042005082,17.98,0.11,119.94870,11.41877,55294.15214,0
075947.73+112507.3,1112042005082,18.03,0.11,119.94880,11.41886,55294.15722,0
075947.73+112507.3,1112042005082,17.85,0.10,119.94869,11.41878,55294.16237,0
075947.73+112507.3,1112042005082,17.73,0.12,119.94830,11.41868,55537.41213,0
075947.73+112507.3,1112042005082,18.04,0.12,119.94872,11.41867,55537.42355,0
075947.73+112507.3,1112042005082,17.65,0.11,119.94877,11.41855,55537.42930,0
075947.73+112507.3,1112042005082,18.43,0.13,119.94874,11.41868,55202.30210,0
075947.73+112507.3,1112042005082,18.04,0.11,119.94875,11.41871,55202.30782,0
075947.73+112507.3,1112042005082,18.10,0.11,119.94885,11.41871,55202.31356,0
075947.73+112507.3,1112042005082,18.00,0.11,119.94881,11.41854,55202.31933,0
075947.73+112507.3,1112042005082,17.76,0.10,119.94894,11.41864,55211.22687,0
075947.73+112507.3,1112042005082,18.22,0.12,119.94874,11.41873,55211.23318,0
075947.73+112507.3,1112042005082,18.09,0.11,119.94876,11.41889,55211.24591,0
075947.73+112507.3,1112042005082,18.13,0.11,119.94881,11.41878,55211.25228,0
075947.73+112507.3,1112042005082,18.12,0.11,119.94862,11.41866,55259.21473,0
075947.73+112507.3,1112042005082,17.90,0.10,119.94875,11.41853,55259.22051,0
075947.73+112507.3,1112042005082,17.96,0.11,119.94877,11.41872,55259.22626,0
075947.73+112507.3,1112042005082,17.75,0.10,119.94874,11.41869,55259.23194,0
075947.73+112507.3,1112042005082,18.20,0.12,119.94880,11.41867,55268.18947,0
075947.73+112507.3,1112042005082,17.83,0.10,119.94873,11.41868,55268.19521,0
075947.73+112507.3,1112042005082,18.09,0.11,119.94883,11.41870,55268.20098,0
075947.73+112507.3,1112042005082,17.93,0.11,119.94880,11.41884,55268.20670,0
075947.73+112507.3,1112042005082,17.85,0.10,119.94867,11.41879,55275.18202,0
075947.73+112507.3,1112042005082,18.01,0.11,119.94869,11.41880,55275.18890,0
075947.73+112507.3,1112042005082,18.22,0.12,119.94863,11.41875,55275.19580,0
075947.73+112507.3,1112042005082,18.17,0.12,119.94880,11.41874,55275.20265,0
075947.73+112507.3,1112042005082,18.02,0.11,119.94878,11.41856,55510.43787,0
075947.73+112507.3,1112042005082,18.26,0.12,119.94872,11.41868,55510.45052,0
075947.73+112507.3,1112042005082,18.10,0.11,119.94883,11.41857,55510.45690,0
075947.73+112507.3,1112042005082,17.92,0.13,119.94889,11.41863,55528.44706,0
075947.73+112507.3,1112042005082,18.03,0.13,119.94879,11.41884,55528.46106,0
075947.73+112507.3,1112042005082,18.33,0.15,119.94871,11.41875,55528.46809,0
075947.73+112507.3,1112042005082,17.77,0.09,119.94873,11.41868,55679.16173,0
075947.73+112507.3,1112042005082,18.19,0.11,119.94889,11.41878,55679.16930,0
075947.73+112507.3,1112042005082,17.96,0.10,119.94911,11.41863,55679.17684,0
075947.73+112507.3,1112042005082,18.09,0.11,119.94876,11.41875,55679.18440,0
075947.73+112507.3,1112042005082,17.78,0.10,119.94886,11.41875,55563.30268,0
075947.73+112507.3,1112042005082,17.98,0.11,119.94886,11.41856,55563.31020,0
075947.73+112507.3,1112042005082,17.84,0.11,119.94887,11.41871,55563.31773,0
075947.73+112507.3,1112042005082,17.68,0.10,119.94889,11.41877,55563.32526,0
075947.73+112507.3,1112042005082,17.93,0.11,119.94882,11.41884,55572.30065,0
075947.73+112507.3,1112042005082,18.18,0.12,119.94875,11.41866,55572.30638,0
075947.73+112507.3,1112042005082,17.90,0.11,119.94886,11.41886,55572.31212,0
075947.73+112507.3,1112042005082,18.06,0.11,119.94873,11.41871,55572.31788,0
075947.73+112507.3,1112042005082,17.84,0.10,119.94866,11.41875,55586.28641,0
075947.73+112507.3,1112042005082,18.00,0.11,119.94864,11.41878,55586.29325,0
075947.73+112507.3,1112042005082,17.89,0.11,119.94876,11.41889,55586.30016,0
075947.73+112507.3,1112042005082,18.09,0.12,119.94905,11.41879,55586.30712,0
075947.73+112507.3,1112042005082,17.84,0.10,119.94882,11.41871,55587.26397,0
075947.73+112507.3,1112042005082,18.04,0.11,119.94879,11.41858,55587.27087,0
075947.73+112507.3,1112042005082,17.98,0.11,119.94887,11.41875,55587.27779,0
075947.73+112507.3,1112042005082,18.18,0.12,119.94888,11.41870,55587.28464,0
075947.73+112507.3,1112042005082,17.89,0.11,119.94874,11.41872,55621.19522,0
075947.73+112507.3,1112042005082,18.03,0.11,119.94880,11.41870,55621.20372,0
075947.73+112507.3,1112042005082,17.69,0.10,119.94870,11.41881,55621.21228,0
075947.73+112507.3,1112042005082,18.08,0.11,119.94884,11.41865,55621.22083,0
075947.73+112507.3,1112042005082,18.04,0.11,119.94881,11.41870,55202.32548,0
075947.73+112507.3,1112042005082,17.83,0.10,119.94878,11.41868,55202.33130,0
075947.73+112507.3,1112042005082,18.34,0.12,119.94867,11.41874,55202.33709,0
075947.73+112507.3,1112042005082,18.19,0.12,119.94876,11.41861,55202.34286,0
075947.73+112507.3,1112042005082,18.04,0.11,119.94876,11.41887,55857.43211,0
075947.73+112507.3,1112042005082,18.02,0.11,119.94901,11.41870,55857.44001,0
075947.73+112507.3,1112042005082,17.90,0.11,119.94893,11.41882,55857.44799,0
075947.73+112507.3,1112042005082,18.02,0.11,119.94893,11.41872,55857.45596,0
075947.73+112507.3,1112042005082,17.76,0.10,119.94874,11.41850,55883.51080,0
075947.73+112507.3,1112042005082,18.02,0.11,119.94886,11.41871,55883.51365,0
075947.73+112507.3,1112042005082,18.10,0.11,119.94859,11.41876,55883.51651,0
075947.73+112507.3,1112042005082,17.90,0.10,119.94868,11.41870,55883.51937,0
075947.73+112507.3,1112042005082,18.05,0.11,119.94909,11.41868,55925.42117,0
075947.73+112507.3,1112042005082,18.18,0.12,119.94864,11.41866,55925.42688,0
075947.73+112507.3,1112042005082,17.93,0.11,119.94883,11.41878,55925.43258,0
075947.73+112507.3,1112042005082,17.95,0.11,119.94896,11.41893,55925.43822,0
075947.73+112507.3,1112042005082,17.53,0.09,119.94840,11.41885,55939.38336,0
075947.73+112507.3,1112042005082,18.20,0.12,119.94895,11.41867,55939.39061,0
075947.73+112507.3,1112042005082,17.94,0.11,119.94924,11.41876,55939.39791,0
075947.73+112507.3,1112042005082,17.95,0.11,119.94866,11.41888,55939.40522,0
075947.73+112507.3,1112042005082,18.09,0.11,119.94867,11.41883,55967.23416,0
075947.73+112507.3,1112042005082,18.18,0.12,119.94861,11.41885,55967.24273,0
075947.73+112507.3,1112042005082,18.42,0.13,119.94864,11.41857,55967.25060,0
075947.73+112507.3,1112042005082,17.73,0.10,119.94868,11.41894,55967.25848,0
075947.73+112507.3,1112042005082,18.06,0.11,119.94879,11.41857,55983.19444,0
075947.73+112507.3,1112042005082,17.86,0.10,119.94867,11.41866,55983.19956,0
075947.73+112507.3,1112042005082,18.06,0.11,119.94871,11.41878,55983.20466,0
075947.73+112507.3,1112042005082,18.00,0.11,119.94888,11.41863,55983.20978,0
075947.73+112507.3,1112042005082,17.99,0.11,119.94896,11.41865,56000.16112,0
075947.73+112507.3,1112042005082,18.10,0.11,119.94876,11.41881,56000.16619,0
075947.73+112507.3,1112042005082,17.88,0.11,119.94872,11.41883,56000.17216,0
075947.73+112507.3,1112042005082,17.89,0.11,119.94885,11.41869,56000.17730,0
075947.73+112507.3,1112042005082,18.30,0.12,119.94878,11.41887,56015.12042,0
075947.73+112507.3,1112042005082,18.17,0.12,119.94898,11.41886,56015.12719,0
075947.73+112507.3,1112042005082,18.15,0.12,119.94858,11.41864,56015.13402,0
075947.73+112507.3,1112042005082,18.12,0.12,119.94888,11.41872,56015.14081,0
075947.73+112507.3,1112042005082,17.97,0.35,119.94917,11.41815,56034.12852,0
075947.73+112507.3,1112042005082,18.53,0.48,119.94882,11.41859,56034.13126,0
075947.73+112507.3,1112042005082,18.25,0.41,119.94880,11.41875,56034.13398,0
075947.73+112507.3,1112042005082,17.81,0.10,119.94869,11.41884,56282.34590,0
075947.73+112507.3,1112042005082,17.94,0.11,119.94877,11.41880,56282.35512,0
075947.73+112507.3,1112042005082,18.06,0.11,119.94893,11.41878,56282.36431,0
075947.73+112507.3,1112042005082,17.89,0.11,119.94884,11.41870,56282.37355,0
075947.73+112507.3,1112042005082,17.92,0.11,119.94864,11.41886,56295.34116,0
075947.73+112507.3,1112042005082,17.62,0.10,119.94863,11.41891,56295.34854,0
075947.73+112507.3,1112042005082,17.75,0.10,119.94864,11.41869,56295.35594,0
075947.73+112507.3,1112042005082,17.79,0.10,119.94870,11.41877,56295.36333,0
075947.73+112507.3,1112042005082,17.78,0.10,119.94851,11.41880,56304.27371,0
075947.73+112507.3,1112042005082,17.88,0.10,119.94856,11.41875,56304.27935,0
075947.73+112507.3,1112042005082,17.93,0.11,119.94858,11.41876,56304.28501,0
075947.73+112507.3,1112042005082,17.93,0.11,119.94867,11.41862,56304.29071,0
075947.73+112507.3,1112042005082,17.83,0.10,119.94863,11.41870,56323.21969,0
075947.73+112507.3,1112042005082,17.87,0.11,119.94881,11.41888,56323.22472,0
075947.73+112507.3,1112042005082,17.95,0.11,119.94876,11.41877,56323.23026,0
075947.73+112507.3,1112042005082,17.70,0.10,119.94867,11.41862,56323.23529,0
075947.73+112507.3,1112042005082,17.96,0.11,119.94877,11.41871,56329.20702,0
075947.73+112507.3,1112042005082,17.78,0.10,119.94871,11.41872,56329.21204,0
075947.73+112507.3,1112042005082,17.94,0.11,119.94869,11.41880,56329.21706,0
075947.73+112507.3,1112042005082,17.89,0.11,119.94873,11.41873,56329.22214,0
075947.73+112507.3,1112042005082,17.83,0.10,119.94860,11.41878,56358.18569,0
075947.73+112507.3,1112042005082,17.92,0.11,119.94898,11.41873,56358.19300,0
075947.73+112507.3,1112042005082,17.95,0.11,119.94883,11.41880,56358.20035,0
075947.73+112507.3,1112042005082,18.06,0.11,119.94869,11.41864,56358.20764,0
075947.73+112507.3,1112042005082,17.98,0.11,119.94880,11.41869,56368.19831,0
075947.73+112507.3,1112042005082,17.99,0.11,119.94865,11.41880,56368.20607,0
075947.73+112507.3,1112042005082,18.02,0.11,119.94878,11.41867,56368.21398,0
075947.73+112507.3,1112042005082,17.80,0.10,119.94879,11.41880,56368.22186,0
075947.73+112507.3,1112042005082,17.80,0.10,119.94890,11.41856,55946.19342,0
075947.73+112507.3,1112042005082,18.05,0.11,119.94908,11.41873,55946.19799,0
075947.73+112507.3,1112042005082,18.04,0.11,119.94886,11.41870,55946.20714,0
075947.73+112507.3,1112042005082,17.81,0.10,119.94874,11.41878,56397.13380,0
075947.73+112507.3,1112042005082,17.82,0.10,119.94871,11.41880,56397.14101,0
075947.73+112507.3,1112042005082,18.02,0.11,119.94861,11.41889,56397.14831,0
075947.73+112507.3,1112042005082,17.86,0.11,119.94874,11.41876,56397.15562,0
075947.73+112507.3,1112042005082,17.98,0.11,119.94878,11.41871,56596.42057,0
075947.73+112507.3,1112042005082,18.18,0.12,119.94880,11.41872,56596.43138,0
075947.73+112507.3,1112042005082,18.16,0.12,119.94890,11.41869,56596.44222,0
075947.73+112507.3,1112042005082,17.83,0.10,119.94887,11.41867,56596.45304,0
132404.20+433407.1,1143054021130,18.35,0.14,201.01737,43.56867,53531.24867,0
132404.20+433407.1,1143054021130,18.08,0.13,201.01759,43.56863,53531.25655,0
132404.20+433407.1,1143054021130,17.94,0.12,201.01735,43.56865,53531.26451,0
132404.20+433407.1,1143054021130,18.36,0.14,201.01730,43.56858,53531.27232,0
132404.20+433407.1,1143054021130,18.24,0.13,201.01709,43.56869,53854.34369,0
132404.20+433407.1,1143054021130,18.11,0.12,201.01723,43.56871,53854.35137,0
132404.20+433407.1,1143054021130,18.24,0.13,201.01713,43.56866,53854.35909,0
132404.20+433407.1,1143054021130,18.29,0.13,201.01741,43.56866,53854.36677,0
132404.20+433407.1,1143054021130,18.15,0.18,201.01735,43.56874,53769.48269,0
132404.20+433407.1,1143054021130,18.25,0.16,201.01719,43.56838,53769.49091,0
132404.20+433407.1,1143054021130,17.76,0.13,201.01757,43.56908,53769.49920,0
132404.20+433407.1,1143054021130,17.95,0.13,201.01750,43.56857,53769.50762,0
132404.20+433407.1,1143054021130,18.29,0.14,201.01698,43.56852,53746.39083,0
132404.20+433407.1,1143054021130,18.13,0.13,201.01735,43.56867,53746.39951,0
132404.20+433407.1,1143054021130,18.10,0.12,201.01739,43.56865,53746.40833,0
132404.20+433407.1,1143054021130,18.33,0.14,201.01770,43.56857,53746.41706,0
132404.20+433407.1,1143054021130,18.20,0.35,201.01760,43.56866,53902.34086,0
132404.20+433407.1,1143054021130,18.38,0.39,201.01673,43.56884,53902.34289,0
132404.20+433407.1,1143054021130,18.31,0.13,201.01715,43.56865,53799.33862,0
132404.20+433407.1,1143054021130,18.30,0.13,201.01737,43.56871,53799.34596,0
132404.20+433407.1,1143054021130,18.20,0.12,201.01717,43.56877,53799.35333,0
132404.20+433407.1,1143054021130,18.29,0.13,201.01744,43.56867,53799.36052,0
132404.20+433407.1,1143054021130,18.35,0.13,201.01740,43.56865,53883.21157,0
132404.20+433407.1,1143054021130,18.38,0.13,201.01762,43.56876,53883.21824,0
132404.20+433407.1,1143054021130,18.42,0.14,201.01727,43.56871,53883.22480,0
132404.20+433407.1,1143054021130,18.26,0.13,201.01721,43.56860,53883.23133,0
132404.20+433407.1,1143054021130,17.82,0.11,201.01757,43.56867,54202.46998,0
132404.20+433407.1,1143054021130,18.17,0.12,201.01724,43.56874,54202.47539,0
132404.20+433407.1,1143054021130,18.10,0.12,201.01730,43.56872,54202.48083,0
132404.20+433407.1,1143054021130,17.94,0.11,201.01764,43.56854,54202.48621,0
132404.20+433407.1,1143054021130,18.12,0.12,201.01749,43.56865,54209.45750,0
132404.20+433407.1,1143054021130,18.01,0.11,201.01750,43.56875,54209.46306,0
132404.20+433407.1,1143054021130,18.20,0.12,201.01737,43.56848,54209.46850,0
132404.20+433407.1,1143054021130,18.16,0.12,201.01739,43.56861,54209.47400,0
132404.20+433407.1,1143054021130,18.37,0.13,201.01750,43.56854,54138.42421,0
132404.20+433407.1,1143054021130,18.46,0.13,201.01729,43.56859,54138.42857,0
132404.20+433407.1,1143054021130,18.31,0.13,201.01717,43.56868,54138.43289,0
132404.20+433407.1,1143054021130,18.49,0.14,201.01704,43.56908,54138.43724,0
132404.20+433407.1,1143054021130,18.35,0.13,201.01765,43.56850,54265.23655,0
132404.20+433407.1,1143054021130,18.17,0.12,201.01763,43.56882,54265.24580,0
132404.20+433407.1,1143054021130,18.20,0.13,201.01722,43.56857,54265.25508,0
132404.20+433407.1,1143054021130,18.24,0.13,201.01750,43.56855,54265.26434,0
132404.20+433407.1,1143054021130,18.48,0.14,201.01731,43.56859,54273.22242,0
132404.20+433407.1,1143054021130,18.27,0.13,201.01722,43.56865,54273.22843,0
132404.20+433407.1,1143054021130,18.42,0.14,201.01741,43.56861,54273.23441,0
132404.20+433407.1,1143054021130,18.32,0.13,201.01732,43.56874,54273.24042,0
132404.20+433407.1,1143054021130,18.18,0.12,201.01748,43.56865,54168.49181,0
132404.20+433407.1,1143054021130,18.15,0.12,201.01713,43.56868,54168.49943,0
132404.20+433407.1,1143054021130,18.51,0.13,201.01725,43.56883,54168.50702,0
132404.20+433407.1,1143054021130,18.12,0.11,201.01723,43.56857,54168.51463,0
132404.20+433407.1,1143054021130,18.11,0.12,201.01725,43.56870,54177.30298,0
132404.20+433407.1,1143054021130,18.14,0.12,201.01740,43.56873,54177.31108,0
132404.20+433407.1,1143054021130,18.22,0.12,201.01701,43.56872,54177.31923,0
132404.20+433407.1,1143054021130,17.99,0.11,201.01729,43.56870,54177.32741,0
132404.20+433407.1,1143054021130,18.44,0.14,201.01723,43.56875,54239.27140,0
132404.20+433407.1,1143054021130,18.38,0.14,201.01742,43.56854,54239.28094,0
132404.20+433407.1,1143054021130,18.36,0.14,201.01758,43.56841,54239.29047,0
132404.20+433407.1,1143054021130,18.15,0.12,201.01722,43.56865,54239.29994,0
132404.20+433407.1,1143054021130,18.14,0.12,201.01740,43.56853,54246.23330,0
132404.20+433407.1,1143054021130,17.99,0.11,201.01750,43.56823,54246.24144,0
132404.20+433407.1,1143054021130,17.94,0.11,201.01757,43.56868,54246.24963,0
132404.20+433407.1,1143054021130,18.52,0.14,201.01726,43.56856,54246.25782,0
132404.20+433407.1,1143054021130,18.17,0.12,201.01745,43.56868,54560.42604,0
132404.20+433407.1,1143054021130,18.28,0.12,201.01720,43.56886,54560.43109,0
132404.20+433407.1,1143054021130,18.31,0.13,201.01732,43.56867,54560.43616,0
132404.20+433407.1,1143054021130,18.20,0.12,201.01746,43.56874,54560.44120,0
132404.20+433407.1,1143054021130,18.14,0.11,201.01720,43.56861,54508.37057,0
132404.20+433407.1,1143054021130,18.19,0.12,201.01742,43.56876,54508.37588,0
132404.20+433407.1,1143054021130,18.14,0.11,201.01748,43.56868,54508.38122,0
132404.20+433407.1,1143054021130,18.12,0.11,201.01765,43.56874,54508.38654,0
132404.20+433407.1,1143054021130,18.15,0.12,201.01744,43.56882,54515.32691,0
132404.20+433407.1,1143054021130,18.22,0.12,201.01728,43.56878,54515.33299,0
132404.20+433407.1,1143054021130,18.03,0.11,201.01727,43.56891,54515.33905,0
132404.20+433407.1,1143054021130,17.98,0.11,201.01751,43.56865,54515.34509,0
132404.20+433407.1,1143054021130,18.29,0.12,201.01745,43.56869,54628.21062,0
132404.20+433407.1,1143054021130,18.28,0.12,201.01738,43.56878,54628.21520,0
132404.20+433407.1,1143054021130,18.07,0.11,201.01720,43.56874,54628.21977,0
132404.20+433407.1,1143054021130,18.21,0.12,201.01724,43.56855,54628.22432,0
132404.20+433407.1,1143054021130,18.18,0.12,201.01742,43.56864,54641.25140,0
132404.20+433407.1,1143054021130,18.35,0.13,201.01722,43.56875,54641.25637,0
132404.20+433407.1,1143054021130,18.37,0.13,201.01729,43.56866,54641.26203,0
132404.20+433407.1,1143054021130,18.20,0.12,201.01741,43.56870,54641.26787,0
132404.20+433407.1,1143054021130,18.12,0.11,201.01730,43.56865,54535.51164,0
132404.20+433407.1,1143054021130,18.28,0.12,201.01742,43.56869,54535.51730,0
132404.20+433407.1,1143054021130,18.18,0.12,201.01725,43.56867,54535.52299,0
132404.20+433407.1,1143054021130,18.09,0.11,201.01772,43.56843,54535.52867,0
132404.20+433407.1,1143054021130,18.21,0.12,201.01739,43.56867,54594.35235,0
132404.20+433407.1,1143054021130,18.30,0.13,201.01725,43.56870,54594.35886,0
132404.20+433407.1,1143054021130,18.22,0.12,201.01739,43.56876,54594.36546,0
132404.20+433407.1,1143054021130,18.10,0.11,201.01748,43.56866,54594.37202,0
132404.20+433407.1,1143054021130,17.99,0.11,201.01738,43.56877,54943.32292,0
132404.20+433407.1,1143054021130,17.89,0.11,201.01758,43.56873,54943.33036,0
132404.20+433407.1,1143054021130,17.98,0.11,201.01753,43.56876,54943.33574,0
132404.20+433407.1,1143054021130,18.08,0.11,201.01748,43.56861,54943.34108,0
132404.20+433407.1,1143054021130,18.22,0.12,201.01727,43.56869,54862.37060,0
132404.20+433407.1,1143054021130,18.05,0.11,201.01735,43.56879,54862.37980,0
132404.20+433407.1,1143054021130,18.13,0.11,201.01751,43.56871,54862.38900,0
132404.20+433407.1,1143054021130,18.04,0.11,201.01758,43.56887,54862.39823,0
132404.20+433407.1,1143054021130,18.15,0.14,201.01739,43.56862,55017.21506,0
132404.20+433407.1,1143054021130,18.38,0.16,201.01729,43.56865,55017.21902,0
132404.20+433407.1,1143054021130,18.09,0.14,201.01736,43.56876,55017.22299,0
132404.20+433407.1,1143054021130,17.89,0.13,201.01739,43.56855,55017.22685,0
132404.20+433407.1,1143054021130,17.91,0.13,201.01723,43.56880,55043.15865,0
132404.20+433407.1,1143054021130,18.14,0.14,201.01720,43.56883,55043.16357,0
132404.20+433407.1,1143054021130,17.71,0.12,201.01730,43.56876,55043.16850,0
132404.20+433407.1,1143054021130,18.00,0.14,201.01733,43.56873,55043.17356,0
132404.20+433407.1,1143054021130,18.16,0.12,201.01748,43.56862,55005.21968,0
132404.20+433407.1,1143054021130,18.00,0.11,201.01751,43.56876,55005.22697,0
132404.20+433407.1,1143054021130,17.99,0.11,201.01713,43.56873,55005.23417,0
132404.20+433407.1,1143054021130,18.16,0.12,201.01731,43.56869,55005.24143,0
132404.20+433407.1,1143054021130,18.03,0.11,201.01740,43.56877,54891.39435,0
132404.20+433407.1,1143054021130,17.97,0.11,201.01744,43.56863,54891.40159,0
132404.20+433407.1,1143054021130,18.04,0.11,201.01737,43.56871,54891.40889,0
132404.20+433407.1,1143054021130,18.17,0.11,201.01745,43.56872,54891.41631,0
132404.20+433407.1,1143054021130,18.22,0.12,201.01737,43.56846,54905.46400,0
132404.20+433407.1,1143054021130,18.19,0.12,201.01731,43.56852,54905.46882,0
132404.20+433407.1,1143054021130,18.33,0.12,201.01732,43.56864,54905.47369,0
132404.20+433407.1,1143054021130,17.72,0.10,201.01677,43.56874,54905.47858,0
132404.20+433407.1,1143054021130,18.00,0.11,201.01722,43.56861,54914.46233,0
132404.20+433407.1,1143054021130,18.02,0.11,201.01736,43.56881,54914.47054,0
132404.20+433407.1,1143054021130,18.20,0.12,201.01748,43.56871,54914.47882,0
132404.20+433407.1,1143054021130,18.18,0.12,201.01733,43.56877,54914.48697,0
132404.20+433407.1,1143054021130,18.10,0.12,201.01729,43.56879,54968.33481,0
132404.20+433407.1,1143054021130,18.06,0.12,201.01765,43.56874,54968.34405,0
132404.20+433407.1,1143054021130,18.15,0.12,201.01718,43.56872,54968.35313,0
132404.20+433407.1,1143054021130,18.29,0.13,201.01732,43.56857,54968.36229,0
132404.20+433407.1,1143054021130,18.02,0.11,201.01749,43.56869,55297.24670,0
132404.20+433407.1,1143054021130,18.13,0.12,201.01733,43.56860,55297.25241,0
132404.20+433407.1,1143054021130,17.87,0.11,201.01757,43.56861,55297.25820,0
132404.20+433407.1,1143054021130,18.05,0.11,201.01738,43.56860,55297.26396,0
132404.20+433407.1,1143054021130,18.18,0.12,201.01738,43.56867,55359.23706,0
132404.20+433407.1,1143054021130,17.99,0.11,201.01726,43.56862,55359.24157,0
132404.20+433407.1,1143054021130,17.97,0.11,201.01726,43.56869,55359.24616,0
132404.20+433407.1,1143054021130,17.87,0.11,201.01731,43.56852,55359.25079,0
132404.20+433407.1,1143054021130,17.89,0.11,201.01752,43.56873,55371.21520,0
132404.20+433407.1,1143054021130,18.09,0.12,201.01774,43.56862,55371.21975,0
132404.20+433407.1,1143054021130,17.85,0.11,201.01769,43.56835,55371.22433,0
132404.20+433407.1,1143054021130,17.96,0.11,201.01725,43.56829,55371.22892,0
132404.20+433407.1,1143054021130,17.93,0.11,201.01692,43.56878,55274.39425,0
132404.20+433407.1,1143054021130,18.01,0.11,201.01700,43.56884,55274.40001,0
132404.20+433407.1,1143054021130,18.16,0.12,201.01696,43.56881,55274.40575,0
132404.20+433407.1,1143054021130,17.89,0.11,201.01699,43.56875,55274.41150,0
132404.20+433407.1,1143054021130,18.03,0.11,201.01706,43.56866,55275.26598,0
132404.20+433407.1,1143054021130,18.00,0.11,201.01702,43.56891,55275.27292,0
132404.20+433407.1,1143054021130,18.04,0.11,201.01698,43.56884,55275.27992,0
132404.20+433407.1,1143054021130,18.00,0.11,201.01698,43.56884,55275.28698,0
132404.20+433407.1,1143054021130,18.01,0.11,201.01721,43.56887,55276.35437,0
132404.20+433407.1,1143054021130,18.03,0.11,201.01726,43.56900,55276.36321,0
132404.20+433407.1,1143054021130,18.03,0.11,201.01716,43.56865,55276.37203,0
132404.20+433407.1,1143054021130,18.06,0.11,201.01700,43.56882,55276.38075,0
132404.20+433407.1,1143054021130,17.80,0.12,201.01698,43.56859,55281.29617,0
132404.20+433407.1,1143054021130,18.18,0.14,201.01660,43.56895,55281.29967,0
132404.20+433407.1,1143054021130,18.04,0.13,201.01690,43.56864,55281.30324,0
132404.20+433407.1,1143054021130,18.17,0.14,201.01680,43.56874,55281.30679,0
132404.20+433407.1,1143054021130,18.07,0.11,201.01732,43.56867,55321.38464,0
132404.20+433407.1,1143054021130,17.90,0.11,201.01734,43.56859,55321.38921,0
132404.20+433407.1,1143054021130,17.99,0.11,201.01723,43.56866,55321.39385,0
132404.20+433407.1,1143054021130,17.80,0.10,201.01754,43.56874,55321.39850,0
132404.20+433407.1,1143054021130,18.13,0.14,201.01742,43.56868,55330.31021,0
132404.20+433407.1,1143054021130,17.85,0.11,201.01752,43.56855,55330.31714,0
132404.20+433407.1,1143054021130,17.94,0.11,201.01755,43.56862,55330.32402,0
132404.20+433407.1,1143054021130,17.94,0.11,201.01749,43.56855,55330.33093,0
132404.20+433407.1,1143054021130,18.03,0.11,201.01761,43.56863,55678.21593,0
132404.20+433407.1,1143054021130,17.98,0.11,201.01754,43.56877,55678.22163,0
132404.20+433407.1,1143054021130,17.92,0.11,201.01739,43.56854,55678.22735,0
132404.20+433407.1,1143054021130,18.01,0.11,201.01748,43.56853,55678.23307,0
132404.20+433407.1,1143054021130,17.90,0.12,201.01746,43.56862,55615.50164,0
132404.20+433407.1,1143054021130,17.88,0.12,201.01712,43.56865,55615.50669,0
132404.20+433407.1,1143054021130,17.99,0.12,201.01732,43.56882,55615.51183,0
132404.20+433407.1,1143054021130,17.94,0.12,201.01755,43.56867,55615.51690,0
132404.20+433407.1,1143054021130,18.03,0.12,201.01711,43.56858,55721.21109,0
132404.20+433407.1,1143054021130,18.10,0.12,201.01728,43.56858,55721.21977,0
132404.20+433407.1,1143054021130,18.11,0.12,201.01750,43.56877,55721.22841,0
132404.20+433407.1,1143054021130,17.92,0.11,201.01775,43.56861,55721.23718,0
132404.20+433407.1,1143054021130,17.80,0.15,201.01705,43.56868,55685.25251,0
132404.20+433407.1,1143054021130,17.96,0.13,201.01717,43.56872,55685.25911,0
132404.20+433407.1,1143054021130,17.87,0.12,201.01707,43.56876,55685.26548,0
132404.20+433407.1,1143054021130,17.83,0.11,201.01711,43.56911,55969.35515,0
132404.20+433407.1,1143054021130,17.97,0.11,201.01688,43.56872,55969.35972,0
132404.20+433407.1,1143054021130,17.93,0.11,201.01685,43.56910,55969.36424,0
132404.20+433407.1,1143054021130,18.00,0.11,201.01688,43.56876,55969.36881,0
132404.20+433407.1,1143054021130,17.94,0.11,201.01702,43.56876,56003.24650,0
132404.20+433407.1,1143054021130,17.98,0.11,201.01673,43.56884,56003.25497,0
132404.20+433407.1,1143054021130,17.80,0.10,201.01712,43.56871,56003.26339,0
132404.20+433407.1,1143054021130,17.82,0.11,201.01687,43.56888,56003.27189,0
132404.20+433407.1,1143054021130,17.94,0.11,201.01667,43.56893,56018.24871,0
132404.20+433407.1,1143054021130,17.89,0.11,201.01704,43.56877,56018.25673,0
132404.20+433407.1,1143054021130,18.13,0.12,201.01683,43.56881,56018.26475,0
132404.20+433407.1,1143054021130,17.76,0.10,201.01721,43.56884,56018.27272,0
132404.20+433407.1,1143054021130,17.83,0.11,201.01693,43.56898,56039.38378,0
132404.20+433407.1,1143054021130,17.99,0.11,201.01695,43.56892,56039.39057,0
132404.20+433407.1,1143054021130,17.89,0.11,201.01698,43.56898,56039.39730,0
132404.20+433407.1,1143054021130,17.89,0.11,201.01705,43.56883,56039.40407,0
132404.20+433407.1,1143054021130,17.87,0.10,201.01703,43.56880,56065.29272,0
132404.20+433407.1,1143054021130,17.57,0.09,201.01705,43.56881,56065.29998,0
132404.20+433407.1,1143054021130,17.79,0.10,201.01679,43.56894,56065.30724,0
132404.20+433407.1,1143054021130,17.85,0.10,201.01711,43.56885,56065.31454,0
132404.20+433407.1,1143054021130,17.88,0.11,201.01680,43.56887,56097.24194,0
132404.20+433407.1,1143054021130,17.78,0.10,201.01687,43.56895,56097.25001,0
132404.20+433407.1,1143054021130,17.83,0.11,201.01693,43.56888,56097.25803,0
132404.20+433407.1,1143054021130,17.74,0.10,201.01700,43.56864,56097.26608,0
132404.20+433407.1,1143054021130,17.85,0.12,201.01657,43.56894,56310.50970,0
132404.20+433407.1,1143054021130,17.75,0.11,201.01684,43.56879,56310.51546,0
132404.20+433407.1,1143054021130,18.07,0.12,201.01686,43.56901,56310.51891,0
132404.20+433407.1,1143054021130,18.00,0.11,201.01723,43.56862,56310.52235,0
132404.20+433407.1,1143054021130,18.04,0.11,201.01682,43.56878,56314.40771,0
132404.20+433407.1,1143054021130,17.85,0.11,201.01704,43.56868,56314.41858,0
132404.20+433407.1,1143054021130,18.02,0.11,201.01681,43.56873,56314.42946,0
132404.20+433407.1,1143054021130,18.06,0.11,201.01705,43.56875,56314.44033,0
132404.20+433407.1,1143054021130,18.31,0.13,201.01718,43.56875,56374.28607,0
132404.20+433407.1,1143054021130,18.18,0.12,201.01721,43.56865,56374.29234,0
132404.20+433407.1,1143054021130,18.17,0.12,201.01713,43.56896,56374.29856,0
132404.20+433407.1,1143054021130,18.07,0.12,201.01703,43.56875,56374.30481,0
132404.20+433407.1,1143054021130,18.06,0.12,201.01673,43.56905,56397.24109,0
132404.20+433407.1,1143054021130,18.18,0.12,201.01712,43.56889,56397.24841,0
132404.20+433407.1,1143054021130,18.14,0.12,201.01703,43.56889,56397.25567,0
132404.20+433407.1,1143054021130,18.12,0.12,201.01701,43.56911,56397.26304,0
132404.20+433407.1,1143054021130,18.33,0.13,201.01707,43.56871,56419.33383,0
132404.20+433407.1,1143054021130,18.42,0.13,201.01706,43.56852,56419.34180,0
132404.20+433407.1,1143054021130,18.24,0.12,201.01726,43.56881,56419.34988,0
132404.20+433407.1,1143054021130,18.14,0.12,201.01715,43.56843,56419.35797,0
132404.20+433407.1,1143054021130,18.13,0.12,201.01770,43.56860,56451.25647,0
132404.20+433407.1,1143054021130,18.38,0.14,201.01753,43.56873,56451.26208,0
132404.20+433407.1,1143054021130,18.22,0.13,201.01746,43.56873,56451.26772,0
132404.20+433407.1,1143054021130,18.20,0.13,201.01724,43.56862,56451.27337,0
132404.20+433407.1,1143054021130,18.18,0.12,201.01721,43.56885,56462.26695,0
132404.20+433407.1,1143054021130,18.32,0.13,201.01711,43.56884,56462.27207,0
132404.20+433407.1,1143054021130,18.27,0.13,201.01738,43.56879,56462.27718,0
132404.20+433407.1,1143054021130,18.36,0.13,201.01727,43.56849,56462.28221,0
084245.18+445533.9,1143035055808,18.47,0.13,130.68819,44.92631,53714.33957,0
084245.18+445533.9,1143035055808,18.64,0.14,130.68796,44.92626,53714.34806,0
084245.18+445533.9,1143035055808,18.85,0.16,130.68862,44.92630,53714.35665,0
084245.18+445533.9,1143035055808,18.71,0.15,130.68810,44.92629,53714.36515,0
084245.18+445533.9,1143035055808,18.67,0.14,130.68793,44.92601,53725.48104,0
084245.18+445533.9,1143035055808,18.67,0.14,130.68824,44.92611,53725.48892,0
084245.18+445533.9,1143035055808,18.49,0.13,130.68808,44.92631,53725.49684,0
084245.18+445533.9,1143035055808,18.64,0.14,130.68810,44.92651,53725.50472,0
084245.18+445533.9,1143035055808,18.81,0.15,130.68812,44.92614,53734.30015,0
084245.18+445533.9,1143035055808,18.76,0.15,130.68835,44.92626,53734.30723,0
084245.18+445533.9,1143035055808,18.65,0.14,130.68836,44.92628,53734.31428,0
084245.18+445533.9,1143035055808,18.75,0.15,130.68806,44.92605,53734.32133,0
084245.18+445533.9,1143035055808,19.03,0.18,130.68819,44.92638,53854.19200,0
084245.18+445533.9,1143035055808,18.76,0.16,130.68800,44.92642,53854.19906,0
084245.18+445533.9,1143035055808,18.75,0.16,130.68822,44.92637,53854.20613,0
084245.18+445533.9,1143035055808,18.97,0.18,130.68807,44.92642,53854.21316,0
084245.18+445533.9,1143035055808,18.74,0.14,130.68831,44.92619,54089.31940,0
084245.18+445533.9,1143035055808,18.90,0.16,130.68805,44.92628,54089.32660,0
084245.18+445533.9,1143035055808,18.52,0.14,130.68837,44.92616,54089.33373,0
084245.18+445533.9,1143035055808,18.91,0.16,130.68809,44.92637,54089.34092,0
084245.18+445533.9,1143035055808,18.71,0.16,130.68811,44.92614,53769.21568,0
084245.18+445533.9,1143035055808,18.40,0.14,130.68797,44.92622,53769.22267,0
084245.18+445533.9,1143035055808,18.66,0.15,130.68811,44.92599,53769.22966,0
084245.18+445533.9,1143035055808,18.66,0.15,130.68843,44.92617,53769.23662,0
084245.18+445533.9,1143035055808,18.77,0.15,130.68829,44.92619,53793.14797,0
084245.18+445533.9,1143035055808,18.87,0.16,130.68844,44.92632,53793.15126,0
084245.18+445533.9,1143035055808,18.58,0.14,130.68840,44.92614,53793.15455,0
084245.18+445533.9,1143035055808,18.37,0.13,130.68846,44.92637,53793.15782,0
084245.18+445533.9,1143035055808,18.82,0.16,130.68819,44.92631,53744.33463,0
084245.18+445533.9,1143035055808,18.49,0.14,130.68861,44.92621,53744.34216,0
084245.18+445533.9,1143035055808,18.60,0.14,130.68802,44.92627,53744.34974,0
084245.18+445533.9,1143035055808,18.50,0.14,130.68834,44.92642,53744.35734,0
084245.18+445533.9,1143035055808,18.55,0.14,130.68813,44.92596,53823.20157,0
084245.18+445533.9,1143035055808,18.59,0.14,130.68821,44.92636,53823.21116,0
084245.18+445533.9,1143035055808,18.87,0.16,130.68830,44.92621,53823.22070,0
084245.18+445533.9,1143035055808,18.66,0.16,130.68846,44.92635,53823.23023,0
084245.18+445533.9,1143035055808,18.80,0.16,130.68777,44.92632,53863.15173,0
084245.18+445533.9,1143035055808,19.18,0.19,130.68831,44.92657,53863.15890,0
084245.18+445533.9,1143035055808,18.87,0.17,130.68811,44.92623,53863.16606,0
084245.18+445533.9,1143035055808,19.30,0.21,130.68775,44.92630,53863.17341,0
084245.18+445533.9,1143035055808,18.95,0.15,130.68828,44.92619,54059.46521,0
084245.18+445533.9,1143035055808,18.76,0.14,130.68795,44.92622,54059.47180,0
084245.18+445533.9,1143035055808,18.87,0.15,130.68842,44.92641,54059.47837,0
084245.18+445533.9,1143035055808,19.03,0.16,130.68827,44.92631,54059.48498,0
084245.18+445533.9,1143035055808,19.00,0.16,130.68808,44.92624,54204.16829,0
084245.18+445533.9,1143035055808,18.66,0.14,130.68842,44.92591,54204.17383,0
084245.18+445533.9,1143035055808,19.09,0.17,130.68832,44.92644,54204.17925,0
084245.18+445533.9,1143035055808,18.95,0.16,130.68796,44.92615,54204.18472,0
084245.18+445533.9,1143035055808,18.86,0.15,130.68813,44.92616,54451.44749,0
084245.18+445533.9,1143035055808,18.80,0.15,130.68822,44.92617,54451.45115,0
084245.18+445533.9,1143035055808,18.55,0.13,130.68804,44.92598,54451.45466,0
084245.18+445533.9,1143035055808,19.23,0.18,130.68816,44.92626,54451.45809,0
084245.18+445533.9,1143035055808,18.70,0.15,130.68846,44.92630,54156.22339,0
084245.18+445533.9,1143035055808,18.86,0.17,130.68818,44.92631,54156.23171,0
084245.18+445533.9,1143035055808,18.76,0.16,130.68826,44.92615,54156.24002,0
084245.18+445533.9,1143035055808,18.99,0.18,130.68828,44.92626,54156.24821,0
084245.18+445533.9,1143035055808,19.18,0.28,130.68877,44.92614,54261.15228,0
084245.18+445533.9,1143035055808,18.75,0.15,130.68821,44.92629,54170.25501,0
084245.18+445533.9,1143035055808,18.77,0.15,130.68811,44.92623,54170.26213,0
084245.18+445533.9,1143035055808,18.74,0.15,130.68844,44.92623,54170.26927,0
084245.18+445533.9,1143035055808,18.76,0.15,130.68817,44.92624,54170.27638,0
084245.18+445533.9,1143035055808,18.76,0.15,130.68806,44.92626,54176.13460,0
084245.18+445533.9,1143035055808,18.82,0.15,130.68825,44.92632,54176.14379,0
084245.18+445533.9,1143035055808,18.80,0.15,130.68857,44.92597,54176.15289,0
084245.18+445533.9,1143035055808,18.56,0.13,130.68839,44.92657,54176.16214,0
084245.18+445533.9,1143035055808,18.87,0.15,130.68818,44.92613,54415.37771,0
084245.18+445533.9,1143035055808,18.96,0.16,130.68816,44.92646,54415.38224,0
084245.18+445533.9,1143035055808,18.79,0.15,130.68839,44.92620,54415.38676,0
084245.18+445533.9,1143035055808,18.76,0.15,130.68851,44.92608,54415.39130,0
084245.18+445533.9,1143035055808,18.75,0.15,130.68844,44.92615,54425.34475,0
084245.18+445533.9,1143035055808,19.03,0.17,130.68777,44.92621,54425.34920,0
084245.18+445533.9,1143035055808,18.88,0.15,130.68813,44.92656,54425.35361,0
084245.18+445533.9,1143035055808,19.01,0.16,130.68831,44.92610,54425.35806,0
084245.18+445533.9,1143035055808,18.72,0.14,130.68797,44.92637,54389.46689,0
084245.18+445533.9,1143035055808,18.84,0.15,130.68824,44.92641,54389.47283,0
084245.18+445533.9,1143035055808,18.85,0.15,130.68818,44.92630,54389.47876,0
084245.18+445533.9,1143035055808,18.90,0.15,130.68816,44.92618,54389.48472,0
084245.18+445533.9,1143035055808,18.87,0.15,130.68841,44.92643,54805.31549,0
084245.18+445533.9,1143035055808,19.16,0.17,130.68788,44.92633,54805.32161,0
084245.18+445533.9,1143035055808,18.97,0.16,130.68818,44.92660,54805.32757,0
084245.18+445533.9,1143035055808,18.77,0.15,130.68833,44.92611,54805.33359,0
084245.18+445533.9,1143035055808,18.80,0.15,130.68838,44.92623,54504.23793,0
084245.18+445533.9,1143035055808,18.97,0.16,130.68831,44.92627,54504.24343,0
084245.18+445533.9,1143035055808,18.78,0.15,130.68800,44.92626,54504.24885,0
084245.18+445533.9,1143035055808,18.73,0.14,130.68827,44.92640,54504.25435,0
084245.18+445533.9,1143035055808,18.65,0.14,130.68874,44.92613,54466.45808,0
084245.18+445533.9,1143035055808,19.11,0.17,130.68835,44.92640,54466.46580,0
084245.18+445533.9,1143035055808,18.42,0.13,130.68800,44.92622,54466.47352,0
084245.18+445533.9,1143035055808,18.77,0.14,130.68816,44.92631,54466.48121,0
084245.18+445533.9,1143035055808,18.71,0.15,130.68817,44.92622,54478.30462,0
084245.18+445533.9,1143035055808,18.68,0.15,130.68803,44.92627,54478.31087,0
084245.18+445533.9,1143035055808,19.08,0.18,130.68792,44.92617,54478.31690,0
084245.18+445533.9,1143035055808,19.02,0.17,130.68824,44.92616,54478.32313,0
084245.18+445533.9,1143035055808,18.88,0.16,130.68805,44.92618,54534.25796,0
084245.18+445533.9,1143035055808,18.88,0.16,130.68802,44.92644,54534.26358,0
084245.18+445533.9,1143035055808,18.84,0.15,130.68792,44.92620,54534.26916,0
084245.18+445533.9,1143035055808,18.66,0.14,130.68793,44.92638,54534.27470,0
084245.18+445533.9,1143035055808,18.78,0.16,130.68814,44.92633,54598.18819,0
084245.18+445533.9,1143035055808,18.98,0.16,130.68792,44.92618,54778.34804,0
084245.18+445533.9,1143035055808,19.83,0.24,130.68831,44.92654,54778.36038,0
084245.18+445533.9,1143035055808,18.60,0.14,130.68846,44.92613,54778.37288,0
084245.18+445533.9,1143035055808,19.03,0.16,130.68819,44.92644,54778.38517,0
084245.18+445533.9,1143035055808,18.59,0.14,130.68805,44.92633,54789.46397,0
084245.18+445533.9,1143035055808,18.84,0.15,130.68826,44.92639,54789.47131,0
084245.18+445533.9,1143035055808,18.41,0.13,130.68853,44.92652,54789.47860,0
084245.18+445533.9,1143035055808,18.71,0.14,130.68814,44.92601,54789.48593,0
084245.18+445533.9,1143035055808,19.04,0.16,130.68864,44.92652,54749.47537,0
084245.18+445533.9,1143035055808,18.82,0.15,130.68845,44.92656,54749.48149,0
084245.18+445533.9,1143035055808,19.13,0.17,130.68832,44.92630,54749.48761,0
084245.18+445533.9,1143035055808,19.03,0.16,130.68860,44.92635,54749.49380,0
084245.18+445533.9,1143035055808,18.65,0.14,130.68822,44.92625,54764.43949,0
084245.18+445533.9,1143035055808,18.88,0.15,130.68839,44.92618,54764.45263,0
084245.18+445533.9,1143035055808,18.84,0.15,130.68821,44.92607,54764.46583,0
084245.18+445533.9,1143035055808,18.84,0.15,130.68821,44.92607,54764.47891,0
084245.18+445533.9,1143035055808,19.03,0.17,130.68796,44.92641,54943.22826,0
084245.18+445533.9,1143035055808,19.11,0.17,130.68809,44.92644,54943.23374,0
084245.18+445533.9,1143035055808,18.92,0.16,130.68839,44.92637,54943.23917,0
084245.18+445533.9,1143035055808,18.69,0.15,130.68814,44.92650,54943.24466,0
084245.18+445533.9,1143035055808,18.83,0.15,130.68812,44.92618,55182.35367,0
084245.18+445533.9,1143035055808,18.89,0.16,130.68822,44.92611,55182.35888,0
084245.18+445533.9,1143035055808,19.07,0.17,130.68812,44.92638,55182.36413,0
084245.18+445533.9,1143035055808,18.79,0.15,130.68821,44.92618,55182.36932,0
084245.18+445533.9,1143035055808,19.32,0.19,130.68833,44.92611,54875.32558,0
084245.18+445533.9,1143035055808,18.63,0.14,130.68794,44.92628,54875.33160,0
084245.18+445533.9,1143035055808,18.38,0.12,130.68901,44.92664,54875.33759,0
084245.18+445533.9,1143035055808,18.89,0.15,130.68804,44.92649,54875.34367,0
084245.18+445533.9,1143035055808,18.83,0.15,130.68817,44.92632,54889.24993,0
084245.18+445533.9,1143035055808,18.90,0.15,130.68819,44.92621,54889.25981,0
084245.18+445533.9,1143035055808,18.59,0.13,130.68798,44.92623,54889.26883,0
084245.18+445533.9,1143035055808,18.95,0.16,130.68803,44.92623,54889.27764,0
084245.18+445533.9,1143035055808,18.80,0.15,130.68843,44.92632,54833.35938,0
084245.18+445533.9,1143035055808,18.51,0.13,130.68795,44.92591,54833.36740,0
084245.18+445533.9,1143035055808,18.90,0.15,130.68808,44.92633,54833.37545,0
084245.18+445533.9,1143035055808,18.92,0.15,130.68829,44.92636,54833.38366,0
084245.18+445533.9,1143035055808,18.73,0.15,130.68819,44.92615,54851.29715,0
084245.18+445533.9,1143035055808,18.72,0.14,130.68804,44.92618,54851.30259,0
084245.18+445533.9,1143035055808,19.04,0.16,130.68790,44.92631,54851.30808,0
084245.18+445533.9,1143035055808,18.78,0.14,130.68839,44.92639,54851.31360,0
084245.18+445533.9,1143035055808,18.80,0.15,130.68807,44.92610,54861.20085,0
084245.18+445533.9,1143035055808,18.78,0.14,130.68814,44.92625,54861.20999,0
084245.18+445533.9,1143035055808,18.91,0.15,130.68805,44.92618,54861.21917,0
084245.18+445533.9,1143035055808,18.86,0.15,130.68796,44.92626,54861.22838,0
084245.18+445533.9,1143035055808,19.05,0.16,130.68828,44.92641,54913.23658,0
084245.18+445533.9,1143035055808,18.79,0.15,130.68828,44.92632,54913.24260,0
084245.18+445533.9,1143035055808,18.77,0.14,130.68821,44.92624,54913.24871,0
084245.18+445533.9,1143035055808,18.84,0.15,130.68822,44.92630,54913.25481,0
084245.18+445533.9,1143035055808,18.75,0.15,130.68813,44.92645,54965.18613,0
084245.18+445533.9,1143035055808,18.65,0.15,130.68807,44.92645,54965.19213,0
084245.18+445533.9,1143035055808,19.14,0.18,130.68814,44.92662,54965.19816,0
084245.18+445533.9,1143035055808,18.35,0.13,130.68830,44.92609,54965.20418,0
084245.18+445533.9,1143035055808,19.03,0.26,130.68802,44.92610,54979.15804,0
084245.18+445533.9,1143035055808,19.08,0.26,130.68760,44.92643,54979.16128,0
084245.18+445533.9,1143035055808,18.62,0.21,130.68797,44.92587,54979.16452,0
084245.18+445533.9,1143035055808,19.28,0.29,130.68815,44.92639,54979.16742,0
084245.18+445533.9,1143035055808,18.91,0.15,130.68825,44.92632,55155.41126,0
084245.18+445533.9,1143035055808,19.14,0.17,130.68844,44.92625,55155.41665,0
084245.18+445533.9,1143035055808,18.90,0.16,130.68819,44.92608,55155.42205,0
084245.18+445533.9,1143035055808,18.85,0.15,130.68807,44.92633,55155.42752,0
084245.18+445533.9,1143035055808,19.06,0.17,130.68802,44.92618,55130.42345,0
084245.18+445533.9,1143035055808,18.47,0.13,130.68806,44.92616,55130.43265,0
084245.18+445533.9,1143035055808,19.31,0.19,130.68804,44.92614,55130.44178,0
084245.18+445533.9,1143035055808,19.03,0.17,130.68794,44.92628,55130.45096,0
084245.18+445533.9,1143035055808,19.24,0.18,130.68807,44.92628,55293.25075,0
084245.18+445533.9,1143035055808,18.77,0.15,130.68788,44.92591,55293.25587,0
084245.18+445533.9,1143035055808,19.06,0.17,130.68808,44.92604,55293.26102,0
084245.18+445533.9,1143035055808,18.93,0.16,130.68825,44.92619,55293.26621,0
084245.18+445533.9,1143035055808,18.85,0.16,130.68795,44.92625,55540.44807,0
084245.18+445533.9,1143035055808,18.66,0.14,130.68808,44.92615,55540.45620,0
084245.18+445533.9,1143035055808,18.83,0.15,130.68811,44.92637,55540.46026,0
084245.18+445533.9,1143035055808,19.06,0.17,130.68788,44.92598,55244.23069,0
084245.18+445533.9,1143035055808,19.01,0.16,130.68823,44.92599,55244.23593,0
084245.18+445533.9,1143035055808,19.11,0.17,130.68786,44.92606,55244.24115,0
084245.18+445533.9,1143035055808,18.74,0.15,130.68836,44.92621,55244.24640,0
084245.18+445533.9,1143035055808,18.96,0.16,130.68806,44.92606,55209.33027,0
084245.18+445533.9,1143035055808,19.10,0.17,130.68792,44.92624,55209.33837,0
084245.18+445533.9,1143035055808,19.13,0.17,130.68796,44.92622,55209.34661,0
084245.18+445533.9,1143035055808,19.04,0.21,130.68801,44.92625,55209.35512,0
084245.18+445533.9,1143035055808,18.66,0.14,130.68766,44.92610,55274.21619,0
084245.18+445533.9,1143035055808,18.72,0.15,130.68802,44.92619,55274.22361,0
084245.18+445533.9,1143035055808,18.70,0.14,130.68790,44.92604,55274.23106,0
084245.18+445533.9,1143035055808,18.87,0.16,130.68814,44.92633,55274.23850,0
084245.18+445533.9,1143035055808,18.99,0.16,130.68800,44.92623,55324.15793,0
084245.18+445533.9,1143035055808,18.82,0.15,130.68822,44.92619,55324.16484,0
084245.18+445533.9,1143035055808,18.97,0.16,130.68824,44.92627,55324.17164,0
084245.18+445533.9,1143035055808,19.06,0.17,130.68821,44.92624,55324.17850,0
084245.18+445533.9,1143035055808,19.32,0.19,130.68816,44.92618,55503.42809,0
084245.18+445533.9,1143035055808,19.18,0.18,130.68801,44.92641,55503.43958,0
084245.18+445533.9,1143035055808,19.12,0.18,130.68811,44.92645,55503.44537,0
084245.18+445533.9,1143035055808,18.84,0.16,130.68825,44.92616,55511.38757,0
084245.18+445533.9,1143035055808,19.22,0.18,130.68830,44.92628,55511.40164,0
084245.18+445533.9,1143035055808,18.95,0.16,130.68799,44.92629,55511.40860,0
084245.18+445533.9,1143035055808,18.99,0.17,130.68839,44.92631,55601.21172,0
084245.18+445533.9,1143035055808,19.11,0.18,130.68818,44.92654,55601.21690,0
084245.18+445533.9,1143035055808,18.94,0.17,130.68816,44.92654,55601.22208,0
084245.18+445533.9,1143035055808,18.90,0.16,130.68823,44.92643,55601.22726,0
084245.18+445533.9,1143035055808,18.87,0.16,130.68802,44.92625,55565.46324,0
084245.18+445533.9,1143035055808,18.97,0.16,130.68834,44.92634,55565.46966,0
084245.18+445533.9,1143035055808,19.16,0.18,130.68821,44.92619,55565.47798,0
084245.18+445533.9,1143035055808,19.06,0.17,130.68857,44.92632,55565.48441,0
084245.18+445533.9,1143035055808,18.65,0.15,130.68847,44.92623,55573.29776,0
084245.18+445533.9,1143035055808,19.19,0.19,130.68800,44.92633,55573.30116,0
084245.18+445533.9,1143035055808,19.02,0.17,130.68779,44.92631,55573.30461,0
084245.18+445533.9,1143035055808,19.18,0.18,130.68835,44.92655,55573.30809,0
084245.18+445533.9,1143035055808,18.88,0.16,130.68833,44.92649,55589.39438,0
084245.18+445533.9,1143035055808,18.68,0.14,130.68843,44.92641,55589.40093,0
084245.18+445533.9,1143035055808,19.05,0.17,130.68807,44.92631,55589.40750,0
084245.18+445533.9,1143035055808,18.96,0.16,130.68792,44.92645,55589.41407,0
084245.18+445533.9,1143035055808,18.93,0.17,130.68798,44.92636,55630.17237,0
084245.18+445533.9,1143035055808,18.93,0.17,130.68819,44.92647,55630.17983,0
084245.18+445533.9,1143035055808,19.10,0.18,130.68811,44.92641,55630.18727,0
084245.18+445533.9,1143035055808,19.12,0.18,130.68820,44.92617,55630.19490,0
084245.18+445533.9,1143035055808,18.49,0.15,130.68868,44.92608,55693.20769,0
084245.18+445533.9,1143035055808,18.92,0.19,130.68830,44.92592,55693.21551,0
084245.18+445533.9,1143035055808,18.62,0.14,130.68816,44.92627,55922.44897,0
084245.18+445533.9,1143035055808,18.47,0.13,130.68784,44.92606,55922.45515,0
084245.18+445533.9,1143035055808,18.91,0.16,130.68843,44.92638,55922.46140,0
084245.18+445533.9,1143035055808,18.82,0.15,130.68836,44.92643,55922.46753,0
084245.18+445533.9,1143035055808,18.80,0.15,130.68847,44.92595,55928.27304,0
084245.18+445533.9,1143035055808,18.86,0.15,130.68837,44.92642,55928.28226,0
084245.18+445533.9,1143035055808,18.89,0.16,130.68804,44.92621,55928.29151,0
084245.18+445533.9,1143035055808,18.83,0.15,130.68838,44.92600,55928.30075,0
084245.18+445533.9,1143035055808,18.85,0.15,130.68813,44.92608,55945.23804,0
084245.18+445533.9,1143035055808,18.98,0.16,130.68795,44.92610,55945.24370,0
084245.18+445533.9,1143035055808,18.48,0.13,130.68876,44.92610,55945.24933,0
084245.18+445533.9,1143035055808,18.72,0.15,130.68870,44.92585,55945.25501,0
084245.18+445533.9,1143035055808,18.69,0.14,130.68845,44.92607,55969.20790,0
084245.18+445533.9,1143035055808,18.86,0.16,130.68823,44.92620,55969.21580,0
084245.18+445533.9,1143035055808,19.05,0.17,130.68823,44.92613,55969.22376,0
084245.18+445533.9,1143035055808,18.72,0.15,130.68826,44.92615,55969.23170,0
084245.18+445533.9,1143035055808,18.66,0.14,130.68791,44.92639,55980.16510,0
084245.18+445533.9,1143035055808,18.48,0.13,130.68784,44.92635,55980.17123,0
084245.18+445533.9,1143035055808,18.73,0.15,130.68813,44.92620,55980.17747,0
084245.18+445533.9,1143035055808,18.80,0.16,130.68844,44.92625,55980.18359,0
084245.18+445533.9,1143035055808,18.65,0.15,130.68795,44.92627,55987.14322,0
084245.18+445533.9,1143035055808,18.92,0.17,130.68820,44.92599,55987.15003,0
084245.18+445533.9,1143035055808,18.85,0.17,130.68786,44.92660,55987.15682,0
084245.18+445533.9,1143035055808,19.39,0.21,130.68788,44.92610,55987.16365,0
084245.18+445533.9,1143035055808,18.63,0.14,130.68826,44.92597,56044.18612,0
084245.18+445533.9,1143035055808,18.82,0.16,130.68837,44.92615,56044.19464,0
084245.18+445533.9,1143035055808,18.55,0.14,130.68854,44.92582,56044.20319,0
084245.18+445533.9,1143035055808,18.65,0.14,130.68808,44.92608,56044.21178,0
084245.18+445533.9,1143035055808,18.88,0.16,130.68866,44.92634,56069.16769,0
084245.18+445533.9,1143035055808,18.63,0.14,130.68838,44.92603,56069.17330,0
084245.18+445533.9,1143035055808,19.13,0.18,130.68853,44.92592,56069.17895,0
084245.18+445533.9,1143035055808,18.64,0.14,130.68882,44.92587,56069.18464,0
084245.18+445533.9,1143035055808,18.87,0.18,130.68834,44.92630,56227.39900,0
084245.18+445533.9,1143035055808,18.88,0.18,130.68844,44.92590,56227.40662,0
084245.18+445533.9,1143035055808,19.22,0.21,130.68791,44.92630,56227.41422,0
084245.18+445533.9,1143035055808,18.97,0.19,130.68824,44.92630,56227.42188,0
084245.18+445533.9,1143035055808,18.83,0.13,130.68802,44.92626,56237.45502,0
084245.18+445533.9,1143035055808,18.63,0.12,130.68843,44.92630,56237.46123,0
084245.18+445533.9,1143035055808,18.50,0.12,130.68779,44.92621,56237.46743,0
084245.18+445533.9,1143035055808,18.80,0.13,130.68799,44.92621,56237.47358,0
084245.18+445533.9,1143035055808,18.60,0.12,130.68826,44.92608,56255.30386,0
084245.18+445533.9,1143035055808,18.95,0.14,130.68779,44.92627,56255.31359,0
084245.18+445533.9,1143035055808,18.77,0.13,130.68792,44.92618,56255.32341,0
084245.18+445533.9,1143035055808,18.75,0.13,130.68808,44.92636,56255.33328,0
084245.18+445533.9,1143035055808,18.58,0.14,130.68787,44.92609,56270.41664,0
084245.18+445533.9,1143035055808,18.92,0.16,130.68814,44.92625,56270.42193,0
084245.18+445533.9,1143035055808,18.55,0.14,130.68816,44.92620,56270.42740,0
084245.18+445533.9,1143035055808,18.96,0.16,130.68800,44.92630,56270.43402,0
084245.18+445533.9,1143035055808,18.83,0.13,130.68813,44.92616,56307.35236,0
084245.18+445533.9,1143035055808,18.55,0.12,130.68792,44.92628,56307.36166,0
084245.18+445533.9,1143035055808,18.62,0.12,130.68818,44.92617,56307.37089,0
084245.18+445533.9,1143035055808,18.81,0.13,130.68833,44.92634,56307.37978,0
084245.18+445533.9,1143035055808,19.03,0.17,130.68833,44.92617,56323.48652,0
084245.18+445533.9,1143035055808,18.57,0.15,130.68817,44.92572,56323.49164,0
084245.18+445533.9,1143035055808,18.33,0.14,130.68830,44.92597,56323.49679,0
084245.18+445533.9,1143035055808,18.66,0.16,130.68806,44.92633,56323.50190,0
084245.18+445533.9,1143035055808,18.63,0.14,130.68783,44.92622,56358.29282,0
084245.18+445533.9,1143035055808,18.46,0.13,130.68793,44.92616,56358.30019,0
084245.18+445533.9,1143035055808,18.78,0.15,130.68822,44.92647,56358.30757,0
084245.18+445533.9,1143035055808,18.92,0.16,130.68820,44.92641,56358.31491,0
084245.18+445533.9,1143035055808,18.48,0.14,130.68769,44.92581,56432.17974,0
084245.18+445533.9,1143035055808,18.72,0.15,130.68809,44.92625,56432.18479,0
084245.18+445533.9,1143035055808,18.60,0.15,130.68829,44.92611,56432.18988,0
084245.18+445533.9,1143035055808,18.95,0.17,130.68864,44.92651,56432.19492,0
084245.18+445533.9,1143035055808,18.42,0.13,130.68832,44.92620,56569.45971,0
084245.18+445533.9,1143035055808,18.67,0.14,130.68825,44.92626,56569.46691,0
084245.18+445533.9,1143035055808,18.60,0.14,130.68839,44.92620,56569.47424,0
084245.18+445533.9,1143035055808,18.83,0.15,130.68825,44.92634,56569.48153,0
084245.18+445533.9,1143035055808,18.49,0.13,130.68824,44.92626,56593.49502,0
084245.18+445533.9,1143035055808,18.69,0.15,130.68841,44.92595,56593.49906,0
084245.18+445533.9,1143035055808,18.57,0.14,130.68837,44.92634,56593.50309,0
084245.18+445533.9,1143035055808,19.23,0.19,130.68825,44.92625,56593.50713,0
143418.47+491236.5,1149053026365,17.76,0.11,218.57749,49.21015,53531.28172,0
143418.47+491236.5,1149053026365,17.63,0.11,218.57746,49.21016,53531.28898,0
143418.47+491236.5,1149053026365,17.70,0.11,218.57699,49.21017,53531.29623,0
143418.47+491236.5,1149053026365,17.69,0.11,218.57720,49.21015,53531.30349,0
143418.47+491236.5,1149053026365,17.68,0.12,218.57717,49.21023,53769.52256,0
143418.47+491236.5,1149053026365,17.80,0.12,218.57736,49.21017,53769.53155,0
143418.47+491236.5,1149053026365,17.86,0.12,218.57718,49.21023,53769.54063,0
143418.47+491236.5,1149053026365,17.61,0.11,218.57661,49.21041,53769.54986,0
143418.47+491236.5,1149053026365,17.80,0.28,218.57736,49.21053,53901.30943,0
143418.47+491236.5,1149053026365,17.78,0.28,218.57718,49.21029,53901.31046,0
143418.47+491236.5,1149053026365,17.44,0.23,218.57802,49.21022,53901.31152,0
143418.47+491236.5,1149053026365,17.76,0.27,218.57757,49.21003,53901.31253,0
143418.47+491236.5,1149053026365,17.66,0.10,218.57723,49.21017,53799.37873,0
143418.47+491236.5,1149053026365,17.74,0.10,218.57747,49.21015,53799.38653,0
143418.47+491236.5,1149053026365,17.74,0.10,218.57714,49.21025,53799.39416,0
143418.47+491236.5,1149053026365,17.78,0.10,218.57725,49.21028,53799.40210,0
143418.47+491236.5,1149053026365,17.75,0.11,218.57705,49.21018,53884.31412,0
143418.47+491236.5,1149053026365,17.87,0.11,218.57711,49.21022,53884.31957,0
143418.47+491236.5,1149053026365,17.76,0.11,218.57713,49.21022,53884.32508,0
143418.47+491236.5,1149053026365,17.78,0.11,218.57735,49.21009,53884.33049,0
143418.47+491236.5,1149053026365,17.67,0.10,218.57726,49.21016,54001.10213,0
143418.47+491236.5,1149053026365,17.53,0.10,218.57751,49.21036,54001.10591,0
143418.47+491236.5,1149053026365,17.55,0.10,218.57764,49.21011,54001.10968,0
143418.47+491236.5,1149053026365,17.76,0.10,218.57728,49.21026,54001.11345,0
143418.47+491236.5,1149053026365,17.61,0.10,218.57738,49.21016,54208.33184,0
143418.47+491236.5,1149053026365,17.66,0.11,218.57709,49.21024,54208.33878,0
143418.47+491236.5,1149053026365,17.77,0.11,218.57702,49.21010,54208.34571,0
143418.47+491236.5,1149053026365,17.84,0.11,218.57749,49.21009,54208.35264,0
143418.47+491236.5,1149053026365,17.69,0.10,218.57696,49.21034,54138.49931,0
143418.47+491236.5,1149053026365,17.78,0.10,218.57705,49.21037,54138.50368,0
143418.47+491236.5,1149053026365,17.94,0.11,218.57729,49.21004,54138.50803,0
143418.47+491236.5,1149053026365,17.83,0.10,218.57703,49.21021,54138.51239,0
143418.47+491236.5,1149053026365,17.84,0.11,218.57724,49.21024,54265.27526,0
143418.47+491236.5,1149053026365,17.75,0.11,218.57737,49.21023,54265.28719,0
143418.47+491236.5,1149053026365,17.73,0.10,218.57730,49.21033,54265.29542,0
143418.47+491236.5,1149053026365,17.62,0.10,218.57717,49.21004,54265.30360,0
143418.47+491236.5,1149053026365,17.49,0.10,218.57715,49.21018,54276.24752,0
143418.47+491236.5,1149053026365,17.58,0.10,218.57727,49.21024,54276.25304,0
143418.47+491236.5,1149053026365,17.75,0.11,218.57687,49.21020,54276.25857,0
143418.47+491236.5,1149053026365,17.60,0.11,218.57737,49.21031,54276.26413,0
143418.47+491236.5,1149053026365,17.73,0.11,218.57753,49.21010,54178.48138,0
143418.47+491236.5,1149053026365,17.67,0.10,218.57733,49.21023,54178.48763,0
143418.47+491236.5,1149053026365,17.70,0.10,218.57745,49.21013,54178.49381,0
143418.47+491236.5,1149053026365,17.63,0.10,218.57742,49.21008,54178.50003,0
143418.47+491236.5,1149053026365,17.62,0.10,218.57732,49.21017,54238.34937,0
143418.47+491236.5,1149053026365,17.82,0.11,218.57711,49.21023,54238.35438,0
143418.47+491236.5,1149053026365,17.87,0.11,218.57715,49.21013,54238.35936,0
143418.47+491236.5,1149053026365,17.65,0.10,218.57706,49.21029,54238.36432,0
143418.47+491236.5,1149053026365,17.91,0.11,218.57718,49.21016,54246.27595,0
143418.47+491236.5,1149053026365,17.64,0.10,218.57721,49.21015,54246.28415,0
143418.47+491236.5,1149053026365,17.71,0.10,218.57712,49.21012,54246.29244,0
143418.47+491236.5,1149053026365,17.75,0.10,218.57716,49.21008,54246.30065,0
143418.47+491236.5,1149053026365,17.84,0.11,218.57696,49.21019,54628.34248,0
143418.47+491236.5,1149053026365,17.63,0.10,218.57732,49.21002,54628.34591,0
143418.47+491236.5,1149053026365,17.64,0.10,218.57762,49.21019,54628.34937,0
143418.47+491236.5,1149053026365,17.72,0.10,218.57734,49.21028,54628.35283,0
143418.47+491236.5,1149053026365,17.72,0.10,218.57643,49.21041,54640.26330,0
143418.47+491236.5,1149053026365,17.75,0.11,218.57666,49.21030,54538.44741,0
143418.47+491236.5,1149053026365,17.66,0.10,218.57684,49.21026,54538.44788,0
143418.47+491236.5,1149053026365,17.51,0.10,218.57665,49.21021,54538.44836,0
143418.47+491236.5,1149053026365,17.80,0.11,218.57641,49.21057,54538.44883,0
143418.47+491236.5,1149053026365,17.81,0.11,218.57696,49.21025,54946.37858,0
143418.47+491236.5,1149053026365,17.73,0.10,218.57721,49.21021,54946.38496,0
143418.47+491236.5,1149053026365,17.82,0.10,218.57714,49.21029,54946.39134,0
143418.47+491236.5,1149053026365,17.74,0.10,218.57697,49.21025,54946.39771,0
143418.47+491236.5,1149053026365,17.85,0.13,218.57712,49.21021,55044.21569,0
143418.47+491236.5,1149053026365,17.91,0.13,218.57666,49.21020,55044.22269,0
143418.47+491236.5,1149053026365,17.65,0.12,218.57687,49.21046,55044.22959,0
143418.47+491236.5,1149053026365,17.67,0.12,218.57681,49.21031,55044.23652,0
143418.47+491236.5,1149053026365,17.86,0.11,218.57696,49.21023,54876.43262,0
143418.47+491236.5,1149053026365,17.87,0.11,218.57701,49.21022,54876.43803,0
143418.47+491236.5,1149053026365,17.82,0.11,218.57704,49.21020,54876.44350,0
143418.47+491236.5,1149053026365,17.70,0.11,218.57708,49.21016,54876.44898,0
143418.47+491236.5,1149053026365,17.74,0.10,218.57697,49.21036,54862.40791,0
143418.47+491236.5,1149053026365,17.70,0.10,218.57699,49.21025,54862.41899,0
143418.47+491236.5,1149053026365,17.67,0.10,218.57703,49.21021,54862.43004,0
143418.47+491236.5,1149053026365,17.73,0.10,218.57699,49.21040,54862.44119,0
143418.47+491236.5,1149053026365,17.54,0.11,218.57681,49.21015,55018.21325,0
143418.47+491236.5,1149053026365,17.67,0.12,218.57669,49.21040,55018.21721,0
143418.47+491236.5,1149053026365,17.58,0.11,218.57696,49.21004,55018.22114,0
143418.47+491236.5,1149053026365,17.52,0.11,218.57683,49.21025,55018.22512,0
143418.47+491236.5,1149053026365,17.64,0.10,218.57700,49.21029,55005.24865,0
143418.47+491236.5,1149053026365,17.71,0.10,218.57687,49.21019,55005.25597,0
143418.47+491236.5,1149053026365,17.71,0.10,218.57711,49.21026,55005.26326,0
143418.47+491236.5,1149053026365,17.70,0.10,218.57699,49.21035,55005.27048,0
143418.47+491236.5,1149053026365,17.69,0.11,218.57694,49.21014,54892.38654,0
143418.47+491236.5,1149053026365,17.78,0.11,218.57696,49.21026,54892.39378,0
143418.47+491236.5,1149053026365,17.76,0.11,218.57702,49.21021,54892.40101,0
143418.47+491236.5,1149053026365,17.72,0.11,218.57687,49.21028,54892.40822,0
143418.47+491236.5,1149053026365,17.83,0.11,218.57684,49.21036,54908.31185,0
143418.47+491236.5,1149053026365,17.80,0.10,218.57699,49.21019,54908.31672,0
143418.47+491236.5,1149053026365,17.80,0.10,218.57729,49.21020,54908.32161,0
143418.47+491236.5,1149053026365,17.74,0.10,218.57693,49.21020,54908.32651,0
143418.47+491236.5,1149053026365,17.52,0.11,218.57746,49.21024,54915.40844,0
143418.47+491236.5,1149053026365,17.55,0.11,218.57671,49.21015,54915.41129,0
143418.47+491236.5,1149053026365,17.48,0.11,218.57680,49.21021,54915.41426,0
143418.47+491236.5,1149053026365,17.96,0.14,218.57694,49.21032,54915.41723,0
143418.47+491236.5,1149053026365,17.61,0.10,218.57703,49.21011,54981.30589,0
143418.47+491236.5,1149053026365,17.80,0.10,218.57672,49.21036,54981.31205,0
143418.47+491236.5,1149053026365,17.58,0.10,218.57682,49.21030,54981.31822,0
143418.47+491236.5,1149053026365,17.83,0.11,218.57678,49.21035,54981.32433,0
143418.47+491236.5,1149053026365,17.67,0.10,218.57701,49.21010,55297.33112,0
143418.47+491236.5,1149053026365,17.65,0.10,218.57662,49.21020,55297.33690,0
143418.47+491236.5,1149053026365,17.83,0.10,218.57696,49.21028,55297.34271,0
143418.47+491236.5,1149053026365,17.57,0.10,218.57687,49.21024,55297.34854,0
143418.47+491236.5,1149053026365,17.75,0.10,218.57679,49.21018,55360.24843,0
143418.47+491236.5,1149053026365,17.75,0.10,218.57694,49.21026,55360.25422,0
143418.47+491236.5,1149053026365,17.59,0.10,218.57685,49.21019,55360.26001,0
143418.47+491236.5,1149053026365,17.74,0.10,218.57697,49.21010,55360.26573,0
143418.47+491236.5,1149053026365,17.84,0.12,218.57677,49.21028,55281.37039,0
143418.47+491236.5,1149053026365,17.68,0.11,218.57677,49.21017,55281.37392,0
143418.47+491236.5,1149053026365,17.53,0.11,218.57715,49.21020,55281.37751,0
143418.47+491236.5,1149053026365,17.67,0.11,218.57689,49.21011,55281.38105,0
143418.47+491236.5,1149053026365,17.66,0.10,218.57725,49.21011,55327.38270,0
143418.47+491236.5,1149053026365,17.73,0.10,218.57723,49.21018,55327.38862,0
143418.47+491236.5,1149053026365,17.66,0.10,218.57689,49.21027,55327.39442,0
143418.47+491236.5,1149053026365,17.76,0.10,218.57706,49.21016,55327.40023,0
143418.47+491236.5,1149053026365,17.82,0.11,218.57689,49.21016,55721.24800,0
143418.47+491236.5,1149053026365,17.70,0.10,218.57686,49.21015,55721.25605,0
143418.47+491236.5,1149053026365,17.65,0.10,218.57715,49.21022,55721.26417,0
143418.47+491236.5,1149053026365,17.79,0.11,218.57673,49.21015,55721.27230,0
143418.47+491236.5,1149053026365,17.80,0.13,218.57722,49.21019,55635.41593,0
143418.47+491236.5,1149053026365,17.69,0.12,218.57695,49.21022,55635.41955,0
143418.47+491236.5,1149053026365,17.87,0.14,218.57678,49.21017,55635.42318,0
143418.47+491236.5,1149053026365,17.74,0.12,218.57710,49.21028,55635.42678,0
143418.47+491236.5,1149053026365,17.66,0.10,218.57692,49.21014,55682.35795,0
143418.47+491236.5,1149053026365,17.70,0.10,218.57712,49.21017,55682.36480,0
143418.47+491236.5,1149053026365,17.66,0.10,218.57714,49.21023,55682.37175,0
143418.47+491236.5,1149053026365,17.79,0.11,218.57701,49.21029,55682.37859,0
143418.47+491236.5,1149053026365,17.76,0.10,218.57677,49.21003,56065.35374,0
143418.47+491236.5,1149053026365,17.72,0.10,218.57695,49.21027,56065.36049,0
143418.47+491236.5,1149053026365,17.62,0.10,218.57706,49.21022,56065.36732,0
143418.47+491236.5,1149053026365,17.68,0.10,218.57692,49.21023,56065.37410,0
143418.47+491236.5,1149053026365,17.76,0.11,218.57696,49.21015,56076.30861,0
143418.47+491236.5,1149053026365,17.67,0.11,218.57687,49.20989,56076.31561,0
143418.47+491236.5,1149053026365,17.60,0.10,218.57685,49.21041,56076.32288,0
143418.47+491236.5,1149053026365,17.73,0.11,218.57677,49.21008,56076.33015,0
143418.47+491236.5,1149053026365,17.68,0.10,218.57699,49.21014,56092.28022,0
143418.47+491236.5,1149053026365,17.65,0.10,218.57689,49.21013,56092.28825,0
143418.47+491236.5,1149053026365,17.80,0.10,218.57680,49.21015,56092.29624,0
143418.47+491236.5,1149053026365,17.77,0.10,218.57689,49.21011,56092.30428,0
143418.47+491236.5,1149053026365,17.69,0.10,218.57711,49.21013,56126.21587,0
143418.47+491236.5,1149053026365,17.54,0.10,218.57736,49.21001,56126.22150,0
143418.47+491236.5,1149053026365,17.84,0.11,218.57708,49.21022,56126.22709,0
143418.47+491236.5,1149053026365,17.68,0.10,218.57681,49.21011,56126.23278,0
143418.47+491236.5,1149053026365,17.68,0.10,218.57732,49.21032,56191.10762,0
143418.47+491236.5,1149053026365,17.66,0.10,218.57669,49.21023,56191.11269,0
143418.47+491236.5,1149053026365,17.80,0.11,218.57672,49.21016,56191.11787,0
143418.47+491236.5,1149053026365,17.82,0.11,218.57674,49.21022,56191.12436,0
143418.47+491236.5,1149053026365,17.50,0.09,218.57709,49.21032,56375.36905,0
143418.47+491236.5,1149053026365,17.71,0.10,218.57706,49.21017,56375.37527,0
143418.47+491236.5,1149053026365,17.64,0.10,218.57706,49.21026,56375.38153,0
143418.47+491236.5,1149053026365,17.72,0.10,218.57703,49.21023,56375.38775,0
143418.47+491236.5,1149053026365,17.72,0.10,218.57705,49.21019,56397.37009,0
143418.47+491236.5,1149053026365,17.71,0.10,218.57689,49.21006,56397.37745,0
143418.47+491236.5,1149053026365,17.69,0.10,218.57718,49.21014,56397.38483,0
143418.47+491236.5,1149053026365,17.65,0.10,218.57725,49.21013,56397.39224,0
143418.47+491236.5,1149053026365,17.77,0.11,218.57677,49.21020,56421.32051,0
143418.47+491236.5,1149053026365,17.61,0.11,218.57690,49.21022,56421.32623,0
143418.47+491236.5,1149053026365,17.69,0.11,218.57698,49.21011,56421.33190,0
143418.47+491236.5,1149053026365,17.83,0.11,218.57683,49.21024,56421.33759,0
143418.47+491236.5,1149053026365,17.74,0.10,218.57698,49.21014,56434.28603,0
143418.47+491236.5,1149053026365,17.88,0.11,218.57664,49.21005,56434.28941,0
143418.47+491236.5,1149053026365,17.75,0.10,218.57674,49.21038,56434.29599,0
143418.47+491236.5,1149053026365,17.93,0.11,218.57673,49.21027,56434.29936,0
143418.47+491236.5,1149053026365,17.80,0.11,218.57685,49.21031,56449.31004,0
143418.47+491236.5,1149053026365,17.85,0.11,218.57690,49.21021,56449.31570,0
143418.47+491236.5,1149053026365,17.65,0.10,218.57672,49.21035,56449.32133,0
143418.47+491236.5,1149053026365,17.75,0.11,218.57686,49.21018,56449.32702,0
143418.47+491236.5,1149053026365,17.63,0.12,218.57705,49.21009,56471.19782,0
143418.47+491236.5,1149053026365,17.62,0.11,218.57707,49.21032,56471.20452,0
143418.47+491236.5,1149053026365,17.73,0.12,218.57699,49.21020,56471.21130,0
143418.47+491236.5,1149053026365,17.70,0.12,218.57676,49.21012,56471.21805,0
095746.83+303024.2,1129047051740,18.49,0.14,149.44530,30.50690,53470.20022,0
095746.83+303024.2,1129047051740,18.19,0.13,149.44535,30.50690,53470.20753,0
095746.83+303024.2,1129047051740,18.55,0.15,149.44495,30.50698,53470.21484,0
095746.83+303024.2,1129047051740,18.39,0.14,149.44498,30.50687,53470.22217,0
095746.83+303024.2,1129047051740,18.61,0.14,149.44517,30.50687,53708.49288,0
095746.83+303024.2,1129047051740,18.38,0.13,149.44516,30.50699,53708.50112,0
095746.83+303024.2,1129047051740,18.66,0.14,149.44527,30.50703,53708.50938,0
095746.83+303024.2,1129047051740,18.66,0.14,149.44523,30.50706,53708.51766,0
095746.83+303024.2,1129047051740,18.67,0.15,149.44548,30.50685,53728.35830,0
095746.83+303024.2,1129047051740,18.81,0.16,149.44548,30.50706,53728.36691,0
095746.83+303024.2,1129047051740,18.40,0.13,149.44541,30.50698,53728.37559,0
095746.83+303024.2,1129047051740,18.44,0.14,149.44531,30.50689,53728.38421,0
095746.83+303024.2,1129047051740,18.67,0.14,149.44535,30.50704,53675.47410,0
095746.83+303024.2,1129047051740,18.42,0.16,149.44537,30.50690,53677.46982,0
095746.83+303024.2,1129047051740,18.70,0.15,149.44517,30.50693,53677.47663,0
095746.83+303024.2,1129047051740,18.42,0.15,149.44520,30.50680,53677.48345,0
095746.83+303024.2,1129047051740,18.42,0.14,149.44513,30.50690,53677.49026,0
095746.83+303024.2,1129047051740,18.65,0.14,149.44526,30.50697,53678.47142,0
095746.83+303024.2,1129047051740,18.52,0.14,149.44515,30.50695,53678.47677,0
095746.83+303024.2,1129047051740,18.60,0.14,149.44508,30.50670,53678.48213,0
095746.83+303024.2,1129047051740,18.60,0.14,149.44517,30.50685,53678.48746,0
095746.83+303024.2,1129047051740,18.62,0.14,149.44521,30.50691,53849.18365,0
095746.83+303024.2,1129047051740,18.76,0.15,149.44519,30.50683,53849.19032,0
095746.83+303024.2,1129047051740,18.53,0.14,149.44479,30.50700,53849.19705,0
095746.83+303024.2,1129047051740,18.58,0.14,149.44483,30.50683,53849.20368,0
095746.83+303024.2,1129047051740,18.65,0.14,149.44522,30.50676,54082.50278,0
095746.83+303024.2,1129047051740,18.51,0.13,149.44517,30.50687,54082.50822,0
095746.83+303024.2,1129047051740,18.40,0.13,149.44538,30.50718,54082.51367,0
095746.83+303024.2,1129047051740,18.78,0.15,149.44513,30.50708,54082.51921,0
095746.83+303024.2,1129047051740,18.58,0.15,149.44498,30.50709,54095.34191,0
095746.83+303024.2,1129047051740,18.32,0.13,149.44550,30.50682,54095.35281,0
095746.83+303024.2,1129047051740,18.75,0.15,149.44522,30.50686,54095.36369,0
095746.83+303024.2,1129047051740,18.63,0.14,149.44523,30.50671,54095.37463,0
095746.83+303024.2,1129047051740,18.35,0.13,149.44553,30.50711,53770.29025,0
095746.83+303024.2,1129047051740,18.59,0.15,149.44521,30.50678,53770.29883,0
095746.83+303024.2,1129047051740,18.71,0.15,149.44512,30.50688,53770.30744,0
095746.83+303024.2,1129047051740,18.22,0.13,149.44518,30.50685,53770.31599,0
095746.83+303024.2,1129047051740,18.82,0.16,149.44517,30.50700,53793.19480,0
095746.83+303024.2,1129047051740,18.22,0.12,149.44525,30.50695,53793.19909,0
095746.83+303024.2,1129047051740,18.72,0.15,149.44527,30.50703,53793.20341,0
095746.83+303024.2,1129047051740,18.41,0.29,149.44517,30.50683,53793.20771,0
095746.83+303024.2,1129047051740,18.26,0.13,149.44564,30.50665,53737.32959,0
095746.83+303024.2,1129047051740,18.66,0.14,149.44516,30.50690,53737.33691,0
095746.83+303024.2,1129047051740,18.58,0.14,149.44527,30.50693,53737.34427,0
095746.83+303024.2,1129047051740,18.67,0.14,149.44505,30.50688,53737.35176,0
095746.83+303024.2,1129047051740,18.53,0.13,149.44551,30.50687,53740.36026,0
095746.83+303024.2,1129047051740,18.74,0.15,149.44510,30.50685,53740.36842,0
095746.83+303024.2,1129047051740,18.67,0.14,149.44542,30.50700,53740.37656,0
095746.83+303024.2,1129047051740,18.81,0.15,149.44517,30.50698,53740.38469,0
095746.83+303024.2,1129047051740,18.53,0.14,149.44520,30.50695,53757.42366,0
095746.83+303024.2,1129047051740,18.90,0.16,149.44527,30.50683,53757.43123,0
095746.83+303024.2,1129047051740,18.41,0.13,149.44504,30.50692,53757.43887,0
095746.83+303024.2,1129047051740,18.56,0.14,149.44500,30.50694,53757.44652,0
095746.83+303024.2,1129047051740,18.35,0.13,149.44509,30.50693,53762.29427,0
095746.83+303024.2,1129047051740,18.55,0.14,149.44533,30.50689,53762.30074,0
095746.83+303024.2,1129047051740,18.65,0.15,149.44515,30.50683,53762.30719,0
095746.83+303024.2,1129047051740,18.57,0.14,149.44527,30.50685,53762.31363,0
095746.83+303024.2,1129047051740,18.33,0.13,149.44529,30.50696,53800.34312,0
095746.83+303024.2,1129047051740,18.80,0.15,149.44516,30.50701,53800.34958,0
095746.83+303024.2,1129047051740,18.42,0.13,149.44515,30.50690,53800.35620,0
095746.83+303024.2,1129047051740,18.70,0.15,149.44547,30.50693,53800.36270,0
095746.83+303024.2,1129047051740,18.54,0.14,149.44549,30.50684,53818.21644,0
095746.83+303024.2,1129047051740,18.73,0.15,149.44540,30.50690,53818.22469,0
095746.83+303024.2,1129047051740,18.54,0.14,149.44488,30.50678,53818.23297,0
095746.83+303024.2,1129047051740,18.59,0.14,149.44521,30.50690,53818.24118,0
095746.83+303024.2,1129047051740,18.60,0.14,149.44560,30.50686,53879.15364,0
095746.83+303024.2,1129047051740,18.63,0.15,149.44520,30.50691,53879.15914,0
095746.83+303024.2,1129047051740,18.73,0.15,149.44525,30.50682,53879.16463,0
095746.83+303024.2,1129047051740,18.47,0.14,149.44510,30.50700,53879.17014,0
095746.83+303024.2,1129047051740,18.62,0.13,149.44518,30.50705,54060.49661,0
095746.83+303024.2,1129047051740,18.72,0.14,149.44528,30.50705,54060.50374,0
095746.83+303024.2,1129047051740,18.72,0.14,149.44518,30.50694,54060.51089,0
095746.83+303024.2,1129047051740,18.56,0.13,149.44531,30.50694,54060.51805,0
095746.83+303024.2,1129047051740,18.41,0.14,149.44541,30.50681,54036.48149,0
095746.83+303024.2,1129047051740,18.52,0.15,149.44517,30.50699,54036.48630,0
095746.83+303024.2,1129047051740,18.78,0.17,149.44539,30.50667,54036.49118,0
095746.83+303024.2,1129047051740,18.83,0.15,149.44519,30.50703,54036.49608,0
095746.83+303024.2,1129047051740,18.78,0.15,149.44529,30.50686,54440.38946,0
095746.83+303024.2,1129047051740,18.57,0.13,149.44529,30.50704,54440.39601,0
095746.83+303024.2,1129047051740,18.61,0.14,149.44512,30.50691,54440.40255,0
095746.83+303024.2,1129047051740,18.43,0.13,149.44493,30.50734,54440.40908,0
095746.83+303024.2,1129047051740,18.68,0.14,149.44507,30.50686,54449.41607,0
095746.83+303024.2,1129047051740,18.59,0.13,149.44537,30.50697,54449.42325,0
095746.83+303024.2,1129047051740,18.58,0.13,149.44511,30.50695,54449.43047,0
095746.83+303024.2,1129047051740,18.67,0.14,149.44501,30.50692,54449.43768,0
095746.83+303024.2,1129047051740,18.61,0.14,149.44523,30.50683,54140.25085,0
095746.83+303024.2,1129047051740,18.36,0.12,149.44507,30.50686,54140.25732,0
095746.83+303024.2,1129047051740,18.70,0.14,149.44526,30.50692,54140.26380,0
095746.83+303024.2,1129047051740,18.54,0.13,149.44527,30.50684,54140.27027,0
095746.83+303024.2,1129047051740,18.53,0.13,149.44536,30.50683,54158.23065,0
095746.83+303024.2,1129047051740,18.62,0.14,149.44506,30.50687,54158.23714,0
095746.83+303024.2,1129047051740,18.34,0.12,149.44521,30.50689,54158.24362,0
095746.83+303024.2,1129047051740,18.22,0.12,149.44468,30.50689,54158.25011,0
095746.83+303024.2,1129047051740,18.69,0.14,149.44530,30.50677,54110.36711,0
095746.83+303024.2,1129047051740,18.54,0.13,149.44530,30.50689,54110.37313,0
095746.83+303024.2,1129047051740,18.81,0.15,149.44513,30.50691,54110.37917,0
095746.83+303024.2,1129047051740,18.12,0.11,149.44552,30.50663,54110.38519,0
095746.83+303024.2,1129047051740,18.56,0.13,149.44526,30.50686,54117.30381,0
095746.83+303024.2,1129047051740,18.52,0.13,149.44511,30.50693,54117.31033,0
095746.83+303024.2,1129047051740,18.37,0.12,149.44522,30.50696,54117.31681,0
095746.83+303024.2,1129047051740,18.53,0.13,149.44523,30.50694,54117.32332,0
095746.83+303024.2,1129047051740,18.35,0.12,149.44508,30.50682,54128.27429,0
095746.83+303024.2,1129047051740,18.30,0.12,149.44501,30.50698,54128.27920,0
095746.83+303024.2,1129047051740,18.72,0.14,149.44527,30.50696,54128.28411,0
095746.83+303024.2,1129047051740,18.70,0.14,149.44508,30.50700,54128.28902,0
095746.83+303024.2,1129047051740,18.85,0.12,149.44533,30.50695,54259.15585,0
095746.83+303024.2,1129047051740,18.81,0.12,149.44517,30.50696,54259.16382,0
095746.83+303024.2,1129047051740,18.68,0.11,149.44524,30.50683,54259.17178,0
095746.83+303024.2,1129047051740,18.38,0.10,149.44511,30.50670,54259.17977,0
095746.83+303024.2,1129047051740,18.49,0.13,149.44525,30.50703,54174.19189,0
095746.83+303024.2,1129047051740,18.20,0.11,149.44523,30.50697,54174.19898,0
095746.83+303024.2,1129047051740,18.80,0.15,149.44534,30.50691,54174.20607,0
095746.83+303024.2,1129047051740,18.38,0.12,149.44518,30.50683,54174.21317,0
095746.83+303024.2,1129047051740,18.89,0.16,149.44532,30.50689,54185.16861,0
095746.83+303024.2,1129047051740,19.00,0.16,149.44557,30.50708,54185.17782,0
095746.83+303024.2,1129047051740,18.65,0.14,149.44524,30.50699,54185.18703,0
095746.83+303024.2,1129047051740,18.60,0.14,149.44527,30.50686,54185.19626,0
095746.83+303024.2,1129047051740,18.96,0.17,149.44505,30.50702,54245.15661,0
095746.83+303024.2,1129047051740,18.36,0.13,149.44539,30.50658,54245.16475,0
095746.83+303024.2,1129047051740,18.73,0.15,149.44494,30.50684,54245.17286,0
095746.83+303024.2,1129047051740,18.73,0.15,149.44514,30.50690,54245.18097,0
095746.83+303024.2,1129047051740,18.40,0.13,149.44525,30.50696,54411.43515,0
095746.83+303024.2,1129047051740,18.43,0.13,149.44534,30.50706,54411.44331,0
095746.83+303024.2,1129047051740,18.55,0.14,149.44510,30.50705,54411.45144,0
095746.83+303024.2,1129047051740,18.71,0.14,149.44529,30.50699,54411.45962,0
095746.83+303024.2,1129047051740,18.50,0.13,149.44512,30.50675,54422.41758,0
095746.83+303024.2,1129047051740,18.61,0.14,149.44523,30.50691,54422.42530,0
095746.83+303024.2,1129047051740,18.43,0.13,149.44528,30.50698,54422.43307,0
095746.83+303024.2,1129047051740,18.49,0.13,149.44534,30.50696,54422.44075,0
095746.83+303024.2,1129047051740,18.70,0.16,149.44523,30.50692,54385.48495,0
095746.83+303024.2,1129047051740,18.73,0.16,149.44542,30.50685,54385.49158,0
095746.83+303024.2,1129047051740,18.60,0.15,149.44554,30.50685,54385.49825,0
095746.83+303024.2,1129047051740,18.83,0.16,149.44536,30.50702,54385.50490,0
095746.83+303024.2,1129047051740,18.36,0.12,149.44540,30.50693,54557.22754,0
095746.83+303024.2,1129047051740,18.57,0.13,149.44517,30.50705,54557.23396,0
095746.83+303024.2,1129047051740,18.38,0.13,149.44539,30.50697,54557.24040,0
095746.83+303024.2,1129047051740,18.60,0.14,149.44506,30.50692,54557.24685,0
095746.83+303024.2,1129047051740,18.43,0.13,149.44528,30.50691,54566.15222,0
095746.83+303024.2,1129047051740,18.35,0.13,149.44522,30.50689,54566.16108,0
095746.83+303024.2,1129047051740,18.38,0.13,149.44525,30.50688,54566.16989,0
095746.83+303024.2,1129047051740,18.50,0.13,149.44503,30.50696,54566.17875,0
095746.83+303024.2,1129047051740,18.33,0.13,149.44504,30.50725,54574.25791,0
095746.83+303024.2,1129047051740,18.23,0.12,149.44549,30.50722,54574.26275,0
095746.83+303024.2,1129047051740,18.37,0.13,149.44564,30.50702,54574.26759,0
095746.83+303024.2,1129047051740,19.41,0.20,149.44369,30.50694,54574.27244,0
095746.83+303024.2,1129047051740,19.25,0.19,149.44572,30.50658,54574.27244,1
095746.83+303024.2,1129047051740,18.51,0.14,149.44530,30.50694,54585.21710,0
095746.83+303024.2,1129047051740,18.27,0.13,149.44529,30.50695,54585.22355,0
095746.83+303024.2,1129047051740,18.31,0.12,149.44507,30.50694,54585.23003,0
095746.83+303024.2,1129047051740,18.46,0.13,149.44527,30.50694,54585.23649,0
095746.83+303024.2,1129047051740,18.61,0.14,149.44520,30.50708,54804.42638,0
095746.83+303024.2,1129047051740,18.37,0.13,149.44499,30.50695,54804.43545,0
095746.83+303024.2,1129047051740,18.53,0.14,149.44506,30.50720,54804.44442,0
095746.83+303024.2,1129047051740,18.61,0.15,149.44532,30.50690,54804.45339,0
095746.83+303024.2,1129047051740,18.51,0.13,149.44532,30.50698,54831.36103,0
095746.83+303024.2,1129047051740,18.24,0.12,149.44521,30.50698,54831.36879,0
095746.83+303024.2,1129047051740,18.40,0.12,149.44539,30.50678,54831.37658,0
095746.83+303024.2,1129047051740,18.57,0.13,149.44535,30.50704,54831.38452,0
095746.83+303024.2,1129047051740,18.92,0.19,149.44520,30.50699,54497.21336,0
095746.83+303024.2,1129047051740,18.71,0.20,149.44501,30.50656,54497.21833,0
095746.83+303024.2,1129047051740,18.21,0.17,149.44443,30.50711,54497.22328,0
095746.83+303024.2,1129047051740,18.73,0.27,149.44552,30.50754,54497.22829,0
095746.83+303024.2,1129047051740,18.37,0.12,149.44528,30.50698,54504.30202,0
095746.83+303024.2,1129047051740,18.44,0.13,149.44526,30.50684,54504.30876,0
095746.83+303024.2,1129047051740,18.19,0.12,149.44521,30.50682,54504.31549,0
095746.83+303024.2,1129047051740,18.27,0.12,149.44517,30.50680,54504.32219,0
095746.83+303024.2,1129047051740,18.50,0.13,149.44513,30.50696,54524.33783,0
095746.83+303024.2,1129047051740,18.59,0.13,149.44520,30.50702,54524.34506,0
095746.83+303024.2,1129047051740,18.32,0.12,149.44503,30.50695,54524.35230,0
095746.83+303024.2,1129047051740,18.36,0.12,149.44510,30.50695,54524.35952,0
095746.83+303024.2,1129047051740,18.55,0.13,149.44522,30.50691,54476.36035,0
095746.83+303024.2,1129047051740,18.59,0.13,149.44525,30.50682,54476.36941,0
095746.83+303024.2,1129047051740,18.67,0.14,149.44511,30.50690,54476.37846,0
095746.83+303024.2,1129047051740,18.60,0.13,149.44519,30.50696,54476.38752,0
095746.83+303024.2,1129047051740,18.74,0.17,149.44485,30.50729,54625.15947,0
095746.83+303024.2,1129047051740,18.31,0.14,149.44506,30.50683,54625.16332,0
095746.83+303024.2,1129047051740,18.37,0.14,149.44516,30.50673,54625.16715,0
095746.83+303024.2,1129047051740,18.45,0.15,149.44524,30.50681,54625.17099,0
095746.83+303024.2,1129047051740,18.42,0.14,149.44498,30.50702,54532.35929,0
095746.83+303024.2,1129047051740,18.28,0.12,149.44524,30.50676,54538.28768,0
095746.83+303024.2,1129047051740,18.32,0.12,149.44510,30.50703,54538.29534,0
095746.83+303024.2,1129047051740,18.27,0.12,149.44514,30.50681,54538.30300,0
095746.83+303024.2,1129047051740,18.39,0.13,149.44533,30.50668,54538.31064,0
095746.83+303024.2,1129047051740,18.79,0.15,149.44524,30.50680,54548.33156,0
095746.83+303024.2,1129047051740,18.54,0.14,149.44515,30.50696,54548.33767,0
095746.83+303024.2,1129047051740,18.76,0.15,149.44531,30.50707,54548.34380,0
095746.83+303024.2,1129047051740,18.65,0.14,149.44536,30.50695,54548.34994,0
095746.83+303024.2,1129047051740,18.59,0.14,149.44514,30.50697,54596.15726,0
095746.83+303024.2,1129047051740,18.44,0.13,149.44513,30.50723,54596.16425,0
095746.83+303024.2,1129047051740,18.36,0.13,149.44515,30.50718,54596.17127,0
095746.83+303024.2,1129047051740,18.35,0.13,149.44521,30.50715,54596.17827,0
095746.83+303024.2,1129047051740,18.42,0.15,149.44534,30.50692,54791.50632,0
095746.83+303024.2,1129047051740,18.50,0.15,149.44513,30.50709,54791.51171,0
095746.83+303024.2,1129047051740,18.55,0.16,149.44514,30.50686,54791.51713,0
095746.83+303024.2,1129047051740,18.48,0.15,149.44528,30.50708,54791.52259,0
095746.83+303024.2,1129047051740,18.45,0.13,149.44517,30.50690,54766.48596,0
095746.83+303024.2,1129047051740,18.58,0.13,149.44553,30.50663,54766.49380,0
095746.83+303024.2,1129047051740,18.39,0.12,149.44541,30.50703,54766.50170,0
095746.83+303024.2,1129047051740,18.38,0.12,149.44552,30.50685,54766.50966,0
095746.83+303024.2,1129047051740,18.67,0.14,149.44509,30.50692,54940.17427,0
095746.83+303024.2,1129047051740,18.66,0.14,149.44517,30.50699,54940.18023,0
095746.83+303024.2,1129047051740,18.69,0.14,149.44516,30.50705,54940.18634,0
095746.83+303024.2,1129047051740,18.66,0.14,149.44531,30.50701,54940.19232,0
095746.83+303024.2,1129047051740,18.71,0.14,149.44516,30.50715,54951.19497,0
095746.83+303024.2,1129047051740,18.53,0.13,149.44524,30.50717,54951.20284,0
095746.83+303024.2,1129047051740,18.69,0.14,149.44503,30.50696,54951.21065,0
095746.83+303024.2,1129047051740,18.55,0.14,149.44490,30.50692,54951.21862,0
095746.83+303024.2,1129047051740,18.56,0.14,149.44523,30.50720,55182.32421,0
095746.83+303024.2,1129047051740,18.57,0.13,149.44532,30.50713,54866.26095,0
095746.83+303024.2,1129047051740,18.63,0.14,149.44514,30.50687,54866.27002,0
095746.83+303024.2,1129047051740,18.37,0.12,149.44513,30.50685,54866.27906,0
095746.83+303024.2,1129047051740,18.36,0.12,149.44493,30.50685,54866.28818,0
095746.83+303024.2,1129047051740,18.58,0.18,149.44511,30.50677,54877.21026,0
095746.83+303024.2,1129047051740,18.50,0.14,149.44505,30.50701,54883.27705,0
095746.83+303024.2,1129047051740,18.78,0.15,149.44523,30.50707,54883.28364,0
095746.83+303024.2,1129047051740,18.36,0.12,149.44485,30.50681,54883.29028,0
095746.83+303024.2,1129047051740,18.34,0.12,149.44488,30.50694,54883.29702,0
095746.83+303024.2,1129047051740,18.23,0.13,149.44534,30.50693,54884.17513,0
095746.83+303024.2,1129047051740,18.38,0.13,149.44526,30.50692,54884.18062,0
095746.83+303024.2,1129047051740,18.23,0.17,149.44530,30.50697,54884.18602,0
095746.83+303024.2,1129047051740,18.42,0.14,149.44512,30.50695,54884.19144,0
095746.83+303024.2,1129047051740,18.37,0.11,149.44530,30.50692,54851.37791,0
095746.83+303024.2,1129047051740,18.59,0.12,149.44518,30.50707,54851.39093,0
095746.83+303024.2,1129047051740,18.45,0.11,149.44510,30.50681,54851.39739,0
095746.83+303024.2,1129047051740,18.39,0.13,149.44517,30.50696,54852.30920,0
095746.83+303024.2,1129047051740,18.52,0.14,149.44510,30.50708,54852.31457,0
095746.83+303024.2,1129047051740,18.58,0.14,149.44520,30.50703,54852.32007,0
095746.83+303024.2,1129047051740,18.37,0.16,149.44499,30.50691,54852.32555,0
095746.83+303024.2,1129047051740,18.40,0.13,149.44501,30.50692,54859.23555,0
095746.83+303024.2,1129047051740,18.52,0.13,149.44528,30.50688,54859.24097,0
095746.83+303024.2,1129047051740,18.25,0.12,149.44450,30.50699,54859.24640,0
095746.83+303024.2,1129047051740,18.52,0.13,149.44528,30.50684,54859.25188,0
095746.83+303024.2,1129047051740,18.27,0.13,149.44516,30.50689,54892.31760,0
095746.83+303024.2,1129047051740,18.58,0.15,149.44530,30.50714,54892.32431,0
095746.83+303024.2,1129047051740,18.48,0.14,149.44521,30.50699,54892.33102,0
095746.83+303024.2,1129047051740,18.53,0.14,149.44509,30.50682,54892.33780,0
095746.83+303024.2,1129047051740,18.69,0.15,149.44513,30.50693,54908.24294,0
095746.83+303024.2,1129047051740,18.56,0.14,149.44512,30.50701,54908.24781,0
095746.83+303024.2,1129047051740,18.41,0.13,149.44517,30.50684,54908.25268,0
095746.83+303024.2,1129047051740,18.45,0.13,149.44505,30.50676,54908.25751,0
095746.83+303024.2,1129047051740,18.66,0.14,149.44535,30.50687,54914.16326,0
095746.83+303024.2,1129047051740,18.47,0.13,149.44521,30.50703,54914.17134,0
095746.83+303024.2,1129047051740,18.49,0.13,149.44498,30.50690,54914.17950,0
095746.83+303024.2,1129047051740,18.61,0.14,149.44523,30.50708,54914.18765,0
095746.83+303024.2,1129047051740,18.07,0.11,149.44503,30.50683,54965.21547,0
095746.83+303024.2,1129047051740,18.58,0.14,149.44503,30.50701,54965.22204,0
095746.83+303024.2,1129047051740,18.38,0.13,149.44458,30.50711,54965.22867,0
095746.83+303024.2,1129047051740,18.75,0.15,149.44512,30.50692,54965.23522,0
095746.83+303024.2,1129047051740,18.31,0.15,149.44516,30.50696,55153.50653,0
095746.83+303024.2,1129047051740,18.60,0.17,149.44495,30.50715,55153.51127,0
095746.83+303024.2,1129047051740,18.42,0.15,149.44498,30.50673,55153.51609,0
095746.83+303024.2,1129047051740,18.94,0.20,149.44503,30.50704,55153.52112,0
095746.83+303024.2,1129047051740,18.32,0.13,149.44514,30.50672,55120.47289,0
095746.83+303024.2,1129047051740,18.45,0.13,149.44517,30.50708,55120.47903,0
095746.83+303024.2,1129047051740,18.57,0.14,149.44536,30.50692,55120.48512,0
095746.83+303024.2,1129047051740,18.60,0.14,149.44516,30.50693,55120.49128,0
095746.83+303024.2,1129047051740,18.60,0.14,149.44519,30.50678,55130.45397,0
095746.83+303024.2,1129047051740,18.47,0.13,149.44528,30.50700,55130.46130,0
095746.83+303024.2,1129047051740,18.43,0.13,149.44520,30.50718,55130.46852,0
095746.83+303024.2,1129047051740,18.43,0.13,149.44558,30.50719,55130.47581,0
095746.83+303024.2,1129047051740,18.69,0.14,149.44544,30.50693,55295.16185,0
095746.83+303024.2,1129047051740,18.60,0.14,149.44518,30.50697,55295.16704,0
095746.83+303024.2,1129047051740,18.44,0.13,149.44529,30.50708,55295.17221,0
095746.83+303024.2,1129047051740,18.64,0.14,149.44535,30.50686,55295.17735,0
095746.83+303024.2,1129047051740,18.57,0.14,149.44508,30.50683,55303.16236,0
095746.83+303024.2,1129047051740,18.47,0.13,149.44526,30.50707,55303.16806,0
095746.83+303024.2,1129047051740,18.80,0.15,149.44515,30.50689,55303.17380,0
095746.83+303024.2,1129047051740,18.42,0.13,149.44516,30.50683,55303.17950,0
095746.83+303024.2,1129047051740,18.30,0.11,149.44515,30.50707,55533.38386,0
095746.83+303024.2,1129047051740,18.40,0.11,149.44539,30.50731,55533.39886,0
095746.83+303024.2,1129047051740,18.16,0.11,149.44538,30.50692,55533.40639,0
095746.83+303024.2,1129047051740,18.11,0.11,149.44499,30.50716,55538.49250,0
095746.83+303024.2,1129047051740,18.23,0.12,149.44515,30.50704,55538.50322,0
095746.83+303024.2,1129047051740,18.31,0.12,149.44533,30.50701,55538.50858,0
095746.83+303024.2,1129047051740,18.35,0.13,149.44537,30.50690,55240.40473,0
095746.83+303024.2,1129047051740,18.53,0.14,149.44525,30.50685,55240.41230,0
095746.83+303024.2,1129047051740,18.70,0.15,149.44507,30.50690,55240.41983,0
095746.83+303024.2,1129047051740,18.70,0.15,149.44524,30.50693,55240.42736,0
095746.83+303024.2,1129047051740,18.53,0.13,149.44515,30.50689,55246.31744,0
095746.83+303024.2,1129047051740,18.32,0.12,149.44540,30.50670,55246.32452,0
095746.83+303024.2,1129047051740,18.32,0.12,149.44509,30.50682,55246.33167,0
095746.83+303024.2,1129047051740,18.56,0.14,149.44514,30.50685,55246.33881,0
095746.83+303024.2,1129047051740,18.48,0.13,149.44481,30.50689,55202.48477,0
095746.83+303024.2,1129047051740,18.85,0.15,149.44533,30.50678,55202.49087,0
095746.83+303024.2,1129047051740,19.00,0.16,149.44530,30.50703,55202.49697,0
095746.83+303024.2,1129047051740,18.68,0.14,149.44505,30.50697,55202.50314,0
095746.83+303024.2,1129047051740,18.34,0.12,149.44506,30.50679,55208.37254,0
095746.83+303024.2,1129047051740,18.67,0.14,149.44534,30.50694,55208.38073,0
095746.83+303024.2,1129047051740,18.25,0.12,149.44512,30.50687,55208.38900,0
095746.83+303024.2,1129047051740,18.51,0.13,149.44492,30.50694,55208.39726,0
095746.83+303024.2,1129047051740,18.69,0.14,149.44527,30.50685,55260.29236,0
095746.83+303024.2,1129047051740,18.71,0.14,149.44518,30.50674,55260.29812,0
095746.83+303024.2,1129047051740,18.65,0.14,149.44541,30.50672,55260.30390,0
095746.83+303024.2,1129047051740,18.67,0.14,149.44534,30.50674,55260.30969,0
095746.83+303024.2,1129047051740,18.44,0.13,149.44545,30.50668,55274.24748,0
095746.83+303024.2,1129047051740,18.50,0.13,149.44504,30.50680,55274.25494,0
095746.83+303024.2,1129047051740,18.61,0.14,149.44541,30.50699,55274.26238,0
095746.83+303024.2,1129047051740,18.69,0.14,149.44525,30.50696,55274.26988,0
095746.83+303024.2,1129047051740,18.92,0.19,149.44507,30.50700,55322.20819,0
095746.83+303024.2,1129047051740,18.45,0.13,149.44538,30.50687,55322.21392,0
095746.83+303024.2,1129047051740,18.69,0.17,149.44503,30.50700,55322.22138,0
095746.83+303024.2,1129047051740,18.67,0.14,149.44493,30.50684,55322.22747,0
095746.83+303024.2,1129047051740,18.08,0.12,149.44538,30.50714,55505.49093,0
095746.83+303024.2,1129047051740,18.43,0.13,149.44536,30.50705,55505.50014,0
095746.83+303024.2,1129047051740,18.28,0.12,149.44521,30.50701,55505.50477,0
095746.83+303024.2,1129047051740,18.32,0.12,149.44508,30.50688,55511.44206,0
095746.83+303024.2,1129047051740,18.55,0.14,149.44520,30.50707,55511.45489,0
095746.83+303024.2,1129047051740,18.48,0.13,149.44533,30.50703,55511.46130,0
095746.83+303024.2,1129047051740,18.42,0.14,149.44514,30.50707,55659.12200,0
095746.83+303024.2,1129047051740,18.36,0.16,149.44539,30.50707,55659.12712,0
095746.83+303024.2,1129047051740,18.47,0.14,149.44504,30.50698,55681.22033,0
095746.83+303024.2,1129047051740,18.30,0.13,149.44524,30.50687,55681.22771,0
095746.83+303024.2,1129047051740,18.71,0.15,149.44535,30.50689,55681.23522,0
095746.83+303024.2,1129047051740,18.52,0.14,149.44533,30.50671,55681.24272,0
095746.83+303024.2,1129047051740,18.59,0.12,149.44538,30.50698,55598.25642,0
095746.83+303024.2,1129047051740,18.28,0.11,149.44507,30.50690,55598.26392,0
095746.83+303024.2,1129047051740,18.22,0.11,149.44495,30.50733,55598.27153,0
095746.83+303024.2,1129047051740,18.25,0.12,149.44561,30.50707,55598.27919,0
095746.83+303024.2,1129047051740,18.24,0.10,149.44491,30.50699,55604.23525,0
095746.83+303024.2,1129047051740,18.31,0.10,149.44518,30.50711,55604.24324,0
095746.83+303024.2,1129047051740,18.65,0.11,149.44523,30.50702,55604.25128,0
095746.83+303024.2,1129047051740,18.31,0.10,149.44516,30.50735,55604.25938,0
095746.83+303024.2,1129047051740,18.40,0.13,149.44510,30.50733,55617.34514,0
095746.83+303024.2,1129047051740,18.45,0.13,149.44509,30.50708,55617.35172,0
095746.83+303024.2,1129047051740,18.23,0.12,149.44534,30.50716,55617.35835,0
095746.83+303024.2,1129047051740,18.40,0.13,149.44521,30.50724,55617.36494,0
095746.83+303024.2,1129047051740,18.61,0.14,149.44521,30.50700,55569.37073,0
095746.83+303024.2,1129047051740,18.26,0.12,149.44529,30.50725,55569.37650,0
095746.83+303024.2,1129047051740,18.57,0.14,149.44541,30.50716,55569.38232,0
095746.83+303024.2,1129047051740,18.49,0.13,149.44551,30.50683,55569.38815,0
095746.83+303024.2,1129047051740,18.32,0.12,149.44531,30.50723,55589.27061,0
095746.83+303024.2,1129047051740,18.43,0.13,149.44515,30.50701,55589.27637,0
095746.83+303024.2,1129047051740,18.50,0.13,149.44539,30.50695,55589.28220,0
095746.83+303024.2,1129047051740,18.51,0.13,149.44539,30.50704,55589.28800,0
095746.83+303024.2,1129047051740,18.10,0.12,149.44479,30.50650,55722.16396,0
095746.83+303024.2,1129047051740,18.41,0.14,149.44537,30.50705,55722.16850,0
095746.83+303024.2,1129047051740,18.56,0.14,149.44589,30.50674,55722.17311,0
095746.83+303024.2,1129047051740,18.36,0.13,149.44494,30.50677,55722.17775,0
095746.83+303024.2,1129047051740,18.30,0.10,149.44543,30.50710,55625.18761,0
095746.83+303024.2,1129047051740,18.37,0.10,149.44507,30.50700,55625.19562,0
095746.83+303024.2,1129047051740,18.42,0.11,149.44530,30.50686,55625.20372,0
095746.83+303024.2,1129047051740,18.59,0.11,149.44540,30.50723,55625.21176,0
095746.83+303024.2,1129047051740,18.47,0.14,149.44499,30.50685,55647.14495,0
095746.83+303024.2,1129047051740,18.65,0.15,149.44515,30.50708,55647.15171,0
095746.83+303024.2,1129047051740,18.33,0.13,149.44477,30.50697,55647.15853,0
095746.83+303024.2,1129047051740,18.51,0.14,149.44504,30.50697,55647.16528,0
095746.83+303024.2,1129047051740,18.29,0.12,149.44502,30.50674,54532.38847,0
095746.83+303024.2,1129047051740,18.69,0.16,149.44495,30.50692,54532.39503,0
095746.83+303024.2,1129047051740,18.48,0.17,149.44558,30.50720,54532.40164,0
095746.83+303024.2,1129047051740,18.55,0.14,149.44523,30.50683,54532.42651,0
095746.83+303024.2,1129047051740,18.45,0.13,149.44518,30.50691,55182.32677,0
095746.83+303024.2,1129047051740,18.64,0.14,149.44518,30.50704,55182.33265,0
095746.83+303024.2,1129047051740,18.34,0.13,149.44514,30.50688,55182.33858,0
095746.83+303024.2,1129047051740,18.53,0.13,149.44523,30.50705,55182.34451,0
095746.83+303024.2,1129047051740,18.78,0.16,149.44534,30.50689,54877.26839,0
095746.83+303024.2,1129047051740,18.65,0.15,149.44511,30.50705,54877.27379,0
095746.83+303024.2,1129047051740,18.74,0.15,149.44522,30.50711,54877.27923,0
095746.83+303024.2,1129047051740,18.54,0.14,149.44530,30.50692,54877.28450,0
095746.83+303024.2,1129047051740,18.48,0.17,149.44522,30.50718,55634.13723,0
095746.83+303024.2,1129047051740,19.18,0.24,149.44530,30.50735,55634.14269,0
095746.83+303024.2,1129047051740,19.56,0.29,149.44557,30.50734,55634.14820,0
095746.83+303024.2,1129047051740,18.97,0.21,149.44507,30.50747,55634.15370,0
095746.83+303024.2,1129047051740,18.58,0.14,149.44540,30.50692,55861.47422,0
095746.83+303024.2,1129047051740,18.45,0.13,149.44517,30.50682,55861.48348,0
095746.83+303024.2,1129047051740,18.70,0.14,149.44514,30.50698,55861.49273,0
095746.83+303024.2,1129047051740,18.57,0.14,149.44536,30.50695,55861.50196,0
095746.83+303024.2,1129047051740,18.21,0.12,149.44533,30.50690,55922.40006,0
095746.83+303024.2,1129047051740,18.64,0.14,149.44535,30.50691,55922.40671,0
095746.83+303024.2,1129047051740,18.57,0.14,149.44522,30.50686,55922.41353,0
095746.83+303024.2,1129047051740,18.57,0.14,149.44517,30.50685,55922.42030,0
095746.83+303024.2,1129047051740,18.52,0.13,149.44524,30.50683,55928.31466,0
095746.83+303024.2,1129047051740,18.38,0.13,149.44532,30.50709,55928.32435,0
095746.83+303024.2,1129047051740,18.38,0.13,149.44510,30.50687,55928.33411,0
095746.83+303024.2,1129047051740,18.37,0.13,149.44521,30.50663,55928.34384,0
095746.83+303024.2,1129047051740,18.48,0.13,149.44521,30.50685,55945.35880,0
095746.83+303024.2,1129047051740,18.36,0.12,149.44526,30.50685,55945.36386,0
095746.83+303024.2,1129047051740,18.66,0.14,149.44518,30.50680,55945.36894,0
095746.83+303024.2,1129047051740,18.40,0.13,149.44518,30.50681,55945.37399,0
095746.83+303024.2,1129047051740,18.57,0.14,149.44525,30.50689,55969.24773,0
095746.83+303024.2,1129047051740,18.67,0.14,149.44544,30.50698,55969.25562,0
095746.83+303024.2,1129047051740,18.42,0.13,149.44514,30.50679,55969.26381,0
095746.83+303024.2,1129047051740,18.57,0.14,149.44523,30.50690,55969.27164,0
095746.83+303024.2,1129047051740,18.34,0.12,149.44529,30.50662,55980.22353,0
095746.83+303024.2,1129047051740,18.48,0.13,149.44557,30.50694,55980.23135,0
095746.83+303024.2,1129047051740,18.43,0.13,149.44508,30.50677,55980.23925,0
095746.83+303024.2,1129047051740,18.75,0.15,149.44510,30.50675,55980.24704,0
095746.83+303024.2,1129047051740,18.70,0.15,149.44497,30.50687,55986.25363,0
095746.83+303024.2,1129047051740,18.89,0.17,149.44527,30.50679,55986.25981,0
095746.83+303024.2,1129047051740,18.58,0.15,149.44506,30.50678,55986.26599,0
095746.83+303024.2,1129047051740,18.31,0.13,149.44536,30.50683,55986.27215,0
095746.83+303024.2,1129047051740,18.34,0.13,149.44521,30.50688,56015.22745,0
095746.83+303024.2,1129047051740,18.64,0.14,149.44536,30.50698,56015.23377,0
095746.83+303024.2,1129047051740,18.42,0.13,149.44522,30.50694,56015.24007,0
095746.83+303024.2,1129047051740,18.46,0.13,149.44569,30.50676,56015.24631,0
095746.83+303024.2,1129047051740,18.60,0.14,149.44521,30.50666,56044.26762,0
095746.83+303024.2,1129047051740,18.51,0.14,149.44515,30.50672,56044.27613,0
095746.83+303024.2,1129047051740,18.41,0.13,149.44526,30.50677,56044.28466,0
095746.83+303024.2,1129047051740,18.85,0.16,149.44525,30.50702,56044.29319,0
095746.83+303024.2,1129047051740,18.61,0.12,149.44524,30.50667,56065.17517,0
095746.83+303024.2,1129047051740,18.21,0.11,149.44465,30.50684,56065.18252,0
095746.83+303024.2,1129047051740,18.62,0.12,149.44539,30.50674,56065.19003,0
095746.83+303024.2,1129047051740,18.52,0.12,149.44523,30.50682,56065.19744,0
095746.83+303024.2,1129047051740,18.46,0.14,149.44513,30.50645,56076.15350,0
095746.83+303024.2,1129047051740,18.67,0.16,149.44526,30.50667,56076.15745,0
095746.83+303024.2,1129047051740,19.06,0.19,149.44540,30.50657,56076.16145,0
095746.83+303024.2,1129047051740,18.52,0.15,149.44530,30.50663,56076.16549,0
095746.83+303024.2,1129047051740,18.57,0.14,149.44523,30.50666,56086.16117,0
095746.83+303024.2,1129047051740,18.54,0.14,149.44508,30.50671,56086.16618,0
095746.83+303024.2,1129047051740,18.24,0.12,149.44533,30.50666,56086.17136,0
095746.83+303024.2,1129047051740,18.57,0.14,149.44513,30.50695,56086.17650,0
095746.83+303024.2,1129047051740,18.68,0.16,149.44486,30.50697,56225.47539,0
095746.83+303024.2,1129047051740,18.64,0.16,149.44497,30.50686,56225.48157,0
095746.83+303024.2,1129047051740,18.58,0.16,149.44476,30.50686,56225.48775,0
095746.83+303024.2,1129047051740,18.63,0.16,149.44490,30.50688,56225.49380,0
095746.83+303024.2,1129047051740,18.29,0.12,149.44502,30.50671,56271.39209,0
095746.83+303024.2,1129047051740,18.70,0.14,149.44508,30.50678,56271.40172,0
095746.83+303024.2,1129047051740,18.58,0.14,149.44502,30.50696,56271.41137,0
095746.83+303024.2,1129047051740,18.62,0.14,149.44520,30.50697,56271.42099,0
095746.83+303024.2,1129047051740,18.55,0.12,149.44513,30.50680,56308.46313,0
095746.83+303024.2,1129047051740,18.63,0.12,149.44501,30.50693,56308.46915,0
095746.83+303024.2,1129047051740,18.34,0.11,149.44483,30.50667,56308.47521,0
095746.83+303024.2,1129047051740,18.52,0.12,149.44531,30.50690,56308.48132,0
095746.83+303024.2,1129047051740,18.25,0.12,149.44514,30.50697,56324.48695,0
095746.83+303024.2,1129047051740,18.93,0.16,149.44509,30.50675,56324.49262,0
095746.83+303024.2,1129047051740,18.37,0.13,149.44506,30.50747,56324.49829,0
095746.83+303024.2,1129047051740,18.84,0.16,149.44509,30.50683,56324.50397,0
095746.83+303024.2,1129047051740,18.57,0.14,149.44515,30.50678,56329.33066,0
095746.83+303024.2,1129047051740,18.54,0.15,149.44498,30.50684,56329.33705,0
095746.83+303024.2,1129047051740,18.75,0.16,149.44532,30.50687,56329.34308,0
095746.83+303024.2,1129047051740,18.75,0.16,149.44498,30.50699,56329.34903,0
095746.83+303024.2,1129047051740,18.57,0.14,149.44519,30.50704,56337.18638,0
095746.83+303024.2,1129047051740,18.22,0.12,149.44513,30.50684,56337.19317,0
095746.83+303024.2,1129047051740,18.60,0.14,149.44525,30.50696,56337.20003,0
095746.83+303024.2,1129047051740,18.73,0.15,149.44529,30.50681,56337.20681,0
095746.83+303024.2,1129047051740,18.66,0.13,149.44526,30.50688,56341.31568,0
095746.83+303024.2,1129047051740,18.69,0.13,149.44527,30.50698,56341.32117,0
095746.83+303024.2,1129047051740,18.64,0.12,149.44522,30.50675,56341.32668,0
095746.83+303024.2,1129047051740,18.79,0.13,149.44516,30.50706,56341.33218,0
095746.83+303024.2,1129047051740,18.72,0.15,149.44519,30.50694,56354.19630,0
095746.83+303024.2,1129047051740,18.68,0.14,149.44547,30.50707,56354.20126,0
095746.83+303024.2,1129047051740,18.23,0.12,149.44507,30.50693,56354.20629,0
095746.83+303024.2,1129047051740,18.49,0.13,149.44520,30.50707,56354.21137,0
095746.83+303024.2,1129047051740,18.88,0.16,149.44516,30.50719,56367.21138,0
095746.83+303024.2,1129047051740,18.55,0.14,149.44498,30.50715,56367.21811,0
095746.83+303024.2,1129047051740,18.83,0.16,149.44521,30.50696,56367.22488,0
095746.83+303024.2,1129047051740,18.71,0.15,149.44535,30.50695,56367.23159,0
095746.83+303024.2,1129047051740,18.72,0.15,149.44539,30.50707,56386.16022,0
095746.83+303024.2,1129047051740,18.56,0.14,149.44549,30.50689,56386.16529,0
095746.83+303024.2,1129047051740,18.59,0.14,149.44531,30.50683,56386.17039,0
095746.83+303024.2,1129047051740,18.73,0.15,149.44521,30.50667,56386.17548,0
095746.83+303024.2,1129047051740,18.40,0.15,149.44532,30.50690,56395.14321,0
095746.83+303024.2,1129047051740,18.65,0.16,149.44551,30.50687,56395.14773,0
095746.83+303024.2,1129047051740,18.82,0.17,149.44527,30.50682,56395.15229,0
095746.83+303024.2,1129047051740,18.74,0.17,149.44563,30.50695,56395.15677,0
095746.83+303024.2,1129047051740,18.59,0.14,149.44517,30.50685,56414.13958,0
095746.83+303024.2,1129047051740,18.68,0.15,149.44509,30.50700,56414.14633,0
095746.83+303024.2,1129047051740,18.35,0.13,149.44553,30.50687,56414.15308,0
095746.83+303024.2,1129047051740,18.68,0.15,149.44515,30.50700,56414.15985,0
095746.83+303024.2,1129047051740,18.36,0.13,149.44483,30.50678,56448.17769,0
095746.83+303024.2,1129047051740,18.48,0.14,149.44512,30.50713,56448.18223,0
095746.83+303024.2,1129047051740,18.64,0.15,149.44467,30.50690,56448.18675,0
095746.83+303024.2,1129047051740,18.46,0.14,149.44587,30.50675,56448.19129,0
